id,model,config,category,baseline_label,ft_label,outcome,curvature_score,oppositeness_score,density,centrality
ambiguous_001,mixtral-8x7b,C,ambiguous,0,0,always_correct,0.0,0.4156342885356943,1.565089779161521,0.6943067987160128
ambiguous_002,mixtral-8x7b,C,ambiguous,0,0,always_correct,0.2431399074998297,0.3914657894178452,1.5494188584948605,0.6474066608678708
ambiguous_003,mixtral-8x7b,C,ambiguous,0,0,always_correct,0.3769458489107324,0.5415378481426214,1.7437902048922571,0.6138856797792848
ambiguous_004,mixtral-8x7b,C,ambiguous,0,0,always_correct,0.4330116608299781,0.5983200930324122,2.0226340416216866,0.4898837439065977
ambiguous_005,mixtral-8x7b,C,ambiguous,0,0,always_correct,0.3310680273997213,0.4151787544611629,1.5339574399186924,0.6081579371302618
ambiguous_006,mixtral-8x7b,C,ambiguous,0,0,always_correct,0.1413138809201515,0.5141315589513105,1.7204687480456802,0.6028643784035935
ambiguous_007,mixtral-8x7b,C,ambiguous,0,0,always_correct,0.4005484034250958,0.4153020430058195,1.797933871847539,0.510114834897196
ambiguous_008,mixtral-8x7b,C,ambiguous,0,0,always_correct,0.0153495985523701,0.5978762087457399,1.673835607493561,0.5807672954556702
ambiguous_009,mixtral-8x7b,C,ambiguous,0,0,always_correct,0.810222294169754,0.5410302434355854,2.5114981967544985,0.6306374868991557
ambiguous_010,mixtral-8x7b,C,ambiguous,0,0,always_correct,0.1941574077076364,0.5191446546654289,1.494546629275374,0.6113482477448922
ambiguous_011,mixtral-8x7b,C,ambiguous,0,0,always_correct,0.5995234990144458,0.4749422283035994,2.122441373264552,0.6553088670603009
ambiguous_012,mixtral-8x7b,C,ambiguous,0,0,always_correct,0.1218321477843052,0.5307091580913543,1.8939818832179185,0.6585438843052543
ambiguous_013,mixtral-8x7b,C,ambiguous,0,0,always_correct,0.7724038517771424,0.4434851566602525,1.9462265891593495,0.6229171077909272
ambiguous_014,mixtral-8x7b,C,ambiguous,0,0,always_correct,0.6877869638338374,0.3406184786625097,1.6801685806586029,0.5598087171451318
ambiguous_015,mixtral-8x7b,C,ambiguous,0,0,always_correct,0.074882656183935,0.5403786977350308,2.4801267596860943,0.6049597616493123
ambiguous_016,mixtral-8x7b,C,ambiguous,0,0,always_correct,0.3069413007184477,0.505434350708284,1.6664480364598728,0.6475945771235175
ambiguous_017,mixtral-8x7b,C,ambiguous,0,0,always_correct,1.1102230246251563e-16,0.6441140285314355,1.7388711806095023,0.5973611560236411
ambiguous_018,mixtral-8x7b,C,ambiguous,0,0,always_correct,0.1665066991134516,0.5751745627456685,2.305337895685948,0.5956230372096071
ambiguous_019,mixtral-8x7b,C,ambiguous,0,0,always_correct,0.6400820383970782,0.5592930588133187,1.9712885429724083,0.6716728168110198
ambiguous_020,mixtral-8x7b,C,ambiguous,0,0,always_correct,0.8702335599916571,0.4757864196380714,1.6218106379540818,0.6132351198139129
ambiguous_021,mixtral-8x7b,C,ambiguous,0,0,always_correct,0.5513977297138246,0.5894761743693043,2.249832014101308,0.6138440852372811
ambiguous_022,mixtral-8x7b,C,ambiguous,0,0,always_correct,0.4695611249339706,0.557593390406148,1.809240419982593,0.6209669822204826
ambiguous_023,mixtral-8x7b,C,ambiguous,0,0,always_correct,0.3953894823803516,0.5691931090140199,1.5974707545419051,0.6390235378932696
ambiguous_024,mixtral-8x7b,C,ambiguous,0,0,always_correct,0.5600616541125466,0.5474490621143892,1.9474567275802197,0.6587056818194755
ambiguous_025,mixtral-8x7b,C,ambiguous,0,0,always_correct,1.1102230246251563e-16,0.5106095191091136,1.717618831627363,0.6042423054737268
ambiguous_026,mixtral-8x7b,C,ambiguous,0,0,always_correct,0.8029824602360072,0.4762927540079238,1.9964146994909064,0.5788244380193986
ambiguous_027,mixtral-8x7b,C,ambiguous,0,0,always_correct,0.7462294848301148,0.561990511289969,1.8558160134863284,0.6013932288997351
ambiguous_028,mixtral-8x7b,C,ambiguous,0,0,always_correct,0.8284786975331595,0.6069539484982892,2.5252847706619868,0.520238781426611
ambiguous_029,mixtral-8x7b,C,ambiguous,0,0,always_correct,0.7931952680808365,0.5211016725058244,1.6836064487505509,0.6382090357137444
ambiguous_030,mixtral-8x7b,C,ambiguous,0,0,always_correct,1.1102230246251563e-16,0.3769112341871377,1.6846024223061324,0.6528189816525457
ambiguous_031,mixtral-8x7b,C,ambiguous,0,0,always_correct,0.5685058951090427,0.6107826018382412,2.2055847467960965,0.6262884744490513
ambiguous_032,mixtral-8x7b,C,ambiguous,0,0,always_correct,0.6829092070440796,0.5170154613674063,1.9308048152207933,0.6754168115601773
ambiguous_033,mixtral-8x7b,C,ambiguous,0,0,always_correct,0.6167776008064441,0.4387001687092877,1.518717559541779,0.6928879755034043
ambiguous_034,mixtral-8x7b,C,ambiguous,0,0,always_correct,0.3131417448312613,0.2799115946595805,1.6499273580196876,0.6394289681050225
ambiguous_035,mixtral-8x7b,C,ambiguous,0,0,always_correct,0.2336387393198997,0.5995409792297617,1.8805644152105416,0.6670465182364049
ambiguous_036,mixtral-8x7b,C,ambiguous,0,0,always_correct,0.6276224533827568,0.5623739359238051,1.5892633047376137,0.6412019805384152
ambiguous_037,mixtral-8x7b,C,ambiguous,0,0,always_correct,0.4491127308604709,0.5782578488815339,1.6707950743696884,0.699227244385367
ambiguous_038,mixtral-8x7b,C,ambiguous,0,0,always_correct,0.8451080973533927,0.5699479455504015,1.833604333660424,0.6326007058657358
ambiguous_039,mixtral-8x7b,C,ambiguous,0,0,always_correct,0.8130909935005967,0.4889086036678165,1.7563203109542789,0.6826573138008563
ambiguous_040,mixtral-8x7b,C,ambiguous,0,0,always_correct,0.4862582991685373,0.5043973347121689,1.535061761847751,0.6645937380627402
ambiguous_041,mixtral-8x7b,C,ambiguous,0,0,always_correct,0.0016078756047434,0.6072897145645578,2.0888225913679226,0.647653958115617
ambiguous_042,mixtral-8x7b,C,ambiguous,0,0,always_correct,0.498911501366143,0.6038762545313004,2.103179871899225,0.6457938607053698
ambiguous_043,mixtral-8x7b,C,ambiguous,0,0,always_correct,0.798812350776882,0.5456339072752676,1.733411502278331,0.6208376147481497
ambiguous_044,mixtral-8x7b,C,ambiguous,0,0,always_correct,0.2546757477802523,0.3773390650507239,1.4950757348698924,0.7616907139889422
ambiguous_045,mixtral-8x7b,C,ambiguous,0,0,always_correct,0.2799245064006258,0.5278178880200208,1.888180109976153,0.6943091444305937
ambiguous_046,mixtral-8x7b,C,ambiguous,0,0,always_correct,0.6786776640025185,0.5170638626306951,1.7299415745206668,0.6504704154867347
ambiguous_047,mixtral-8x7b,C,ambiguous,0,0,always_correct,1.1102230246251563e-16,0.4204184642286358,2.145766562972512,0.6329053904462384
ambiguous_048,mixtral-8x7b,C,ambiguous,0,0,always_correct,0.0241882792231076,0.5909074505400813,2.288906955513617,0.6177365398757858
ambiguous_049,mixtral-8x7b,C,ambiguous,0,0,always_correct,0.1338319435655816,0.4499089122273427,1.5380400685614082,0.7674039652651337
ambiguous_050,mixtral-8x7b,C,ambiguous,0,0,always_correct,0.2035778190913165,0.33892483155524,1.620548187876778,0.5601221853378529
ambiguous_051,mixtral-8x7b,C,ambiguous,0,0,always_correct,0.3440331835834282,0.4601494762342334,1.711268110086687,0.6224850162467718
ambiguous_052,mixtral-8x7b,C,ambiguous,0,0,always_correct,0.2793925728575633,0.5614773117956802,1.579181005976968,0.691461514624911
ambiguous_053,mixtral-8x7b,C,ambiguous,0,0,always_correct,0.0,0.4788564546870152,2.1799795276397185,0.6232148844192703
ambiguous_054,mixtral-8x7b,C,ambiguous,0,0,always_correct,0.2933868078492747,0.3934078724938563,1.7759208571980347,0.580785475337196
ambiguous_055,mixtral-8x7b,C,ambiguous,0,0,always_correct,0.5199148386004376,0.5199714445316406,2.5969744426951213,0.5732440090446347
ambiguous_056,mixtral-8x7b,C,ambiguous,0,0,always_correct,0.7974348630102986,0.5025732015597931,1.6797383665553796,0.6475660263439422
ambiguous_057,mixtral-8x7b,C,ambiguous,0,0,always_correct,0.7750758262802089,0.5291665196172007,1.5609615467481657,0.6186876444101215
ambiguous_058,mixtral-8x7b,C,ambiguous,0,0,always_correct,0.5271629009504276,0.4719751235579468,1.687188027788292,0.6212577147625102
ambiguous_059,mixtral-8x7b,C,ambiguous,0,0,always_correct,0.3167908842042649,0.5387339806884525,1.9835364125025805,0.6201229137476376
ambiguous_060,mixtral-8x7b,C,ambiguous,0,0,always_correct,0.4304533495239206,0.5115514971755741,2.095574883989551,0.6359756786337344
ambiguous_061,mixtral-8x7b,C,ambiguous,0,0,always_correct,0.3645017188334204,0.5346938989479668,2.097435802227228,0.627067689742765
ambiguous_062,mixtral-8x7b,C,ambiguous,0,0,always_correct,0.4774346225375576,0.5618670082345072,1.5369031173892644,0.6945673742435228
ambiguous_063,mixtral-8x7b,C,ambiguous,0,0,always_correct,0.5236890527637812,0.6031086831908599,2.54242573743654,0.6111272864587158
ambiguous_064,mixtral-8x7b,C,ambiguous,0,0,always_correct,0.2437861099834241,0.4467225523085322,1.5038056247930538,0.6891649601065237
ambiguous_065,mixtral-8x7b,C,ambiguous,0,0,always_correct,0.3140082349290382,0.626480452621303,1.916822076496588,0.6265136470154137
ambiguous_066,mixtral-8x7b,C,ambiguous,0,0,always_correct,0.4099596126595779,0.6113397377140095,2.2416902797089486,0.6192886555986217
ambiguous_067,mixtral-8x7b,C,ambiguous,0,0,always_correct,0.199418697649372,0.2457851440808967,1.841619585198216,0.5975522859163487
ambiguous_068,mixtral-8x7b,C,ambiguous,0,0,always_correct,0.1668939694176934,0.3658458087381817,2.1269834249629835,0.6597390044591538
ambiguous_069,mixtral-8x7b,C,ambiguous,0,0,always_correct,0.2367445412058197,0.6752106385424412,2.076379767918951,0.6214246083105571
ambiguous_070,mixtral-8x7b,C,ambiguous,0,0,always_correct,0.2484371468393675,0.6326944093320128,1.827599292721705,0.693133638063166
ambiguous_071,mixtral-8x7b,C,ambiguous,0,0,always_correct,0.8355993143415067,0.5358537830198884,1.7724553117797952,0.6774956802449354
ambiguous_072,mixtral-8x7b,C,ambiguous,0,0,always_correct,0.6613819575616868,0.6294798501820718,2.3270287030545904,0.62551858762387
ambiguous_073,mixtral-8x7b,C,ambiguous,0,0,always_correct,0.3727254326403075,0.4614158387553149,2.124464557273152,0.6371902122708033
ambiguous_074,mixtral-8x7b,C,ambiguous,0,0,always_correct,0.2204365644555276,0.3316985794603881,1.7882724976566111,0.6122691418166685
ambiguous_075,mixtral-8x7b,C,ambiguous,0,0,always_correct,0.3764565742451915,0.3692088234799319,1.8245459564509696,0.533601087957776
ambiguous_076,mixtral-8x7b,C,ambiguous,0,0,always_correct,0.7757601572917363,0.4147809438612707,2.0328201264473487,0.5959284285356088
ambiguous_077,mixtral-8x7b,C,ambiguous,0,0,always_correct,2.220446049250313e-16,0.4957027373344357,1.536470546134045,0.6826399679796632
ambiguous_078,mixtral-8x7b,C,ambiguous,0,0,always_correct,0.6324053106315912,0.4937171554256311,1.945330118035083,0.6601097007305795
ambiguous_079,mixtral-8x7b,C,ambiguous,0,0,always_correct,0.1656280968122886,0.3921627937825309,1.5563093996623678,0.6946938833658054
ambiguous_080,mixtral-8x7b,C,ambiguous,0,0,always_correct,0.5014482077436256,0.5897690834489995,1.7915628552936198,0.6971727755264748
ambiguous_081,mixtral-8x7b,C,ambiguous,0,0,always_correct,0.5919329705426948,0.6197380550070453,2.5051009974273666,0.5780753558659365
ambiguous_082,mixtral-8x7b,C,ambiguous,0,0,always_correct,0.8385248327459198,0.5904792330604715,2.65760921886142,0.5690543041506173
ambiguous_083,mixtral-8x7b,C,ambiguous,0,0,always_correct,0.4325167667885311,0.4463436510743666,1.4865728365025532,0.7123783145066853
ambiguous_084,mixtral-8x7b,C,ambiguous,0,0,always_correct,0.8284786975331948,0.6087768463716623,2.622867741240358,0.5325001915300704
ambiguous_085,mixtral-8x7b,C,ambiguous,0,0,always_correct,0.206514003957578,0.5337960274780766,1.9417837218464704,0.6249224067218996
ambiguous_086,mixtral-8x7b,C,ambiguous,0,0,always_correct,0.8057506655426554,0.4943240269846377,1.9661423227705317,0.6794240410175595
ambiguous_087,mixtral-8x7b,C,ambiguous,0,0,always_correct,0.099105606247514,0.5328760227218186,1.8426007232952513,0.6264213770015139
ambiguous_088,mixtral-8x7b,C,ambiguous,0,0,always_correct,0.4654518339584766,0.4312446978827075,2.1678118620288385,0.6448998705425286
ambiguous_089,mixtral-8x7b,C,ambiguous,0,0,always_correct,0.7046883612191006,0.4629779506579521,2.191864076295737,0.6468225783718489
ambiguous_090,mixtral-8x7b,C,ambiguous,0,0,always_correct,0.8363136232705926,0.4480531177202663,1.793278527960937,0.6948042742213243
ambiguous_091,mixtral-8x7b,C,ambiguous,0,0,always_correct,0.3334297311894373,0.3942755903339494,2.1397354931528136,0.650830809332922
ambiguous_092,mixtral-8x7b,C,ambiguous,0,0,always_correct,0.2284816643138665,0.6382502326526379,2.187057799879369,0.6249721499645494
ambiguous_093,mixtral-8x7b,C,ambiguous,0,0,always_correct,0.4021290749315978,0.58668159852998,2.3650449117024346,0.5943064950666556
ambiguous_094,mixtral-8x7b,C,ambiguous,0,0,always_correct,0.3279796131790226,0.5724356084168138,2.851106114041366,0.5953976604834686
ambiguous_095,mixtral-8x7b,C,ambiguous,0,0,always_correct,0.4795763499393276,0.5434711897506694,2.034755822080238,0.6417077474978086
ambiguous_096,mixtral-8x7b,C,ambiguous,0,0,always_correct,0.5430313047452981,0.5797724320578757,2.185960790592877,0.6192051243108224
ambiguous_097,mixtral-8x7b,C,ambiguous,0,0,always_correct,0.6964526960488967,0.5928584329964226,2.255633246100926,0.6236666912794225
ambiguous_098,mixtral-8x7b,C,ambiguous,0,0,always_correct,0.35363371931112,0.5022334304489751,1.8542086674089304,0.6542844226082913
ambiguous_099,mixtral-8x7b,C,ambiguous,0,0,always_correct,0.4998512698219931,0.4499051856904774,2.056481748874773,0.6457024585796355
ambiguous_100,mixtral-8x7b,C,ambiguous,0,0,always_correct,0.7977536569210807,0.5123482929441899,1.9015577280170008,0.694851541068151
ambiguous_101,mixtral-8x7b,C,ambiguous,0,0,always_correct,0.5392439077462108,0.527460196201524,1.555374505278704,0.6641437930886995
ambiguous_102,mixtral-8x7b,C,ambiguous,0,0,always_correct,0.5418238408974414,0.4258149605176564,1.439616707401024,0.711303709087336
ambiguous_103,mixtral-8x7b,C,ambiguous,0,0,always_correct,0.6172307369313189,0.6351043841873577,1.899624136788375,0.6451480733847248
ambiguous_104,mixtral-8x7b,C,ambiguous,0,0,always_correct,0.8201107298443897,0.4644913744799285,1.8693245179821616,0.6048950076416602
ambiguous_105,mixtral-8x7b,C,ambiguous,0,0,always_correct,1.1102230246251563e-16,0.5547570229630654,2.8198997111218813,0.5512534528830704
ambiguous_106,mixtral-8x7b,C,ambiguous,0,0,always_correct,0.3491877039692359,0.6174932479979987,2.045012831727439,0.6083841731802143
ambiguous_107,mixtral-8x7b,C,ambiguous,0,0,always_correct,0.8078849027409125,0.5389714758319625,3.0770754665882656,0.5966909679386163
ambiguous_108,mixtral-8x7b,C,ambiguous,0,0,always_correct,0.8569098548397956,0.5316620966574492,2.569801178183838,0.562659953248897
ambiguous_109,mixtral-8x7b,C,ambiguous,0,0,always_correct,0.0,0.5843194785031849,2.845605176095007,0.565701177451891
ambiguous_110,mixtral-8x7b,C,ambiguous,0,0,always_correct,0.8530639224351576,0.5416178482745975,2.698030366066001,0.5802588140291489
ambiguous_111,mixtral-8x7b,C,ambiguous,0,0,always_correct,0.8078849027409138,0.5333449280490556,2.8931615060598137,0.5894810495184984
ambiguous_112,mixtral-8x7b,C,ambiguous,0,0,always_correct,0.7018649923568405,0.5875251954138911,2.2980884120694447,0.6205450114939011
ambiguous_113,mixtral-8x7b,C,ambiguous,0,0,always_correct,0.8180648068003227,0.594034277161962,2.1270934283516127,0.6275907808506483
ambiguous_114,mixtral-8x7b,C,ambiguous,0,0,always_correct,0.7889355543765297,0.5512997328912539,2.690208912272164,0.6059736464486075
ambiguous_115,mixtral-8x7b,C,ambiguous,0,0,always_correct,0.6958233929324704,0.5624923221218352,3.13961757411253,0.5133609501704623
ambiguous_116,mixtral-8x7b,C,ambiguous,0,0,always_correct,0.5680273346077176,0.5485724187748795,2.3453160324296687,0.595014156441557
ambiguous_117,mixtral-8x7b,C,ambiguous,0,0,always_correct,0.806535215060823,0.4765461231082748,1.9970978334104923,0.6784686049485954
ambiguous_118,mixtral-8x7b,C,ambiguous,0,0,always_correct,0.4997434266809579,0.3901380387433506,2.063673980157022,0.6527196073665225
ambiguous_119,mixtral-8x7b,C,ambiguous,0,0,always_correct,0.7271911821844753,0.5711889826818153,2.5440885401678313,0.6369797894144595
ambiguous_120,mixtral-8x7b,C,ambiguous,0,0,always_correct,-2.220446049250313e-16,0.4763949756654942,1.911638704156413,0.5928224877740642
borderline_obscure_0,mixtral-8x7b,C,borderline_obscure_real,0,0,always_correct,0.8601703548357273,0.380426516108904,1.4426440789050854,0.759539266279209
borderline_obscure_2,mixtral-8x7b,C,borderline_obscure_real,0,0,always_correct,0.0,0.4767362784179192,1.5394294030813749,0.6905982631245545
borderline_obscure_3,mixtral-8x7b,C,borderline_obscure_real,0,0,always_correct,0.8151053230090568,0.5135885845075926,1.4324117292325262,0.7160167570578825
borderline_obscure_4,mixtral-8x7b,C,borderline_obscure_real,0,0,always_correct,0.8904528391448923,0.3851635310241831,1.3914898870674333,0.8028398416541203
borderline_obscure_5,mixtral-8x7b,C,borderline_obscure_real,0,0,always_correct,1.1102230246251563e-16,0.5480057125937774,1.456169084992063,0.7302105934540191
borderline_obscure_6,mixtral-8x7b,C,borderline_obscure_real,1,0,other,0.0022202110320599,0.4985705893519589,1.3965922442654586,0.7080744412649503
borderline_obscure_8,mixtral-8x7b,C,borderline_obscure_real,0,0,always_correct,0.0,0.5848932153846833,1.3904485473228811,0.7600686348185066
borderline_obscure_9,mixtral-8x7b,C,borderline_obscure_real,0,0,always_correct,0.8972608953699348,0.5332707226595235,1.4653330209908892,0.7947901718618735
borderline_obscure_10,mixtral-8x7b,C,borderline_obscure_real,0,0,always_correct,0.1110240372688076,0.5064141736740347,1.5439617684901843,0.734857677462742
borderline_obscure_12,mixtral-8x7b,C,borderline_obscure_real,0,0,always_correct,0.8705791190492252,0.5072987362870598,1.449243744427544,0.7199929697400049
borderline_obscure_14,mixtral-8x7b,C,borderline_obscure_real,0,0,always_correct,0.9037653838093688,0.3765750230077128,1.3898284651286852,0.797694264334118
borderline_obscure_15,mixtral-8x7b,C,borderline_obscure_real,0,0,always_correct,0.8641478938835174,0.4972310700978178,1.3636753138338111,0.7914715120183584
borderline_obscure_16,mixtral-8x7b,C,borderline_obscure_real,0,0,always_correct,0.821770877974048,0.4530592478934239,1.3168587070838558,0.7959865441870682
borderline_obscure_17,mixtral-8x7b,C,borderline_obscure_real,0,0,always_correct,0.7282262853221942,0.5483487716258646,1.4752647477684608,0.6894746661132107
borderline_obscure_18,mixtral-8x7b,C,borderline_obscure_real,0,0,always_correct,0.885039667531379,0.3206627842687223,1.4345513256550722,0.767553438684401
borderline_obscure_19,mixtral-8x7b,C,borderline_obscure_real,0,0,always_correct,0.8795983184689004,0.4045362110921946,1.4757917229043602,0.6814774467570698
borderline_obscure_20,mixtral-8x7b,C,borderline_obscure_real,0,0,always_correct,2.220446049250313e-16,0.6247808245821029,1.36383805134471,0.7852549772952226
borderline_obscure_21,mixtral-8x7b,C,borderline_obscure_real,0,0,always_correct,0.1183914670006781,0.5636840975673094,1.4825358502744503,0.6758242794032906
borderline_obscure_22,mixtral-8x7b,C,borderline_obscure_real,0,0,always_correct,0.21189705794996,0.5175769642193446,1.530834555801445,0.7400244419119691
borderline_obscure_23,mixtral-8x7b,C,borderline_obscure_real,1,0,other,0.5358001745491472,0.4564859888242796,1.4976166733283751,0.6865347812076548
borderline_obscure_24,mixtral-8x7b,C,borderline_obscure_real,0,0,always_correct,0.6532912547494265,0.5318094579212743,1.393013870278505,0.8119967722692096
borderline_obscure_25,mixtral-8x7b,C,borderline_obscure_real,0,0,always_correct,0.0,0.6031043870974065,1.404944935584291,0.7813269015379588
borderline_obscure_26,mixtral-8x7b,C,borderline_obscure_real,0,0,always_correct,0.1867253070575248,0.5385020833688743,1.435797350062664,0.7231823997726301
borderline_obscure_27,mixtral-8x7b,C,borderline_obscure_real,0,0,always_correct,0.0470420252332436,0.4935073869563857,1.499840404969015,0.7185313665385669
borderline_obscure_28,mixtral-8x7b,C,borderline_obscure_real,0,0,always_correct,0.8850396674860556,0.3206537677514006,1.4345778058340082,0.7675464651672375
borderline_obscure_29,mixtral-8x7b,C,borderline_obscure_real,0,0,always_correct,0.8381867515861032,0.298039103971741,1.3807041318616375,0.7680804721967379
borderline_obscure_30,mixtral-8x7b,C,borderline_obscure_real,0,0,always_correct,0.9053580861264052,0.5729204152569882,1.383783859973781,0.7877206209530659
borderline_obscure_31,mixtral-8x7b,C,borderline_obscure_real,0,0,always_correct,2.220446049250313e-16,0.4625263240866923,1.4045779231106184,0.6789699389283437
borderline_obscure_32,mixtral-8x7b,C,borderline_obscure_real,0,1,broken_by_ft,0.350808183225447,0.4416230525454327,1.4287309759139497,0.7183022353319346
borderline_obscure_34,mixtral-8x7b,C,borderline_obscure_real,1,0,other,0.594787148753237,0.4841195266985257,1.404463956558598,0.7815424692372994
borderline_fake_0,mixtral-8x7b,C,borderline_plausible_fake,0,0,always_correct,0.154314134313639,0.5221977159809128,1.3396716508135893,0.7789532824397316
borderline_fake_2,mixtral-8x7b,C,borderline_plausible_fake,2,0,fixed_by_ft,-2.220446049250313e-16,0.5630112783039618,1.4917145750909566,0.6495646978213163
borderline_fake_3,mixtral-8x7b,C,borderline_plausible_fake,0,0,always_correct,0.8930197863292813,0.5946655606836748,1.714803158252412,0.7078768147097213
borderline_fake_4,mixtral-8x7b,C,borderline_plausible_fake,0,0,always_correct,0.8487219438480016,0.4412032267591815,1.403304233062113,0.7680671862928239
borderline_fake_5,mixtral-8x7b,C,borderline_plausible_fake,0,0,always_correct,0.0,0.5216302636495369,1.5842333469823082,0.7073924264272523
borderline_fake_6,mixtral-8x7b,C,borderline_plausible_fake,2,0,fixed_by_ft,0.2065856814350298,0.5793470729952312,1.7442046606533752,0.7006257998094995
borderline_fake_7,mixtral-8x7b,C,borderline_plausible_fake,2,0,fixed_by_ft,0.8930197830651714,0.5946655606836748,1.714803158252412,0.7078768147097213
borderline_fake_8,mixtral-8x7b,C,borderline_plausible_fake,0,0,always_correct,0.1598823400487173,0.5747132967480475,1.4039613939405602,0.7529082510335643
borderline_fake_9,mixtral-8x7b,C,borderline_plausible_fake,2,0,fixed_by_ft,0.8815393094449119,0.6089304574475284,1.672185823050997,0.7010155598930864
borderline_fake_10,mixtral-8x7b,C,borderline_plausible_fake,0,0,always_correct,-2.220446049250313e-16,0.5477022629686038,1.5619495298973567,0.6595095057028042
borderline_fake_11,mixtral-8x7b,C,borderline_plausible_fake,0,0,always_correct,0.8027263178343752,0.3971681297206069,1.4746178069481553,0.7206470907854094
borderline_fake_12,mixtral-8x7b,C,borderline_plausible_fake,0,0,always_correct,0.1829410931961993,0.5502772179016233,1.7945921844027295,0.5934402585539731
borderline_fake_13,mixtral-8x7b,C,borderline_plausible_fake,2,0,fixed_by_ft,0.7683561140565991,0.6036819845675134,1.9328797836657112,0.6766605611376519
borderline_fake_14,mixtral-8x7b,C,borderline_plausible_fake,0,0,always_correct,0.730000118140881,0.6232228087200475,2.1573230569791986,0.6509735222404089
borderline_fake_15,mixtral-8x7b,C,borderline_plausible_fake,2,0,fixed_by_ft,0.0,0.5743052135528366,1.6943456327408868,0.7290265893741614
borderline_fake_16,mixtral-8x7b,C,borderline_plausible_fake,2,3,still_broken,0.8815393083804391,0.6089304574475284,1.672185823050997,0.7010155598930864
borderline_fake_17,mixtral-8x7b,C,borderline_plausible_fake,0,0,always_correct,0.3856457716450652,0.5744485494467595,1.5288213207393966,0.7682496237998078
borderline_fake_19,mixtral-8x7b,C,borderline_plausible_fake,0,0,always_correct,-2.220446049250313e-16,0.5625792140599606,1.379829009045727,0.7826510402931802
borderline_fake_20,mixtral-8x7b,C,borderline_plausible_fake,0,0,always_correct,0.8942510707676589,0.5386456386221323,1.5803798854694475,0.7332865765926542
borderline_fake_21,mixtral-8x7b,C,borderline_plausible_fake,1,0,other,0.9088904486786642,0.469889334941158,1.6311372469864178,0.7262262701431311
borderline_fake_22,mixtral-8x7b,C,borderline_plausible_fake,0,0,always_correct,0.7152844321166916,0.6246401144224312,2.4409223788556083,0.6234966330726073
borderline_fake_23,mixtral-8x7b,C,borderline_plausible_fake,2,2,still_broken,0.8930991309953912,0.4957557000261346,1.4343190026430404,0.7563999540464224
borderline_fake_24,mixtral-8x7b,C,borderline_plausible_fake,0,2,broken_by_ft,0.2191980232013123,0.6015843631367669,1.6737273195822049,0.6745865694352036
borderline_fake_27,mixtral-8x7b,C,borderline_plausible_fake,2,0,fixed_by_ft,0.2239796763647654,0.5982720563557647,1.5558680810068288,0.7433982701055554
borderline_fake_28,mixtral-8x7b,C,borderline_plausible_fake,0,0,always_correct,1.1102230246251563e-16,0.5787135823224225,1.7483603261692056,0.6594630742326253
borderline_fake_29,mixtral-8x7b,C,borderline_plausible_fake,2,2,still_broken,0.8654516362795351,0.4585326750487338,1.4078083957168437,0.8073410536365244
borderline_fake_30,mixtral-8x7b,C,borderline_plausible_fake,2,0,fixed_by_ft,0.4795001165860052,0.5888596532474513,1.531276323583299,0.7341735977639758
borderline_fake_31,mixtral-8x7b,C,borderline_plausible_fake,0,0,always_correct,0.7756642281778924,0.5750445593915643,1.739383114032247,0.6757577590323809
borderline_fake_32,mixtral-8x7b,C,borderline_plausible_fake,2,0,fixed_by_ft,0.3221042806525143,0.5410218551508887,1.5579299892278815,0.7307119670870376
borderline_fake_33,mixtral-8x7b,C,borderline_plausible_fake,2,0,fixed_by_ft,0.4568144696588989,0.5970661342381709,1.5558905801316336,0.7152785549491036
borderline_fake_34,mixtral-8x7b,C,borderline_plausible_fake,0,0,always_correct,0.5541762843539877,0.5884182301340796,1.62340660321798,0.6295678767607551
borderline_edge_0,mixtral-8x7b,C,borderline_edge_factual,0,0,always_correct,0.0884406249946579,0.0955605163611583,1.6656685532873423,0.6398867282223847
borderline_edge_1,mixtral-8x7b,C,borderline_edge_factual,0,0,always_correct,0.0562049687568376,0.2457825881064114,1.653108733101516,0.8019663183699226
borderline_edge_2,mixtral-8x7b,C,borderline_edge_factual,0,0,always_correct,0.1628117778931679,0.1791302375751372,1.6264341278383103,0.8041503769451149
borderline_edge_3,mixtral-8x7b,C,borderline_edge_factual,0,0,always_correct,0.1437747564434424,0.074847005465799,1.553899464985886,0.8042386337572582
borderline_edge_4,mixtral-8x7b,C,borderline_edge_factual,0,0,always_correct,0.130899740915608,0.3450213253906125,1.7122688669342558,0.7140104411029206
borderline_edge_5,mixtral-8x7b,C,borderline_edge_factual,0,0,always_correct,0.0884406249946579,0.0955605163611583,1.6656685532873423,0.6398867282223847
borderline_edge_6,mixtral-8x7b,C,borderline_edge_factual,0,0,always_correct,0.05620496875684,0.2457825881064114,1.653108733101516,0.8019663183699226
borderline_edge_7,mixtral-8x7b,C,borderline_edge_factual,0,0,always_correct,0.1628381320353394,0.1791302375751372,1.6264341278383103,0.8041503769451149
borderline_edge_8,mixtral-8x7b,C,borderline_edge_factual,0,0,always_correct,0.1437748941865111,0.0748243157405151,1.5540955067861717,0.8041312536226545
borderline_edge_9,mixtral-8x7b,C,borderline_edge_factual,0,0,always_correct,0.1308997409156076,0.3450548842346111,1.7122561432192438,0.7140213285537027
borderline_edge_10,mixtral-8x7b,C,borderline_edge_factual,0,0,always_correct,0.0884406249946585,0.0955605163611583,1.6656685532873423,0.6398867282223847
borderline_edge_11,mixtral-8x7b,C,borderline_edge_factual,0,0,always_correct,0.0562049687568403,0.2457825881064114,1.653108733101516,0.8019663183699226
borderline_edge_12,mixtral-8x7b,C,borderline_edge_factual,0,0,always_correct,0.1628607718304419,0.1791302375751372,1.6264341278383103,0.8041503769451149
borderline_edge_13,mixtral-8x7b,C,borderline_edge_factual,0,0,always_correct,0.1437747496539057,0.0748243157405151,1.5540955067861717,0.8041312536226545
borderline_edge_14,mixtral-8x7b,C,borderline_edge_factual,0,0,always_correct,0.1308997409156092,0.3450213253906125,1.7122688669342558,0.7140104411029206
borderline_edge_15,mixtral-8x7b,C,borderline_edge_factual,0,0,always_correct,0.0884406249946588,0.0955605163611583,1.6656685532873423,0.6398867282223847
borderline_edge_16,mixtral-8x7b,C,borderline_edge_factual,0,0,always_correct,0.0562049687568397,0.2457761505148467,1.6530648637972487,0.8019608886964135
borderline_edge_17,mixtral-8x7b,C,borderline_edge_factual,0,0,always_correct,0.1628790622186522,0.1791273016272425,1.6263673841430328,0.8041708552938566
borderline_edge_18,mixtral-8x7b,C,borderline_edge_factual,0,0,always_correct,0.1437747593509529,0.0748243157405151,1.5540955067861717,0.8041312536226545
borderline_edge_19,mixtral-8x7b,C,borderline_edge_factual,0,0,always_correct,0.1308997409156076,0.3450213253906125,1.7122688669342558,0.7140104411029206
factual_001,mixtral-8x7b,C,factual,2,2,still_broken,0.4474213626661821,0.2869015844414185,1.427285810374314,0.8166068796113669
factual_002,mixtral-8x7b,C,factual,0,3,broken_by_ft,0.0,0.5214923696674227,1.5428428058509762,0.7250637413723073
factual_003,mixtral-8x7b,C,factual,0,0,always_correct,0.1564356362085136,0.4954661825149093,1.636075217619012,0.7602978286276143
factual_004,mixtral-8x7b,C,factual,1,3,other,-2.220446049250313e-16,0.3869716938971713,1.4568555105030592,0.6992852443950706
factual_005,mixtral-8x7b,C,factual,3,3,other,0.7959816819341655,0.5950361547267715,1.8127101960982757,0.604222800511543
factual_006,mixtral-8x7b,C,factual,0,0,always_correct,0.3556314066049386,0.5489555389649705,1.6601933545851342,0.78689914877628
factual_007,mixtral-8x7b,C,factual,1,3,other,0.312796696168908,0.4919472577196458,1.5903804756675308,0.7393158827220448
factual_008,mixtral-8x7b,C,factual,0,0,always_correct,0.2670585343164201,0.5537412854575314,1.644334043574361,0.7740358148860351
factual_009,mixtral-8x7b,C,factual,1,3,other,0.8481900827532411,0.5083676243567845,1.6688204418684618,0.6337254911374172
factual_010,mixtral-8x7b,C,factual,0,0,always_correct,0.3184803504519627,0.4704854957076528,1.56773624312409,0.7543431181432056
factual_011,mixtral-8x7b,C,factual,3,0,other,0.6832832190272993,0.533809886572902,1.7430704196161773,0.6763440459920045
factual_012,mixtral-8x7b,C,factual,0,0,always_correct,0.2840671293809321,0.4724434113986769,2.173097746982227,0.7860974353127362
factual_013,mixtral-8x7b,C,factual,1,3,other,0.6153152402075883,0.455194014821156,1.5300434663668918,0.7080230631300728
factual_014,mixtral-8x7b,C,factual,0,0,always_correct,0.7330674130526451,0.5196026288806116,2.199583681199253,0.7782048166966801
factual_015,mixtral-8x7b,C,factual,1,3,other,0.2376871837966113,0.4958379670097737,1.4585589328878723,0.763588514149049
factual_016,mixtral-8x7b,C,factual,0,0,always_correct,0.1982968099681393,0.4964189632018502,1.6035739319060058,0.7305653706634347
factual_017,mixtral-8x7b,C,factual,0,0,always_correct,0.2926382388086429,0.5537432236850965,1.3893335987920303,0.7681340728375617
factual_018,mixtral-8x7b,C,factual,0,0,always_correct,0.5396352414141532,0.3227364419959592,1.488573548463778,0.7490736330601716
factual_019,mixtral-8x7b,C,factual,0,0,always_correct,0.6730960397027268,0.4708446767052624,1.4697912780557238,0.7927693141065637
factual_020,mixtral-8x7b,C,factual,1,3,other,0.4468809245287481,0.4914824202789162,1.6355644798953604,0.7141426042829769
factual_021,mixtral-8x7b,C,factual,0,3,broken_by_ft,0.7509487180048353,0.4242342711170749,1.437338333539816,0.7057974756824725
factual_022,mixtral-8x7b,C,factual,0,0,always_correct,0.3801181065227554,0.5194002370825246,2.11813285972269,0.7888343474015884
factual_023,mixtral-8x7b,C,factual,1,1,other,0.2452910406227562,0.5348822932022061,1.6490830969475492,0.7044984150292017
factual_024,mixtral-8x7b,C,factual,3,3,other,0.2805817934195017,0.4484573939404104,1.6706121005395924,0.7033958796122887
factual_025,mixtral-8x7b,C,factual,1,3,other,3.3306690738754696e-16,0.5117298888667272,1.6429126789086972,0.7204560191668745
factual_026,mixtral-8x7b,C,factual,1,0,other,1.1102230246251563e-16,0.3443998573079658,1.591209790699729,0.8206354683180099
factual_027,mixtral-8x7b,C,factual,0,0,always_correct,1.1102230246251563e-16,0.3642274518497082,1.5270706996297605,0.7633699371421421
factual_028,mixtral-8x7b,C,factual,0,0,always_correct,0.1929791143245144,0.5368214525725794,1.6808798812307817,0.7464809316145942
factual_029,mixtral-8x7b,C,factual,0,0,always_correct,0.0,0.5704432634955076,1.517434539091369,0.8084093392055437
factual_030,mixtral-8x7b,C,factual,0,3,broken_by_ft,0.7668813329400868,0.4721924702419647,1.5989717679456927,0.6532845700035373
factual_031,mixtral-8x7b,C,factual,0,0,always_correct,0.4572321689239609,0.3462148777121836,1.4704227408897466,0.7794445790180302
factual_032,mixtral-8x7b,C,factual,1,3,other,0.0,0.4769979030720027,1.5145786126070766,0.7119126764159768
factual_033,mixtral-8x7b,C,factual,0,0,always_correct,2.220446049250313e-16,0.5577915745729615,1.600985589324872,0.7746265286605831
factual_034,mixtral-8x7b,C,factual,0,0,always_correct,0.6952801870429137,0.497085648962429,1.4693644117237807,0.7782214859222703
factual_035,mixtral-8x7b,C,factual,0,0,always_correct,0.5393551581036777,0.3505611952848855,1.5380572164727986,0.7813647980744627
factual_036,mixtral-8x7b,C,factual,0,0,always_correct,0.1454804201304627,0.4021450253300156,1.7131054498474376,0.8045040065828291
factual_037,mixtral-8x7b,C,factual,0,0,always_correct,1.1102230246251563e-16,0.3735045306220373,1.6406575055622534,0.7121194102499737
factual_038,mixtral-8x7b,C,factual,2,0,fixed_by_ft,-2.220446049250313e-16,0.2926467250686141,1.4320322619846344,0.8492955255080701
factual_039,mixtral-8x7b,C,factual,3,3,other,0.2977052916255188,0.5337839000600075,1.4968432568351246,0.6578207026078017
factual_040,mixtral-8x7b,C,factual,0,0,always_correct,0.0,0.4955555663289558,2.4907916965422943,0.7438758769124163
factual_041,mixtral-8x7b,C,factual,0,0,always_correct,0.6056858182588869,0.3677107174306969,1.4755623568961818,0.7740296550999092
factual_042,mixtral-8x7b,C,factual,0,0,always_correct,0.8318725783280523,0.5395901682319295,1.6551275699170216,0.7985738797667481
factual_043,mixtral-8x7b,C,factual,0,0,always_correct,0.2623666722788942,0.5777548617653043,1.5606131858333216,0.7747859864750749
factual_044,mixtral-8x7b,C,factual,0,0,always_correct,0.4051631302734781,0.3681917696874052,1.4455486580276196,0.7853141309744663
factual_045,mixtral-8x7b,C,factual,0,0,always_correct,0.450439749115744,0.2884051229297785,1.453689212791892,0.7892814276339735
factual_046,mixtral-8x7b,C,factual,0,0,always_correct,0.4660423327436203,0.514151637376933,1.3850454305890605,0.7679784747187712
factual_047,mixtral-8x7b,C,factual,0,0,always_correct,0.5598746093928245,0.4857488811952748,2.4956542498295153,0.7651505581880438
factual_048,mixtral-8x7b,C,factual,2,0,fixed_by_ft,0.6068092023827316,0.5320171246589672,1.669465354924677,0.7908778910919066
factual_049,mixtral-8x7b,C,factual,1,0,other,0.8051334766150875,0.579269345225372,1.7773488803942223,0.6087556385035638
factual_050,mixtral-8x7b,C,factual,3,1,other,0.8385872110634407,0.529476712971758,1.6202171498905402,0.6676167559736326
factual_051,mixtral-8x7b,C,factual,0,3,broken_by_ft,0.4828815127684033,0.4817205955632726,1.6075469356123249,0.6575131316270182
factual_052,mixtral-8x7b,C,factual,0,0,always_correct,0.3487661001492588,0.3074633120631805,1.5675402123828928,0.7536312131339302
factual_053,mixtral-8x7b,C,factual,2,2,still_broken,0.4359761888516478,0.2620127618998092,1.445163814679944,0.8048033221114583
factual_054,mixtral-8x7b,C,factual,2,0,fixed_by_ft,0.1556253954430617,0.4847215191663619,1.383711336911372,0.7645934326710406
factual_055,mixtral-8x7b,C,factual,0,0,always_correct,0.5841313739140175,0.3745738855463266,1.5077213820686648,0.7849008747510435
factual_056,mixtral-8x7b,C,factual,0,0,always_correct,0.2786528716749776,0.3758226190451623,1.5049147495204112,0.7742059865635571
factual_057,mixtral-8x7b,C,factual,0,0,always_correct,0.0112872337979896,0.4214372380597516,1.4648258882038403,0.7694453172394339
factual_058,mixtral-8x7b,C,factual,0,0,always_correct,0.3390824461694907,0.5111469041204717,1.5545940409574548,0.8140485421238759
factual_059,mixtral-8x7b,C,factual,0,0,always_correct,0.357348894131446,0.3940866374503651,1.5511252045053732,0.7838069112840811
factual_060,mixtral-8x7b,C,factual,0,0,always_correct,0.743211048249168,0.3671479319259164,1.425059880535836,0.8520090209987095
factual_061,mixtral-8x7b,C,factual,0,0,always_correct,0.1104086412246645,0.530961196704224,1.511143753659508,0.7806205114743071
factual_062,mixtral-8x7b,C,factual,0,0,always_correct,0.3587941822449432,0.2807707917106444,1.4230038222906043,0.8144083208268791
factual_063,mixtral-8x7b,C,factual,0,0,always_correct,0.7098511176138034,0.5277960852448533,1.54508021969518,0.6906612743816015
factual_064,mixtral-8x7b,C,factual,0,0,always_correct,0.6094687471332425,0.3698050651022028,1.5924750584801155,0.8068829925128963
factual_065,mixtral-8x7b,C,factual,0,0,always_correct,0.2245941752577982,0.4849242325151529,2.070155573285705,0.7389572015367624
factual_066,mixtral-8x7b,C,factual,0,0,always_correct,0.3360545871669906,0.4432598614804671,1.437838911493825,0.7965714069335859
factual_067,mixtral-8x7b,C,factual,0,0,always_correct,0.5798424716069741,0.5071865576375351,1.570946092272075,0.7582373529377417
factual_068,mixtral-8x7b,C,factual,0,0,always_correct,0.238441992313811,0.511323132435285,2.3556216928113503,0.7724926424265565
factual_069,mixtral-8x7b,C,factual,0,0,always_correct,0.5115933251339644,0.5369340943521124,1.631045379294353,0.786516724035984
factual_070,mixtral-8x7b,C,factual,0,0,always_correct,0.1984207921486623,0.5628367211223799,1.838338226233365,0.7907702208781195
factual_071,mixtral-8x7b,C,factual,0,0,always_correct,0.461534458324117,0.5023408825289193,1.5303797226607514,0.7976021253211883
factual_072,mixtral-8x7b,C,factual,0,0,always_correct,0.4217231241732762,0.5293112383235585,2.052913815779441,0.7936154663048665
factual_073,mixtral-8x7b,C,factual,0,0,always_correct,0.4685473178708678,0.4971347459068951,1.8813149697779945,0.8060820205907173
factual_074,mixtral-8x7b,C,factual,2,0,fixed_by_ft,0.7184528692678035,0.5340626408896963,1.5822706579581662,0.7457243605495685
factual_075,mixtral-8x7b,C,factual,0,0,always_correct,0.0,0.5526658730319928,1.5299397541177395,0.7807696613698134
factual_076,mixtral-8x7b,C,factual,1,0,other,0.5658991755708114,0.3758922514649365,1.4660703538082065,0.7629524834612326
factual_077,mixtral-8x7b,C,factual,0,0,always_correct,1.1102230246251563e-16,0.2872070217824768,1.4483453849882282,0.7973612276794142
factual_078,mixtral-8x7b,C,factual,0,0,always_correct,0.0,0.4410828679271515,1.458481285624343,0.7946352676800279
factual_079,mixtral-8x7b,C,factual,0,0,always_correct,0.0258177208143913,0.4554676890827559,2.276428274066912,0.7785665353096611
factual_080,mixtral-8x7b,C,factual,0,0,always_correct,0.5055580278519176,0.3731267833548741,1.5829375437584468,0.7981197224733367
factual_081,mixtral-8x7b,C,factual,0,0,always_correct,0.220573990555787,0.4918213743329231,1.3558153290652777,0.8192204389974898
factual_082,mixtral-8x7b,C,factual,0,0,always_correct,2.220446049250313e-16,0.5084261618466914,2.035393199162872,0.7615156538606355
factual_083,mixtral-8x7b,C,factual,0,0,always_correct,0.057668351977014,0.3271119500566003,1.451152926094506,0.7950385259633002
factual_084,mixtral-8x7b,C,factual,0,0,always_correct,0.2289328256363831,0.5497967403683747,1.884496177179236,0.8233917817187093
factual_085,mixtral-8x7b,C,factual,0,0,always_correct,0.0372428410057189,0.5051687256244658,1.6102037851392017,0.7613331582727212
factual_086,mixtral-8x7b,C,factual,1,0,other,0.8033095604077409,0.5490075373322965,2.015452604210398,0.8063632608797181
factual_087,mixtral-8x7b,C,factual,0,0,always_correct,0.6479279028923509,0.3613206321822504,1.436029069276888,0.8372493425625792
factual_088,mixtral-8x7b,C,factual,0,0,always_correct,0.3396011947066253,0.4080418156001197,1.465300663592862,0.7910473151233647
factual_089,mixtral-8x7b,C,factual,0,0,always_correct,0.6666581000882923,0.3188786910577298,1.5131182125148306,0.799091528923978
factual_090,mixtral-8x7b,C,factual,0,0,always_correct,-2.220446049250313e-16,0.3964080482015173,1.4187546985405888,0.8131726537987362
factual_091,mixtral-8x7b,C,factual,0,0,always_correct,0.4261113397626155,0.4558950745029509,1.400802104480607,0.8456889289914585
factual_092,mixtral-8x7b,C,factual,0,0,always_correct,0.0315956960434949,0.3623843687195451,1.4168148186832066,0.751873626663548
factual_093,mixtral-8x7b,C,factual,0,0,always_correct,0.0671185519692219,0.4713046344375188,2.3499719020727152,0.7683241939037692
factual_094,mixtral-8x7b,C,factual,0,0,always_correct,0.0261170901009187,0.5003007857566056,2.080056827153228,0.7804110141923681
factual_095,mixtral-8x7b,C,factual,0,0,always_correct,1.1102230246251563e-16,0.5101534961972927,1.6163209676949646,0.7869664265862802
factual_096,mixtral-8x7b,C,factual,0,0,always_correct,-2.220446049250313e-16,0.4742852508276898,2.0973629923839554,0.781965458096553
factual_097,mixtral-8x7b,C,factual,0,0,always_correct,0.3337395468446722,0.5348416626677427,2.146149723753868,0.800215709017006
factual_098,mixtral-8x7b,C,factual,0,0,always_correct,0.4353734601241928,0.51781334739828,2.187416565824021,0.7232017443268683
impossible_001,mixtral-8x7b,C,impossible,0,0,always_correct,-2.220446049250313e-16,0.5551838951744963,1.3644283709540836,0.8276925045696241
impossible_002,mixtral-8x7b,C,impossible,0,0,always_correct,0.2806778737116963,0.4306490422083969,1.4401356453933196,0.7836114071853095
impossible_003,mixtral-8x7b,C,impossible,0,0,always_correct,0.4239195475062465,0.5627706547511742,1.5651701004905392,0.700848589113422
impossible_004,mixtral-8x7b,C,impossible,0,0,always_correct,0.3607430469039355,0.5197243019825668,1.458452861984996,0.6939721821069513
impossible_005,mixtral-8x7b,C,impossible,0,0,always_correct,0.574928775103801,0.4892219794456599,1.5568969252909877,0.6068086579060945
impossible_006,mixtral-8x7b,C,impossible,0,0,always_correct,0.0311283248999301,0.5387384402670877,1.449763272741444,0.7372826727751762
impossible_007,mixtral-8x7b,C,impossible,0,0,always_correct,0.2345795209133891,0.5647081094835489,1.5734499261300294,0.6238848863130082
impossible_008,mixtral-8x7b,C,impossible,0,0,always_correct,0.0,0.5167571652418199,1.5210648218299585,0.6785465504109989
impossible_009,mixtral-8x7b,C,impossible,0,0,always_correct,0.2533691388774768,0.491107906341293,1.4323611294684442,0.7292741832908624
impossible_010,mixtral-8x7b,C,impossible,0,0,always_correct,0.0027501122133142,0.4184464516500347,1.3885229588164163,0.7738089668558243
impossible_011,mixtral-8x7b,C,impossible,0,0,always_correct,0.7193765685924425,0.5802479210740829,1.606736831410972,0.6605835907622317
impossible_012,mixtral-8x7b,C,impossible,0,0,always_correct,0.4188366039819666,0.3895290976517082,1.5273694970414504,0.6704030516806085
impossible_013,mixtral-8x7b,C,impossible,0,0,always_correct,0.0,0.4086266107713111,1.6587137427894745,0.689658988036263
impossible_014,mixtral-8x7b,C,impossible,0,0,always_correct,0.4423619685250402,0.4700339198121581,1.5885150038440978,0.6121381627726835
impossible_015,mixtral-8x7b,C,impossible,0,0,always_correct,0.3166479386251986,0.5874836388564829,1.395728484135234,0.7486451980379364
impossible_016,mixtral-8x7b,C,impossible,0,0,always_correct,0.4515553057300872,0.4482867610047317,1.4693475571044965,0.7341186170628089
impossible_017,mixtral-8x7b,C,impossible,0,0,always_correct,0.0,0.5558571067712224,1.346925906340128,0.7053133742311688
impossible_018,mixtral-8x7b,C,impossible,0,0,always_correct,0.0550683782754218,0.4872344658755814,1.4694140978080903,0.74738072341108
impossible_019,mixtral-8x7b,C,impossible,0,0,always_correct,0.6985254773018361,0.4388364592420409,1.4670087514393897,0.692194954090939
impossible_020,mixtral-8x7b,C,impossible,0,0,always_correct,-2.220446049250313e-16,0.5051285403166632,1.3029682692761662,0.8185930712681566
impossible_021,mixtral-8x7b,C,impossible,0,0,always_correct,0.7455768407446961,0.511383179081994,1.418451701642014,0.681343290566415
impossible_022,mixtral-8x7b,C,impossible,0,0,always_correct,0.0907929455994041,0.3729589512186093,1.4644425009909716,0.7186930170136916
impossible_023,mixtral-8x7b,C,impossible,0,0,always_correct,0.0948905946407459,0.5955665714906428,1.433893483275697,0.80529583340624
impossible_024,mixtral-8x7b,C,impossible,0,0,always_correct,0.830164957426446,0.4045752341875056,1.4278812842330573,0.7867355744549867
impossible_025,mixtral-8x7b,C,impossible,0,0,always_correct,0.7072780648093208,0.5017505139859315,1.4744178439570206,0.7173278021128849
impossible_026,mixtral-8x7b,C,impossible,0,0,always_correct,0.8800187668698034,0.4181997419542512,1.4110958339855555,0.7888166930983602
impossible_027,mixtral-8x7b,C,impossible,0,0,always_correct,0.7062752967036268,0.3711988868490881,1.4478390667797614,0.6840982242455453
impossible_028,mixtral-8x7b,C,impossible,0,0,always_correct,0.5000999656549192,0.4815762854867185,1.5400536996698608,0.645387485598485
impossible_029,mixtral-8x7b,C,impossible,0,0,always_correct,0.0,0.5657581248771495,1.577398290205864,0.7961269228544424
impossible_030,mixtral-8x7b,C,impossible,0,0,always_correct,0.8351902281247721,0.5249444743006565,1.43126372781913,0.7277650240723668
nonexistent_001,mixtral-8x7b,C,nonexistent,0,0,always_correct,0.1408962552955857,0.4817099847987866,1.618388322731953,0.6505587721430863
nonexistent_002,mixtral-8x7b,C,nonexistent,0,0,always_correct,0.4663529108793794,0.4820097187072307,1.9380899422761615,0.6454700365940155
nonexistent_003,mixtral-8x7b,C,nonexistent,2,0,fixed_by_ft,0.0,0.3844380956093198,1.5098126297104038,0.7186116406695099
nonexistent_004,mixtral-8x7b,C,nonexistent,0,0,always_correct,0.0,0.6303578172548222,1.8513264616285656,0.5843523348222711
nonexistent_005,mixtral-8x7b,C,nonexistent,0,0,always_correct,0.0,0.573350714515258,1.861595400219066,0.6681679572854953
nonexistent_006,mixtral-8x7b,C,nonexistent,2,0,fixed_by_ft,1.1102230246251563e-16,0.3695283327972756,1.5507595215167234,0.7023995483185185
nonexistent_007,mixtral-8x7b,C,nonexistent,2,0,fixed_by_ft,0.6656042179179176,0.3336069621443885,2.1531748994604385,0.6460701015720379
nonexistent_008,mixtral-8x7b,C,nonexistent,0,0,always_correct,0.1891429569458065,0.5874211128806354,2.3988800587666375,0.5466107494595671
nonexistent_009,mixtral-8x7b,C,nonexistent,0,0,always_correct,0.4842120832061292,0.6078996431930908,1.9620085208928135,0.620044332182131
nonexistent_010,mixtral-8x7b,C,nonexistent,0,0,always_correct,0.587167485955802,0.4779683275596519,1.833888338501531,0.6309298528266939
nonexistent_011,mixtral-8x7b,C,nonexistent,0,0,always_correct,0.0378691766339057,0.3921120255617577,1.8236217002818536,0.5905812461660369
nonexistent_012,mixtral-8x7b,C,nonexistent,2,0,fixed_by_ft,1.1102230246251563e-16,0.3775442859647275,1.6971808748104815,0.7212749057968125
nonexistent_013,mixtral-8x7b,C,nonexistent,0,0,always_correct,1.1102230246251563e-16,0.6224502132968683,3.3367269166353677,0.5440942975024898
nonexistent_014,mixtral-8x7b,C,nonexistent,1,0,other,-2.220446049250313e-16,0.5000449617692835,1.83211176810429,0.570093262512271
nonexistent_015,mixtral-8x7b,C,nonexistent,0,0,always_correct,1.1102230246251563e-16,0.4921907705872668,1.501040564841266,0.6570302922759929
nonexistent_016,mixtral-8x7b,C,nonexistent,2,0,fixed_by_ft,0.4025101204845094,0.6195132223961526,2.8109377343198965,0.5992554236982213
nonexistent_017,mixtral-8x7b,C,nonexistent,0,0,always_correct,0.5769583421997224,0.5302414990249591,1.744627820754206,0.6032795333598666
nonexistent_018,mixtral-8x7b,C,nonexistent,0,0,always_correct,0.3961603706760024,0.5963926672374946,1.8480466921260803,0.6887798380587833
nonexistent_019,mixtral-8x7b,C,nonexistent,0,0,always_correct,0.0,0.6021392489270947,2.844715109710209,0.5532904130313078
nonexistent_020,mixtral-8x7b,C,nonexistent,0,0,always_correct,0.5414765363933832,0.5070670354191914,1.9924887873947457,0.6829607177693717
nonexistent_021,mixtral-8x7b,C,nonexistent,0,0,always_correct,0.5956860738097913,0.5331093884144366,1.7665825244221536,0.6083857987330116
nonexistent_022,mixtral-8x7b,C,nonexistent,0,0,always_correct,0.6676641691732299,0.5414587680396219,2.0033132341171274,0.5644404037168697
nonexistent_023,mixtral-8x7b,C,nonexistent,2,0,fixed_by_ft,0.47194072796743,0.6343674877928529,2.408321028499304,0.6130953788120019
nonexistent_024,mixtral-8x7b,C,nonexistent,0,0,always_correct,0.0,0.5612271086606379,2.0146061249018192,0.6094802785950895
nonexistent_025,mixtral-8x7b,C,nonexistent,0,0,always_correct,0.0,0.5331879446708088,1.403339101909298,0.7164925264980905
nonexistent_026,mixtral-8x7b,C,nonexistent,2,0,fixed_by_ft,0.1795936835331535,0.5782301043059824,1.8769855826473747,0.6896929911852393
nonexistent_027,mixtral-8x7b,C,nonexistent,0,0,always_correct,0.7154062532950681,0.6006616565273908,2.194790111355604,0.4498373020254242
nonexistent_028,mixtral-8x7b,C,nonexistent,0,0,always_correct,0.6660436405945,0.2756106691049421,1.5311909251784908,0.7378243434465728
nonexistent_029,mixtral-8x7b,C,nonexistent,0,0,always_correct,0.0,0.6229379003448303,2.4189238401918165,0.5542070362317157
nonexistent_030,mixtral-8x7b,C,nonexistent,0,0,always_correct,0.6325686339720304,0.56871666946646,1.8669859537456024,0.6991210118984552
nonexistent_031,mixtral-8x7b,C,nonexistent,2,0,fixed_by_ft,0.4383174948849023,0.569469296314977,2.3068901920253535,0.6243853014875628
nonexistent_032,mixtral-8x7b,C,nonexistent,0,0,always_correct,0.6619559710317514,0.6432758790766617,2.7350297986924805,0.5576855311657261
nonexistent_033,mixtral-8x7b,C,nonexistent,0,0,always_correct,0.6090335933612909,0.569874217129125,1.859615416014732,0.6694354637835519
nonexistent_034,mixtral-8x7b,C,nonexistent,0,0,always_correct,0.4894720467698914,0.6349845730868906,2.310370465169915,0.5835540555011897
nonexistent_035,mixtral-8x7b,C,nonexistent,0,0,always_correct,0.0,0.5607798031452288,1.815322185705487,0.6459051997201808
nonexistent_036,mixtral-8x7b,C,nonexistent,0,0,always_correct,1.1102230246251563e-16,0.5560388037193557,1.8340710908711144,0.6037298173620638
nonexistent_037,mixtral-8x7b,C,nonexistent,0,0,always_correct,0.3699349320047834,0.3282834231382359,1.578198505197913,0.6679470531250629
nonexistent_038,mixtral-8x7b,C,nonexistent,0,0,always_correct,0.7926552947993657,0.6289371171987566,2.798879070765374,0.5269310543433201
nonexistent_039,mixtral-8x7b,C,nonexistent,2,0,fixed_by_ft,0.0,0.6143906513841051,2.09984444517962,0.5124721845110773
nonexistent_040,mixtral-8x7b,C,nonexistent,2,0,fixed_by_ft,1.1102230246251563e-16,0.6254613771428076,2.17637566470198,0.5252641700310074
nonexistent_041,mixtral-8x7b,C,nonexistent,0,0,always_correct,0.3560530276528296,0.3982105289147777,1.7324678079943068,0.6220385427608175
nonexistent_042,mixtral-8x7b,C,nonexistent,2,0,fixed_by_ft,0.5695001949670522,0.440539018535318,1.3842196561942195,0.7544057699500959
nonexistent_043,mixtral-8x7b,C,nonexistent,2,0,fixed_by_ft,0.6576880646803562,0.4194503129917816,1.530149661847831,0.6728972991393612
nonexistent_044,mixtral-8x7b,C,nonexistent,0,0,always_correct,0.3615768722035666,0.6054074599816353,2.6033746890485525,0.5910195936646085
nonexistent_045,mixtral-8x7b,C,nonexistent,0,0,always_correct,0.0249802761245522,0.5028245130419267,1.6749878554866369,0.6688645790676859
nonexistent_046,mixtral-8x7b,C,nonexistent,0,0,always_correct,0.6612279677031945,0.5148879862919402,1.7058183812411352,0.6978585823843695
nonexistent_047,mixtral-8x7b,C,nonexistent,0,0,always_correct,2.220446049250313e-16,0.5193992921772052,1.7843887253685635,0.6564849738450533
nonexistent_048,mixtral-8x7b,C,nonexistent,0,0,always_correct,0.2740750784357763,0.5015228207299758,1.7716580974953335,0.6482371317934588
nonexistent_049,mixtral-8x7b,C,nonexistent,0,0,always_correct,0.4076888275255732,0.4134359268736418,1.6919208316486347,0.6471226597546075
nonexistent_050,mixtral-8x7b,C,nonexistent,2,0,fixed_by_ft,0.5204752094388845,0.4521190116733146,2.339305451952287,0.6087229164276297
nonexistent_051,mixtral-8x7b,C,nonexistent,0,0,always_correct,0.8056613586077341,0.5465498169473262,1.898208667441742,0.6398079924587524
nonexistent_052,mixtral-8x7b,C,nonexistent,2,0,fixed_by_ft,0.0316084730832445,0.3525776705301954,1.7911756373815435,0.6059538638436388
nonexistent_053,mixtral-8x7b,C,nonexistent,0,0,always_correct,0.2358267785620481,0.3410532104566136,1.6665790638430067,0.6404740681543023
nonexistent_054,mixtral-8x7b,C,nonexistent,2,0,fixed_by_ft,0.1791778741104774,0.6154990643267508,2.284245441699252,0.5583922798350565
nonexistent_055,mixtral-8x7b,C,nonexistent,0,0,always_correct,-4.440892098500626e-16,0.613989135667868,2.8000102675182945,0.6074233514988998
nonexistent_056,mixtral-8x7b,C,nonexistent,0,0,always_correct,0.3415866004080783,0.5666999726786175,2.023161636540833,0.605087161744764
nonexistent_057,mixtral-8x7b,C,nonexistent,0,0,always_correct,0.8232504232178327,0.5918807245965352,1.7299316973549783,0.7089043219763297
nonexistent_058,mixtral-8x7b,C,nonexistent,2,0,fixed_by_ft,0.2181792283230306,0.3754672076826564,1.6671420132582708,0.6795003149892797
nonexistent_059,mixtral-8x7b,C,nonexistent,2,0,fixed_by_ft,0.0,0.6154178351746333,2.113087440169748,0.5088320381241103
nonexistent_060,mixtral-8x7b,C,nonexistent,0,0,always_correct,2.220446049250313e-16,0.6205945817239511,3.1261581702420114,0.5777227154572548
nonexistent_061,mixtral-8x7b,C,nonexistent,2,0,fixed_by_ft,-2.220446049250313e-16,0.6046893792099259,2.104256018073756,0.6242117817432631
nonexistent_062,mixtral-8x7b,C,nonexistent,2,0,fixed_by_ft,0.5027769064190599,0.629532059905055,2.74043369147997,0.6128859813244258
nonexistent_063,mixtral-8x7b,C,nonexistent,0,0,always_correct,0.0007423423991868,0.3115777646398954,2.026968657136015,0.6896457044229147
nonexistent_064,mixtral-8x7b,C,nonexistent,0,0,always_correct,0.4378544367540972,0.6341059115948153,2.742433559057107,0.5561474578380757
nonexistent_065,mixtral-8x7b,C,nonexistent,0,0,always_correct,3.3306690738754696e-16,0.6417169544015786,2.4820727351056395,0.6318691006207928
nonexistent_066,mixtral-8x7b,C,nonexistent,2,0,fixed_by_ft,0.0857618930521522,0.429964525777387,1.6827132560855569,0.677628483715478
nonexistent_067,mixtral-8x7b,C,nonexistent,2,0,fixed_by_ft,0.5074212232165478,0.6498395689625738,2.302289325481184,0.5924611912002469
nonexistent_068,mixtral-8x7b,C,nonexistent,2,2,still_broken,2.220446049250313e-16,0.3014026069648536,1.5021603947297897,0.7754381480701797
nonexistent_069,mixtral-8x7b,C,nonexistent,2,0,fixed_by_ft,0.180697239413996,0.341439367218965,1.7251684917755867,0.6305573698113265
nonexistent_070,mixtral-8x7b,C,nonexistent,0,0,always_correct,0.340618043057329,0.6441861566104864,2.5652929412321432,0.5456916988654187
nonexistent_071,mixtral-8x7b,C,nonexistent,0,0,always_correct,0.5517753406096548,0.4746647463879042,1.3853851322070303,0.7400213581288653
nonexistent_072,mixtral-8x7b,C,nonexistent,0,0,always_correct,0.3117094302685117,0.431466065903456,1.437308129071761,0.6798144760375509
nonexistent_073,mixtral-8x7b,C,nonexistent,0,0,always_correct,0.6915652633750171,0.6626919472502806,2.788018222576816,0.5995575690533418
nonexistent_074,mixtral-8x7b,C,nonexistent,0,0,always_correct,0.2291706800381557,0.6057492155039489,2.345972446875116,0.5586403340039207
nonexistent_075,mixtral-8x7b,C,nonexistent,2,0,fixed_by_ft,0.2975521919484657,0.3064806798816807,2.057340000163197,0.6818306802954845
nonexistent_076,mixtral-8x7b,C,nonexistent,2,0,fixed_by_ft,0.2455236847179203,0.423280677167826,2.2159163947954235,0.6334169057338934
nonexistent_077,mixtral-8x7b,C,nonexistent,0,0,always_correct,0.430918743666715,0.3809207533505158,1.6482170001294292,0.6830404161051546
nonexistent_078,mixtral-8x7b,C,nonexistent,0,0,always_correct,0.4300674128430893,0.641172878390984,2.701764604143399,0.5702888579877693
nonexistent_079,mixtral-8x7b,C,nonexistent,1,0,other,0.0695412981066732,0.5883258633053972,2.2984973883232596,0.5391150645460736
nonexistent_080,mixtral-8x7b,C,nonexistent,2,0,fixed_by_ft,0.1647575856936134,0.6086172108257307,2.325544754852394,0.5309988382694201
nonexistent_081,mixtral-8x7b,C,nonexistent,2,0,fixed_by_ft,0.5402558621410412,0.4803523302657599,2.216323900657386,0.6361307556037128
nonexistent_082,mixtral-8x7b,C,nonexistent,0,0,always_correct,-2.220446049250313e-16,0.6041122758221704,2.928205992147156,0.5784413654926699
nonexistent_083,mixtral-8x7b,C,nonexistent,0,0,always_correct,0.3399935084323859,0.6515442723609939,2.6727116824186714,0.5455032882944802
nonexistent_084,mixtral-8x7b,C,nonexistent,2,0,fixed_by_ft,0.3432529058050183,0.605713705943232,2.2796883673382737,0.5461484153440519
nonexistent_085,mixtral-8x7b,C,nonexistent,0,0,always_correct,-2.220446049250313e-16,0.6234135795132865,2.4185594471390033,0.5653271193068776
nonexistent_086,mixtral-8x7b,C,nonexistent,0,0,always_correct,0.3373236572888746,0.6376791636246033,2.582920802243243,0.5474695345285019
nonexistent_087,mixtral-8x7b,C,nonexistent,0,0,always_correct,0.072071517686748,0.5995779974611305,2.393670616918386,0.5524348012279763
nonexistent_088,mixtral-8x7b,C,nonexistent,0,0,always_correct,0.0,0.6205234595978077,3.0869679348366788,0.5367982447538222
nonexistent_089,mixtral-8x7b,C,nonexistent,0,0,always_correct,0.1395088003421881,0.5207093248007593,2.820902937342702,0.5511707745959592
nonexistent_090,mixtral-8x7b,C,nonexistent,0,0,always_correct,0.5480643051511495,0.6504268076696624,3.0780162768152635,0.5792540582679433
nonexistent_091,mixtral-8x7b,C,nonexistent,0,0,always_correct,0.096136677867713,0.5627799652376071,2.868335890448244,0.5568584005800573
nonexistent_092,mixtral-8x7b,C,nonexistent,0,0,always_correct,0.6939108197670597,0.6226384002692066,2.2431595386741683,0.4541492339730445
nonexistent_093,mixtral-8x7b,C,nonexistent,0,0,always_correct,0.6362759088283628,0.5558923838300768,2.968858043568132,0.5523887155050701
nonexistent_094,mixtral-8x7b,C,nonexistent,2,0,fixed_by_ft,0.2518695496639603,0.6247293231190759,2.3017487690902194,0.5394582415033763
nonexistent_095,mixtral-8x7b,C,nonexistent,0,0,always_correct,0.4008674466881649,0.3299242304109904,1.9603373774097683,0.6649974826612096
nonexistent_096,mixtral-8x7b,C,nonexistent,0,0,always_correct,0.5234676781655314,0.6508397288676153,2.602294981836084,0.587041031120872
nonexistent_097,mixtral-8x7b,C,nonexistent,0,0,always_correct,0.3711075163686586,0.5760461246125153,2.7870347057066587,0.5708445804809855
nonexistent_098,mixtral-8x7b,C,nonexistent,2,0,fixed_by_ft,0.178912611126754,0.6355667123228385,2.3146382803413363,0.5865277545158156
nonexistent_099,mixtral-8x7b,C,nonexistent,0,0,always_correct,0.1854838760392066,0.5795020680920449,3.112889698881475,0.5378521739295425
nonexistent_100,mixtral-8x7b,C,nonexistent,0,0,always_correct,0.7525913208992216,0.5066903933105685,1.9217368729401905,0.7123638724106192
nonexistent_101,mixtral-8x7b,C,nonexistent,0,0,always_correct,2.220446049250313e-16,0.2667761672101852,1.847509757916111,0.6948176533209686
nonexistent_102,mixtral-8x7b,C,nonexistent,0,0,always_correct,0.7926552947995014,0.6492961106882392,2.963905267115167,0.5244622228048463
nonexistent_103,mixtral-8x7b,C,nonexistent,0,0,always_correct,0.6067635688417263,0.5471634454558872,2.739255957002563,0.5367570734481245
nonexistent_104,mixtral-8x7b,C,nonexistent,2,0,fixed_by_ft,0.5537208373472977,0.6356118945765119,2.4610975663030747,0.6036368328881188
nonexistent_105,mixtral-8x7b,C,nonexistent,0,0,always_correct,0.8136527272505659,0.591551588600153,2.9172361619930807,0.5707843284727385
nonexistent_106,mixtral-8x7b,C,nonexistent,0,0,always_correct,0.6915652650655213,0.6423838797653962,2.66286098337228,0.6289558585387485
nonexistent_107,mixtral-8x7b,C,nonexistent,0,0,always_correct,0.3327236417343958,0.6202922492609452,2.6355816712518614,0.5790309490595416
nonexistent_108,mixtral-8x7b,C,nonexistent,0,0,always_correct,0.4909737316958376,0.5884316649263088,2.798055427951821,0.5360609973087569
nonexistent_109,mixtral-8x7b,C,nonexistent,0,0,always_correct,0.0,0.2965820716339551,2.045944859654859,0.6780506832350843
nonexistent_110,mixtral-8x7b,C,nonexistent,0,0,always_correct,0.6151208033596185,0.5531194458965867,2.7359563143722103,0.5731910321424595
nonexistent_111,mixtral-8x7b,C,nonexistent,0,0,always_correct,0.2262885865511308,0.2872189093374225,1.9462431359500376,0.6714894753067943
nonexistent_112,mixtral-8x7b,C,nonexistent,0,0,always_correct,0.6122992464658877,0.612375443175623,2.9629448852363716,0.5454855792368384
nonexistent_113,mixtral-8x7b,C,nonexistent,0,0,always_correct,0.0666164324821296,0.5946104138266488,2.8408375605726137,0.560973570185905
nonexistent_114,mixtral-8x7b,C,nonexistent,0,0,always_correct,0.2549799633172553,0.632130970393195,2.8370466407071984,0.5725615434412104
nonexistent_115,mixtral-8x7b,C,nonexistent,2,0,fixed_by_ft,0.2696939198362491,0.5072720373922925,2.3494202548336895,0.5791069434276004
nonexistent_116,mixtral-8x7b,C,nonexistent,2,0,fixed_by_ft,3.3306690738754696e-16,0.6013863472432728,2.3486553708480447,0.5742081417586806
nonexistent_117,mixtral-8x7b,C,nonexistent,0,0,always_correct,0.2452970226484851,0.6302823834772958,2.634555218087028,0.5793048292695969
nonexistent_118,mixtral-8x7b,C,nonexistent,0,0,always_correct,0.1318713298652173,0.3074771756711286,2.075526737420204,0.6792052273173557
nonexistent_119,mixtral-8x7b,C,nonexistent,0,0,always_correct,0.2047963245810397,0.2872522817470626,1.9102355008767475,0.6805384351689523
nonexistent_120,mixtral-8x7b,C,nonexistent,2,0,fixed_by_ft,0.5296678639037156,0.5647976635727956,2.022418711166697,0.6877294412018036
ambiguous_001,llama-4-maverick-17b,A,ambiguous,0,0,always_correct,0.0,0.4156342885356943,1.565089779161521,0.6943067987160128
ambiguous_002,llama-4-maverick-17b,A,ambiguous,0,0,always_correct,0.2431399074998297,0.3914657894178452,1.5494188584948605,0.6474066608678708
ambiguous_003,llama-4-maverick-17b,A,ambiguous,0,0,always_correct,0.3769458489107324,0.5415378481426214,1.7437902048922571,0.6138856797792848
ambiguous_004,llama-4-maverick-17b,A,ambiguous,0,0,always_correct,0.4330116608299781,0.5983200930324122,2.0226340416216866,0.4898837439065977
ambiguous_005,llama-4-maverick-17b,A,ambiguous,0,0,always_correct,0.3310680273997213,0.4151787544611629,1.5339574399186924,0.6081579371302618
ambiguous_006,llama-4-maverick-17b,A,ambiguous,0,0,always_correct,0.1413138809201515,0.5141315589513105,1.7204687480456802,0.6028643784035935
ambiguous_007,llama-4-maverick-17b,A,ambiguous,0,0,always_correct,0.4005484034250958,0.4153020430058195,1.797933871847539,0.510114834897196
ambiguous_008,llama-4-maverick-17b,A,ambiguous,0,0,always_correct,0.0153495985523701,0.5978762087457399,1.673835607493561,0.5807672954556702
ambiguous_009,llama-4-maverick-17b,A,ambiguous,0,0,always_correct,0.810222294169754,0.5410302434355854,2.5114981967544985,0.6306374868991557
ambiguous_010,llama-4-maverick-17b,A,ambiguous,0,0,always_correct,0.1941574077076364,0.5191446546654289,1.494546629275374,0.6113482477448922
ambiguous_011,llama-4-maverick-17b,A,ambiguous,0,0,always_correct,0.5995234990144458,0.4749422283035994,2.122441373264552,0.6553088670603009
ambiguous_012,llama-4-maverick-17b,A,ambiguous,0,0,always_correct,0.1218321477843052,0.5307091580913543,1.8939818832179185,0.6585438843052543
ambiguous_013,llama-4-maverick-17b,A,ambiguous,0,0,always_correct,0.7724038517771424,0.4434851566602525,1.9462265891593495,0.6229171077909272
ambiguous_014,llama-4-maverick-17b,A,ambiguous,0,0,always_correct,0.6877869638338374,0.3406184786625097,1.6801685806586029,0.5598087171451318
ambiguous_015,llama-4-maverick-17b,A,ambiguous,0,0,always_correct,0.074882656183935,0.5403786977350308,2.4801267596860943,0.6049597616493123
ambiguous_016,llama-4-maverick-17b,A,ambiguous,0,0,always_correct,0.3069413007184477,0.505434350708284,1.6664480364598728,0.6475945771235175
ambiguous_017,llama-4-maverick-17b,A,ambiguous,0,0,always_correct,1.1102230246251563e-16,0.6441140285314355,1.7388711806095023,0.5973611560236411
ambiguous_018,llama-4-maverick-17b,A,ambiguous,0,0,always_correct,0.1665066991134516,0.5751745627456685,2.305337895685948,0.5956230372096071
ambiguous_019,llama-4-maverick-17b,A,ambiguous,0,0,always_correct,0.6400820383970782,0.5592930588133187,1.9712885429724083,0.6716728168110198
ambiguous_020,llama-4-maverick-17b,A,ambiguous,0,0,always_correct,0.8702335599916571,0.4757864196380714,1.6218106379540818,0.6132351198139129
ambiguous_021,llama-4-maverick-17b,A,ambiguous,0,0,always_correct,0.5513977297138246,0.5894761743693043,2.249832014101308,0.6138440852372811
ambiguous_022,llama-4-maverick-17b,A,ambiguous,0,0,always_correct,0.4695611249339706,0.557593390406148,1.809240419982593,0.6209669822204826
ambiguous_023,llama-4-maverick-17b,A,ambiguous,0,0,always_correct,0.3953894823803516,0.5691931090140199,1.5974707545419051,0.6390235378932696
ambiguous_024,llama-4-maverick-17b,A,ambiguous,0,0,always_correct,0.5600616541125466,0.5474490621143892,1.9474567275802197,0.6587056818194755
ambiguous_025,llama-4-maverick-17b,A,ambiguous,0,0,always_correct,1.1102230246251563e-16,0.5106095191091136,1.717618831627363,0.6042423054737268
ambiguous_026,llama-4-maverick-17b,A,ambiguous,0,0,always_correct,0.8029824602360072,0.4762927540079238,1.9964146994909064,0.5788244380193986
ambiguous_027,llama-4-maverick-17b,A,ambiguous,0,0,always_correct,0.7462294848301148,0.561990511289969,1.8558160134863284,0.6013932288997351
ambiguous_028,llama-4-maverick-17b,A,ambiguous,0,0,always_correct,0.8284786975331595,0.6069539484982892,2.5252847706619868,0.520238781426611
ambiguous_029,llama-4-maverick-17b,A,ambiguous,0,0,always_correct,0.7931952680808365,0.5211016725058244,1.6836064487505509,0.6382090357137444
ambiguous_030,llama-4-maverick-17b,A,ambiguous,0,0,always_correct,1.1102230246251563e-16,0.3769112341871377,1.6846024223061324,0.6528189816525457
ambiguous_031,llama-4-maverick-17b,A,ambiguous,0,0,always_correct,0.5685058951090427,0.6107826018382412,2.2055847467960965,0.6262884744490513
ambiguous_032,llama-4-maverick-17b,A,ambiguous,0,0,always_correct,0.6829092070440796,0.5170154613674063,1.9308048152207933,0.6754168115601773
ambiguous_033,llama-4-maverick-17b,A,ambiguous,0,0,always_correct,0.6167776008064441,0.4387001687092877,1.518717559541779,0.6928879755034043
ambiguous_034,llama-4-maverick-17b,A,ambiguous,0,0,always_correct,0.3131417448312613,0.2799115946595805,1.6499273580196876,0.6394289681050225
ambiguous_035,llama-4-maverick-17b,A,ambiguous,0,0,always_correct,0.2336387393198997,0.5995409792297617,1.8805644152105416,0.6670465182364049
ambiguous_036,llama-4-maverick-17b,A,ambiguous,0,0,always_correct,0.6276224533827568,0.5623739359238051,1.5892633047376137,0.6412019805384152
ambiguous_037,llama-4-maverick-17b,A,ambiguous,0,0,always_correct,0.4491127308604709,0.5782578488815339,1.6707950743696884,0.699227244385367
ambiguous_038,llama-4-maverick-17b,A,ambiguous,0,0,always_correct,0.8451080973533927,0.5699479455504015,1.833604333660424,0.6326007058657358
ambiguous_039,llama-4-maverick-17b,A,ambiguous,0,0,always_correct,0.8130909935005967,0.4889086036678165,1.7563203109542789,0.6826573138008563
ambiguous_040,llama-4-maverick-17b,A,ambiguous,0,0,always_correct,0.4862582991685373,0.5043973347121689,1.535061761847751,0.6645937380627402
ambiguous_041,llama-4-maverick-17b,A,ambiguous,0,0,always_correct,0.0016078756047434,0.6072897145645578,2.0888225913679226,0.647653958115617
ambiguous_042,llama-4-maverick-17b,A,ambiguous,0,0,always_correct,0.498911501366143,0.6038762545313004,2.103179871899225,0.6457938607053698
ambiguous_043,llama-4-maverick-17b,A,ambiguous,0,0,always_correct,0.798812350776882,0.5456339072752676,1.733411502278331,0.6208376147481497
ambiguous_044,llama-4-maverick-17b,A,ambiguous,0,0,always_correct,0.2546757477802523,0.3773390650507239,1.4950757348698924,0.7616907139889422
ambiguous_045,llama-4-maverick-17b,A,ambiguous,0,0,always_correct,0.2799245064006258,0.5278178880200208,1.888180109976153,0.6943091444305937
ambiguous_046,llama-4-maverick-17b,A,ambiguous,0,0,always_correct,0.6786776640025185,0.5170638626306951,1.7299415745206668,0.6504704154867347
ambiguous_047,llama-4-maverick-17b,A,ambiguous,0,0,always_correct,1.1102230246251563e-16,0.4204184642286358,2.145766562972512,0.6329053904462384
ambiguous_048,llama-4-maverick-17b,A,ambiguous,0,0,always_correct,0.0241882792231076,0.5909074505400813,2.288906955513617,0.6177365398757858
ambiguous_049,llama-4-maverick-17b,A,ambiguous,0,0,always_correct,0.1338319435655816,0.4499089122273427,1.5380400685614082,0.7674039652651337
ambiguous_050,llama-4-maverick-17b,A,ambiguous,0,0,always_correct,0.2035778190913165,0.33892483155524,1.620548187876778,0.5601221853378529
ambiguous_051,llama-4-maverick-17b,A,ambiguous,0,0,always_correct,0.3440331835834282,0.4601494762342334,1.711268110086687,0.6224850162467718
ambiguous_052,llama-4-maverick-17b,A,ambiguous,0,0,always_correct,0.2793925728575633,0.5614773117956802,1.579181005976968,0.691461514624911
ambiguous_053,llama-4-maverick-17b,A,ambiguous,0,0,always_correct,0.0,0.4788564546870152,2.1799795276397185,0.6232148844192703
ambiguous_054,llama-4-maverick-17b,A,ambiguous,0,0,always_correct,0.2933868078492747,0.3934078724938563,1.7759208571980347,0.580785475337196
ambiguous_055,llama-4-maverick-17b,A,ambiguous,0,0,always_correct,0.5199148386004376,0.5199714445316406,2.5969744426951213,0.5732440090446347
ambiguous_056,llama-4-maverick-17b,A,ambiguous,0,0,always_correct,0.7974348630102986,0.5025732015597931,1.6797383665553796,0.6475660263439422
ambiguous_057,llama-4-maverick-17b,A,ambiguous,0,0,always_correct,0.7750758262802089,0.5291665196172007,1.5609615467481657,0.6186876444101215
ambiguous_058,llama-4-maverick-17b,A,ambiguous,0,0,always_correct,0.5271629009504276,0.4719751235579468,1.687188027788292,0.6212577147625102
ambiguous_059,llama-4-maverick-17b,A,ambiguous,0,0,always_correct,0.3167908842042649,0.5387339806884525,1.9835364125025805,0.6201229137476376
ambiguous_060,llama-4-maverick-17b,A,ambiguous,0,0,always_correct,0.4304533495239206,0.5115514971755741,2.095574883989551,0.6359756786337344
ambiguous_061,llama-4-maverick-17b,A,ambiguous,0,0,always_correct,0.3645017188334204,0.5346938989479668,2.097435802227228,0.627067689742765
ambiguous_062,llama-4-maverick-17b,A,ambiguous,0,0,always_correct,0.4774346225375576,0.5618670082345072,1.5369031173892644,0.6945673742435228
ambiguous_063,llama-4-maverick-17b,A,ambiguous,0,0,always_correct,0.5236890527637812,0.6031086831908599,2.54242573743654,0.6111272864587158
ambiguous_064,llama-4-maverick-17b,A,ambiguous,0,0,always_correct,0.2437861099834241,0.4467225523085322,1.5038056247930538,0.6891649601065237
ambiguous_065,llama-4-maverick-17b,A,ambiguous,0,0,always_correct,0.3140082349290382,0.626480452621303,1.916822076496588,0.6265136470154137
ambiguous_066,llama-4-maverick-17b,A,ambiguous,0,0,always_correct,0.4099596126595779,0.6113397377140095,2.2416902797089486,0.6192886555986217
ambiguous_067,llama-4-maverick-17b,A,ambiguous,0,0,always_correct,0.199418697649372,0.2457851440808967,1.841619585198216,0.5975522859163487
ambiguous_068,llama-4-maverick-17b,A,ambiguous,0,0,always_correct,0.1668939694176934,0.3658458087381817,2.1269834249629835,0.6597390044591538
ambiguous_069,llama-4-maverick-17b,A,ambiguous,0,0,always_correct,0.2367445412058197,0.6752106385424412,2.076379767918951,0.6214246083105571
ambiguous_070,llama-4-maverick-17b,A,ambiguous,0,0,always_correct,0.2484371468393675,0.6326944093320128,1.827599292721705,0.693133638063166
ambiguous_071,llama-4-maverick-17b,A,ambiguous,0,0,always_correct,0.8355993143415067,0.5358537830198884,1.7724553117797952,0.6774956802449354
ambiguous_072,llama-4-maverick-17b,A,ambiguous,0,0,always_correct,0.6613819575616868,0.6294798501820718,2.3270287030545904,0.62551858762387
ambiguous_073,llama-4-maverick-17b,A,ambiguous,0,0,always_correct,0.3727254326403075,0.4614158387553149,2.124464557273152,0.6371902122708033
ambiguous_074,llama-4-maverick-17b,A,ambiguous,0,0,always_correct,0.2204365644555276,0.3316985794603881,1.7882724976566111,0.6122691418166685
ambiguous_075,llama-4-maverick-17b,A,ambiguous,0,0,always_correct,0.3764565742451915,0.3692088234799319,1.8245459564509696,0.533601087957776
ambiguous_076,llama-4-maverick-17b,A,ambiguous,0,0,always_correct,0.7757601572917363,0.4147809438612707,2.0328201264473487,0.5959284285356088
ambiguous_077,llama-4-maverick-17b,A,ambiguous,0,0,always_correct,2.220446049250313e-16,0.4957027373344357,1.536470546134045,0.6826399679796632
ambiguous_078,llama-4-maverick-17b,A,ambiguous,0,0,always_correct,0.6324053106315912,0.4937171554256311,1.945330118035083,0.6601097007305795
ambiguous_079,llama-4-maverick-17b,A,ambiguous,0,0,always_correct,0.1656280968122886,0.3921627937825309,1.5563093996623678,0.6946938833658054
ambiguous_080,llama-4-maverick-17b,A,ambiguous,0,0,always_correct,0.5014482077436256,0.5897690834489995,1.7915628552936198,0.6971727755264748
ambiguous_081,llama-4-maverick-17b,A,ambiguous,0,0,always_correct,0.5919329705426948,0.6197380550070453,2.5051009974273666,0.5780753558659365
ambiguous_082,llama-4-maverick-17b,A,ambiguous,0,0,always_correct,0.8385248327459198,0.5904792330604715,2.65760921886142,0.5690543041506173
ambiguous_083,llama-4-maverick-17b,A,ambiguous,0,0,always_correct,0.4325167667885311,0.4463436510743666,1.4865728365025532,0.7123783145066853
ambiguous_084,llama-4-maverick-17b,A,ambiguous,0,0,always_correct,0.8284786975331948,0.6087768463716623,2.622867741240358,0.5325001915300704
ambiguous_085,llama-4-maverick-17b,A,ambiguous,0,0,always_correct,0.206514003957578,0.5337960274780766,1.9417837218464704,0.6249224067218996
ambiguous_086,llama-4-maverick-17b,A,ambiguous,0,0,always_correct,0.8057506655426554,0.4943240269846377,1.9661423227705317,0.6794240410175595
ambiguous_087,llama-4-maverick-17b,A,ambiguous,0,0,always_correct,0.099105606247514,0.5328760227218186,1.8426007232952513,0.6264213770015139
ambiguous_088,llama-4-maverick-17b,A,ambiguous,0,0,always_correct,0.4654518339584766,0.4312446978827075,2.1678118620288385,0.6448998705425286
ambiguous_089,llama-4-maverick-17b,A,ambiguous,0,0,always_correct,0.7046883612191006,0.4629779506579521,2.191864076295737,0.6468225783718489
ambiguous_090,llama-4-maverick-17b,A,ambiguous,0,0,always_correct,0.8363136232705926,0.4480531177202663,1.793278527960937,0.6948042742213243
ambiguous_091,llama-4-maverick-17b,A,ambiguous,0,0,always_correct,0.3334297311894373,0.3942755903339494,2.1397354931528136,0.650830809332922
ambiguous_092,llama-4-maverick-17b,A,ambiguous,0,0,always_correct,0.2284816643138665,0.6382502326526379,2.187057799879369,0.6249721499645494
ambiguous_093,llama-4-maverick-17b,A,ambiguous,0,0,always_correct,0.4021290749315978,0.58668159852998,2.3650449117024346,0.5943064950666556
ambiguous_094,llama-4-maverick-17b,A,ambiguous,0,0,always_correct,0.3279796131790226,0.5724356084168138,2.851106114041366,0.5953976604834686
ambiguous_095,llama-4-maverick-17b,A,ambiguous,0,0,always_correct,0.4795763499393276,0.5434711897506694,2.034755822080238,0.6417077474978086
ambiguous_096,llama-4-maverick-17b,A,ambiguous,0,0,always_correct,0.5430313047452981,0.5797724320578757,2.185960790592877,0.6192051243108224
ambiguous_097,llama-4-maverick-17b,A,ambiguous,0,0,always_correct,0.6964526960488967,0.5928584329964226,2.255633246100926,0.6236666912794225
ambiguous_098,llama-4-maverick-17b,A,ambiguous,0,0,always_correct,0.35363371931112,0.5022334304489751,1.8542086674089304,0.6542844226082913
ambiguous_099,llama-4-maverick-17b,A,ambiguous,0,0,always_correct,0.4998512698219931,0.4499051856904774,2.056481748874773,0.6457024585796355
ambiguous_100,llama-4-maverick-17b,A,ambiguous,0,0,always_correct,0.7977536569210807,0.5123482929441899,1.9015577280170008,0.694851541068151
ambiguous_101,llama-4-maverick-17b,A,ambiguous,0,0,always_correct,0.5392439077462108,0.527460196201524,1.555374505278704,0.6641437930886995
ambiguous_102,llama-4-maverick-17b,A,ambiguous,0,0,always_correct,0.5418238408974414,0.4258149605176564,1.439616707401024,0.711303709087336
ambiguous_103,llama-4-maverick-17b,A,ambiguous,0,0,always_correct,0.6172307369313189,0.6351043841873577,1.899624136788375,0.6451480733847248
ambiguous_104,llama-4-maverick-17b,A,ambiguous,0,0,always_correct,0.8201107298443897,0.4644913744799285,1.8693245179821616,0.6048950076416602
ambiguous_105,llama-4-maverick-17b,A,ambiguous,0,0,always_correct,1.1102230246251563e-16,0.5547570229630654,2.8198997111218813,0.5512534528830704
ambiguous_106,llama-4-maverick-17b,A,ambiguous,0,0,always_correct,0.3491877039692359,0.6174932479979987,2.045012831727439,0.6083841731802143
ambiguous_107,llama-4-maverick-17b,A,ambiguous,0,0,always_correct,0.8078849027409125,0.5389714758319625,3.0770754665882656,0.5966909679386163
ambiguous_108,llama-4-maverick-17b,A,ambiguous,0,0,always_correct,0.8569098548397956,0.5316620966574492,2.569801178183838,0.562659953248897
ambiguous_109,llama-4-maverick-17b,A,ambiguous,0,0,always_correct,0.0,0.5843194785031849,2.845605176095007,0.565701177451891
ambiguous_110,llama-4-maverick-17b,A,ambiguous,0,0,always_correct,0.8530639224351576,0.5416178482745975,2.698030366066001,0.5802588140291489
ambiguous_111,llama-4-maverick-17b,A,ambiguous,0,0,always_correct,0.8078849027409138,0.5333449280490556,2.8931615060598137,0.5894810495184984
ambiguous_112,llama-4-maverick-17b,A,ambiguous,0,0,always_correct,0.7018649923568405,0.5875251954138911,2.2980884120694447,0.6205450114939011
ambiguous_113,llama-4-maverick-17b,A,ambiguous,0,0,always_correct,0.8180648068003227,0.594034277161962,2.1270934283516127,0.6275907808506483
ambiguous_114,llama-4-maverick-17b,A,ambiguous,0,0,always_correct,0.7889355543765297,0.5512997328912539,2.690208912272164,0.6059736464486075
ambiguous_115,llama-4-maverick-17b,A,ambiguous,0,0,always_correct,0.6958233929324704,0.5624923221218352,3.13961757411253,0.5133609501704623
ambiguous_116,llama-4-maverick-17b,A,ambiguous,0,0,always_correct,0.5680273346077176,0.5485724187748795,2.3453160324296687,0.595014156441557
ambiguous_117,llama-4-maverick-17b,A,ambiguous,0,0,always_correct,0.806535215060823,0.4765461231082748,1.9970978334104923,0.6784686049485954
ambiguous_118,llama-4-maverick-17b,A,ambiguous,0,0,always_correct,0.4997434266809579,0.3901380387433506,2.063673980157022,0.6527196073665225
ambiguous_119,llama-4-maverick-17b,A,ambiguous,0,0,always_correct,0.7271911821844753,0.5711889826818153,2.5440885401678313,0.6369797894144595
ambiguous_120,llama-4-maverick-17b,A,ambiguous,0,0,always_correct,-2.220446049250313e-16,0.4763949756654942,1.911638704156413,0.5928224877740642
borderline_obscure_0,llama-4-maverick-17b,A,borderline_obscure_real,0,0,always_correct,0.8601703548357273,0.380426516108904,1.4426440789050854,0.759539266279209
borderline_obscure_2,llama-4-maverick-17b,A,borderline_obscure_real,0,0,always_correct,0.0,0.4767362784179192,1.5394294030813749,0.6905982631245545
borderline_obscure_3,llama-4-maverick-17b,A,borderline_obscure_real,0,0,always_correct,0.8151053230090568,0.5135885845075926,1.4324117292325262,0.7160167570578825
borderline_obscure_4,llama-4-maverick-17b,A,borderline_obscure_real,0,0,always_correct,0.8904528391448923,0.3851635310241831,1.3914898870674333,0.8028398416541203
borderline_obscure_5,llama-4-maverick-17b,A,borderline_obscure_real,0,0,always_correct,1.1102230246251563e-16,0.5480057125937774,1.456169084992063,0.7302105934540191
borderline_obscure_6,llama-4-maverick-17b,A,borderline_obscure_real,0,0,always_correct,0.0022202110320599,0.4985705893519589,1.3965922442654586,0.7080744412649503
borderline_obscure_8,llama-4-maverick-17b,A,borderline_obscure_real,0,0,always_correct,0.0,0.5848932153846833,1.3904485473228811,0.7600686348185066
borderline_obscure_9,llama-4-maverick-17b,A,borderline_obscure_real,0,0,always_correct,0.8972608953699348,0.5332707226595235,1.4653330209908892,0.7947901718618735
borderline_obscure_10,llama-4-maverick-17b,A,borderline_obscure_real,0,0,always_correct,0.1110240372688076,0.5064141736740347,1.5439617684901843,0.734857677462742
borderline_obscure_12,llama-4-maverick-17b,A,borderline_obscure_real,0,0,always_correct,0.8705791190492252,0.5072987362870598,1.449243744427544,0.7199929697400049
borderline_obscure_14,llama-4-maverick-17b,A,borderline_obscure_real,0,0,always_correct,0.9037653838093688,0.3765750230077128,1.3898284651286852,0.797694264334118
borderline_obscure_15,llama-4-maverick-17b,A,borderline_obscure_real,0,0,always_correct,0.8641478938835174,0.4972310700978178,1.3636753138338111,0.7914715120183584
borderline_obscure_16,llama-4-maverick-17b,A,borderline_obscure_real,0,0,always_correct,0.821770877974048,0.4530592478934239,1.3168587070838558,0.7959865441870682
borderline_obscure_17,llama-4-maverick-17b,A,borderline_obscure_real,0,0,always_correct,0.7282262853221942,0.5483487716258646,1.4752647477684608,0.6894746661132107
borderline_obscure_18,llama-4-maverick-17b,A,borderline_obscure_real,0,0,always_correct,0.885039667531379,0.3206627842687223,1.4345513256550722,0.767553438684401
borderline_obscure_19,llama-4-maverick-17b,A,borderline_obscure_real,0,0,always_correct,0.8795983184689004,0.4045362110921946,1.4757917229043602,0.6814774467570698
borderline_obscure_20,llama-4-maverick-17b,A,borderline_obscure_real,0,0,always_correct,2.220446049250313e-16,0.6247808245821029,1.36383805134471,0.7852549772952226
borderline_obscure_21,llama-4-maverick-17b,A,borderline_obscure_real,0,0,always_correct,0.1183914670006781,0.5636840975673094,1.4825358502744503,0.6758242794032906
borderline_obscure_22,llama-4-maverick-17b,A,borderline_obscure_real,0,0,always_correct,0.21189705794996,0.5175769642193446,1.530834555801445,0.7400244419119691
borderline_obscure_23,llama-4-maverick-17b,A,borderline_obscure_real,2,0,fixed_by_ft,0.5358001745491472,0.4564859888242796,1.4976166733283751,0.6865347812076548
borderline_obscure_24,llama-4-maverick-17b,A,borderline_obscure_real,0,0,always_correct,0.6532912547494265,0.5318094579212743,1.393013870278505,0.8119967722692096
borderline_obscure_25,llama-4-maverick-17b,A,borderline_obscure_real,0,0,always_correct,0.0,0.6031043870974065,1.404944935584291,0.7813269015379588
borderline_obscure_26,llama-4-maverick-17b,A,borderline_obscure_real,0,0,always_correct,0.1867253070575248,0.5385020833688743,1.435797350062664,0.7231823997726301
borderline_obscure_27,llama-4-maverick-17b,A,borderline_obscure_real,0,0,always_correct,0.0470420252332436,0.4935073869563857,1.499840404969015,0.7185313665385669
borderline_obscure_28,llama-4-maverick-17b,A,borderline_obscure_real,0,0,always_correct,0.8850396674860556,0.3206537677514006,1.4345778058340082,0.7675464651672375
borderline_obscure_29,llama-4-maverick-17b,A,borderline_obscure_real,0,0,always_correct,0.8381867515861032,0.298039103971741,1.3807041318616375,0.7680804721967379
borderline_obscure_30,llama-4-maverick-17b,A,borderline_obscure_real,0,0,always_correct,0.9053580861264052,0.5729204152569882,1.383783859973781,0.7877206209530659
borderline_obscure_31,llama-4-maverick-17b,A,borderline_obscure_real,0,0,always_correct,2.220446049250313e-16,0.4625263240866923,1.4045779231106184,0.6789699389283437
borderline_obscure_32,llama-4-maverick-17b,A,borderline_obscure_real,0,0,always_correct,0.350808183225447,0.4416230525454327,1.4287309759139497,0.7183022353319346
borderline_obscure_34,llama-4-maverick-17b,A,borderline_obscure_real,0,0,always_correct,0.594787148753237,0.4841195266985257,1.404463956558598,0.7815424692372994
borderline_fake_0,llama-4-maverick-17b,A,borderline_plausible_fake,2,2,still_broken,0.154314134313639,0.5221977159809128,1.3396716508135893,0.7789532824397316
borderline_fake_2,llama-4-maverick-17b,A,borderline_plausible_fake,0,0,always_correct,-2.220446049250313e-16,0.5630112783039618,1.4917145750909566,0.6495646978213163
borderline_fake_3,llama-4-maverick-17b,A,borderline_plausible_fake,2,0,fixed_by_ft,0.8930197863292813,0.5946655606836748,1.714803158252412,0.7078768147097213
borderline_fake_4,llama-4-maverick-17b,A,borderline_plausible_fake,2,0,fixed_by_ft,0.8487219438480016,0.4412032267591815,1.403304233062113,0.7680671862928239
borderline_fake_5,llama-4-maverick-17b,A,borderline_plausible_fake,0,0,always_correct,0.0,0.5216302636495369,1.5842333469823082,0.7073924264272523
borderline_fake_6,llama-4-maverick-17b,A,borderline_plausible_fake,2,0,fixed_by_ft,0.2065856814350298,0.5793470729952312,1.7442046606533752,0.7006257998094995
borderline_fake_7,llama-4-maverick-17b,A,borderline_plausible_fake,1,0,other,0.8930197830651714,0.5946655606836748,1.714803158252412,0.7078768147097213
borderline_fake_8,llama-4-maverick-17b,A,borderline_plausible_fake,0,3,broken_by_ft,0.1598823400487173,0.5747132967480475,1.4039613939405602,0.7529082510335643
borderline_fake_9,llama-4-maverick-17b,A,borderline_plausible_fake,0,0,always_correct,0.8815393094449119,0.6089304574475284,1.672185823050997,0.7010155598930864
borderline_fake_10,llama-4-maverick-17b,A,borderline_plausible_fake,2,2,still_broken,-2.220446049250313e-16,0.5477022629686038,1.5619495298973567,0.6595095057028042
borderline_fake_11,llama-4-maverick-17b,A,borderline_plausible_fake,2,0,fixed_by_ft,0.8027263178343752,0.3971681297206069,1.4746178069481553,0.7206470907854094
borderline_fake_12,llama-4-maverick-17b,A,borderline_plausible_fake,0,0,always_correct,0.1829410931961993,0.5502772179016233,1.7945921844027295,0.5934402585539731
borderline_fake_13,llama-4-maverick-17b,A,borderline_plausible_fake,0,0,always_correct,0.7683561140565991,0.6036819845675134,1.9328797836657112,0.6766605611376519
borderline_fake_14,llama-4-maverick-17b,A,borderline_plausible_fake,2,0,fixed_by_ft,0.730000118140881,0.6232228087200475,2.1573230569791986,0.6509735222404089
borderline_fake_15,llama-4-maverick-17b,A,borderline_plausible_fake,2,0,fixed_by_ft,0.0,0.5743052135528366,1.6943456327408868,0.7290265893741614
borderline_fake_16,llama-4-maverick-17b,A,borderline_plausible_fake,0,0,always_correct,0.8815393083804391,0.6089304574475284,1.672185823050997,0.7010155598930864
borderline_fake_17,llama-4-maverick-17b,A,borderline_plausible_fake,0,0,always_correct,0.3856457716450652,0.5744485494467595,1.5288213207393966,0.7682496237998078
borderline_fake_19,llama-4-maverick-17b,A,borderline_plausible_fake,2,3,still_broken,-2.220446049250313e-16,0.5625792140599606,1.379829009045727,0.7826510402931802
borderline_fake_20,llama-4-maverick-17b,A,borderline_plausible_fake,0,0,always_correct,0.8942510707676589,0.5386456386221323,1.5803798854694475,0.7332865765926542
borderline_fake_21,llama-4-maverick-17b,A,borderline_plausible_fake,0,0,always_correct,0.9088904486786642,0.469889334941158,1.6311372469864178,0.7262262701431311
borderline_fake_22,llama-4-maverick-17b,A,borderline_plausible_fake,2,3,still_broken,0.7152844321166916,0.6246401144224312,2.4409223788556083,0.6234966330726073
borderline_fake_23,llama-4-maverick-17b,A,borderline_plausible_fake,2,3,still_broken,0.8930991309953912,0.4957557000261346,1.4343190026430404,0.7563999540464224
borderline_fake_24,llama-4-maverick-17b,A,borderline_plausible_fake,2,3,still_broken,0.2191980232013123,0.6015843631367669,1.6737273195822049,0.6745865694352036
borderline_fake_27,llama-4-maverick-17b,A,borderline_plausible_fake,0,0,always_correct,0.2239796763647654,0.5982720563557647,1.5558680810068288,0.7433982701055554
borderline_fake_28,llama-4-maverick-17b,A,borderline_plausible_fake,2,0,fixed_by_ft,1.1102230246251563e-16,0.5787135823224225,1.7483603261692056,0.6594630742326253
borderline_fake_29,llama-4-maverick-17b,A,borderline_plausible_fake,2,0,fixed_by_ft,0.8654516362795351,0.4585326750487338,1.4078083957168437,0.8073410536365244
borderline_fake_30,llama-4-maverick-17b,A,borderline_plausible_fake,0,0,always_correct,0.4795001165860052,0.5888596532474513,1.531276323583299,0.7341735977639758
borderline_fake_31,llama-4-maverick-17b,A,borderline_plausible_fake,2,0,fixed_by_ft,0.7756642281778924,0.5750445593915643,1.739383114032247,0.6757577590323809
borderline_fake_32,llama-4-maverick-17b,A,borderline_plausible_fake,0,0,always_correct,0.3221042806525143,0.5410218551508887,1.5579299892278815,0.7307119670870376
borderline_fake_33,llama-4-maverick-17b,A,borderline_plausible_fake,0,0,always_correct,0.4568144696588989,0.5970661342381709,1.5558905801316336,0.7152785549491036
borderline_fake_34,llama-4-maverick-17b,A,borderline_plausible_fake,0,0,always_correct,0.5541762843539877,0.5884182301340796,1.62340660321798,0.6295678767607551
borderline_edge_0,llama-4-maverick-17b,A,borderline_edge_factual,0,0,always_correct,0.0884406249946579,0.0955605163611583,1.6656685532873423,0.6398867282223847
borderline_edge_1,llama-4-maverick-17b,A,borderline_edge_factual,0,0,always_correct,0.0562049687568376,0.2457825881064114,1.653108733101516,0.8019663183699226
borderline_edge_2,llama-4-maverick-17b,A,borderline_edge_factual,0,0,always_correct,0.1628117778931679,0.1791302375751372,1.6264341278383103,0.8041503769451149
borderline_edge_3,llama-4-maverick-17b,A,borderline_edge_factual,0,0,always_correct,0.1437747564434424,0.074847005465799,1.553899464985886,0.8042386337572582
borderline_edge_4,llama-4-maverick-17b,A,borderline_edge_factual,0,0,always_correct,0.130899740915608,0.3450213253906125,1.7122688669342558,0.7140104411029206
borderline_edge_5,llama-4-maverick-17b,A,borderline_edge_factual,0,0,always_correct,0.0884406249946579,0.0955605163611583,1.6656685532873423,0.6398867282223847
borderline_edge_6,llama-4-maverick-17b,A,borderline_edge_factual,0,0,always_correct,0.05620496875684,0.2457825881064114,1.653108733101516,0.8019663183699226
borderline_edge_7,llama-4-maverick-17b,A,borderline_edge_factual,0,0,always_correct,0.1628381320353394,0.1791302375751372,1.6264341278383103,0.8041503769451149
borderline_edge_8,llama-4-maverick-17b,A,borderline_edge_factual,0,0,always_correct,0.1437748941865111,0.0748243157405151,1.5540955067861717,0.8041312536226545
borderline_edge_9,llama-4-maverick-17b,A,borderline_edge_factual,0,0,always_correct,0.1308997409156076,0.3450548842346111,1.7122561432192438,0.7140213285537027
borderline_edge_10,llama-4-maverick-17b,A,borderline_edge_factual,0,0,always_correct,0.0884406249946585,0.0955605163611583,1.6656685532873423,0.6398867282223847
borderline_edge_11,llama-4-maverick-17b,A,borderline_edge_factual,0,0,always_correct,0.0562049687568403,0.2457825881064114,1.653108733101516,0.8019663183699226
borderline_edge_12,llama-4-maverick-17b,A,borderline_edge_factual,0,0,always_correct,0.1628607718304419,0.1791302375751372,1.6264341278383103,0.8041503769451149
borderline_edge_13,llama-4-maverick-17b,A,borderline_edge_factual,0,0,always_correct,0.1437747496539057,0.0748243157405151,1.5540955067861717,0.8041312536226545
borderline_edge_14,llama-4-maverick-17b,A,borderline_edge_factual,0,0,always_correct,0.1308997409156092,0.3450213253906125,1.7122688669342558,0.7140104411029206
borderline_edge_15,llama-4-maverick-17b,A,borderline_edge_factual,0,0,always_correct,0.0884406249946588,0.0955605163611583,1.6656685532873423,0.6398867282223847
borderline_edge_16,llama-4-maverick-17b,A,borderline_edge_factual,0,0,always_correct,0.0562049687568397,0.2457761505148467,1.6530648637972487,0.8019608886964135
borderline_edge_17,llama-4-maverick-17b,A,borderline_edge_factual,0,0,always_correct,0.1628790622186522,0.1791273016272425,1.6263673841430328,0.8041708552938566
borderline_edge_18,llama-4-maverick-17b,A,borderline_edge_factual,0,0,always_correct,0.1437747593509529,0.0748243157405151,1.5540955067861717,0.8041312536226545
borderline_edge_19,llama-4-maverick-17b,A,borderline_edge_factual,0,0,always_correct,0.1308997409156076,0.3450213253906125,1.7122688669342558,0.7140104411029206
factual_001,llama-4-maverick-17b,A,factual,0,0,always_correct,0.4474213626661821,0.2869015844414185,1.427285810374314,0.8166068796113669
factual_002,llama-4-maverick-17b,A,factual,0,0,always_correct,0.0,0.5214923696674227,1.5428428058509762,0.7250637413723073
factual_003,llama-4-maverick-17b,A,factual,0,0,always_correct,0.1564356362085136,0.4954661825149093,1.636075217619012,0.7602978286276143
factual_004,llama-4-maverick-17b,A,factual,2,3,still_broken,-2.220446049250313e-16,0.3869716938971713,1.4568555105030592,0.6992852443950706
factual_005,llama-4-maverick-17b,A,factual,0,3,broken_by_ft,0.7959816819341655,0.5950361547267715,1.8127101960982757,0.604222800511543
factual_006,llama-4-maverick-17b,A,factual,0,0,always_correct,0.3556314066049386,0.5489555389649705,1.6601933545851342,0.78689914877628
factual_007,llama-4-maverick-17b,A,factual,3,3,other,0.312796696168908,0.4919472577196458,1.5903804756675308,0.7393158827220448
factual_008,llama-4-maverick-17b,A,factual,0,0,always_correct,0.2670585343164201,0.5537412854575314,1.644334043574361,0.7740358148860351
factual_009,llama-4-maverick-17b,A,factual,1,3,other,0.8481900827532411,0.5083676243567845,1.6688204418684618,0.6337254911374172
factual_010,llama-4-maverick-17b,A,factual,0,0,always_correct,0.3184803504519627,0.4704854957076528,1.56773624312409,0.7543431181432056
factual_011,llama-4-maverick-17b,A,factual,1,3,other,0.6832832190272993,0.533809886572902,1.7430704196161773,0.6763440459920045
factual_012,llama-4-maverick-17b,A,factual,0,0,always_correct,0.2840671293809321,0.4724434113986769,2.173097746982227,0.7860974353127362
factual_013,llama-4-maverick-17b,A,factual,1,3,other,0.6153152402075883,0.455194014821156,1.5300434663668918,0.7080230631300728
factual_014,llama-4-maverick-17b,A,factual,0,0,always_correct,0.7330674130526451,0.5196026288806116,2.199583681199253,0.7782048166966801
factual_015,llama-4-maverick-17b,A,factual,1,1,other,0.2376871837966113,0.4958379670097737,1.4585589328878723,0.763588514149049
factual_016,llama-4-maverick-17b,A,factual,0,0,always_correct,0.1982968099681393,0.4964189632018502,1.6035739319060058,0.7305653706634347
factual_017,llama-4-maverick-17b,A,factual,0,0,always_correct,0.2926382388086429,0.5537432236850965,1.3893335987920303,0.7681340728375617
factual_018,llama-4-maverick-17b,A,factual,0,0,always_correct,0.5396352414141532,0.3227364419959592,1.488573548463778,0.7490736330601716
factual_019,llama-4-maverick-17b,A,factual,0,0,always_correct,0.6730960397027268,0.4708446767052624,1.4697912780557238,0.7927693141065637
factual_020,llama-4-maverick-17b,A,factual,1,1,other,0.4468809245287481,0.4914824202789162,1.6355644798953604,0.7141426042829769
factual_021,llama-4-maverick-17b,A,factual,1,3,other,0.7509487180048353,0.4242342711170749,1.437338333539816,0.7057974756824725
factual_022,llama-4-maverick-17b,A,factual,0,0,always_correct,0.3801181065227554,0.5194002370825246,2.11813285972269,0.7888343474015884
factual_023,llama-4-maverick-17b,A,factual,1,3,other,0.2452910406227562,0.5348822932022061,1.6490830969475492,0.7044984150292017
factual_024,llama-4-maverick-17b,A,factual,1,3,other,0.2805817934195017,0.4484573939404104,1.6706121005395924,0.7033958796122887
factual_025,llama-4-maverick-17b,A,factual,1,3,other,3.3306690738754696e-16,0.5117298888667272,1.6429126789086972,0.7204560191668745
factual_026,llama-4-maverick-17b,A,factual,0,0,always_correct,1.1102230246251563e-16,0.3443998573079658,1.591209790699729,0.8206354683180099
factual_027,llama-4-maverick-17b,A,factual,0,0,always_correct,1.1102230246251563e-16,0.3642274518497082,1.5270706996297605,0.7633699371421421
factual_028,llama-4-maverick-17b,A,factual,0,0,always_correct,0.1929791143245144,0.5368214525725794,1.6808798812307817,0.7464809316145942
factual_029,llama-4-maverick-17b,A,factual,0,0,always_correct,0.0,0.5704432634955076,1.517434539091369,0.8084093392055437
factual_030,llama-4-maverick-17b,A,factual,1,3,other,0.7668813329400868,0.4721924702419647,1.5989717679456927,0.6532845700035373
factual_031,llama-4-maverick-17b,A,factual,0,0,always_correct,0.4572321689239609,0.3462148777121836,1.4704227408897466,0.7794445790180302
factual_032,llama-4-maverick-17b,A,factual,0,0,always_correct,0.0,0.4769979030720027,1.5145786126070766,0.7119126764159768
factual_033,llama-4-maverick-17b,A,factual,0,0,always_correct,2.220446049250313e-16,0.5577915745729615,1.600985589324872,0.7746265286605831
factual_034,llama-4-maverick-17b,A,factual,0,0,always_correct,0.6952801870429137,0.497085648962429,1.4693644117237807,0.7782214859222703
factual_035,llama-4-maverick-17b,A,factual,0,0,always_correct,0.5393551581036777,0.3505611952848855,1.5380572164727986,0.7813647980744627
factual_036,llama-4-maverick-17b,A,factual,0,0,always_correct,0.1454804201304627,0.4021450253300156,1.7131054498474376,0.8045040065828291
factual_037,llama-4-maverick-17b,A,factual,0,0,always_correct,1.1102230246251563e-16,0.3735045306220373,1.6406575055622534,0.7121194102499737
factual_038,llama-4-maverick-17b,A,factual,0,0,always_correct,-2.220446049250313e-16,0.2926467250686141,1.4320322619846344,0.8492955255080701
factual_039,llama-4-maverick-17b,A,factual,1,3,other,0.2977052916255188,0.5337839000600075,1.4968432568351246,0.6578207026078017
factual_040,llama-4-maverick-17b,A,factual,0,0,always_correct,0.0,0.4955555663289558,2.4907916965422943,0.7438758769124163
factual_041,llama-4-maverick-17b,A,factual,0,0,always_correct,0.6056858182588869,0.3677107174306969,1.4755623568961818,0.7740296550999092
factual_042,llama-4-maverick-17b,A,factual,0,0,always_correct,0.8318725783280523,0.5395901682319295,1.6551275699170216,0.7985738797667481
factual_043,llama-4-maverick-17b,A,factual,0,0,always_correct,0.2623666722788942,0.5777548617653043,1.5606131858333216,0.7747859864750749
factual_044,llama-4-maverick-17b,A,factual,0,0,always_correct,0.4051631302734781,0.3681917696874052,1.4455486580276196,0.7853141309744663
factual_045,llama-4-maverick-17b,A,factual,0,0,always_correct,0.450439749115744,0.2884051229297785,1.453689212791892,0.7892814276339735
factual_046,llama-4-maverick-17b,A,factual,0,0,always_correct,0.4660423327436203,0.514151637376933,1.3850454305890605,0.7679784747187712
factual_047,llama-4-maverick-17b,A,factual,0,0,always_correct,0.5598746093928245,0.4857488811952748,2.4956542498295153,0.7651505581880438
factual_048,llama-4-maverick-17b,A,factual,0,0,always_correct,0.6068092023827316,0.5320171246589672,1.669465354924677,0.7908778910919066
factual_049,llama-4-maverick-17b,A,factual,1,3,other,0.8051334766150875,0.579269345225372,1.7773488803942223,0.6087556385035638
factual_050,llama-4-maverick-17b,A,factual,1,3,other,0.8385872110634407,0.529476712971758,1.6202171498905402,0.6676167559736326
factual_051,llama-4-maverick-17b,A,factual,0,3,broken_by_ft,0.4828815127684033,0.4817205955632726,1.6075469356123249,0.6575131316270182
factual_052,llama-4-maverick-17b,A,factual,0,0,always_correct,0.3487661001492588,0.3074633120631805,1.5675402123828928,0.7536312131339302
factual_053,llama-4-maverick-17b,A,factual,0,2,broken_by_ft,0.4359761888516478,0.2620127618998092,1.445163814679944,0.8048033221114583
factual_054,llama-4-maverick-17b,A,factual,0,0,always_correct,0.1556253954430617,0.4847215191663619,1.383711336911372,0.7645934326710406
factual_055,llama-4-maverick-17b,A,factual,0,0,always_correct,0.5841313739140175,0.3745738855463266,1.5077213820686648,0.7849008747510435
factual_056,llama-4-maverick-17b,A,factual,0,0,always_correct,0.2786528716749776,0.3758226190451623,1.5049147495204112,0.7742059865635571
factual_057,llama-4-maverick-17b,A,factual,0,0,always_correct,0.0112872337979896,0.4214372380597516,1.4648258882038403,0.7694453172394339
factual_058,llama-4-maverick-17b,A,factual,0,0,always_correct,0.3390824461694907,0.5111469041204717,1.5545940409574548,0.8140485421238759
factual_059,llama-4-maverick-17b,A,factual,0,0,always_correct,0.357348894131446,0.3940866374503651,1.5511252045053732,0.7838069112840811
factual_060,llama-4-maverick-17b,A,factual,0,0,always_correct,0.743211048249168,0.3671479319259164,1.425059880535836,0.8520090209987095
factual_061,llama-4-maverick-17b,A,factual,0,0,always_correct,0.1104086412246645,0.530961196704224,1.511143753659508,0.7806205114743071
factual_062,llama-4-maverick-17b,A,factual,0,0,always_correct,0.3587941822449432,0.2807707917106444,1.4230038222906043,0.8144083208268791
factual_063,llama-4-maverick-17b,A,factual,0,0,always_correct,0.7098511176138034,0.5277960852448533,1.54508021969518,0.6906612743816015
factual_064,llama-4-maverick-17b,A,factual,0,0,always_correct,0.6094687471332425,0.3698050651022028,1.5924750584801155,0.8068829925128963
factual_065,llama-4-maverick-17b,A,factual,0,0,always_correct,0.2245941752577982,0.4849242325151529,2.070155573285705,0.7389572015367624
factual_066,llama-4-maverick-17b,A,factual,0,0,always_correct,0.3360545871669906,0.4432598614804671,1.437838911493825,0.7965714069335859
factual_067,llama-4-maverick-17b,A,factual,0,0,always_correct,0.5798424716069741,0.5071865576375351,1.570946092272075,0.7582373529377417
factual_068,llama-4-maverick-17b,A,factual,0,0,always_correct,0.238441992313811,0.511323132435285,2.3556216928113503,0.7724926424265565
factual_069,llama-4-maverick-17b,A,factual,0,0,always_correct,0.5115933251339644,0.5369340943521124,1.631045379294353,0.786516724035984
factual_070,llama-4-maverick-17b,A,factual,0,0,always_correct,0.1984207921486623,0.5628367211223799,1.838338226233365,0.7907702208781195
factual_071,llama-4-maverick-17b,A,factual,0,0,always_correct,0.461534458324117,0.5023408825289193,1.5303797226607514,0.7976021253211883
factual_072,llama-4-maverick-17b,A,factual,0,0,always_correct,0.4217231241732762,0.5293112383235585,2.052913815779441,0.7936154663048665
factual_073,llama-4-maverick-17b,A,factual,0,0,always_correct,0.4685473178708678,0.4971347459068951,1.8813149697779945,0.8060820205907173
factual_074,llama-4-maverick-17b,A,factual,0,0,always_correct,0.7184528692678035,0.5340626408896963,1.5822706579581662,0.7457243605495685
factual_075,llama-4-maverick-17b,A,factual,0,0,always_correct,0.0,0.5526658730319928,1.5299397541177395,0.7807696613698134
factual_076,llama-4-maverick-17b,A,factual,0,0,always_correct,0.5658991755708114,0.3758922514649365,1.4660703538082065,0.7629524834612326
factual_077,llama-4-maverick-17b,A,factual,0,0,always_correct,1.1102230246251563e-16,0.2872070217824768,1.4483453849882282,0.7973612276794142
factual_078,llama-4-maverick-17b,A,factual,0,0,always_correct,0.0,0.4410828679271515,1.458481285624343,0.7946352676800279
factual_079,llama-4-maverick-17b,A,factual,0,0,always_correct,0.0258177208143913,0.4554676890827559,2.276428274066912,0.7785665353096611
factual_080,llama-4-maverick-17b,A,factual,0,0,always_correct,0.5055580278519176,0.3731267833548741,1.5829375437584468,0.7981197224733367
factual_081,llama-4-maverick-17b,A,factual,0,0,always_correct,0.220573990555787,0.4918213743329231,1.3558153290652777,0.8192204389974898
factual_082,llama-4-maverick-17b,A,factual,0,0,always_correct,2.220446049250313e-16,0.5084261618466914,2.035393199162872,0.7615156538606355
factual_083,llama-4-maverick-17b,A,factual,0,0,always_correct,0.057668351977014,0.3271119500566003,1.451152926094506,0.7950385259633002
factual_084,llama-4-maverick-17b,A,factual,0,0,always_correct,0.2289328256363831,0.5497967403683747,1.884496177179236,0.8233917817187093
factual_085,llama-4-maverick-17b,A,factual,0,0,always_correct,0.0372428410057189,0.5051687256244658,1.6102037851392017,0.7613331582727212
factual_086,llama-4-maverick-17b,A,factual,0,0,always_correct,0.8033095604077409,0.5490075373322965,2.015452604210398,0.8063632608797181
factual_087,llama-4-maverick-17b,A,factual,0,0,always_correct,0.6479279028923509,0.3613206321822504,1.436029069276888,0.8372493425625792
factual_088,llama-4-maverick-17b,A,factual,0,0,always_correct,0.3396011947066253,0.4080418156001197,1.465300663592862,0.7910473151233647
factual_089,llama-4-maverick-17b,A,factual,0,0,always_correct,0.6666581000882923,0.3188786910577298,1.5131182125148306,0.799091528923978
factual_090,llama-4-maverick-17b,A,factual,0,0,always_correct,-2.220446049250313e-16,0.3964080482015173,1.4187546985405888,0.8131726537987362
factual_091,llama-4-maverick-17b,A,factual,0,0,always_correct,0.4261113397626155,0.4558950745029509,1.400802104480607,0.8456889289914585
factual_092,llama-4-maverick-17b,A,factual,0,0,always_correct,0.0315956960434949,0.3623843687195451,1.4168148186832066,0.751873626663548
factual_093,llama-4-maverick-17b,A,factual,0,0,always_correct,0.0671185519692219,0.4713046344375188,2.3499719020727152,0.7683241939037692
factual_094,llama-4-maverick-17b,A,factual,0,0,always_correct,0.0261170901009187,0.5003007857566056,2.080056827153228,0.7804110141923681
factual_095,llama-4-maverick-17b,A,factual,0,0,always_correct,1.1102230246251563e-16,0.5101534961972927,1.6163209676949646,0.7869664265862802
factual_096,llama-4-maverick-17b,A,factual,0,0,always_correct,-2.220446049250313e-16,0.4742852508276898,2.0973629923839554,0.781965458096553
factual_097,llama-4-maverick-17b,A,factual,0,0,always_correct,0.3337395468446722,0.5348416626677427,2.146149723753868,0.800215709017006
factual_098,llama-4-maverick-17b,A,factual,0,0,always_correct,0.4353734601241928,0.51781334739828,2.187416565824021,0.7232017443268683
impossible_001,llama-4-maverick-17b,A,impossible,0,0,always_correct,-2.220446049250313e-16,0.5551838951744963,1.3644283709540836,0.8276925045696241
impossible_002,llama-4-maverick-17b,A,impossible,0,0,always_correct,0.2806778737116963,0.4306490422083969,1.4401356453933196,0.7836114071853095
impossible_003,llama-4-maverick-17b,A,impossible,1,0,other,0.4239195475062465,0.5627706547511742,1.5651701004905392,0.700848589113422
impossible_004,llama-4-maverick-17b,A,impossible,0,0,always_correct,0.3607430469039355,0.5197243019825668,1.458452861984996,0.6939721821069513
impossible_005,llama-4-maverick-17b,A,impossible,0,0,always_correct,0.574928775103801,0.4892219794456599,1.5568969252909877,0.6068086579060945
impossible_006,llama-4-maverick-17b,A,impossible,0,0,always_correct,0.0311283248999301,0.5387384402670877,1.449763272741444,0.7372826727751762
impossible_007,llama-4-maverick-17b,A,impossible,0,0,always_correct,0.2345795209133891,0.5647081094835489,1.5734499261300294,0.6238848863130082
impossible_008,llama-4-maverick-17b,A,impossible,0,0,always_correct,0.0,0.5167571652418199,1.5210648218299585,0.6785465504109989
impossible_009,llama-4-maverick-17b,A,impossible,0,0,always_correct,0.2533691388774768,0.491107906341293,1.4323611294684442,0.7292741832908624
impossible_010,llama-4-maverick-17b,A,impossible,0,0,always_correct,0.0027501122133142,0.4184464516500347,1.3885229588164163,0.7738089668558243
impossible_011,llama-4-maverick-17b,A,impossible,0,0,always_correct,0.7193765685924425,0.5802479210740829,1.606736831410972,0.6605835907622317
impossible_012,llama-4-maverick-17b,A,impossible,0,0,always_correct,0.4188366039819666,0.3895290976517082,1.5273694970414504,0.6704030516806085
impossible_013,llama-4-maverick-17b,A,impossible,0,0,always_correct,0.0,0.4086266107713111,1.6587137427894745,0.689658988036263
impossible_014,llama-4-maverick-17b,A,impossible,0,0,always_correct,0.4423619685250402,0.4700339198121581,1.5885150038440978,0.6121381627726835
impossible_015,llama-4-maverick-17b,A,impossible,0,0,always_correct,0.3166479386251986,0.5874836388564829,1.395728484135234,0.7486451980379364
impossible_016,llama-4-maverick-17b,A,impossible,0,0,always_correct,0.4515553057300872,0.4482867610047317,1.4693475571044965,0.7341186170628089
impossible_017,llama-4-maverick-17b,A,impossible,2,2,still_broken,0.0,0.5558571067712224,1.346925906340128,0.7053133742311688
impossible_018,llama-4-maverick-17b,A,impossible,0,0,always_correct,0.0550683782754218,0.4872344658755814,1.4694140978080903,0.74738072341108
impossible_019,llama-4-maverick-17b,A,impossible,0,0,always_correct,0.6985254773018361,0.4388364592420409,1.4670087514393897,0.692194954090939
impossible_020,llama-4-maverick-17b,A,impossible,0,0,always_correct,-2.220446049250313e-16,0.5051285403166632,1.3029682692761662,0.8185930712681566
impossible_021,llama-4-maverick-17b,A,impossible,0,0,always_correct,0.7455768407446961,0.511383179081994,1.418451701642014,0.681343290566415
impossible_022,llama-4-maverick-17b,A,impossible,0,0,always_correct,0.0907929455994041,0.3729589512186093,1.4644425009909716,0.7186930170136916
impossible_023,llama-4-maverick-17b,A,impossible,0,0,always_correct,0.0948905946407459,0.5955665714906428,1.433893483275697,0.80529583340624
impossible_024,llama-4-maverick-17b,A,impossible,0,0,always_correct,0.830164957426446,0.4045752341875056,1.4278812842330573,0.7867355744549867
impossible_025,llama-4-maverick-17b,A,impossible,0,0,always_correct,0.7072780648093208,0.5017505139859315,1.4744178439570206,0.7173278021128849
impossible_026,llama-4-maverick-17b,A,impossible,0,0,always_correct,0.8800187668698034,0.4181997419542512,1.4110958339855555,0.7888166930983602
impossible_027,llama-4-maverick-17b,A,impossible,0,0,always_correct,0.7062752967036268,0.3711988868490881,1.4478390667797614,0.6840982242455453
impossible_028,llama-4-maverick-17b,A,impossible,0,0,always_correct,0.5000999656549192,0.4815762854867185,1.5400536996698608,0.645387485598485
impossible_029,llama-4-maverick-17b,A,impossible,0,0,always_correct,0.0,0.5657581248771495,1.577398290205864,0.7961269228544424
impossible_030,llama-4-maverick-17b,A,impossible,0,0,always_correct,0.8351902281247721,0.5249444743006565,1.43126372781913,0.7277650240723668
nonexistent_001,llama-4-maverick-17b,A,nonexistent,0,0,always_correct,0.1408962552955857,0.4817099847987866,1.618388322731953,0.6505587721430863
nonexistent_002,llama-4-maverick-17b,A,nonexistent,0,0,always_correct,0.4663529108793794,0.4820097187072307,1.9380899422761615,0.6454700365940155
nonexistent_003,llama-4-maverick-17b,A,nonexistent,2,0,fixed_by_ft,0.0,0.3844380956093198,1.5098126297104038,0.7186116406695099
nonexistent_004,llama-4-maverick-17b,A,nonexistent,0,0,always_correct,0.0,0.6303578172548222,1.8513264616285656,0.5843523348222711
nonexistent_005,llama-4-maverick-17b,A,nonexistent,0,0,always_correct,0.0,0.573350714515258,1.861595400219066,0.6681679572854953
nonexistent_006,llama-4-maverick-17b,A,nonexistent,2,0,fixed_by_ft,1.1102230246251563e-16,0.3695283327972756,1.5507595215167234,0.7023995483185185
nonexistent_007,llama-4-maverick-17b,A,nonexistent,0,0,always_correct,0.6656042179179176,0.3336069621443885,2.1531748994604385,0.6460701015720379
nonexistent_008,llama-4-maverick-17b,A,nonexistent,0,0,always_correct,0.1891429569458065,0.5874211128806354,2.3988800587666375,0.5466107494595671
nonexistent_009,llama-4-maverick-17b,A,nonexistent,0,0,always_correct,0.4842120832061292,0.6078996431930908,1.9620085208928135,0.620044332182131
nonexistent_010,llama-4-maverick-17b,A,nonexistent,0,0,always_correct,0.587167485955802,0.4779683275596519,1.833888338501531,0.6309298528266939
nonexistent_011,llama-4-maverick-17b,A,nonexistent,0,0,always_correct,0.0378691766339057,0.3921120255617577,1.8236217002818536,0.5905812461660369
nonexistent_012,llama-4-maverick-17b,A,nonexistent,0,0,always_correct,1.1102230246251563e-16,0.3775442859647275,1.6971808748104815,0.7212749057968125
nonexistent_013,llama-4-maverick-17b,A,nonexistent,0,0,always_correct,1.1102230246251563e-16,0.6224502132968683,3.3367269166353677,0.5440942975024898
nonexistent_014,llama-4-maverick-17b,A,nonexistent,0,0,always_correct,-2.220446049250313e-16,0.5000449617692835,1.83211176810429,0.570093262512271
nonexistent_015,llama-4-maverick-17b,A,nonexistent,0,0,always_correct,1.1102230246251563e-16,0.4921907705872668,1.501040564841266,0.6570302922759929
nonexistent_016,llama-4-maverick-17b,A,nonexistent,0,0,always_correct,0.4025101204845094,0.6195132223961526,2.8109377343198965,0.5992554236982213
nonexistent_017,llama-4-maverick-17b,A,nonexistent,0,0,always_correct,0.5769583421997224,0.5302414990249591,1.744627820754206,0.6032795333598666
nonexistent_018,llama-4-maverick-17b,A,nonexistent,0,0,always_correct,0.3961603706760024,0.5963926672374946,1.8480466921260803,0.6887798380587833
nonexistent_019,llama-4-maverick-17b,A,nonexistent,0,0,always_correct,0.0,0.6021392489270947,2.844715109710209,0.5532904130313078
nonexistent_020,llama-4-maverick-17b,A,nonexistent,0,0,always_correct,0.5414765363933832,0.5070670354191914,1.9924887873947457,0.6829607177693717
nonexistent_021,llama-4-maverick-17b,A,nonexistent,0,0,always_correct,0.5956860738097913,0.5331093884144366,1.7665825244221536,0.6083857987330116
nonexistent_022,llama-4-maverick-17b,A,nonexistent,0,0,always_correct,0.6676641691732299,0.5414587680396219,2.0033132341171274,0.5644404037168697
nonexistent_023,llama-4-maverick-17b,A,nonexistent,0,0,always_correct,0.47194072796743,0.6343674877928529,2.408321028499304,0.6130953788120019
nonexistent_024,llama-4-maverick-17b,A,nonexistent,0,0,always_correct,0.0,0.5612271086606379,2.0146061249018192,0.6094802785950895
nonexistent_025,llama-4-maverick-17b,A,nonexistent,0,0,always_correct,0.0,0.5331879446708088,1.403339101909298,0.7164925264980905
nonexistent_026,llama-4-maverick-17b,A,nonexistent,0,0,always_correct,0.1795936835331535,0.5782301043059824,1.8769855826473747,0.6896929911852393
nonexistent_027,llama-4-maverick-17b,A,nonexistent,0,0,always_correct,0.7154062532950681,0.6006616565273908,2.194790111355604,0.4498373020254242
nonexistent_028,llama-4-maverick-17b,A,nonexistent,0,0,always_correct,0.6660436405945,0.2756106691049421,1.5311909251784908,0.7378243434465728
nonexistent_029,llama-4-maverick-17b,A,nonexistent,0,0,always_correct,0.0,0.6229379003448303,2.4189238401918165,0.5542070362317157
nonexistent_030,llama-4-maverick-17b,A,nonexistent,0,0,always_correct,0.6325686339720304,0.56871666946646,1.8669859537456024,0.6991210118984552
nonexistent_031,llama-4-maverick-17b,A,nonexistent,2,0,fixed_by_ft,0.4383174948849023,0.569469296314977,2.3068901920253535,0.6243853014875628
nonexistent_032,llama-4-maverick-17b,A,nonexistent,0,0,always_correct,0.6619559710317514,0.6432758790766617,2.7350297986924805,0.5576855311657261
nonexistent_033,llama-4-maverick-17b,A,nonexistent,0,0,always_correct,0.6090335933612909,0.569874217129125,1.859615416014732,0.6694354637835519
nonexistent_034,llama-4-maverick-17b,A,nonexistent,0,0,always_correct,0.4894720467698914,0.6349845730868906,2.310370465169915,0.5835540555011897
nonexistent_035,llama-4-maverick-17b,A,nonexistent,0,0,always_correct,0.0,0.5607798031452288,1.815322185705487,0.6459051997201808
nonexistent_036,llama-4-maverick-17b,A,nonexistent,0,0,always_correct,1.1102230246251563e-16,0.5560388037193557,1.8340710908711144,0.6037298173620638
nonexistent_037,llama-4-maverick-17b,A,nonexistent,0,0,always_correct,0.3699349320047834,0.3282834231382359,1.578198505197913,0.6679470531250629
nonexistent_038,llama-4-maverick-17b,A,nonexistent,0,0,always_correct,0.7926552947993657,0.6289371171987566,2.798879070765374,0.5269310543433201
nonexistent_039,llama-4-maverick-17b,A,nonexistent,0,0,always_correct,0.0,0.6143906513841051,2.09984444517962,0.5124721845110773
nonexistent_040,llama-4-maverick-17b,A,nonexistent,0,0,always_correct,1.1102230246251563e-16,0.6254613771428076,2.17637566470198,0.5252641700310074
nonexistent_041,llama-4-maverick-17b,A,nonexistent,0,0,always_correct,0.3560530276528296,0.3982105289147777,1.7324678079943068,0.6220385427608175
nonexistent_042,llama-4-maverick-17b,A,nonexistent,2,2,still_broken,0.5695001949670522,0.440539018535318,1.3842196561942195,0.7544057699500959
nonexistent_043,llama-4-maverick-17b,A,nonexistent,0,0,always_correct,0.6576880646803562,0.4194503129917816,1.530149661847831,0.6728972991393612
nonexistent_044,llama-4-maverick-17b,A,nonexistent,0,0,always_correct,0.3615768722035666,0.6054074599816353,2.6033746890485525,0.5910195936646085
nonexistent_045,llama-4-maverick-17b,A,nonexistent,0,0,always_correct,0.0249802761245522,0.5028245130419267,1.6749878554866369,0.6688645790676859
nonexistent_046,llama-4-maverick-17b,A,nonexistent,0,0,always_correct,0.6612279677031945,0.5148879862919402,1.7058183812411352,0.6978585823843695
nonexistent_047,llama-4-maverick-17b,A,nonexistent,0,0,always_correct,2.220446049250313e-16,0.5193992921772052,1.7843887253685635,0.6564849738450533
nonexistent_048,llama-4-maverick-17b,A,nonexistent,0,0,always_correct,0.2740750784357763,0.5015228207299758,1.7716580974953335,0.6482371317934588
nonexistent_049,llama-4-maverick-17b,A,nonexistent,0,0,always_correct,0.4076888275255732,0.4134359268736418,1.6919208316486347,0.6471226597546075
nonexistent_050,llama-4-maverick-17b,A,nonexistent,0,0,always_correct,0.5204752094388845,0.4521190116733146,2.339305451952287,0.6087229164276297
nonexistent_051,llama-4-maverick-17b,A,nonexistent,0,0,always_correct,0.8056613586077341,0.5465498169473262,1.898208667441742,0.6398079924587524
nonexistent_052,llama-4-maverick-17b,A,nonexistent,0,0,always_correct,0.0316084730832445,0.3525776705301954,1.7911756373815435,0.6059538638436388
nonexistent_053,llama-4-maverick-17b,A,nonexistent,0,0,always_correct,0.2358267785620481,0.3410532104566136,1.6665790638430067,0.6404740681543023
nonexistent_054,llama-4-maverick-17b,A,nonexistent,0,0,always_correct,0.1791778741104774,0.6154990643267508,2.284245441699252,0.5583922798350565
nonexistent_055,llama-4-maverick-17b,A,nonexistent,0,0,always_correct,-4.440892098500626e-16,0.613989135667868,2.8000102675182945,0.6074233514988998
nonexistent_056,llama-4-maverick-17b,A,nonexistent,0,0,always_correct,0.3415866004080783,0.5666999726786175,2.023161636540833,0.605087161744764
nonexistent_057,llama-4-maverick-17b,A,nonexistent,0,0,always_correct,0.8232504232178327,0.5918807245965352,1.7299316973549783,0.7089043219763297
nonexistent_058,llama-4-maverick-17b,A,nonexistent,2,0,fixed_by_ft,0.2181792283230306,0.3754672076826564,1.6671420132582708,0.6795003149892797
nonexistent_059,llama-4-maverick-17b,A,nonexistent,0,0,always_correct,0.0,0.6154178351746333,2.113087440169748,0.5088320381241103
nonexistent_060,llama-4-maverick-17b,A,nonexistent,0,0,always_correct,2.220446049250313e-16,0.6205945817239511,3.1261581702420114,0.5777227154572548
nonexistent_061,llama-4-maverick-17b,A,nonexistent,0,0,always_correct,-2.220446049250313e-16,0.6046893792099259,2.104256018073756,0.6242117817432631
nonexistent_062,llama-4-maverick-17b,A,nonexistent,0,0,always_correct,0.5027769064190599,0.629532059905055,2.74043369147997,0.6128859813244258
nonexistent_063,llama-4-maverick-17b,A,nonexistent,0,0,always_correct,0.0007423423991868,0.3115777646398954,2.026968657136015,0.6896457044229147
nonexistent_064,llama-4-maverick-17b,A,nonexistent,0,0,always_correct,0.4378544367540972,0.6341059115948153,2.742433559057107,0.5561474578380757
nonexistent_065,llama-4-maverick-17b,A,nonexistent,0,0,always_correct,3.3306690738754696e-16,0.6417169544015786,2.4820727351056395,0.6318691006207928
nonexistent_066,llama-4-maverick-17b,A,nonexistent,2,0,fixed_by_ft,0.0857618930521522,0.429964525777387,1.6827132560855569,0.677628483715478
nonexistent_067,llama-4-maverick-17b,A,nonexistent,0,0,always_correct,0.5074212232165478,0.6498395689625738,2.302289325481184,0.5924611912002469
nonexistent_068,llama-4-maverick-17b,A,nonexistent,0,0,always_correct,2.220446049250313e-16,0.3014026069648536,1.5021603947297897,0.7754381480701797
nonexistent_069,llama-4-maverick-17b,A,nonexistent,0,0,always_correct,0.180697239413996,0.341439367218965,1.7251684917755867,0.6305573698113265
nonexistent_070,llama-4-maverick-17b,A,nonexistent,0,0,always_correct,0.340618043057329,0.6441861566104864,2.5652929412321432,0.5456916988654187
nonexistent_071,llama-4-maverick-17b,A,nonexistent,0,0,always_correct,0.5517753406096548,0.4746647463879042,1.3853851322070303,0.7400213581288653
nonexistent_072,llama-4-maverick-17b,A,nonexistent,0,0,always_correct,0.3117094302685117,0.431466065903456,1.437308129071761,0.6798144760375509
nonexistent_073,llama-4-maverick-17b,A,nonexistent,0,0,always_correct,0.6915652633750171,0.6626919472502806,2.788018222576816,0.5995575690533418
nonexistent_074,llama-4-maverick-17b,A,nonexistent,0,0,always_correct,0.2291706800381557,0.6057492155039489,2.345972446875116,0.5586403340039207
nonexistent_075,llama-4-maverick-17b,A,nonexistent,0,0,always_correct,0.2975521919484657,0.3064806798816807,2.057340000163197,0.6818306802954845
nonexistent_076,llama-4-maverick-17b,A,nonexistent,0,0,always_correct,0.2455236847179203,0.423280677167826,2.2159163947954235,0.6334169057338934
nonexistent_077,llama-4-maverick-17b,A,nonexistent,2,0,fixed_by_ft,0.430918743666715,0.3809207533505158,1.6482170001294292,0.6830404161051546
nonexistent_078,llama-4-maverick-17b,A,nonexistent,0,0,always_correct,0.4300674128430893,0.641172878390984,2.701764604143399,0.5702888579877693
nonexistent_079,llama-4-maverick-17b,A,nonexistent,0,0,always_correct,0.0695412981066732,0.5883258633053972,2.2984973883232596,0.5391150645460736
nonexistent_080,llama-4-maverick-17b,A,nonexistent,0,0,always_correct,0.1647575856936134,0.6086172108257307,2.325544754852394,0.5309988382694201
nonexistent_081,llama-4-maverick-17b,A,nonexistent,0,0,always_correct,0.5402558621410412,0.4803523302657599,2.216323900657386,0.6361307556037128
nonexistent_082,llama-4-maverick-17b,A,nonexistent,0,0,always_correct,-2.220446049250313e-16,0.6041122758221704,2.928205992147156,0.5784413654926699
nonexistent_083,llama-4-maverick-17b,A,nonexistent,0,0,always_correct,0.3399935084323859,0.6515442723609939,2.6727116824186714,0.5455032882944802
nonexistent_084,llama-4-maverick-17b,A,nonexistent,0,0,always_correct,0.3432529058050183,0.605713705943232,2.2796883673382737,0.5461484153440519
nonexistent_085,llama-4-maverick-17b,A,nonexistent,0,0,always_correct,-2.220446049250313e-16,0.6234135795132865,2.4185594471390033,0.5653271193068776
nonexistent_086,llama-4-maverick-17b,A,nonexistent,0,0,always_correct,0.3373236572888746,0.6376791636246033,2.582920802243243,0.5474695345285019
nonexistent_087,llama-4-maverick-17b,A,nonexistent,0,0,always_correct,0.072071517686748,0.5995779974611305,2.393670616918386,0.5524348012279763
nonexistent_088,llama-4-maverick-17b,A,nonexistent,0,0,always_correct,0.0,0.6205234595978077,3.0869679348366788,0.5367982447538222
nonexistent_089,llama-4-maverick-17b,A,nonexistent,0,0,always_correct,0.1395088003421881,0.5207093248007593,2.820902937342702,0.5511707745959592
nonexistent_090,llama-4-maverick-17b,A,nonexistent,0,0,always_correct,0.5480643051511495,0.6504268076696624,3.0780162768152635,0.5792540582679433
nonexistent_091,llama-4-maverick-17b,A,nonexistent,0,0,always_correct,0.096136677867713,0.5627799652376071,2.868335890448244,0.5568584005800573
nonexistent_092,llama-4-maverick-17b,A,nonexistent,0,0,always_correct,0.6939108197670597,0.6226384002692066,2.2431595386741683,0.4541492339730445
nonexistent_093,llama-4-maverick-17b,A,nonexistent,0,0,always_correct,0.6362759088283628,0.5558923838300768,2.968858043568132,0.5523887155050701
nonexistent_094,llama-4-maverick-17b,A,nonexistent,0,0,always_correct,0.2518695496639603,0.6247293231190759,2.3017487690902194,0.5394582415033763
nonexistent_095,llama-4-maverick-17b,A,nonexistent,0,0,always_correct,0.4008674466881649,0.3299242304109904,1.9603373774097683,0.6649974826612096
nonexistent_096,llama-4-maverick-17b,A,nonexistent,2,0,fixed_by_ft,0.5234676781655314,0.6508397288676153,2.602294981836084,0.587041031120872
nonexistent_097,llama-4-maverick-17b,A,nonexistent,0,0,always_correct,0.3711075163686586,0.5760461246125153,2.7870347057066587,0.5708445804809855
nonexistent_098,llama-4-maverick-17b,A,nonexistent,0,0,always_correct,0.178912611126754,0.6355667123228385,2.3146382803413363,0.5865277545158156
nonexistent_099,llama-4-maverick-17b,A,nonexistent,0,0,always_correct,0.1854838760392066,0.5795020680920449,3.112889698881475,0.5378521739295425
nonexistent_100,llama-4-maverick-17b,A,nonexistent,0,0,always_correct,0.7525913208992216,0.5066903933105685,1.9217368729401905,0.7123638724106192
nonexistent_101,llama-4-maverick-17b,A,nonexistent,0,0,always_correct,2.220446049250313e-16,0.2667761672101852,1.847509757916111,0.6948176533209686
nonexistent_102,llama-4-maverick-17b,A,nonexistent,0,0,always_correct,0.7926552947995014,0.6492961106882392,2.963905267115167,0.5244622228048463
nonexistent_103,llama-4-maverick-17b,A,nonexistent,0,0,always_correct,0.6067635688417263,0.5471634454558872,2.739255957002563,0.5367570734481245
nonexistent_104,llama-4-maverick-17b,A,nonexistent,0,0,always_correct,0.5537208373472977,0.6356118945765119,2.4610975663030747,0.6036368328881188
nonexistent_105,llama-4-maverick-17b,A,nonexistent,0,0,always_correct,0.8136527272505659,0.591551588600153,2.9172361619930807,0.5707843284727385
nonexistent_106,llama-4-maverick-17b,A,nonexistent,0,0,always_correct,0.6915652650655213,0.6423838797653962,2.66286098337228,0.6289558585387485
nonexistent_107,llama-4-maverick-17b,A,nonexistent,0,0,always_correct,0.3327236417343958,0.6202922492609452,2.6355816712518614,0.5790309490595416
nonexistent_108,llama-4-maverick-17b,A,nonexistent,0,0,always_correct,0.4909737316958376,0.5884316649263088,2.798055427951821,0.5360609973087569
nonexistent_109,llama-4-maverick-17b,A,nonexistent,0,0,always_correct,0.0,0.2965820716339551,2.045944859654859,0.6780506832350843
nonexistent_110,llama-4-maverick-17b,A,nonexistent,0,0,always_correct,0.6151208033596185,0.5531194458965867,2.7359563143722103,0.5731910321424595
nonexistent_111,llama-4-maverick-17b,A,nonexistent,0,0,always_correct,0.2262885865511308,0.2872189093374225,1.9462431359500376,0.6714894753067943
nonexistent_112,llama-4-maverick-17b,A,nonexistent,0,0,always_correct,0.6122992464658877,0.612375443175623,2.9629448852363716,0.5454855792368384
nonexistent_113,llama-4-maverick-17b,A,nonexistent,0,0,always_correct,0.0666164324821296,0.5946104138266488,2.8408375605726137,0.560973570185905
nonexistent_114,llama-4-maverick-17b,A,nonexistent,0,0,always_correct,0.2549799633172553,0.632130970393195,2.8370466407071984,0.5725615434412104
nonexistent_115,llama-4-maverick-17b,A,nonexistent,0,0,always_correct,0.2696939198362491,0.5072720373922925,2.3494202548336895,0.5791069434276004
nonexistent_116,llama-4-maverick-17b,A,nonexistent,0,0,always_correct,3.3306690738754696e-16,0.6013863472432728,2.3486553708480447,0.5742081417586806
nonexistent_117,llama-4-maverick-17b,A,nonexistent,0,0,always_correct,0.2452970226484851,0.6302823834772958,2.634555218087028,0.5793048292695969
nonexistent_118,llama-4-maverick-17b,A,nonexistent,0,0,always_correct,0.1318713298652173,0.3074771756711286,2.075526737420204,0.6792052273173557
nonexistent_119,llama-4-maverick-17b,A,nonexistent,0,0,always_correct,0.2047963245810397,0.2872522817470626,1.9102355008767475,0.6805384351689523
nonexistent_120,llama-4-maverick-17b,A,nonexistent,0,0,always_correct,0.5296678639037156,0.5647976635727956,2.022418711166697,0.6877294412018036
