id,category,local_id,curvature_score,oppositeness_score,density,centrality
ambiguous_001,ambiguous,3.1928520011209187,0.5902945399284363,0.48454416,2.1983275,0.71505713
ambiguous_002,ambiguous,7.0059577225940375,0.35305172204971313,0.4906119,2.0945387,0.64649665
ambiguous_003,ambiguous,6.735011886077117,0.44194090366363525,0.513729,2.2714558,0.6101323
ambiguous_004,ambiguous,21.95307814042733,5.960464477539063e-08,0.54606813,2.3809028,0.519399
ambiguous_005,ambiguous,25.782851961720787,5.960464477539063e-08,0.44755608,2.0945635,0.6353375
ambiguous_006,ambiguous,19.439876435493048,0.01281130313873291,0.44903058,2.0568538,0.60468304
ambiguous_007,ambiguous,43.491673149456226,5.960464477539063e-08,0.5058949,2.3492253,0.5191919
ambiguous_008,ambiguous,162.20759058749204,-1.1920928955078125e-07,0.5418047,2.0212786,0.59619117
ambiguous_009,ambiguous,0.8645786427655688,0.8261207342147827,0.52039915,2.7875502,0.6498181
ambiguous_010,ambiguous,90.91110033198997,0.0,0.48584694,1.6867354,0.6529441
ambiguous_011,ambiguous,3.1872900632187435,0.572907567024231,0.6269267,2.8240159,0.6617162
ambiguous_012,ambiguous,17.363336026537297,0.051040709018707275,0.5487139,2.5753899,0.6719622
ambiguous_013,ambiguous,39.765449795751245,5.960464477539063e-08,0.4785577,2.5769079,0.64676905
ambiguous_014,ambiguous,15.319692770014441,0.04373526573181152,0.4158641,2.167122,0.5611849
ambiguous_015,ambiguous,15.250612528916376,0.012678682804107666,0.50216055,2.6227543,0.627613
ambiguous_016,ambiguous,5.5850191455133915,0.4207667112350464,0.56136054,2.2910066,0.63512295
ambiguous_017,ambiguous,280.92385577763065,5.960464477539063e-08,0.5417173,1.8708974,0.61731595
ambiguous_018,ambiguous,1.360651001931342,0.8291304856538773,0.4955973,3.0994709,0.6278017
ambiguous_019,ambiguous,7.386135798017739,0.37970858812332153,0.53902173,3.0275934,0.6885892
ambiguous_020,ambiguous,1.7527987009167572,0.8269051313400269,0.52858794,2.0003211,0.62867004
ambiguous_021,ambiguous,3.9307925141355122,0.5901463627815247,0.4976005,3.8842397,0.632421
ambiguous_022,ambiguous,34.768011618546076,5.960464477539063e-08,0.4784894,2.239686,0.6277677
ambiguous_023,ambiguous,7.421634846509124,0.35349762439727783,0.5214093,1.9466782,0.6489095
ambiguous_024,ambiguous,3.939908075474676,0.5628308355808258,0.5359861,2.72263,0.6806367
ambiguous_025,ambiguous,72.00687998703833,1.1920928955078125e-07,0.45220202,1.94465,0.61611533
ambiguous_026,ambiguous,2.886852977586956,0.6523869633674622,0.47277606,2.3539927,0.5972403
ambiguous_027,ambiguous,6.25184819722749,0.41316062211990356,0.52664495,2.0924919,0.6200047
ambiguous_028,ambiguous,0.6446999864582852,0.8332714736461639,0.5367397,2.9677346,0.5449355
ambiguous_029,ambiguous,2.1180350311439424,0.6963616609573364,0.5249872,1.7951399,0.67291725
ambiguous_030,ambiguous,47.85139363036615,0.0,0.4973151,2.3732734,0.64741755
ambiguous_031,ambiguous,6.221336867500617,0.31167715787887573,0.5515114,3.8313768,0.63311714
ambiguous_032,ambiguous,3.7190276121554353,0.5966857671737671,0.56977725,2.8434198,0.6994199
ambiguous_033,ambiguous,2.0349894321886133,0.6888306736946106,0.55087125,2.1354766,0.7049428
ambiguous_034,ambiguous,2.0582028269776287,0.7149286270141602,0.4564302,2.2984877,0.6542612
ambiguous_035,ambiguous,3.9654574505299185,0.49186110496520996,0.5491037,2.5891702,0.6798712
ambiguous_036,ambiguous,24.537277109561472,0.0,0.48793036,2.0761561,0.63853604
ambiguous_037,ambiguous,8.304817581117513,0.3465859889984131,0.56112754,2.0580246,0.6925701
ambiguous_038,ambiguous,4.867450147683302,0.5490515828132629,0.503194,2.3435082,0.6411355
ambiguous_039,ambiguous,401.9070185009643,1.1920928955078125e-07,0.537027,2.6294365,0.709205
ambiguous_040,ambiguous,1.8301704020846896,0.8531810790300369,0.44876313,1.8578278,0.6692544
ambiguous_041,ambiguous,4.0013847374788405,0.41720908880233765,0.5430585,2.6181905,0.67110705
ambiguous_042,ambiguous,3.8215069235306425,0.526667058467865,0.5434663,2.646193,0.6626659
ambiguous_043,ambiguous,0.8660830906642122,0.8622400462627411,0.53424346,2.0003972,0.65629625
ambiguous_044,ambiguous,3353.260960640458,0.0,0.4360329,2.0704277,0.7751317
ambiguous_045,ambiguous,2.929080398965748,0.6557702720165253,0.52133644,2.5425634,0.70863616
ambiguous_046,ambiguous,26.23135559987457,5.960464477539063e-08,0.52398956,2.0511043,0.66724503
ambiguous_047,ambiguous,270.20383879849663,5.960464477539063e-08,0.60999286,2.8136845,0.6471866
ambiguous_048,ambiguous,19.559717899266477,0.0011206865310668945,0.5270926,2.6899579,0.6459739
ambiguous_049,ambiguous,54.91801816740234,0.0,0.45388442,2.110418,0.7823783
ambiguous_050,ambiguous,16.607926218082145,0.018332362174987793,0.43494344,2.2157555,0.5700364
ambiguous_051,ambiguous,7.882946540477871,0.31863075494766235,0.54265064,2.4543421,0.61924434
ambiguous_052,ambiguous,10.818620206803416,0.23175692558288574,0.48613292,2.0722613,0.6827867
ambiguous_053,ambiguous,8.33500868477646,0.237052321434021,0.5793474,3.049951,0.6272635
ambiguous_054,ambiguous,18.550124433195446,0.01898247003555298,0.47077787,2.4730167,0.56658566
ambiguous_055,ambiguous,52.52595249416401,1.7881393432617188e-07,0.5032865,3.0569348,0.60532343
ambiguous_056,ambiguous,0.7401641972491676,0.8482291251420975,0.5071126,1.9373246,0.68171406
ambiguous_057,ambiguous,5.41725290660598,0.5217934250831604,0.5425192,1.7448834,0.6477792
ambiguous_058,ambiguous,3.6468538058017206,0.6261011064052582,0.5680177,2.4535062,0.6107912
ambiguous_059,ambiguous,69.96335579844744,1.1920928955078125e-07,0.45536196,2.3020756,0.6354876
ambiguous_060,ambiguous,8.25119669582606,0.23513758182525635,0.6202789,2.7798514,0.6477825
ambiguous_061,ambiguous,11.58047296618707,0.08684897422790527,0.5324897,3.6341395,0.63905317
ambiguous_062,ambiguous,2.651948596771009,0.7032545506954193,0.49365264,1.99941,0.69078016
ambiguous_063,ambiguous,4.8948139840733145,0.45415186882019043,0.50953704,2.9444244,0.6430832
ambiguous_064,ambiguous,1.1807299360484307,0.7603600323200226,0.5026845,1.879168,0.68783295
ambiguous_065,ambiguous,8.701308557112299,0.21321117877960205,0.5808872,2.317179,0.6481842
ambiguous_066,ambiguous,4.445189966034226,0.5156483054161072,0.5330743,2.7639186,0.64114636
ambiguous_067,ambiguous,9.097684978886262,0.28940027952194214,0.4199341,2.5031292,0.6032758
ambiguous_068,ambiguous,12.981497522621769,0.0597497820854187,0.58313245,2.7724752,0.674358
ambiguous_069,ambiguous,14.872928938398193,0.09835189580917358,0.5320749,2.7175958,0.6427294
ambiguous_070,ambiguous,1.2402059586187402,0.8072365820407867,0.4793601,2.402319,0.6982682
ambiguous_071,ambiguous,1.6181675330154204,0.7786010801792145,0.46195972,2.2488134,0.68300366
ambiguous_072,ambiguous,9.483038342872113,0.1686161756515503,0.54373837,3.9865215,0.6385515
ambiguous_073,ambiguous,6.588570898974714,0.3251414895057678,0.57152426,2.7509196,0.6553672
ambiguous_074,ambiguous,4.4088954107687135,0.5392337441444397,0.38157368,2.2844732,0.6205903
ambiguous_075,ambiguous,3.1496524669738495,0.5932713747024536,0.4635226,2.249698,0.5337174
ambiguous_076,ambiguous,3.9564403343251624,0.5322082042694092,0.4665156,2.723871,0.6232739
ambiguous_077,ambiguous,20.89423906561847,0.0,0.51687104,1.8561364,0.70217454
ambiguous_078,ambiguous,2.006884588934872,0.66071617603302,0.46714497,2.6814563,0.6796018
ambiguous_079,ambiguous,8.426212077950876,0.31761837005615234,0.50085914,1.962914,0.7146275
ambiguous_080,ambiguous,12.42418181786204,0.12575644254684448,0.53272325,2.5318282,0.7151681
ambiguous_081,ambiguous,3.2292716803237353,0.5639805197715759,0.5027745,2.9656606,0.60552263
ambiguous_082,ambiguous,1.8425453925646338,0.7699092328548431,0.5235358,2.9028242,0.60752356
ambiguous_083,ambiguous,6.434181219562121,0.3885456919670105,0.54151845,2.3506577,0.71043277
ambiguous_084,ambiguous,0.7139828443753626,0.8245285302400589,0.53143513,3.0351777,0.56434
ambiguous_085,ambiguous,6.836597063137262,0.3783511519432068,0.59293497,2.8692868,0.6568205
ambiguous_086,ambiguous,1.9198300199326988,0.7950405925512314,0.47823757,2.9935458,0.693238
ambiguous_087,ambiguous,22.526943877638793,5.960464477539063e-08,0.52797353,2.1379657,0.64539313
ambiguous_088,ambiguous,37.001858119098266,5.960464477539063e-08,0.60324144,3.0791464,0.64663434
ambiguous_089,ambiguous,2.486621225188762,0.6912965774536133,0.6112989,2.8624458,0.661229
ambiguous_090,ambiguous,7.177826248742041,0.25924456119537354,0.54732025,2.8081594,0.7178517
ambiguous_091,ambiguous,7.1143527260591775,0.27660417556762695,0.5589752,2.7007828,0.6710851
ambiguous_092,ambiguous,9.578289641905634,0.15672069787979126,0.53545487,2.4074526,0.65913665
ambiguous_093,ambiguous,5.497357848583933,0.35500049591064453,0.518284,2.5597732,0.6269821
ambiguous_094,ambiguous,7.579941042399029,0.2679064869880676,0.50391805,3.144831,0.63756573
ambiguous_095,ambiguous,4.987987969462086,0.49836456775665283,0.52736366,3.5829957,0.6482399
ambiguous_096,ambiguous,3.4927381980038747,0.492678701877594,0.5383748,2.475763,0.649856
ambiguous_097,ambiguous,3.219923077513607,0.5724772214889526,0.53720963,3.9104812,0.6400142
ambiguous_098,ambiguous,7.479327462112347,0.3264271020889282,0.49372834,2.3895714,0.6625594
ambiguous_099,ambiguous,4.974277192527058,0.4902767539024353,0.5824163,3.017806,0.6469629
ambiguous_100,ambiguous,1.7686507657061799,0.7844985127449036,0.48561758,2.873023,0.7047837
ambiguous_101,ambiguous,18.210026402407422,0.005516171455383301,0.5134051,2.0384274,0.66239643
ambiguous_102,ambiguous,6.803479717916934,0.36722320318222046,0.5635357,1.884284,0.70720196
ambiguous_103,ambiguous,15.725946317398368,0.040812551975250244,0.5139782,2.5485978,0.67041427
ambiguous_104,ambiguous,2.0176548843167565,0.6543573141098022,0.4944278,2.2285342,0.6244316
ambiguous_105,ambiguous,161.38571133012974,5.960464477539063e-08,0.50376874,3.5687935,0.59630704
ambiguous_106,ambiguous,7.200056820364178,0.2883002758026123,0.55599093,2.6876884,0.6380304
ambiguous_107,ambiguous,0.8751176232242805,0.7904269844293594,0.5141182,3.2551868,0.6333346
ambiguous_108,ambiguous,1.1680486924595306,0.7574891149997711,0.48048848,2.9193766,0.5712961
ambiguous_109,ambiguous,68.82217042582259,5.960464477539063e-08,0.5138405,3.2500625,0.60090613
ambiguous_110,ambiguous,1.1161555194367363,0.7863171845674515,0.4805808,2.966571,0.6002658
ambiguous_111,ambiguous,0.8084220914140772,0.800343856215477,0.5119575,3.1074748,0.617785
ambiguous_112,ambiguous,2.3813395767523953,0.7000307440757751,0.52245134,3.9245882,0.64112985
ambiguous_113,ambiguous,9.811634769419756,0.14936518669128418,0.50899863,3.6577232,0.63926625
ambiguous_114,ambiguous,1.1849564103112835,0.7926876544952393,0.5318265,2.9671195,0.6315392
ambiguous_115,ambiguous,2.6170703104160773,0.6080131828784943,0.53163207,3.410191,0.5619857
ambiguous_116,ambiguous,4.784848507534784,0.4782894253730774,0.49256635,2.7241292,0.5934186
ambiguous_117,ambiguous,1.8422718476111497,0.8048988282680511,0.46993285,2.874334,0.69514155
ambiguous_118,ambiguous,4.158309156155672,0.4846915602684021,0.5812924,2.7409136,0.66469127
ambiguous_119,ambiguous,3.8413053263796764,0.5372157692909241,0.50010705,2.9820054,0.6563597
ambiguous_120,ambiguous,23.818143567701362,5.960464477539063e-08,0.48625553,2.3740427,0.6185283
borderline_obscure_0,borderline_obscure_real,2.64524472258635,0.7225898504257202,0.39893925,1.7951167,0.74541515
borderline_obscure_2,borderline_obscure_real,26.04713112348154,0.0,0.45201313,1.9064447,0.67379117
borderline_obscure_3,borderline_obscure_real,6.978648779282536,0.39667582511901855,0.48793924,1.8775935,0.70236266
borderline_obscure_4,borderline_obscure_real,1.248269097073417,0.8732782751321793,0.41747147,1.5170169,0.7931288
borderline_obscure_5,borderline_obscure_real,10.481783473394781,0.20646870136260986,0.42715323,1.7308872,0.69960284
borderline_obscure_6,borderline_obscure_real,1.627278252366201,0.8546968400478363,0.50594395,1.5240633,0.6988386
borderline_obscure_8,borderline_obscure_real,4.805944203554339,0.5582732260227203,0.45618552,1.8184406,0.73935336
borderline_obscure_9,borderline_obscure_real,2.58677638803274,0.7468595802783966,0.4897974,1.7539905,0.7693726
borderline_obscure_10,borderline_obscure_real,1.7843479907066626,0.8454277664422989,0.423406,1.8833512,0.6987552
borderline_obscure_12,borderline_obscure_real,2.457952910670597,0.7286865413188934,0.5078684,1.7820034,0.694083
borderline_obscure_14,borderline_obscure_real,16.899575262239335,0.04445600509643555,0.40791732,1.7516781,0.78458816
borderline_obscure_15,borderline_obscure_real,3.744055576539086,0.6651054620742798,0.46342623,1.765335,0.7694103
borderline_obscure_16,borderline_obscure_real,9.184200881621571,0.2673303484916687,0.4133957,1.7519925,0.76401794
borderline_obscure_17,borderline_obscure_real,3.40048534883358,0.6448202133178711,0.5138037,1.7165171,0.6756815
borderline_obscure_18,borderline_obscure_real,0.07812166367935978,0.838384360074997,0.44226056,1.6422904,0.7571548
borderline_obscure_19,borderline_obscure_real,20.913258602460537,0.0,0.44917452,1.7527293,0.65809107
borderline_obscure_20,borderline_obscure_real,2.1350942257115637,0.74148228764534,0.3956983,1.5293928,0.7696347
borderline_obscure_21,borderline_obscure_real,74.28964540789286,0.0,0.51284075,1.7950548,0.6418963
borderline_obscure_22,borderline_obscure_real,15.118417556314581,0.0915948748588562,0.4446512,1.6879568,0.718215
borderline_obscure_23,borderline_obscure_real,10.830030596847102,0.23504960536956787,0.5210289,1.9024405,0.663587
borderline_obscure_24,borderline_obscure_real,7.128384473178933,0.38059109449386597,0.48751402,1.6400707,0.7884762
borderline_obscure_25,borderline_obscure_real,78.9851734045793,1.1920928955078125e-07,0.47340304,1.568691,0.7549354
borderline_obscure_26,borderline_obscure_real,7.014038766729042,0.4029865264892578,0.46268559,1.8991702,0.69517744
borderline_obscure_27,borderline_obscure_real,22.029762677073453,5.960464477539063e-08,0.5037557,1.800782,0.6941749
borderline_obscure_28,borderline_obscure_real,0.07812043562191615,0.8383843898773193,0.4422561,1.6423149,0.75710565
borderline_obscure_29,borderline_obscure_real,1.4446613231160401,0.8125887811183929,0.48043275,1.6600775,0.7577584
borderline_obscure_30,borderline_obscure_real,4.4355297299205105,0.5989076495170593,0.48865545,1.6142173,0.770489
borderline_obscure_31,borderline_obscure_real,1.5895907166899192,0.8565939515829086,0.44080627,1.5445698,0.6677444
borderline_obscure_32,borderline_obscure_real,3.1153017242379777,0.6767769455909729,0.48721105,1.6240598,0.696266
borderline_obscure_34,borderline_obscure_real,30.149752370020234,0.0,0.46958256,1.9245588,0.7546946
borderline_fake_0,borderline_plausible_fake,9.104895229183427,0.2960364818572998,0.43750978,1.5810609,0.7744214
borderline_fake_2,borderline_plausible_fake,21.84743842505658,0.0,0.47701848,1.6258194,0.63228893
borderline_fake_3,borderline_plausible_fake,0.10397013174941336,0.8626440316438675,0.49451208,2.1294186,0.6893716
borderline_fake_4,borderline_plausible_fake,4.357008022912628,0.6232656538486481,0.47085643,1.7943689,0.73751676
borderline_fake_5,borderline_plausible_fake,24.43442603477368,0.0,0.47309822,2.1198113,0.66841006
borderline_fake_6,borderline_plausible_fake,5299.683638868231,0.0,0.4870888,2.0353286,0.685245
borderline_fake_7,borderline_plausible_fake,0.10397110080608699,0.8626438677310944,0.4946459,2.1299443,0.689193
borderline_fake_8,borderline_plausible_fake,87.84399409618416,5.960464477539063e-08,0.44536632,1.6398377,0.75451505
borderline_fake_9,borderline_plausible_fake,0.08270041408728035,0.8387248814105988,0.433385,1.8044778,0.69672966
borderline_fake_10,borderline_plausible_fake,3.6554627460588587,0.6316400766372681,0.53779554,1.9301388,0.64969784
borderline_fake_11,borderline_plausible_fake,1.9864599931847668,0.7889630198478699,0.5044669,2.011059,0.69827247
borderline_fake_12,borderline_plausible_fake,1.2373470593970568,0.8319752365350723,0.567103,1.9802552,0.6033945
borderline_fake_13,borderline_plausible_fake,2.039533396944593,0.6433647274971008,0.5561573,2.1424904,0.6700778
borderline_fake_14,borderline_plausible_fake,2.0417369618999532,0.6839723289012909,0.6466167,2.3496177,0.6608654
borderline_fake_15,borderline_plausible_fake,2.0875631699967143,0.6801198124885559,0.5720553,1.8035041,0.7523537
borderline_fake_16,borderline_plausible_fake,0.08269910960375051,0.8387249410152435,0.43344527,1.8045567,0.69676936
borderline_fake_17,borderline_plausible_fake,1.9794076766333442,0.84473817050457,0.4707663,2.1276767,0.73691165
borderline_fake_19,borderline_plausible_fake,59.48316664808986,-1.1920928955078125e-07,0.46701586,1.8111044,0.7520083
borderline_fake_20,borderline_plausible_fake,1.6244704828886212,0.8495541214942932,0.5010574,2.0346184,0.70177716
borderline_fake_21,borderline_plausible_fake,2.443366139534843,0.7401663661003113,0.4833951,2.0504577,0.7039257
borderline_fake_22,borderline_plausible_fake,4.418881500330154,0.4305065870285034,0.63963723,2.6336932,0.63696057
borderline_fake_23,borderline_plausible_fake,1.6771456681775478,0.8652254790067673,0.49922168,1.7629715,0.7415868
borderline_fake_24,borderline_plausible_fake,10.231181819075768,0.22005033493041992,0.57016385,1.938397,0.6691352
borderline_fake_27,borderline_plausible_fake,5227.047158030082,-1.1920928955078125e-07,0.4869718,1.7993355,0.7225599
borderline_fake_28,borderline_plausible_fake,9.422648240029845,0.29373854398727417,0.57150835,1.9977661,0.6466799
borderline_fake_29,borderline_plausible_fake,2.1445674480276327,0.7651330828666687,0.46567786,1.709749,0.7898755
borderline_fake_30,borderline_plausible_fake,2.3236632771748207,0.6755920052528381,0.5039873,1.9925023,0.6929341
borderline_fake_31,borderline_plausible_fake,5.663927044076328,0.4929189682006836,0.5425552,1.9328269,0.66218126
borderline_fake_32,borderline_plausible_fake,4.427476204139203,0.6010587811470032,0.49245894,1.8553724,0.6955054
borderline_fake_33,borderline_plausible_fake,1.7636540566201666,0.842082291841507,0.5079627,1.9110379,0.6836916
borderline_fake_34,borderline_plausible_fake,44.66567086247769,1.1920928955078125e-07,0.5658158,1.8782525,0.62483615
borderline_edge_0,borderline_edge_factual,,0.11021119356155396,0.48577303,1.9020959,0.6394974
borderline_edge_1,borderline_edge_factual,2.97201361826175,0.6603499054908752,0.46920592,1.8652304,0.800429
borderline_edge_2,borderline_edge_factual,,0.15102243423461914,0.44326568,2.599127,0.80826724
borderline_edge_3,borderline_edge_factual,0.34648965087956474,0.8182831853628159,0.45998424,1.8760504,0.80783087
borderline_edge_4,borderline_edge_factual,,0.1581980586051941,0.36720115,2.2057996,0.7040551
borderline_edge_5,borderline_edge_factual,,0.1102110743522644,0.48577303,1.9020959,0.6394974
borderline_edge_6,borderline_edge_factual,1.590814904521518,0.7972074598073959,0.4691497,1.8652717,0.8003802
borderline_edge_7,borderline_edge_factual,,0.1510218381881714,0.44327736,2.5990765,0.8082979
borderline_edge_8,borderline_edge_factual,0.3449605281576446,0.8182832300662994,0.45994657,1.8760589,0.80780506
borderline_edge_9,borderline_edge_factual,,0.1581975221633911,0.36724406,2.205734,0.7040868
borderline_edge_10,borderline_edge_factual,21.246090867595846,-1.1920928955078125e-07,0.4859118,1.9017625,0.6396384
borderline_edge_11,borderline_edge_factual,1.7869402836040196,0.7972072958946228,0.46915805,1.8652321,0.8003264
borderline_edge_12,borderline_edge_factual,,0.15102225542068481,0.4432268,2.5990262,0.8082952
borderline_edge_13,borderline_edge_factual,,0.18566852807998657,0.460032,1.8762509,0.8076525
borderline_edge_14,borderline_edge_factual,,0.1581980586051941,0.36724406,2.205734,0.7040868
borderline_edge_15,borderline_edge_factual,,0.1102113127708435,0.48587102,1.902032,0.6396103
borderline_edge_16,borderline_edge_factual,1.8845584902608434,0.7972075939178467,0.46920246,1.8651996,0.8004231
borderline_edge_17,borderline_edge_factual,,0.15102225542068481,0.44326568,2.599127,0.80826724
borderline_edge_18,borderline_edge_factual,,0.18566888570785522,0.460032,1.8762509,0.8076525
borderline_edge_19,borderline_edge_factual,,0.1581975221633911,0.36724406,2.205734,0.7040868
factual_001,factual,6.919986240223588,0.3736777901649475,0.4635316,2.4385455,0.78322554
factual_002,factual,39.92788287087289,5.960464477539063e-08,0.46927875,2.129188,0.7335818
factual_003,factual,19.44227284045811,0.010906100273132324,0.44521004,1.9967084,0.77503383
factual_004,factual,92.80739373937082,0.0,0.51209813,2.351087,0.70619375
factual_005,factual,0.6345118731273972,0.8503760099411011,0.5535692,1.9986558,0.6295458
factual_006,factual,8.540191053581665,0.32356059551239014,0.38397932,1.9676414,0.8012012
factual_007,factual,10.305942241825326,0.26906412839889526,0.50327164,2.1059208,0.74470484
factual_008,factual,11.074505820072291,0.21528226137161255,0.40444827,1.9925994,0.78908426
factual_009,factual,0.8591260367807927,0.8263063132762909,0.4621011,1.855786,0.64773935
factual_010,factual,4.8902223773543385,0.5439069271087646,0.4748925,1.7781708,0.75348485
factual_011,factual,3.476517079100158,0.6400485336780548,0.45048434,2.1755056,0.7075667
factual_012,factual,10.505543251134792,0.12578028440475464,0.48994136,2.536208,0.810518
factual_013,factual,4.7446783900597485,0.622250497341156,0.44300795,1.8899659,0.7134836
factual_014,factual,2.3333620300113473,0.6493771374225616,0.5156697,2.4510818,0.803683
factual_015,factual,23.97127399065601,0.0,0.45309603,2.0378637,0.7573508
factual_016,factual,17.08257775396319,0.06897813081741333,0.42741042,1.8397964,0.7372279
factual_017,factual,23.133070492253943,-1.1920928955078125e-07,0.4479589,1.733504,0.7772445
factual_018,factual,5.745511238011254,0.5146194100379944,0.385979,1.5419567,0.77399
factual_019,factual,10.299511045035148,0.2964317202568054,0.41866237,1.8742222,0.79881
factual_020,factual,6.55515941096925,0.43632805347442627,0.38594508,2.1200118,0.73013854
factual_021,factual,15.989706943333864,0.09925436973571777,0.4315235,2.0050993,0.69446516
factual_022,factual,7.321671992270383,0.2677485942840576,0.49758303,2.4337695,0.8049048
factual_023,factual,12.620271948803442,0.2040112018585205,0.48482347,2.2050552,0.7251579
factual_024,factual,23.29235779242951,-1.1920928955078125e-07,0.4989643,2.089906,0.7382679
factual_025,factual,22.793543248517,5.960464477539063e-08,0.45797718,2.0563693,0.7445398
factual_026,factual,36.27230688696345,5.960464477539063e-08,0.46487474,2.331598,0.8194883
factual_027,factual,4.5223626904625185,0.5206571817398071,0.38989574,1.9667598,0.787484
factual_028,factual,4.842296833130443,0.5217270851135254,0.41690814,1.9858083,0.75301504
factual_029,factual,12.360600421125842,0.163527250289917,0.50377476,1.857735,0.81987244
factual_030,factual,3.316919501829897,0.6288645267486572,0.4452594,1.8494191,0.69740444
factual_031,factual,34.51533903884134,0.0,0.43478787,1.9217675,0.7759938
factual_032,factual,25.48923136759201,-1.1920928955078125e-07,0.4624328,2.1170917,0.7029282
factual_033,factual,114.60980909462845,0.0,0.45878565,1.7595799,0.78127766
factual_034,factual,38.682556795432255,0.0,0.44748986,1.9622824,0.79191124
factual_035,factual,4.841005794950106,0.4864763617515564,0.4118539,1.5776873,0.80266875
factual_036,factual,11.348113807054787,0.10544657707214355,0.47577953,2.3505716,0.81857383
factual_037,factual,1.1906849142795257,0.6878377795219421,0.497275,2.5119498,0.71996987
factual_038,factual,4.568810542359874,0.511774480342865,0.4980191,2.5722468,0.80533814
factual_039,factual,23.15765910441215,-1.1920928955078125e-07,0.5037843,1.6727883,0.6905414
factual_040,factual,37.57646931850481,0.0,0.49114668,2.7418997,0.7639893
factual_041,factual,6.066450406538607,0.4138329029083252,0.41002572,1.8696758,0.78484017
factual_042,factual,2.041261991514582,0.6610607504844666,0.39290702,1.970971,0.80371106
factual_043,factual,2.4452756554786945,0.716740071773529,0.4913383,1.9907469,0.7873746
factual_044,factual,7.6160380520089666,0.4161137342453003,0.4328425,1.8368095,0.7907418
factual_045,factual,48.2536136670554,0.0,0.4171344,1.9551244,0.7958563
factual_046,factual,391.9968596203379,-1.1920928955078125e-07,0.43373293,1.6948478,0.7663791
factual_047,factual,4.483823352943739,0.39148247241973877,0.49374896,2.7050092,0.78349406
factual_048,factual,2.4659413959529655,0.661060631275177,0.39086646,2.0003355,0.8029945
factual_049,factual,0.6451673637271174,0.8314358443021774,0.5778022,1.986341,0.6265775
factual_050,factual,0.8167680412521701,0.8369049280881882,0.46407878,1.7972769,0.68732953
factual_051,factual,109.5498310904737,-1.1920928955078125e-07,0.47946453,2.3898003,0.65520966
factual_052,factual,9.715229230667783,0.24930721521377563,0.4207232,1.6365302,0.79163384
factual_053,factual,16.191776026138907,0.05568993091583252,0.46906734,2.4839323,0.7667514
factual_054,factual,17.660781591632844,0.04353010654449463,0.43244904,1.6818366,0.76762307
factual_055,factual,4.6837627716005485,0.5131609439849854,0.4340191,1.8612837,0.8027909
factual_056,factual,3.8356338762334135,0.5795331001281738,0.42624748,1.8770773,0.79356164
factual_057,factual,24.800103843646944,0.0,0.3563413,1.5373771,0.7821449
factual_058,factual,4.106891635036252,0.5657083094120026,0.50930005,1.959349,0.83396053
factual_059,factual,5.195992661223286,0.40764403343200684,0.47215623,2.1859217,0.79244065
factual_060,factual,2.817543208518521,0.6923488974571228,0.40476745,1.5114223,0.86100787
factual_061,factual,5.014171494441916,0.4842754006385803,0.5198947,1.8784337,0.79008216
factual_062,factual,8.821836248120349,0.3436092734336853,0.42003435,1.85827,0.8090577
factual_063,factual,6.934484698409392,0.41452986001968384,0.4150262,1.8083733,0.70986235
factual_064,factual,21.352023059684385,1.1920928955078125e-07,0.46170205,2.3420317,0.81746674
factual_065,factual,14.738399737598895,0.039473652839660645,0.44865865,2.3731885,0.76929927
factual_066,factual,24.467060056693374,0.0,0.4534287,1.7799608,0.8015121
factual_067,factual,2.3002149782828063,0.7086367905139923,0.4367007,1.8895515,0.7478386
factual_068,factual,11.027389172534155,0.10540121793746948,0.47275567,2.728963,0.79761946
factual_069,factual,4.748509688510605,0.5295510590076447,0.40245092,1.889014,0.7919642
factual_070,factual,9.893538942371482,0.14996320009231567,0.46170425,1.9930173,0.81978357
factual_071,factual,8.090668134609489,0.3167351484298706,0.5114517,1.9119992,0.8148841
factual_072,factual,7.043611831327044,0.25171327590942383,0.4660805,2.3912976,0.80780107
factual_073,factual,17.53570540143361,0.015835940837860107,0.481085,2.1185143,0.8266805
factual_074,factual,3.8119466875093724,0.6303814649581909,0.42260402,1.7957944,0.7403551
factual_075,factual,286.966535237888,-1.1920928955078125e-07,0.5354395,1.8118128,0.7935783
factual_076,factual,4.084825817363987,0.5071207582950592,0.43231297,1.7618575,0.7928811
factual_077,factual,4.259128197359321,0.48288774490356445,0.5100032,2.523737,0.7613057
factual_078,factual,89.38027131187347,0.0,0.42986697,1.8471239,0.8120132
factual_079,factual,20.102323788287286,5.960464477539063e-08,0.4671719,2.6562355,0.80249375
factual_080,factual,7.053751632475556,0.28587740659713745,0.45568693,2.3739812,0.80079395
factual_081,factual,4.688321849975632,0.5833674073219299,0.46849525,1.6430702,0.8066307
factual_082,factual,85.42373390521064,5.960464477539063e-08,0.45084292,2.1314561,0.78462446
factual_083,factual,24.25083762296934,-1.1920928955078125e-07,0.41535765,1.9063348,0.80295897
factual_084,factual,10.500258560139994,0.10359489917755127,0.48312598,1.9971844,0.8413757
factual_085,factual,69.41888140714485,1.1920928955078125e-07,0.40363646,1.9641991,0.78005075
factual_086,factual,1.7628747991481317,0.8118135035037994,0.5204482,2.2874386,0.83108234
factual_087,factual,4.893373118761136,0.6354438066482544,0.36029053,1.4971023,0.860316
factual_088,factual,9.511967160125147,0.24894475936889648,0.36178488,1.6822512,0.8138958
factual_089,factual,3.6791486817887664,0.6030051410198212,0.43472075,1.6209668,0.8241623
factual_090,factual,1.9159165887554035,0.8240542262792587,0.35344678,1.5838653,0.82241356
factual_091,factual,6.1535806036883045,0.4244633913040161,0.4056499,1.5001259,0.85781074
factual_092,factual,13.811797236256016,0.15708476305007935,0.4353345,1.7950394,0.7480696
factual_093,factual,18.25918013097667,0.007760524749755859,0.48322994,2.626297,0.79211676
factual_094,factual,22.279646836222486,5.960464477539063e-08,0.45986056,2.1206856,0.8005605
factual_095,factual,17.903033729889174,0.04913735389709473,0.42838788,1.9626081,0.79377973
factual_096,factual,32.40213120888406,0.0,0.46270108,2.2004058,0.8090995
factual_097,factual,7.21037271198946,0.20623528957366943,0.4905843,2.2732162,0.8237967
factual_098,factual,7.078935848418125,0.2634516954421997,0.4505794,2.5131927,0.7457584
impossible_001,impossible,5.961062261333627,0.45208120346069336,0.5267983,1.8573716,0.82456636
impossible_002,impossible,39.751302260726995,1.7881393432617188e-07,0.5225947,1.8884861,0.8122139
impossible_003,impossible,7.297004415355001,0.2862834334373474,0.58603644,2.1681473,0.6964416
impossible_004,impossible,10.895446670139435,0.2255185842514038,0.5779023,1.754973,0.70000076
impossible_005,impossible,27.8381180433342,-1.1920928955078125e-07,0.48895907,1.8379122,0.6283985
impossible_006,impossible,87.6987201974202,0.0,0.46587402,1.8191816,0.7464869
impossible_007,impossible,16.04521906661437,0.0629163384437561,0.51749504,1.6192157,0.6471985
impossible_008,impossible,4.141301807646203,0.5358478128910065,0.4181074,1.937319,0.66655946
impossible_009,impossible,3.494123930567026,0.5736707150936127,0.5223434,2.1559558,0.7189022
impossible_010,impossible,1.5977424476523954,0.8577427119016647,0.4319241,1.5881536,0.78029543
impossible_011,impossible,10.675102117884805,0.2290889024734497,0.5394844,2.021146,0.67935735
impossible_012,impossible,4.160130091348358,0.49263131618499756,0.5414542,2.318937,0.6653682
impossible_013,impossible,4190.613937300206,-1.1920928955078125e-07,0.3921005,2.275097,0.6764488
impossible_014,impossible,8.99276861158401,0.33969151973724365,0.5148108,1.7316024,0.622174
impossible_015,impossible,19.32098278126095,0.005604445934295654,0.51549023,2.0185506,0.7647205
impossible_016,impossible,52.77855067300476,1.7881393432617188e-07,0.59636986,2.1264355,0.73498845
impossible_017,impossible,1.194015098612976,0.7549029588699341,0.46169835,1.7495584,0.6818293
impossible_018,impossible,1.2724353045474055,0.8260975480079651,0.5628128,1.7851838,0.7469237
impossible_019,impossible,0.8179349166786761,0.7906314879655838,0.53646016,1.8574833,0.69264394
impossible_020,impossible,5.8356147921208565,0.4678361415863037,0.3867482,1.4085289,0.8351369
impossible_021,impossible,13.625747515152327,0.12453722953796387,0.49824017,1.9442233,0.67776513
impossible_022,impossible,3.271918004376088,0.5977554321289062,0.5471537,2.1194153,0.7096609
impossible_023,impossible,6.460361961599713,0.3924691677093506,0.59046316,2.1227832,0.8050055
impossible_024,impossible,7.93294461916552,0.3013986349105835,0.57706606,1.8594625,0.7930683
impossible_025,impossible,1.996642988597015,0.815125122666359,0.47883528,1.9844818,0.701427
impossible_026,impossible,13.573878972995594,0.09344643354415894,0.57095665,1.8237591,0.7871853
impossible_027,impossible,6.452738777731934,0.3357607126235962,0.48118567,1.7455502,0.66369176
impossible_028,impossible,12.418667362464308,0.11225974559783936,0.51317173,1.9326216,0.6657542
impossible_029,impossible,36.62702006162869,0.0,0.5403719,2.0491693,0.7808747
impossible_030,impossible,41.00816281573375,-1.1920928955078125e-07,0.50147295,2.2837737,0.7218285
nonexistent_001,nonexistent,2.1905904013630395,0.707756906747818,0.55732906,2.133568,0.65891963
nonexistent_002,nonexistent,5.840859431171952,0.47314727306365967,0.5107517,2.0129526,0.6893108
nonexistent_003,nonexistent,8.52693405598978,0.3032248020172119,0.52455467,1.8617872,0.72292364
nonexistent_004,nonexistent,170.23723506306516,-1.1920928955078125e-07,0.5364844,1.916409,0.6337112
nonexistent_005,nonexistent,49.709915216345216,-1.1920928955078125e-07,0.5700493,1.923031,0.71791524
nonexistent_006,nonexistent,442.9602860132291,5.960464477539063e-08,0.5363331,1.8560898,0.7232795
nonexistent_007,nonexistent,5.015568930300274,0.3536245822906494,0.5639247,3.1821468,0.6797257
nonexistent_008,nonexistent,7.6706443210267565,0.14411598443984985,0.52852726,3.070994,0.572539
nonexistent_009,nonexistent,5.586431110796263,0.4933054447174072,0.52121633,1.9915224,0.6683739
nonexistent_010,nonexistent,15.210086559119192,0.09803539514541626,0.45778167,2.225632,0.64519715
nonexistent_011,nonexistent,109.04185766697292,0.0,0.5443804,1.981701,0.6161033
nonexistent_012,nonexistent,509.5790674003237,5.960464477539063e-08,0.42758512,2.2879424,0.7200315
nonexistent_013,nonexistent,92.34148696596974,0.0,0.63804245,4.0174136,0.573838
nonexistent_014,nonexistent,6.784785606345757,0.36930519342422485,0.5110321,2.1889737,0.5924022
nonexistent_015,nonexistent,1.909138598924014,0.7860263586044312,0.48505402,1.9938165,0.6352378
nonexistent_016,nonexistent,13.24929480515596,0.053037285804748535,0.51619154,4.0555964,0.6319056
nonexistent_017,nonexistent,7.437117173426512,0.3582855463027954,0.5000801,2.1392171,0.6076853
nonexistent_018,nonexistent,7.100593228579382,0.3919968605041504,0.53369176,1.8958725,0.7442814
nonexistent_019,nonexistent,6.442977103282162,0.2819666862487793,0.51348245,4.1394057,0.58304
nonexistent_020,nonexistent,4.488036748621482,0.5315260589122772,0.4540866,1.9931935,0.7442239
nonexistent_021,nonexistent,4.434923548976963,0.5391759276390076,0.48408043,1.9500598,0.6302273
nonexistent_022,nonexistent,2.585483200354569,0.5934997498989105,0.6454229,2.1872077,0.6050684
nonexistent_023,nonexistent,5.781646326460143,0.349916934967041,0.53932095,3.0759552,0.64110744
nonexistent_024,nonexistent,43.07723671955288,0.0,0.55383444,2.4907959,0.6291388
nonexistent_025,nonexistent,1.4795417210049007,0.8206393420696259,0.46900588,1.8145884,0.7135812
nonexistent_026,nonexistent,131.05525813871554,5.960464477539063e-08,0.5395912,2.0029714,0.7019417
nonexistent_027,nonexistent,4.896821973683971,0.4351576566696167,0.59426534,2.911814,0.4831637
nonexistent_028,nonexistent,37.34356185483397,1.1920928955078125e-07,0.496211,1.7751899,0.74633133
nonexistent_029,nonexistent,133.27673593572183,0.0,0.5259839,3.1640658,0.5799395
nonexistent_030,nonexistent,2.728514142570144,0.5965674519538879,0.581509,2.048872,0.7488545
nonexistent_031,nonexistent,4.326934828978407,0.44645655155181885,0.561638,3.3736684,0.64638996
nonexistent_032,nonexistent,2.604855616902822,0.5890752375125885,0.52136284,3.320056,0.5995553
nonexistent_033,nonexistent,2.70897043252628,0.5571696162223816,0.5600624,2.1780918,0.7365382
nonexistent_034,nonexistent,3.1122619445682433,0.4738540053367615,0.5510848,3.2435193,0.6132095
nonexistent_035,nonexistent,99.91853136926048,5.960464477539063e-08,0.49436373,2.1313407,0.6536495
nonexistent_036,nonexistent,2.3419760260792573,0.6195580363273621,0.56340086,2.1724842,0.63174254
nonexistent_037,nonexistent,1.4230063155323418,0.7779452502727509,0.48142827,1.9180598,0.6886817
nonexistent_038,nonexistent,2.4193463306572385,0.7129573225975037,0.63275176,3.2272666,0.5591707
nonexistent_039,nonexistent,86.8122496473314,5.960464477539063e-08,0.58882356,2.795974,0.5202024
nonexistent_040,nonexistent,2.5989636345737184,0.6684815287590027,0.58551836,3.1387916,0.53490955
nonexistent_041,nonexistent,10.857936119112814,0.229808509349823,0.5627183,1.8956344,0.63072795
nonexistent_042,nonexistent,6.304626364475389,0.39444518089294434,0.50747806,1.706496,0.7713795
nonexistent_043,nonexistent,4.513464623953634,0.5511400699615479,0.5283605,1.8080853,0.67246485
nonexistent_044,nonexistent,5.0355434648442055,0.36348122358322144,0.48608637,3.5838115,0.6305846
nonexistent_045,nonexistent,5.213101785146658,0.4595586061477661,0.4688236,1.9407521,0.67610455
nonexistent_046,nonexistent,3.8910154000079085,0.5536935925483704,0.54230654,1.922178,0.7224841
nonexistent_047,nonexistent,5.901602068928643,0.3512672781944275,0.47442675,2.1185694,0.6587855
nonexistent_048,nonexistent,10.31184033970798,0.15358871221542358,0.47350943,2.0850873,0.65371406
nonexistent_049,nonexistent,24.78940387419026,5.960464477539063e-08,0.55931604,1.8484298,0.65739757
nonexistent_050,nonexistent,3.4678805573713736,0.49097639322280884,0.5539017,3.329425,0.649353
nonexistent_051,nonexistent,1.7568046901693817,0.7575003504753113,0.4642132,1.9876932,0.6824648
nonexistent_052,nonexistent,6.166058978144254,0.3180646300315857,0.52112114,2.073375,0.61371666
nonexistent_053,nonexistent,10.367222153820295,0.1410793662071228,0.562191,1.9620111,0.6684882
nonexistent_054,nonexistent,13.58678704603146,0.024043262004852295,0.4859022,2.6620016,0.59331286
nonexistent_055,nonexistent,31.246120911870456,-1.1920928955078125e-07,0.5276027,3.9206614,0.63303286
nonexistent_056,nonexistent,7.671475585467183,0.2581964135169983,0.49930567,2.300062,0.6289452
nonexistent_057,nonexistent,2.0905358460228087,0.6015429496765137,0.45258552,1.9646618,0.74622744
nonexistent_058,nonexistent,3.022181231265852,0.577889621257782,0.53709006,1.9605023,0.7116132
nonexistent_059,nonexistent,38.14916513535906,-1.1920928955078125e-07,0.58194226,3.0473118,0.52340853
nonexistent_060,nonexistent,30.26762518023997,-1.1920928955078125e-07,0.5136698,4.560976,0.61794853
nonexistent_061,nonexistent,8.71602606383977,0.2040473222732544,0.49843955,2.8163419,0.6504072
nonexistent_062,nonexistent,14.416434713025172,0.02560824155807495,0.50443625,4.0073447,0.6493201
nonexistent_063,nonexistent,28.739575892436537,0.0,0.46041328,3.1591713,0.7016938
nonexistent_064,nonexistent,1.2034319713550008,0.8486777096986771,0.6135169,3.1338623,0.5742394
nonexistent_065,nonexistent,31.571456445671746,-1.1920928955078125e-07,0.5441453,2.9542558,0.66972613
nonexistent_066,nonexistent,87.98518609080256,5.960464477539063e-08,0.43815738,1.8806123,0.6724781
nonexistent_067,nonexistent,3.000816328866777,0.4738534688949585,0.547153,3.1774096,0.6285222
nonexistent_068,nonexistent,84.41362559105711,1.1920928955078125e-07,0.48420691,1.7136554,0.7868663
nonexistent_069,nonexistent,6.3477170060213055,0.2508673667907715,0.5079981,2.4166834,0.6557197
nonexistent_070,nonexistent,6.2543471990329875,0.253254234790802,0.5244689,3.0400186,0.5835203
nonexistent_071,nonexistent,3.346665231763607,0.5809320211410522,0.5045552,2.0409145,0.740613
nonexistent_072,nonexistent,1.2479790245224684,0.8065932542085648,0.45242733,1.8548348,0.6741556
nonexistent_073,nonexistent,2.7986977056712727,0.6751761436462402,0.6385113,2.9686809,0.6306055
nonexistent_074,nonexistent,10.262709627535786,0.058850228786468506,0.5262972,3.0588758,0.58294135
nonexistent_075,nonexistent,2952.156432489399,0.0,0.44661063,3.1618516,0.69671017
nonexistent_076,nonexistent,19.797074048534775,0.0016300678253173828,0.54603136,3.219128,0.65180296
nonexistent_077,nonexistent,16.70839204461921,0.05352342128753662,0.48193556,1.9373783,0.705176
nonexistent_078,nonexistent,6.331737524798782,0.27997148036956787,0.6397093,3.0141838,0.5998149
nonexistent_079,nonexistent,283.4302632179815,0.0,0.5783893,2.947489,0.56557864
nonexistent_080,nonexistent,19.044479089845222,0.0007856488227844238,0.57821095,3.1165571,0.56387556
nonexistent_081,nonexistent,4.008248375365705,0.4523305892944336,0.572286,3.4145095,0.65272856
nonexistent_082,nonexistent,32.84843897828661,1.1920928955078125e-07,0.50514996,3.9148548,0.62486786
nonexistent_083,nonexistent,6.6446327666834,0.2449970245361328,0.5201431,3.090608,0.5897086
nonexistent_084,nonexistent,7.587644830251415,0.16437023878097534,0.4561544,2.515713,0.59593403
nonexistent_085,nonexistent,3.2942825386717813,0.5436025857925415,0.57896674,3.1563041,0.59396297
nonexistent_086,nonexistent,6.9740935733227,0.27392667531967163,0.5256027,3.1662996,0.5801638
nonexistent_087,nonexistent,30.89664824852725,0.0,0.52701,3.0423932,0.57734716
nonexistent_088,nonexistent,32.753392514703066,-1.1920928955078125e-07,0.62143123,3.9338923,0.5680987
nonexistent_089,nonexistent,13.67212304507843,0.013914823532104492,0.6587336,3.2249625,0.5739221
nonexistent_090,nonexistent,4.590782638735684,0.5070915818214417,0.65471745,3.655577,0.60334355
nonexistent_091,nonexistent,14.686976517291466,0.022590994834899902,0.500922,3.8452125,0.6040405
nonexistent_092,nonexistent,3.4124380820908904,0.5339092016220093,0.61404675,3.0314767,0.48451054
nonexistent_093,nonexistent,3.196456869297805,0.615505576133728,0.62179136,3.2491822,0.5774343
nonexistent_094,nonexistent,9.416627722384247,0.0983085036277771,0.5295806,2.6368227,0.5804393
nonexistent_095,nonexistent,7.955751473812794,0.24027901887893677,0.51482415,2.6971357,0.6927149
nonexistent_096,nonexistent,3.8261874609307207,0.49314337968826294,0.52837986,3.152055,0.6324376
nonexistent_097,nonexistent,5.573316260697423,0.3886076807975769,0.48572308,3.7937696,0.6194817
nonexistent_098,nonexistent,29.349374664273398,0.0,0.52269804,3.55397,0.60869
nonexistent_099,nonexistent,14.68339827854972,0.015213966369628906,0.5142814,4.586257,0.5792577
nonexistent_100,nonexistent,3.053300491257112,0.44287145137786865,0.504327,2.3667243,0.72335243
nonexistent_101,nonexistent,267.8912516654449,1.1920928955078125e-07,0.45893568,2.1624262,0.70905536
nonexistent_102,nonexistent,4.5627519210659795,0.4883706569671631,0.63508666,3.5193946,0.55761635
nonexistent_103,nonexistent,18.794164636560534,0.0018260478973388672,0.63802576,3.3748016,0.56056464
nonexistent_104,nonexistent,4.2852008775391965,0.42082643508911133,0.5517171,3.0406759,0.6379305
nonexistent_105,nonexistent,1.974803772807148,0.8585641831159592,0.6303073,3.1933556,0.5951624
nonexistent_106,nonexistent,2.1232336696964467,0.6658516228199005,0.6421963,2.901638,0.6553172
nonexistent_107,nonexistent,8.797340119630645,0.22893494367599487,0.64460194,2.8137455,0.6087716
nonexistent_108,nonexistent,5.167076564728296,0.4305122494697571,0.6053657,3.1877697,0.5630764
nonexistent_109,nonexistent,10.712783978984644,0.06231856346130371,0.48028558,3.139695,0.6880266
nonexistent_110,nonexistent,3.8818082464168007,0.5457969903945923,0.6498206,3.1109262,0.5928355
nonexistent_111,nonexistent,10.776521494835299,0.04174143075942993,0.4665895,2.3516226,0.6911663
nonexistent_112,nonexistent,3.5556384447370997,0.5906793773174286,0.61793375,3.6895366,0.57697344
nonexistent_113,nonexistent,14.338786979195266,0.01524209976196289,0.51109195,3.7837656,0.59947026
nonexistent_114,nonexistent,8.27683299156337,0.151076078414917,0.49761987,3.930483,0.6257533
nonexistent_115,nonexistent,8.108279931172092,0.1486538052558899,0.53696656,3.350349,0.6186533
nonexistent_116,nonexistent,30.680385525159622,0.0,0.46754938,2.649707,0.6190899
nonexistent_117,nonexistent,8.33985943662805,0.18552052974700928,0.48845094,3.7935805,0.6261163
nonexistent_118,nonexistent,15.115970808180917,0.005219399929046631,0.46660787,3.1633444,0.69253737
nonexistent_119,nonexistent,20.224450904095875,5.960464477539063e-08,0.44675767,2.268611,0.6980432
nonexistent_120,nonexistent,3.163237607520554,0.4104883670806885,0.46768683,2.4542108,0.7054169
v5_factual_0001,factual,5.8472759083536605,0.5532735586166382,0.4051773,1.8726248,0.7595631
v5_factual_0002,factual,25.617152598227708,5.960464477539063e-08,0.3837906,1.9816434,0.7711306
v5_factual_0003,factual,28.494003781007287,5.960464477539063e-08,0.47090822,1.8275712,0.7185727
v5_factual_0004,factual,56.34215910569686,0.0,0.44671428,1.5165222,0.770058
v5_factual_0005,factual,2.4954698516406717,0.6382942795753479,0.4468726,2.2923427,0.78705573
v5_factual_0006,factual,13.540805962978757,0.12164503335952759,0.41608763,2.2738867,0.7882829
v5_factual_0007,factual,6.024997654511575,0.459399938583374,0.4429614,1.7913017,0.8154068
v5_factual_0008,factual,15.28095111014767,0.10389870405197144,0.46579212,1.8032576,0.7828235
v5_factual_0009,factual,27.554645583098463,0.0,0.48556453,1.7000401,0.800251
v5_factual_0010,factual,2.4620506855703703,0.746345728635788,0.41609144,1.7716781,0.766321
v5_factual_0011,factual,12.984325674302479,0.23186439275741577,0.3798244,1.871009,0.8170058
v5_factual_0012,factual,3.5678683744237936,0.6940163969993591,0.4716118,1.7352403,0.78723705
v5_factual_0013,factual,6.176057712651727,0.2763792872428894,0.46100074,2.0528877,0.8071472
v5_factual_0014,factual,9.509890006645415,0.2592376470565796,0.43431175,1.7372297,0.8108015
v5_factual_0015,factual,15.331916479736043,0.06407910585403442,0.48655742,2.121318,0.7629962
v5_factual_0016,factual,4.565404627144147,0.45199137926101685,0.44037074,2.4356115,0.7773738
v5_factual_0017,factual,48.17978089530942,0.0,0.41490036,1.9962869,0.8527617
v5_factual_0018,factual,7.764839964182319,0.4063207507133484,0.32213944,1.9889942,0.8145763
v5_factual_0019,factual,6.260155223880597,0.34669721126556396,0.45869863,2.256564,0.786063
v5_factual_0020,factual,8.802506822189434,0.32472825050354004,0.45719552,1.7793812,0.7142401
v5_factual_0021,factual,3.5169359763223556,0.6537177562713623,0.5413871,1.961512,0.71610755
v5_factual_0022,factual,35.906544026255936,5.960464477539063e-08,0.47128373,1.7567817,0.7677507
v5_factual_0023,factual,12.68986575763005,0.09239745140075684,0.4986533,2.317831,0.7493236
v5_factual_0024,factual,6.115422233266802,0.3690502643585205,0.49573326,2.239306,0.7605926
v5_factual_0025,factual,3.1402044784537897,0.5415039658546448,0.47201878,2.1582847,0.76246065
v5_factual_0026,factual,3.1898558679796554,0.5938850045204163,0.47040445,1.8577659,0.7655722
v5_factual_0027,factual,35.45018375138071,0.0,0.44925827,1.9999077,0.76107174
v5_factual_0028,factual,10.361582904874396,0.22337132692337036,0.5168922,1.7140341,0.8820478
v5_factual_0029,factual,4.06737594111557,0.4820750951766968,0.35586488,2.207428,0.78660315
v5_factual_0030,factual,1.4832362512877697,0.8742218613624573,0.46404803,1.697418,0.80458325
v5_factual_0031,factual,16.333068817998562,0.029795408248901367,0.4632591,2.2066636,0.7725414
v5_factual_0032,factual,7.965498634886744,0.3412582278251648,0.40059817,2.1443114,0.82773423
v5_factual_0033,factual,18.320494369614927,0.013772249221801758,0.45629615,1.932141,0.833187
v5_factual_0034,factual,7.536692329963346,0.25286340713500977,0.42412782,2.2251809,0.8005184
v5_factual_0035,factual,28.479526360187233,0.0,0.45062816,2.0304573,0.7434715
v5_factual_0036,factual,12.961294304968522,0.23292505741119385,0.4496106,1.7545818,0.82832944
v5_factual_0037,factual,12.889332518717314,0.18006300926208496,0.44602197,1.8525448,0.81749487
v5_factual_0038,factual,6.165985894528709,0.347265362739563,0.39224702,2.0789452,0.8549404
v5_factual_0039,factual,6.18737678166691,0.41093844175338745,0.45240217,2.2873385,0.8156382
v5_factual_0040,factual,5.269484722672084,0.4637516736984253,0.49094385,2.0264037,0.69774735
v5_factual_0041,factual,24.918848619052454,0.0,0.48978376,1.8620222,0.89353025
v5_factual_0042,factual,8.74193801143271,0.28071773052215576,0.53621554,2.0975673,0.72955805
v5_factual_0043,factual,6.403603712607202,0.21784144639968872,0.47483873,2.0392432,0.7480368
v5_factual_0044,factual,3.8160560475589507,0.5578005313873291,0.49904037,2.5038366,0.77608925
v5_factual_0045,factual,6.965034230541658,0.4508630037307739,0.4279228,1.8364716,0.7849592
v5_factual_0046,factual,2.246844504411905,0.7151761054992676,0.4767213,1.7885529,0.8560847
v5_factual_0047,factual,5.32456084324191,0.5051325261592865,0.4515406,2.365846,0.7660552
v5_factual_0048,factual,27.55185134968278,0.0,0.46236527,1.705834,0.7941074
v5_factual_0049,factual,18.110901666812737,0.02290332317352295,0.41945082,1.9690702,0.8233196
v5_factual_0050,factual,10.06608675565702,0.2096790075302124,0.52922225,1.813459,0.7502363
v5_factual_0051,factual,3.9750572338559063,0.6213817000389099,0.46527344,1.8975973,0.8292731
v5_factual_0052,factual,11.26372999084754,0.1775193214416504,0.36590934,1.7780102,0.87742025
v5_factual_0053,factual,16.79442188522141,0.03622931241989136,0.53456783,2.164005,0.67603654
v5_factual_0054,factual,127.05107841303209,5.960464477539063e-08,0.4344409,1.9083784,0.8628134
v5_factual_0055,factual,2.315164213158235,0.7199174463748932,0.49442583,1.8480468,0.79695064
v5_factual_0056,factual,11.837026903366528,0.2755611538887024,0.38808352,1.9651773,0.7791805
v5_factual_0057,factual,2.910245738874507,0.6728745698928833,0.45490414,2.3251238,0.7647679
v5_factual_0058,factual,36.49229185165015,1.1920928955078125e-07,0.45608854,1.6160306,0.8207481
v5_factual_0059,factual,28.7935977675252,-1.1920928955078125e-07,0.43327773,2.0661423,0.80307066
v5_factual_0060,factual,7.965978960723058,0.3521121144294739,0.3807884,1.7269305,0.8887555
v5_factual_0061,factual,5.407710392584986,0.4803754687309265,0.4600339,1.9932693,0.81457543
v5_factual_0062,factual,170.31282822644744,5.960464477539063e-08,0.41546398,1.950399,0.80942583
v5_factual_0063,factual,2.7829361779948174,0.710631251335144,0.462911,1.673466,0.7451446
v5_factual_0064,factual,4.4629745074783855,0.5067594349384308,0.40647036,1.863576,0.8551771
v5_factual_0065,factual,32.190448266535284,5.960464477539063e-08,0.5254574,1.8627014,0.7839949
v5_factual_0066,factual,32.088391603108505,-1.1920928955078125e-07,0.44907725,2.1504529,0.80380094
v5_factual_0067,factual,10.512749842603721,0.16683518886566162,0.43166167,2.277023,0.851744
v5_factual_0068,factual,336.1111925331567,5.960464477539063e-08,0.44562805,1.9301968,0.8531401
v5_factual_0069,factual,20.541987050768434,5.960464477539063e-08,0.4584658,1.9194806,0.74896264
v5_factual_0070,factual,63.44503234170233,0.0,0.45142198,1.6806177,0.80063856
v5_factual_0071,factual,1044.3784705635615,0.0,0.5028733,1.7570643,0.744787
v5_factual_0072,factual,21.91187853868054,0.0,0.43978179,1.6180352,0.78349453
v5_factual_0073,factual,8.601055688196393,0.2228735089302063,0.40871483,2.1454456,0.7669228
v5_factual_0074,factual,98.75517625921282,5.960464477539063e-08,0.45809376,1.8934151,0.7480559
v5_factual_0075,factual,296.39419029838876,5.960464477539063e-08,0.41951752,1.7228836,0.82868284
v5_factual_0076,factual,2.7598803414726025,0.7471692860126495,0.47398525,1.8864071,0.76895565
v5_factual_0077,factual,52.54596621548811,5.960464477539063e-08,0.4126407,2.0461104,0.801599
v5_factual_0078,factual,8.28899602637751,0.32768166065216064,0.44151783,2.1532986,0.795629
v5_factual_0079,factual,1.1546264951470455,0.740123838186264,0.46528715,1.7424612,0.7682212
v5_factual_0080,factual,34.15633493421066,5.960464477539063e-08,0.4536662,1.8208214,0.78172696
v5_factual_0081,factual,59.10772468290219,0.0,0.31194943,1.9542183,0.8085748
v5_factual_0082,factual,2.3339024845579357,0.6230833530426025,0.4590389,2.0682058,0.79070234
v5_factual_0083,factual,20.758469984232143,-1.1920928955078125e-07,0.44955665,1.8287898,0.8070942
v5_factual_0084,factual,4.9100212222450335,0.5601869821548462,0.40147454,2.030883,0.77806616
v5_factual_0085,factual,15.07174449243733,0.04924571514129639,0.46053118,2.1954882,0.76952976
v5_factual_0086,factual,5.3505212002942635,0.4578074812889099,0.4536745,2.3083606,0.86502445
v5_factual_0087,factual,2.7019698905834653,0.7036145925521851,0.4300477,1.9046435,0.6859803
v5_factual_0088,factual,4.561978666491553,0.4789002537727356,0.42230004,2.2575212,0.7808157
v5_factual_0089,factual,1.3999549904035435,0.7478420436382294,0.5009705,2.1217937,0.7676916
v5_factual_0090,factual,10.520757958897645,0.1767134666442871,0.50151646,1.842848,0.76040566
v5_factual_0091,factual,9.53403196291794,0.2644367814064026,0.37568653,2.1737676,0.7979437
v5_factual_0092,factual,42.90095806409906,5.960464477539063e-08,0.3498537,2.2585301,0.79174423
v5_factual_0093,factual,25.599484873646894,1.1920928955078125e-07,0.45664835,2.0752547,0.7411095
v5_factual_0094,factual,5.05361957792262,0.40032291412353516,0.44733346,2.370003,0.80291253
v5_factual_0095,factual,1.77082521482471,0.8114726543426514,0.44887757,2.2187576,0.78893673
v5_factual_0096,factual,13.83137086745763,0.1790827512741089,0.48835182,1.6922839,0.750667
v5_factual_0097,factual,12.82047949137502,0.1895657777786255,0.40170187,2.006122,0.8330252
v5_factual_0098,factual,2.1585367375598183,0.7238498330116272,0.48428524,1.9259228,0.8688463
v5_factual_0099,factual,51.06535502094088,-1.1920928955078125e-07,0.48332173,1.6852083,0.8045357
v5_factual_0100,factual,10.70535014952011,0.15547585487365723,0.5007825,2.3212507,0.8022583
v5_factual_0101,factual,4.108151442578751,0.4865735173225403,0.40633297,2.1206245,0.7883442
v5_factual_0102,factual,6.079995651248228,0.3106422424316406,0.49667525,2.2888758,0.7135022
v5_factual_0103,factual,3.5742239499321093,0.5416425168514252,0.4519711,2.0446174,0.80125284
v5_factual_0104,factual,4.103561182161149,0.5735998749732971,0.49996275,1.8620335,0.7797368
v5_factual_0105,factual,18.86401990608027,0.024400949478149414,0.45498037,1.8599554,0.73622805
v5_factual_0106,factual,1.8945763214095999,0.6878427565097809,0.4278468,2.2602348,0.77819073
v5_factual_0107,factual,34.677522070574035,-2.384185791015625e-07,0.4888143,2.1401248,0.7935575
v5_factual_0108,factual,9.996825421652781,0.20559096336364746,0.41216892,2.1556385,0.8305458
v5_factual_0109,factual,1.2170403182123746,0.8385557681322098,0.5233276,2.1070838,0.75329214
v5_factual_0110,factual,10.516440894713382,0.24619901180267334,0.44234073,1.8749377,0.8733475
v5_factual_0111,factual,10.495326325956636,0.24494987726211548,0.46163887,1.8658928,0.7756839
v5_factual_0112,factual,2.34185278273073,0.6464140713214874,0.49143696,2.3520775,0.8335513
v5_factual_0113,factual,2.1828512872502674,0.6994116604328156,0.4950245,1.8476058,0.8407401
v5_factual_0114,factual,16.552638082811455,0.069449782371521,0.46378165,1.8757519,0.8919845
v5_factual_0115,factual,32.27208652297186,-1.1920928955078125e-07,0.4890601,2.246453,0.7460771
v5_factual_0116,factual,7.968635981773114,0.43029987812042236,0.323393,2.1071236,0.7880819
v5_factual_0117,factual,102.88668695063002,-1.1920928955078125e-07,0.39727587,1.8968791,0.8454074
v5_factual_0118,factual,73.25853325986616,0.0,0.456936,2.3873146,0.7556689
v5_factual_0119,factual,557.253539900598,5.960464477539063e-08,0.3993867,2.0391119,0.82557565
v5_factual_0120,factual,1.5612340262187532,0.8746742606163025,0.46288973,1.7052484,0.82714605
v5_factual_0121,factual,10.016668460274229,0.24707138538360596,0.4222105,2.0986774,0.84071267
v5_factual_0122,factual,27.353131708414594,1.7881393432617188e-07,0.43555164,2.2630618,0.75461626
v5_factual_0123,factual,60.34543106158524,5.960464477539063e-08,0.4279372,2.1557906,0.80356973
v5_factual_0124,factual,2.0654008508943082,0.740807980298996,0.4617507,1.8556919,0.76522624
v5_factual_0125,factual,1.7275251124776636,0.8224220722913742,0.35255075,1.5374877,0.8433601
v5_factual_0126,factual,2.792948416270309,0.6795784831047058,0.44760895,1.7568017,0.80064666
v5_factual_0127,factual,1.87616382276681,0.7179884910583496,0.47616613,1.8387501,0.6739995
v5_factual_0128,factual,20.35294934726007,5.960464477539063e-08,0.44749868,2.1173954,0.80592126
v5_factual_0129,factual,11.367673911119411,0.21034163236618042,0.44523126,1.7950644,0.7971756
v5_factual_0130,factual,4.76728350671711,0.39740216732025146,0.47180772,2.0656376,0.77139705
v5_factual_0131,factual,4.726438996493319,0.4663829803466797,0.48867375,1.9445275,0.7994897
v5_factual_0132,factual,10.177957879739727,0.15669476985931396,0.41438425,2.1758788,0.8007153
v5_factual_0133,factual,21.558168286019512,5.960464477539063e-08,0.3992319,1.6957763,0.8488208
v5_factual_0134,factual,2.8075164902027687,0.7821267396211624,0.46342474,1.7905737,0.8051599
v5_factual_0135,factual,2.749139010471812,0.7063415050506592,0.45423186,2.4638188,0.7555378
v5_factual_0136,factual,22.844758033288688,-2.384185791015625e-07,0.36287338,1.7246301,0.87888956
v5_factual_0137,factual,48.918509957492624,-1.1920928955078125e-07,0.45553088,2.18922,0.7784388
v5_factual_0138,factual,19.00097222012819,0.011886358261108398,0.3958664,2.2533457,0.7824694
v5_factual_0139,factual,5.341272923848443,0.5030747056007385,0.44878185,1.6145715,0.80492955
v5_factual_0140,factual,33.35508947712614,0.0,0.41595846,2.0323591,0.8054284
v5_factual_0141,factual,33.304713259976694,5.960464477539063e-08,0.41534472,1.9465476,0.77766895
v5_factual_0142,factual,5.561478876215843,0.3293708562850952,0.4506508,2.096177,0.7557636
v5_factual_0143,factual,2.9296141199401093,0.7251738905906677,0.49133795,1.9319916,0.84703124
v5_factual_0144,factual,154.7188230011833,0.0,0.4445994,2.2518249,0.8647779
v5_factual_0145,factual,6.879835201014841,0.3730350732803345,0.4199437,2.1168764,0.8197332
v5_factual_0146,factual,7.745712864068229,0.40421736240386963,0.4816574,1.7856237,0.79055357
v5_factual_0147,factual,5.115605337821665,0.5488241314888,0.42712528,1.7972347,0.72002745
v5_factual_0148,factual,0.527380095421971,0.858131930232048,0.49728268,1.8683884,0.7868949
v5_factual_0149,factual,28.528156036478908,5.960464477539063e-08,0.47709805,2.3115733,0.72955215
v5_factual_0150,factual,28.886015064585184,-1.1920928955078125e-07,0.51551896,2.011779,0.7392481
v5_factual_0151,factual,31.613419419452192,0.0,0.35504425,2.1476116,0.7959324
v5_factual_0152,factual,6.058670518665643,0.45206570625305176,0.47278005,1.8982159,0.84359664
v5_factual_0153,factual,5.053307155991102,0.45590007305145264,0.42127907,1.9460881,0.80179256
v5_factual_0154,factual,31.730206878682505,0.0,0.44101208,2.0031931,0.7851947
v5_factual_0155,factual,218.0521381609175,-1.1920928955078125e-07,0.45852774,2.0385637,0.814453
v5_factual_0156,factual,8.470634982093157,0.3487117290496826,0.3288288,2.1174653,0.7914163
v5_factual_0157,factual,2.239184150405252,0.5441081523895264,0.4257375,2.2603965,0.80687386
v5_factual_0158,factual,1239.9515118970933,0.0,0.48567146,1.7440923,0.7870548
v5_factual_0159,factual,9.995435474581212,0.24227875471115112,0.5024556,2.363539,0.7616259
v5_factual_0160,factual,14.314439879667937,0.11057156324386597,0.4386732,2.226657,0.7998047
v5_factual_0161,factual,4.719770172629342,0.5085049271583557,0.44635034,2.2286732,0.7792427
v5_factual_0162,factual,8.911654738777264,0.2957853674888611,0.524377,2.0468981,0.73830557
v5_factual_0163,factual,26.950798999699202,0.0,0.4081952,1.7920834,0.7933164
v5_factual_0164,factual,5.2067298374489,0.4720737934112549,0.45068377,1.9073241,0.7995961
v5_factual_0165,factual,15.963268874191089,0.10318273305892944,0.46781957,1.7414984,0.7597998
v5_factual_0166,factual,4.584769943950222,0.5772571861743927,0.47419357,1.9811584,0.8259159
v5_factual_0167,factual,11.908373355384278,0.25058215856552124,0.39932013,1.9460574,0.84342366
v5_factual_0168,factual,1.9881782125160588,0.8623421490192413,0.46884125,1.8030374,0.775516
v5_factual_0169,factual,7.024822191318948,0.2999115586280823,0.44403404,1.7511154,0.7638376
v5_factual_0170,factual,71.74269795756756,-1.1920928955078125e-07,0.3977487,2.0175657,0.8468292
v5_factual_0171,factual,1.8449340623535038,0.7923899590969086,0.48016602,2.2539015,0.7341318
v5_factual_0172,factual,3.494568616295078,0.5431180000305176,0.35585988,2.1451473,0.8022132
v5_factual_0173,factual,21.665769103431668,0.0,0.3923958,1.6141196,0.9122459
v5_factual_0174,factual,27.919371102504122,-1.1920928955078125e-07,0.39395124,2.0091176,0.79076827
v5_factual_0175,factual,157.33399583843834,-1.1920928955078125e-07,0.4221394,1.9243307,0.8100446
v5_factual_0176,factual,4.1180068558519185,0.3775457739830017,0.48014432,2.3032086,0.713755
v5_factual_0177,factual,6.026827605115859,0.2578941583633423,0.47281855,2.2629702,0.7147575
v5_factual_0178,factual,5.796621266661357,0.394950807094574,0.46532,1.7796104,0.78447056
v5_factual_0179,factual,4.788283711218865,0.4625847339630127,0.4468313,2.2730317,0.77681947
v5_factual_0180,factual,24.633926714754597,0.0,0.47660398,1.8188826,0.7732739
v5_factual_0181,factual,7.483442589058488,0.28879791498184204,0.4399795,2.3263452,0.8279654
v5_factual_0182,factual,2.113480486050163,0.7723507285118103,0.45562136,1.7157592,0.80225575
v5_factual_0183,factual,24.774567005336902,0.0,0.47247124,1.8456956,0.79111683
v5_factual_0184,factual,3.738888666033758,0.5558671951293945,0.45659786,2.3222687,0.8039959
v5_factual_0185,factual,3.4445134967059197,0.6398299932479858,0.43952972,1.8554865,0.7301662
v5_factual_0186,factual,10.755581405430979,0.29490578174591064,0.47461665,1.7055008,0.8242698
v5_factual_0187,factual,85.89664532947084,0.0,0.4342593,2.0192695,0.7640855
v5_factual_0188,factual,8.451307191641389,0.23713171482086182,0.4679851,2.2524643,0.7668977
v5_factual_0189,factual,25.758405784473993,0.0,0.47179133,1.899783,0.82921195
v5_factual_0190,factual,7.619580848970334,0.3542109727859497,0.48470938,2.1788793,0.79903495
v5_factual_0191,factual,79.40005739771253,0.0,0.41146344,2.0126245,0.81957906
v5_factual_0192,factual,1.043336624306887,0.861733540892601,0.4555738,1.7200742,0.7663151
v5_factual_0193,factual,8.372441861321022,0.25739896297454834,0.4681245,2.0176847,0.7842132
v5_factual_0194,factual,181.5655685818746,0.0,0.46494657,1.8208052,0.818044
v5_factual_0195,factual,6.126616138041179,0.49806904792785645,0.424219,1.6444697,0.77695614
v5_factual_0196,factual,5.547783585325959,0.37633901834487915,0.43253577,2.4004085,0.82681394
v5_factual_0197,factual,9.038366569410437,0.3090044856071472,0.4641024,1.7078079,0.7922123
v5_factual_0198,factual,1.2988525466379375,0.7821678817272186,0.46931952,1.7919617,0.7580152
v5_factual_0199,factual,31.840962352560766,-1.1920928955078125e-07,0.40458232,1.9092788,0.8616783
v5_factual_0200,factual,1.3187122202498518,0.8728037774562836,0.44427425,1.7999393,0.7422418
v5_factual_0201,factual,11.165215713090193,0.21742695569992065,0.45878768,2.04717,0.828125
v5_factual_0202,factual,72.62355645421198,0.0,0.4040149,1.6964238,0.8387262
v5_factual_0203,factual,4.2182671849526185,0.5485343039035797,0.40855497,2.0177507,0.8631891
v5_factual_0204,factual,8.60606773311813,0.2375274896621704,0.43333554,2.117595,0.774909
v5_factual_0205,factual,2.9212143298718396,0.7044177651405334,0.4570179,1.831109,0.68502843
v5_factual_0206,factual,36.74332802810959,5.960464477539063e-08,0.45339787,1.9284374,0.75984645
v5_factual_0207,factual,7.849907141196965,0.3908575177192688,0.45732456,1.9235865,0.77624935
v5_factual_0208,factual,0.5186599880533835,0.8661839067935944,0.50970817,1.8348923,0.7713518
v5_factual_0209,factual,5757.952078592958,0.0,0.46952403,2.0411727,0.8246139
v5_factual_0210,factual,33.10968409898513,-1.1920928955078125e-07,0.44155103,1.6934307,0.8171241
v5_factual_0211,factual,76.8992871283328,0.0,0.47723985,1.7002158,0.8313832
v5_factual_0212,factual,42.94515856493165,0.0,0.43674618,2.2555847,0.8518759
v5_factual_0213,factual,1.06616641310827,0.7929818630218506,0.54405403,2.1458879,0.72827303
v5_factual_0214,factual,5.3756208783004835,0.4539591670036316,0.47727436,2.077349,0.82459784
v5_factual_0215,factual,16.229800059432886,0.0717926025390625,0.4400862,1.9197567,0.8219453
v5_factual_0216,factual,67.60709448279093,0.0,0.33797652,2.0662878,0.8113215
v5_factual_0217,factual,2.170013035819758,0.7078587412834167,0.5021937,1.8578477,0.8663901
v5_factual_0218,factual,7.567955891072819,0.34933656454086304,0.3704129,1.6539422,0.90143204
v5_factual_0219,factual,19.97102025265658,0.0010362863540649414,0.4873044,1.843774,0.78048223
v5_factual_0220,factual,1.0265581875145282,0.8489869385957718,0.4650424,1.737492,0.8041363
v5_factual_0221,factual,3.7305014766053963,0.5004985332489014,0.48663008,2.3290596,0.7219818
v5_factual_0222,factual,4.603531478096807,0.5478184223175049,0.48910618,1.8972765,0.8935916
v5_factual_0223,factual,13.182101110450239,0.1550578474998474,0.46093524,1.845885,0.7646186
v5_factual_0224,factual,172.20722247802908,0.0,0.40862954,2.032738,0.7561532
v5_factual_0225,factual,1.4301845440274559,0.8596498370170593,0.43416166,1.7142674,0.7582666
v5_factual_0226,factual,4.825887849674249,0.5080552697181702,0.42232823,2.1862817,0.78576255
v5_factual_0227,factual,2.8052955646903497,0.6728288233280182,0.5183003,2.2492373,0.7639375
v5_factual_0228,factual,3.8945669320309673,0.5438619256019592,0.4470092,2.2877536,0.75404227
v5_factual_0229,factual,5.528614793690039,0.2615968585014343,0.4724083,2.0314145,0.7567452
v5_factual_0230,factual,113.22512468566937,5.960464477539063e-08,0.36425507,2.232163,0.8141843
v5_factual_0231,factual,28.66124459856548,0.0,0.37263656,1.9341251,0.7961756
v5_factual_0232,factual,10.556290867780808,0.1847887635231018,0.441198,2.2497015,0.79071087
v5_factual_0233,factual,6.512165709718235,0.37577247619628906,0.48828048,2.3786213,0.80134445
v5_factual_0234,factual,166.44295694849413,1.1920928955078125e-07,0.42313492,1.7987262,0.8225
v5_factual_0235,factual,49.03168921083655,0.0,0.43483865,2.2412918,0.7560557
v5_factual_0236,factual,6.79503543937771,0.4169212579727173,0.40455043,1.987725,0.8183498
v5_factual_0237,factual,1.800941475469157,0.8490578234195709,0.4561882,2.3534782,0.7850026
v5_factual_0238,factual,4.966003206977948,0.46150463819503784,0.38494754,2.1128438,0.8035445
v5_factual_0239,factual,3.726163697678468,0.45756274461746216,0.40021932,2.2124162,0.7771307
v5_factual_0240,factual,8.932557780923947,0.3477775454521179,0.4347552,1.7851714,0.7656591
v5_factual_0241,factual,7.699666835478591,0.28949737548828125,0.46141577,2.051467,0.79083455
v5_factual_0242,factual,6.788927154317021,0.5014593005180359,0.3966105,1.9765152,0.784443
v5_factual_0243,factual,5.8954755171103015,0.5123184025287628,0.44838232,1.7194455,0.7580716
v5_factual_0244,factual,2.2299625781289305,0.542178601026535,0.43708068,2.415483,0.7716152
v5_factual_0245,factual,3.5063494684219436,0.6330645382404327,0.41692114,2.000013,0.72964656
v5_factual_0246,factual,10.097820663521258,0.20783251523971558,0.46225077,1.8796959,0.71724206
v5_factual_0247,factual,3.902782717806412,0.625752329826355,0.46654356,2.1846938,0.7754115
v5_factual_0248,factual,1.3152235102524104,0.7133767008781433,0.42831558,2.1216629,0.7672889
v5_factual_0249,factual,235.24451353035965,0.0,0.45138824,1.891066,0.8040463
v5_factual_0250,factual,4.720582573784531,0.5381356775760651,0.41664732,1.706408,0.7222635
v5_factual_0251,factual,10.979639630707451,0.22425156831741333,0.4376275,2.2387626,0.8052671
v5_factual_0252,factual,30.109552889574452,0.0,0.46647584,2.2363782,0.7578838
v5_factual_0253,factual,18.64075046470725,0.0,0.42659986,2.2753406,0.77900934
v5_factual_0254,factual,0.9292627308795175,0.8196627646684647,0.47174567,1.8274654,0.7641217
v5_factual_0255,factual,0.5826132686735966,0.8635891228914261,0.44373482,1.8060373,0.7809997
v5_factual_0256,factual,66.62523971307773,-1.1920928955078125e-07,0.47987407,1.9764917,0.86753166
v5_factual_0257,factual,18.960107383096428,0.027177751064300537,0.49238455,2.4979522,0.7905218
v5_factual_0258,factual,202.80534080481138,0.0,0.36466622,2.1911159,0.76658267
v5_factual_0259,factual,0.8755335744042096,0.8911370635032654,0.458597,1.5851005,0.8323503
v5_factual_0260,factual,3.4977564152680096,0.594123899936676,0.52902704,2.251309,0.6782964
v5_factual_0261,factual,137.89592955085718,0.0,0.3953672,1.9228085,0.7743688
v5_factual_0262,factual,1.3817246719465324,0.8222676515579224,0.482947,1.8331271,0.69753826
v5_factual_0263,factual,15.323729599982464,0.033378005027770996,0.49027324,2.339939,0.7485827
v5_factual_0264,factual,78.6102512501596,-2.384185791015625e-07,0.46175295,1.6601416,0.8017286
v5_factual_0265,factual,5.447212162805488,0.4837944507598877,0.5675964,1.8316312,0.7108586
v5_factual_0266,factual,16.276230571224477,0.044682979583740234,0.3734495,1.7437586,0.9058353
v5_factual_0267,factual,11.272470090956482,0.2046809196472168,0.49308485,1.8434004,0.7464721
v5_factual_0268,factual,5.251702038846819,0.38517749309539795,0.47950393,2.000435,0.7605857
v5_factual_0269,factual,37.57892856522891,0.0,0.40096086,1.97895,0.8327334
v5_factual_0270,factual,1.6598907218873418,0.7960876524448395,0.38587278,2.046766,0.85484254
v5_factual_0271,factual,2.840099480918703,0.7360972464084625,0.4569503,1.8509429,0.74046624
v5_factual_0272,factual,2.6790055503579335,0.5935248732566833,0.44990802,1.7389421,0.76341295
v5_factual_0273,factual,60.97232701245418,5.960464477539063e-08,0.40465814,2.0393972,0.76200664
v5_factual_0274,factual,19.800539309021474,0.0021038055419921875,0.41992003,2.2298543,0.84514403
v5_factual_0275,factual,6.774379953552668,0.29224103689193726,0.40094656,2.1109552,0.81584173
v5_factual_0276,factual,9.568851016199664,0.3002116084098816,0.43006855,1.7859623,0.7882271
v5_factual_0277,factual,2.703199754899295,0.7033223509788513,0.45618075,2.3517296,0.7535485
v5_factual_0278,factual,2.0111135458387017,0.7377327084541321,0.4913488,1.8755841,0.83299136
v5_factual_0279,factual,7.624409612349412,0.40003150701522827,0.47164524,1.8892525,0.86607206
v5_factual_0280,factual,5.580378687199304,0.4163227081298828,0.37866622,2.2111862,0.79783547
v5_factual_0281,factual,2.414518934128175,0.6137993335723877,0.4450735,2.0794168,0.77159417
v5_factual_0282,factual,17.215059520068543,0.02443593740463257,0.44300175,1.9458715,0.77116585
v5_factual_0283,factual,10.107551987336352,0.17451703548431396,0.44453466,1.9990913,0.8177953
v5_factual_0284,factual,18.00944109473278,1.1920928955078125e-07,0.4346307,2.2563837,0.83316875
v5_factual_0285,factual,2.8154254531858687,0.6462782919406891,0.4584719,2.2445009,0.7652198
v5_factual_0286,factual,26.24336252342551,-1.1920928955078125e-07,0.42784566,2.2841604,0.7844671
v5_factual_0287,factual,10.35636770372787,0.15757542848587036,0.42164487,2.2069461,0.76663315
v5_factual_0288,factual,36.96916264613561,0.0,0.4216888,1.7643809,0.83653104
v5_factual_0289,factual,2.1232360880438743,0.7698216438293457,0.45142788,1.8367372,0.777707
v5_factual_0290,factual,27.511421112349737,0.0,0.44300658,2.0230591,0.792977
v5_factual_0291,factual,4.518256799953571,0.6193087100982666,0.46957028,1.665381,0.80023205
v5_factual_0292,factual,2.1428977781819616,0.6812037229537964,0.4792986,2.2402208,0.7563514
v5_factual_0293,factual,3.4522068313801704,0.5862284302711487,0.4466864,1.8095142,0.6624309
v5_factual_0294,factual,1.7234435225881501,0.873453676700592,0.47672355,1.7810478,0.7793298
v5_factual_0295,factual,10.602613222650984,0.261279821395874,0.38247347,1.9503452,0.8692824
v5_factual_0296,factual,1.3540345060077295,0.8225476294755936,0.43301654,2.135846,0.8616642
v5_factual_0297,factual,1.924858847031623,0.8005900382995605,0.39289194,2.2794907,0.71081066
v5_factual_0298,factual,8.534549326899311,0.2740342617034912,0.39437097,2.2133927,0.8273861
v5_factual_0299,factual,3.7796631418876108,0.5245095491409302,0.4207415,1.7793423,0.78216624
v5_factual_0300,factual,1.4764771710016118,0.8582671880722046,0.44483358,1.8932837,0.722475
v5_factual_0301,factual,62.87771267790649,0.0,0.42833954,2.0499203,0.79415506
v5_factual_0302,factual,2.7361891460784418,0.7787255942821503,0.47677112,1.8223679,0.7477798
v5_factual_0303,factual,5.869648392401078,0.45142167806625366,0.43077672,1.8725194,0.6933111
v5_factual_0304,factual,5.674053065596241,0.5164462924003601,0.42934352,1.7946293,0.7492782
v5_factual_0305,factual,275.9966959827299,0.0,0.51663464,1.6713767,0.6889645
v5_factual_0306,factual,15.870890919301031,0.07216817140579224,0.47266316,2.2472908,0.74873674
v5_factual_0307,factual,1.343714274135327,0.8550262004137039,0.45666903,1.8099022,0.7546966
v5_factual_0308,factual,3.0565518578237985,0.6720582842826843,0.41403794,1.9385581,0.8397973
v5_factual_0309,factual,62.962248984680194,5.960464477539063e-08,0.45292425,2.0810359,0.811058
v5_factual_0310,factual,7.317143175833458,0.42051851749420166,0.45881122,1.8679619,0.87084335
v5_factual_0311,factual,63.77216862184666,0.0,0.4403137,2.3293204,0.774191
v5_factual_0312,factual,7.6622925816768435,0.3507150411605835,0.4633361,1.7947966,0.8686106
v5_factual_0313,factual,29.44676313778541,1.7881393432617188e-07,0.35620487,2.1609175,0.7918099
v5_factual_0314,factual,5.985992842911277,0.4685099124908447,0.46661597,1.7910281,0.81868595
v5_factual_0315,factual,80.23555050413343,0.0,0.33100933,2.082996,0.8053572
v5_factual_0316,factual,109.10087836147574,-1.1920928955078125e-07,0.5060008,2.340007,0.7120547
v5_factual_0317,factual,7.186969977426685,0.3777059316635132,0.44369942,2.0631993,0.8417108
v5_factual_0318,factual,25.439879875941052,0.0,0.4690969,1.6729571,0.7665714
v5_factual_0319,factual,935.5805508857859,5.960464477539063e-08,0.4878806,2.2526917,0.7512678
v5_factual_0320,factual,6.04292884315079,0.38967108726501465,0.48051977,1.8310724,0.7598959
v5_factual_0321,factual,15.10384581798016,0.11043107509613037,0.40196908,1.8165307,0.8506099
v5_factual_0322,factual,60.1895689603659,0.0,0.40275103,2.0268474,0.7860544
v5_factual_0323,factual,2.2818777012537312,0.6058112382888794,0.4360578,1.7098033,0.7476877
v5_factual_0324,factual,13.24630822732834,0.1604142189025879,0.5082311,1.6673739,0.7335667
v5_factual_0325,factual,12.134858880829185,0.1668958067893982,0.38909334,2.1642048,0.7799869
v5_factual_0326,factual,7.7501156878231505,0.40896904468536377,0.39111304,1.9563444,0.8349285
v5_factual_0327,factual,79.28889734315374,0.0,0.42565227,1.8957008,0.8467231
v5_factual_0328,factual,3.3169109768727667,0.5594887137413025,0.4410581,2.200495,0.80242985
v5_factual_0329,factual,6.282608516556559,0.36046063899993896,0.3829785,1.6838639,0.8730618
v5_factual_0330,factual,48.03332829324375,5.960464477539063e-08,0.4107985,2.082563,0.8023235
v5_factual_0331,factual,22.537654573280186,1.1920928955078125e-07,0.45025676,1.8300664,0.8335094
v5_factual_0332,factual,5.5005015778452995,0.4953961968421936,0.47263455,1.7739267,0.70586365
v5_factual_0333,factual,7.692573383016285,0.36782318353652954,0.32453734,2.1144745,0.8164458
v5_factual_0334,factual,4.593198610915476,0.572053462266922,0.46874183,1.9178871,0.82106376
v5_factual_0335,factual,1.9759248138312249,0.8629930019378662,0.46683693,1.9478174,0.7650769
v5_factual_0336,factual,32.41657966327559,-1.1920928955078125e-07,0.41904372,2.244985,0.8138349
v5_factual_0337,factual,20.721286186540276,0.0,0.4240023,2.0372477,0.84171426
v5_factual_0338,factual,0.9032027997688106,0.8528431355953217,0.5535525,2.0444312,0.7006823
v5_factual_0339,factual,6.812940155769331,0.4219856858253479,0.4301541,1.830897,0.7693163
v5_factual_0340,factual,64.04346364003452,1.1920928955078125e-07,0.418217,2.0698476,0.8146672
v5_factual_0341,factual,62.76287977165185,-1.1920928955078125e-07,0.4485852,2.4809034,0.8163659
v5_factual_0342,factual,5.158453446264201,0.5052555799484253,0.43142444,1.8939364,0.74855673
v5_factual_0343,factual,1.1198947471358012,0.77977454662323,0.5163213,2.1728024,0.74297297
v5_factual_0344,factual,63.85006066024944,0.0,0.3411945,2.0800903,0.8185384
v5_factual_0345,factual,8.506765376054895,0.35839080810546875,0.4591419,2.2739694,0.7784757
v5_factual_0346,factual,73.30147324965672,1.1920928955078125e-07,0.47084916,1.9419888,0.83164036
v5_factual_0347,factual,2.885315888320434,0.6845724582672119,0.48345912,2.227537,0.7759776
v5_factual_0348,factual,4.992990945205331,0.371290385723114,0.4756136,2.2676814,0.72763526
v5_factual_0349,factual,241.71797538858922,-1.1920928955078125e-07,0.48886377,1.901061,0.74832225
v5_factual_0350,factual,,0.19832128286361694,0.47318524,1.9245484,0.74420583
v5_factual_0351,factual,3.7245510510782176,0.6170616447925568,0.40494454,2.0136838,0.75819534
v5_factual_0352,factual,9.037895496268119,0.19658774137496948,0.4089749,2.215057,0.75970197
v5_factual_0353,factual,2.1241995658342403,0.6296669840812683,0.46000028,2.2457912,0.7604333
v5_factual_0354,factual,4.229691449153628,0.4083191156387329,0.46857786,1.9986774,0.7818133
v5_factual_0355,factual,8.93496490959802,0.36814379692077637,0.5076921,1.7655997,0.76398855
v5_factual_0356,factual,8.900321410356788,0.29290807247161865,0.4673283,2.3236864,0.76714313
v5_factual_0357,factual,6.450265983060821,0.41232532262802124,0.4638031,2.1035032,0.76722276
v5_factual_0358,factual,3.6911682395970105,0.6097155213356018,0.39452964,1.8172741,0.80578667
v5_factual_0359,factual,120.15366626736366,5.960464477539063e-08,0.33851695,2.261486,0.82999194
v5_factual_0360,factual,128.80868887951183,-1.1920928955078125e-07,0.5105779,2.4477491,0.7448504
v5_factual_0361,factual,14.708869482272345,0.11268597841262817,0.47696376,2.4428341,0.7629974
v5_factual_0362,factual,5.0281922949347315,0.41239428520202637,0.43396276,2.0810163,0.77986246
v5_factual_0363,factual,43.067730222084776,-1.1920928955078125e-07,0.3905586,1.9597725,0.8298974
v5_factual_0364,factual,5.936625209844367,0.4378582835197449,0.4533677,1.9746257,0.81901425
v5_factual_0365,factual,1.3445920597719858,0.8469610214233398,0.4024768,2.1567242,0.75197804
v5_factual_0366,factual,37.61535518309035,1.1920928955078125e-07,0.43670237,1.7739537,0.73629797
v5_factual_0367,factual,10.560123066619752,0.16014087200164795,0.45058155,2.2097623,0.7669729
v5_factual_0368,factual,5.660515963372274,0.5133819580078125,0.31241053,2.0347667,0.81316817
v5_factual_0369,factual,58.29085640628312,5.960464477539063e-08,0.38937908,1.949872,0.78001636
v5_factual_0370,factual,377.1265596321535,0.0,0.5145491,1.855039,0.7839838
v5_factual_0371,factual,8.63451188288362,0.35151374340057373,0.3994769,1.9502084,0.8883355
v5_factual_0372,factual,23.343898385709576,5.960464477539063e-08,0.4613222,1.646987,0.76850915
v5_factual_0373,factual,7.698512387289336,0.4075906276702881,0.4655949,1.8639736,0.8114651
v5_factual_0374,factual,35.20088058767215,-1.1920928955078125e-07,0.44687903,2.0956907,0.7875857
v5_factual_0375,factual,13.900463045912074,0.08091896772384644,0.49802,2.1111488,0.8008677
v5_factual_0376,factual,0.8903433931236041,0.8696437478065491,0.45713353,1.7694722,0.79608387
v5_factual_0377,factual,2.292766542465926,0.7025063931941986,0.46330017,2.2814097,0.78246474
v5_factual_0378,factual,22.10003952618307,1.1920928955078125e-07,0.46336836,1.8230124,0.81351304
v5_factual_0379,factual,17.006938281774715,0.058760762214660645,0.47450227,1.9807621,0.8068599
v5_factual_0380,factual,18.81779010882803,0.029826641082763672,0.49197698,2.2819374,0.8514396
v5_factual_0381,factual,98.50607453400194,0.0,0.42564774,1.8585697,0.81041247
v5_factual_0382,factual,69.83703466473382,-1.1920928955078125e-07,0.40485364,2.1333508,0.83854043
v5_factual_0383,factual,6.285278749479027,0.45146214962005615,0.46755016,1.6979531,0.7838971
v5_factual_0384,factual,136.48162549296617,0.0,0.47186327,2.2098417,0.7717623
v5_factual_0385,factual,53.91954916034006,0.0,0.45884418,2.165366,0.76948667
v5_factual_0386,factual,2.377264479277101,0.6423543393611908,0.46267724,2.1711364,0.79594314
v5_factual_0387,factual,5.169792861204851,0.45378434658050537,0.43733472,1.5764354,0.82069856
v5_factual_0388,factual,1.972906951652819,0.836870089173317,0.50547767,1.9456061,0.8742846
v5_factual_0389,factual,11.016120808722697,0.13369804620742798,0.43284965,2.2750702,0.76824903
v5_factual_0390,factual,29.560312747324314,-1.1920928955078125e-07,0.43438905,2.3395817,0.8800017
v5_factual_0391,factual,2.7194147781927365,0.6513856649398804,0.50077224,2.3375552,0.76725477
v5_factual_0392,factual,8.327450165056554,0.2699143886566162,0.42058522,2.176538,0.8503554
v5_factual_0393,factual,57.61675558987397,0.0,0.40280807,1.9653603,0.8087747
v5_factual_0394,factual,37.8515559073236,0.0,0.45954013,1.8132993,0.7678653
v5_factual_0395,factual,29.40605382349803,0.0,0.42690635,1.6954076,0.78140974
v5_factual_0396,factual,19.54257315775879,0.020761489868164062,0.33427554,2.0897534,0.7897735
v5_factual_0397,factual,182.9121408591783,-1.1920928955078125e-07,0.46580577,1.8181123,0.8306184
v5_factual_0398,factual,6.443613062503049,0.3586782217025757,0.43389273,2.074063,0.80570626
v5_factual_0399,factual,9.096871665584608,0.19294124841690063,0.44418263,2.1152802,0.7709354
v5_factual_0400,factual,106.18379831065853,1.1920928955078125e-07,0.3843438,2.022242,0.8980436
v5_factual_0401,factual,36.46296909818368,0.0,0.507771,1.7809662,0.7812164
v5_factual_0402,factual,15.879240954228159,0.06320476531982422,0.4619226,2.2087936,0.7905909
v5_factual_0403,factual,98.39512539277021,0.0,0.42842472,1.8079717,0.8946009
v5_factual_0404,factual,5.773841071710496,0.3777419328689575,0.489264,1.886894,0.8147026
v5_factual_0405,factual,59.31360333809282,-1.1920928955078125e-07,0.47311282,1.8175178,0.80301136
v5_factual_0406,factual,2.0823511684822207,0.7665490806102753,0.4636649,1.7975056,0.78357345
v5_factual_0407,factual,3.6485057781218604,0.5888278186321259,0.37556607,1.674303,0.86889476
v5_factual_0408,factual,8.857782015283133,0.3146514296531677,0.44467252,2.022267,0.8443263
v5_factual_0409,factual,3.154692749536848,0.6300213932991028,0.4554718,2.3965032,0.76531106
v5_factual_0410,factual,43.12549040934003,-1.1920928955078125e-07,0.4437906,2.102865,0.80998147
v5_factual_0411,factual,1.6022608806600807,0.810320571064949,0.39342332,2.0263844,0.8177122
v5_factual_0412,factual,16.10264113819358,0.06622737646102905,0.37668657,2.1648128,0.8098387
v5_factual_0413,factual,7.226932760711355,0.41093456745147705,0.47347885,2.0026622,0.8156571
v5_factual_0414,factual,4.6658454194750165,0.5067823827266693,0.4555124,1.9577807,0.9122923
v5_factual_0415,factual,22.2228229208241,0.0,0.5247055,2.104278,0.74048615
v5_factual_0416,factual,24.4678116223708,-1.1920928955078125e-07,0.40720493,1.9843135,0.80884516
v5_factual_0417,factual,48.15837923607469,0.0,0.464208,1.8135874,0.7986161
v5_factual_0418,factual,37.81466527805815,0.0,0.39027393,2.013815,0.8206475
v5_factual_0419,factual,45.08046421371095,0.0,0.35335082,2.231906,0.79622805
v5_factual_0420,factual,3.544567872308465,0.48947030305862427,0.44331628,2.2082727,0.7481533
v5_factual_0421,factual,7.541795413733088,0.3618914484977722,0.47743976,2.0237715,0.83021766
v5_factual_0422,factual,99.033328116078,0.0,0.41907775,1.669697,0.82215035
v5_factual_0423,factual,0.7186440782511383,0.8534251153469086,0.5499385,2.0493486,0.71324265
v5_factual_0424,factual,68.670029919576,-1.1920928955078125e-07,0.4176908,1.8710555,0.8064953
v5_factual_0425,factual,6.825775810713181,0.4342750310897827,0.48489165,2.0723612,0.7634735
v5_factual_0426,factual,1.9685690094413124,0.8398357778787613,0.47926307,1.9116812,0.789416
v5_factual_0427,factual,163.02846472097892,0.0,0.46438015,1.8517958,0.81839293
v5_factual_0428,factual,3.3377620729708517,0.5358072817325592,0.4448158,1.7470665,0.8173084
v5_factual_0429,factual,7.584001385055795,0.3787541389465332,0.47205526,1.8007791,0.8768164
v5_factual_0430,factual,19.288374268051147,0.008172810077667236,0.4195426,2.1860104,0.77758485
v5_factual_0431,factual,18.17082393463754,0.025752663612365723,0.41312885,1.685341,0.858437
v5_factual_0432,factual,1.1476396051710906,0.8006475567817688,0.43833852,2.0813189,0.8268104
v5_factual_0433,factual,125.80342858106945,-1.1920928955078125e-07,0.42744517,1.9892553,0.76275754
v5_factual_0434,factual,0.9543047651941087,0.8236639201641083,0.4107985,2.111781,0.8413404
v5_factual_0435,factual,13.222900378310214,0.18225979804992676,0.45641732,1.7888814,0.78389764
v5_factual_0436,factual,19.185893398129824,0.0038954615592956543,0.35003847,2.0903661,0.8099059
v5_factual_0437,factual,42.46227063575292,0.0,0.42094564,2.2921376,0.8302605
v5_factual_0438,factual,3.876930699109498,0.5907433032989502,0.33770853,1.9976282,0.80553186
v5_factual_0439,factual,4.378760089800357,0.5214489698410034,0.42716867,1.8806341,0.77273005
v5_factual_0440,factual,23.122445776671157,0.0,0.43329734,2.2304966,0.7826294
v5_factual_0441,factual,4.064823862827953,0.45416712760925293,0.45821327,1.9215382,0.7892087
v5_factual_0442,factual,2.451196548236062,0.7072013020515442,0.49113488,1.8303493,0.83221734
v5_factual_0443,factual,27.678806165784255,-1.1920928955078125e-07,0.49623263,1.7820859,0.83333385
v5_factual_0444,factual,43.1226742293804,0.0,0.44693333,1.9572161,0.8329171
v5_factual_0445,factual,27.720800835314446,0.0,0.46195304,2.0673172,0.8341464
v5_factual_0446,factual,14.715257146948177,0.11439937353134155,0.45121014,1.6838806,0.77999806
v5_factual_0447,factual,5.639633030236793,0.5038744807243347,0.4472875,1.7559401,0.77478606
v5_factual_0448,factual,128.47981927134188,5.960464477539063e-08,0.44642282,2.0915797,0.78676903
v5_factual_0449,factual,0.8890448007737562,0.7950739860534668,0.46584493,1.7678151,0.7850876
v5_factual_0450,factual,4.383119759034712,0.5310864150524139,0.43626904,1.5422457,0.82497245
v5_factual_0451,factual,2.794484989892879,0.7183105945587158,0.4962994,1.9987686,0.7482824
v5_factual_0452,factual,1.262877085560797,0.7165623903274536,0.4459144,2.2127953,0.77125084
v5_factual_0453,factual,5.6463638685828,0.5114775896072388,0.38721848,2.0394812,0.7744176
v5_factual_0454,factual,11.84301692683597,0.2009386420249939,0.37695062,2.3238158,0.8251924
v5_factual_0455,factual,12.362532473842467,0.18226772546768188,0.485124,1.7812068,0.77877295
v5_factual_0456,factual,19.890897278122786,0.01330709457397461,0.38540632,2.29361,0.82087517
v5_factual_0457,factual,8.458939322311652,0.2896995544433594,0.4482249,2.12689,0.7483665
v5_factual_0458,factual,9.919025622144499,0.22013580799102783,0.49339283,2.5191545,0.8054008
v5_factual_0459,factual,12.000521086431233,0.1575966477394104,0.4663726,1.9109652,0.758003
v5_factual_0460,factual,11.358807723070592,0.22108101844787598,0.46894628,2.03509,0.848449
v5_factual_0461,factual,10.264862563461472,0.24788528680801392,0.4046597,1.8818171,0.848907
v5_factual_0462,factual,13.764499194801111,0.143399178981781,0.4067598,2.2700992,0.83429307
v5_factual_0463,factual,3.9181603823432596,0.6585473716259003,0.40447575,2.0734825,0.7652763
v5_factual_0464,factual,5.759053134193101,0.3127829432487488,0.50830615,2.3769863,0.68225586
v5_factual_0465,factual,5.048063401921261,0.4700947403907776,0.38855696,1.9386827,0.7921201
v5_factual_0466,factual,2.599215287843081,0.6865447759628296,0.46091592,1.7687774,0.77795476
v5_factual_0467,factual,3.381099319748181,0.5543586015701294,0.44475627,1.7687595,0.79450977
v5_factual_0468,factual,3.36906128261044,0.48906493186950684,0.48352152,2.01945,0.7897074
v5_factual_0469,factual,2.130059961996624,0.72088223695755,0.5123185,1.8135449,0.8581368
v5_factual_0470,factual,25.97247552146597,5.960464477539063e-08,0.42767924,2.2886817,0.7908009
v5_factual_0471,factual,8.462775766820414,0.20172929763793945,0.49336267,1.9863697,0.79293823
v5_factual_0472,factual,0.5767506444487546,0.8615423887968063,0.46075475,1.7949293,0.77222455
v5_factual_0473,factual,0.9359614672464566,0.8409247398376465,0.40585458,2.074393,0.81785387
v5_factual_0474,factual,2.624677991418945,0.693056583404541,0.46758133,1.8588101,0.6693564
v5_factual_0475,factual,14.61315879411418,0.17520368099212646,0.39998996,2.062113,0.8382557
v5_factual_0476,factual,3.4442182703398365,0.6581890285015106,0.5048226,1.8015037,0.7830464
v5_factual_0477,factual,41.49241935937613,1.1920928955078125e-07,0.46064532,2.226246,0.800327
v5_factual_0478,factual,3.888705237990935,0.5995665788650513,0.45012933,1.8977854,0.77300787
v5_factual_0479,factual,43.207316459756875,1.1920928955078125e-07,0.3171894,2.0023315,0.8352885
v5_factual_0480,factual,55.081258440513686,-1.1920928955078125e-07,0.41561782,2.042642,0.87748134
v5_factual_0481,factual,271.30086794198627,0.0,0.47532105,1.9021463,0.8191968
v5_factual_0482,factual,1209.930121707361,5.960464477539063e-08,0.46527153,1.96676,0.82747316
v5_factual_0483,factual,14.170112001945968,0.09639334678649902,0.48977596,2.1881266,0.7590171
v5_factual_0484,factual,399.0084908166962,0.0,0.46005797,1.6013277,0.78932464
v5_factual_0485,factual,0.8478074577594986,0.8385554850101471,0.5078411,2.1260037,0.7721683
v5_factual_0486,factual,4.1331812244339385,0.5598730444908142,0.38679403,1.8058789,0.7930667
v5_factual_0487,factual,72.4583606045398,5.960464477539063e-08,0.4048323,1.8423815,0.796926
v5_factual_0488,factual,14.308428939463298,0.1111040711402893,0.43379974,1.9912463,0.8352816
v5_factual_0489,factual,7.040288103830848,0.26091229915618896,0.45311683,1.859312,0.7563264
v5_factual_0490,factual,35.74910532500754,1.1920928955078125e-07,0.41901517,1.9044913,0.81637365
v5_factual_0491,factual,67.61837266417284,5.960464477539063e-08,0.4403084,1.9420183,0.7478603
v5_factual_0492,factual,2.1893679023771373,0.7086734771728516,0.49546927,1.8368393,0.69921577
v5_factual_0493,factual,30.67180736261525,0.0,0.4442494,2.0197816,0.7331434
v5_factual_0494,factual,3.576344714519619,0.5783247947692871,0.42861372,1.8634788,0.8380983
v5_factual_0495,factual,112.14342937897186,-2.384185791015625e-07,0.4715737,2.27216,0.7817606
v5_factual_0496,factual,46.611506468445754,1.1920928955078125e-07,0.48296535,1.6883699,0.78929234
v5_factual_0497,factual,3.844599252034905,0.5358141958713531,0.4490645,2.147952,0.75186455
v5_factual_0498,factual,4.76399300218561,0.47440141439437866,0.45070553,2.3197198,0.80296165
v5_factual_0499,factual,8.010924454963511,0.2660653591156006,0.41804087,2.066282,0.79884577
v5_factual_0500,factual,41.60451898067823,1.1920928955078125e-07,0.47041756,1.9608064,0.7937436
v5_nonexistent_0001,nonexistent,1.6029424129069934,0.8182089030742645,0.50833666,1.960746,0.6991813
v5_nonexistent_0002,nonexistent,6.163088873778611,0.39829015731811523,0.50608444,2.2826746,0.6933764
v5_nonexistent_0003,nonexistent,2.9970264135789613,0.6194284558296204,0.50605786,2.8729556,0.6861943
v5_nonexistent_0004,nonexistent,6.031394338895503,0.40914613008499146,0.63071406,2.4871304,0.67754245
v5_nonexistent_0005,nonexistent,4.459495124242667,0.41624873876571655,0.5206244,2.5033484,0.66096944
v5_nonexistent_0006,nonexistent,2.8938950157668417,0.6288606524467468,0.39421427,2.14836,0.6654786
v5_nonexistent_0007,nonexistent,1.6116553351761895,0.7290169894695282,0.48971295,2.4366746,0.7195865
v5_nonexistent_0008,nonexistent,2.4132415449351314,0.7055011987686157,0.5129645,3.5376089,0.63233423
v5_nonexistent_0009,nonexistent,5.604150699173685,0.41131770610809326,0.58951104,2.9105837,0.6984217
v5_nonexistent_0010,nonexistent,2.3821177488205105,0.6767550110816956,0.5270301,2.0389903,0.6175436
v5_nonexistent_0011,nonexistent,11.606488917137415,0.19402259588241577,0.52977717,2.1185834,0.6924111
v5_nonexistent_0012,nonexistent,45.84225311896201,0.0,0.5346204,1.8227272,0.63965124
v5_nonexistent_0013,nonexistent,24.43394785151656,0.0,0.58480144,2.1671338,0.77419734
v5_nonexistent_0014,nonexistent,44.25373494063298,1.1920928955078125e-07,0.5797584,2.5065084,0.68167204
v5_nonexistent_0015,nonexistent,6.939395847687248,0.3501012921333313,0.5606282,1.9939262,0.6632601
v5_nonexistent_0016,nonexistent,1.5156375063101817,0.8523635864257812,0.47495228,1.9596401,0.71581393
v5_nonexistent_0017,nonexistent,96.5676709571069,0.0,0.46877807,1.7516274,0.6642
v5_nonexistent_0018,nonexistent,1.5625924450554696,0.8198835700750351,0.5484861,1.9632471,0.6472643
v5_nonexistent_0019,nonexistent,10.940725809048253,0.2632525563240051,0.44937885,1.7847984,0.6913615
v5_nonexistent_0020,nonexistent,348.9507062547961,0.0,0.4224655,2.078995,0.70720553
v5_nonexistent_0021,nonexistent,6.726930802657418,0.40186119079589844,0.49234968,2.4027576,0.76161176
v5_nonexistent_0022,nonexistent,1.5866158940986064,0.8155632615089417,0.4515794,1.933763,0.66142416
v5_nonexistent_0023,nonexistent,3.4404163225423114,0.6305869817733765,0.5085364,2.154731,0.70769083
v5_nonexistent_0024,nonexistent,10.776370076222712,0.1408328413963318,0.51502234,2.0282261,0.717728
v5_nonexistent_0025,nonexistent,7.962537590137724,0.3989070653915405,0.48863947,2.184624,0.6951693
v5_nonexistent_0026,nonexistent,2.1402616859436994,0.6936153769493103,0.5163614,2.4246519,0.71197164
v5_nonexistent_0027,nonexistent,25.690494547520373,5.960464477539063e-08,0.51409316,2.783732,0.6908676
v5_nonexistent_0028,nonexistent,8.321574596038436,0.3612613081932068,0.49694353,1.846884,0.70522726
v5_nonexistent_0029,nonexistent,3.165832321360017,0.6125694811344147,0.4916008,2.0617323,0.7201854
v5_nonexistent_0030,nonexistent,1.8392137646007707,0.853576123714447,0.5392851,2.2893443,0.62421656
v5_nonexistent_0031,nonexistent,3.6717497543371262,0.6495879888534546,0.5420571,1.6355017,0.7677281
v5_nonexistent_0032,nonexistent,12.034057083568356,0.1029084324836731,0.54216295,1.985186,0.6767435
v5_nonexistent_0033,nonexistent,32.00568109263741,-1.1920928955078125e-07,0.50622964,1.8504006,0.7744578
v5_nonexistent_0034,nonexistent,2.601693552451511,0.7106853723526001,0.6375124,2.981931,0.58528364
v5_nonexistent_0035,nonexistent,4.415150083103729,0.512229859828949,0.4465832,1.8355752,0.7657618
v5_nonexistent_0036,nonexistent,0.7841530307496017,0.7963525652885437,0.5863221,2.3719916,0.6849077
v5_nonexistent_0037,nonexistent,4.328595147466594,0.45379793643951416,0.55055916,2.497384,0.59410113
v5_nonexistent_0038,nonexistent,0.9312796929353323,0.7561225593090057,0.49552768,2.4046423,0.71705914
v5_nonexistent_0039,nonexistent,1.6990499438501452,0.8129004687070847,0.48106253,1.9751067,0.7184231
v5_nonexistent_0040,nonexistent,6.106966081421769,0.3471198081970215,0.5223291,2.1241958,0.692322
v5_nonexistent_0041,nonexistent,6.025078252825218,0.48988115787506104,0.5352949,1.8447716,0.726074
v5_nonexistent_0042,nonexistent,9.444718819585788,0.2724899649620056,0.6065586,2.5057971,0.67287177
v5_nonexistent_0043,nonexistent,0.7662813857543378,0.8368571847677231,0.5837394,2.3528569,0.6641042
v5_nonexistent_0044,nonexistent,12.314801454642879,0.07218831777572632,0.5195375,2.6868916,0.6381035
v5_nonexistent_0045,nonexistent,29.197929396245037,0.0,0.5186398,2.101618,0.6132755
v5_nonexistent_0046,nonexistent,7.885674468066355,0.3331305980682373,0.514472,1.9820696,0.6415507
v5_nonexistent_0047,nonexistent,4.461745189547599,0.38871049880981445,0.42486805,1.9406767,0.6898805
v5_nonexistent_0048,nonexistent,14.263491379644734,0.06296265125274658,0.5935076,2.356276,0.5362563
v5_nonexistent_0049,nonexistent,96.18303607659443,-1.1920928955078125e-07,0.48484385,1.793715,0.74234307
v5_nonexistent_0050,nonexistent,125.04809208640735,5.960464477539063e-08,0.43035996,2.1574497,0.6932255
v5_nonexistent_0051,nonexistent,37.29055136536031,5.960464477539063e-08,0.6132644,2.662671,0.5326164
v5_nonexistent_0052,nonexistent,4.314235430739116,0.5276817083358765,0.49713677,1.9918985,0.6811587
v5_nonexistent_0053,nonexistent,4.347931924396406,0.5277085602283478,0.44094688,2.1766617,0.6304656
v5_nonexistent_0054,nonexistent,4.374448434379197,0.4428139925003052,0.60997546,2.7665968,0.62773025
v5_nonexistent_0055,nonexistent,13.871245543598326,0.035581350326538086,0.5115601,2.3959172,0.724944
v5_nonexistent_0056,nonexistent,4.457995255220397,0.5438029766082764,0.44543415,2.0495706,0.77167493
v5_nonexistent_0057,nonexistent,490.8609785408118,5.960464477539063e-08,0.49739176,2.0067215,0.68626064
v5_nonexistent_0058,nonexistent,26.757077428581795,1.1920928955078125e-07,0.56562227,2.1205573,0.84961617
v5_nonexistent_0059,nonexistent,1.4932376173549768,0.770812064409256,0.6436149,3.2615187,0.541915
v5_nonexistent_0060,nonexistent,5.276663425341418,0.43602418899536133,0.4495468,1.9830528,0.69529426
v5_nonexistent_0061,nonexistent,2.81882277986751,0.6597239077091217,0.55326116,3.030329,0.67320406
v5_nonexistent_0062,nonexistent,8.599925366095704,0.36281394958496094,0.47539634,1.8641914,0.67998815
v5_nonexistent_0063,nonexistent,4.737489103802395,0.5135181546211243,0.5197587,2.4116468,0.73786676
v5_nonexistent_0064,nonexistent,9.798253308773287,0.19026696681976318,0.48504865,2.189413,0.7018442
v5_nonexistent_0065,nonexistent,24.409447681886153,0.0,0.5388606,2.5850074,0.69247174
v5_nonexistent_0066,nonexistent,1.2062515480580118,0.8353123068809509,0.52246726,3.2229943,0.6345234
v5_nonexistent_0067,nonexistent,20.821817638000788,-1.1920928955078125e-07,0.49809158,2.1998951,0.7568221
v5_nonexistent_0068,nonexistent,9.073224772770077,0.2536166310310364,0.536793,2.0498219,0.6664611
v5_nonexistent_0069,nonexistent,15.156133058691996,0.042719244956970215,0.4519288,2.1180952,0.7262198
v5_nonexistent_0070,nonexistent,14.796659130774717,0.06504344940185547,0.5623732,2.4907804,0.5701764
v5_nonexistent_0071,nonexistent,2.0251629014777635,0.6434761583805084,0.58493704,2.6079764,0.5547782
v5_nonexistent_0072,nonexistent,24.209400610584332,5.960464477539063e-08,0.6271489,2.3401878,0.6545975
v5_nonexistent_0073,nonexistent,15.371663733036568,0.010779619216918945,0.4957143,2.5610886,0.6901115
v5_nonexistent_0074,nonexistent,54.15910950296212,5.960464477539063e-08,0.4582491,1.869822,0.7248303
v5_nonexistent_0075,nonexistent,0.9493427454953342,0.7859493643045425,0.53308654,2.2728953,0.57836884
v5_nonexistent_0076,nonexistent,8.217957490116639,0.3273463249206543,0.41542923,1.9692377,0.6526647
v5_nonexistent_0077,nonexistent,44.2562447634005,0.0,0.5329442,1.790619,0.6932717
v5_nonexistent_0078,nonexistent,1.383928635504518,0.865157425403595,0.4682477,1.8216726,0.7673011
v5_nonexistent_0079,nonexistent,7.404913388301209,0.13752567768096924,0.44286323,2.7124088,0.69344383
v5_nonexistent_0080,nonexistent,8.06078107179814,0.2923573851585388,0.5305127,1.9119394,0.76500404
v5_nonexistent_0081,nonexistent,10.140382532045459,0.10723483562469482,0.55933106,2.4093816,0.5904423
v5_nonexistent_0082,nonexistent,12.280862273498572,0.08412635326385498,0.46639043,2.643884,0.6906249
v5_nonexistent_0083,nonexistent,40.56140754878947,5.960464477539063e-08,0.47493714,1.9719718,0.73555523
v5_nonexistent_0084,nonexistent,297.8837191818046,5.960464477539063e-08,0.48867685,2.095776,0.66007847
v5_nonexistent_0085,nonexistent,22.093585912079966,0.0,0.42962974,2.065177,0.67992425
v5_nonexistent_0086,nonexistent,22.939301686234707,1.1920928955078125e-07,0.5002887,2.1223338,0.66787446
v5_nonexistent_0087,nonexistent,1.0969423835766623,0.8124494850635529,0.5634543,2.4117413,0.6444857
v5_nonexistent_0088,nonexistent,1.4447987956060149,0.852231577038765,0.5116328,2.0008304,0.6943824
v5_nonexistent_0089,nonexistent,9.653909748585551,0.17689400911331177,0.5834465,2.6293554,0.6247071
v5_nonexistent_0090,nonexistent,25.04263692123722,5.960464477539063e-08,0.5328771,2.502735,0.5570452
v5_nonexistent_0091,nonexistent,7.577672913826591,0.24470192193984985,0.4911551,2.6320627,0.670328
v5_nonexistent_0092,nonexistent,8.26461399621479,0.3612530827522278,0.57284576,1.6613069,0.737695
v5_nonexistent_0093,nonexistent,21.26752068833016,0.0,0.54708517,1.8497983,0.7169328
v5_nonexistent_0094,nonexistent,3.6612250554021304,0.5518990755081177,0.5043715,2.2054548,0.68170404
v5_nonexistent_0095,nonexistent,21.97131795762486,-1.1920928955078125e-07,0.50276434,1.9088799,0.69887054
v5_nonexistent_0096,nonexistent,16.984374414736543,0.026148557662963867,0.5147124,1.9384595,0.6740146
v5_nonexistent_0097,nonexistent,1.113219324208861,0.8145100623369217,0.48486775,1.8507123,0.7078332
v5_nonexistent_0098,nonexistent,41.53473730775798,1.7881393432617188e-07,0.5726603,2.0250275,0.7262532
v5_nonexistent_0099,nonexistent,9.05149051344306,0.2933424115180969,0.54884034,1.9430456,0.7286209
v5_nonexistent_0100,nonexistent,2.211772696448026,0.7040325403213501,0.4799316,1.9380027,0.697633
v5_nonexistent_0101,nonexistent,4.6991415921333735,0.5051945447921753,0.44625813,2.3240728,0.5981165
v5_nonexistent_0102,nonexistent,2.2895467644175143,0.7029502987861633,0.4938497,2.1114392,0.7093921
v5_nonexistent_0103,nonexistent,7.612407015556979,0.4357927441596985,0.55861485,1.707491,0.6989211
v5_nonexistent_0104,nonexistent,3.1453162584435432,0.5754915475845337,0.504074,2.274408,0.7018254
v5_nonexistent_0105,nonexistent,2.722652257908463,0.6332409083843231,0.53685045,2.2509682,0.70414364
v5_nonexistent_0106,nonexistent,0.3624488393533877,0.7829851508140564,0.5970662,2.1721585,0.62569684
v5_nonexistent_0107,nonexistent,2.810532871143409,0.6709343791007996,0.5186542,2.4134176,0.73227227
v5_nonexistent_0108,nonexistent,26.2069806604556,0.0,0.5284921,2.972708,0.595941
v5_nonexistent_0109,nonexistent,2.1543097421455286,0.6741321682929993,0.5898564,2.4244103,0.6103258
v5_nonexistent_0110,nonexistent,5.6351403594392,0.4558393359184265,0.48559046,2.1505804,0.7123416
v5_nonexistent_0111,nonexistent,1.5661975291608,0.8394480794668198,0.50064045,2.090381,0.6668229
v5_nonexistent_0112,nonexistent,15.156670476413316,0.0921475887298584,0.55212975,1.8390349,0.6395523
v5_nonexistent_0113,nonexistent,3.4978636140553223,0.5846827328205109,0.5264857,2.3130412,0.69404745
v5_nonexistent_0114,nonexistent,4.610712423809624,0.5398117899894714,0.54426056,2.2311893,0.6113778
v5_nonexistent_0115,nonexistent,3.8672880556576197,0.5739517211914062,0.5362245,2.2220578,0.6305928
v5_nonexistent_0116,nonexistent,9.249608373552674,0.26369214057922363,0.53544545,2.0513275,0.6555003
v5_nonexistent_0117,nonexistent,13.558715829881807,0.13352030515670776,0.47751635,1.7165939,0.70112604
v5_nonexistent_0118,nonexistent,27.94287997245221,0.0,0.5480118,1.7554057,0.7108067
v5_nonexistent_0119,nonexistent,11.65924679400033,0.1766539216041565,0.45058477,2.1012757,0.6883217
v5_nonexistent_0120,nonexistent,1.0456820096830766,0.8287192583084106,0.5384904,2.2390208,0.6171508
v5_nonexistent_0121,nonexistent,1.252179717756041,0.727785587310791,0.64457643,2.966823,0.55545306
v5_nonexistent_0122,nonexistent,32.193801233133165,-1.1920928955078125e-07,0.48573923,2.1599221,0.6614709
v5_nonexistent_0123,nonexistent,2.7616755090338483,0.550455778837204,0.4502449,2.368779,0.6944641
v5_nonexistent_0124,nonexistent,5.933729788526284,0.3339872360229492,0.5691681,2.5208364,0.6623264
v5_nonexistent_0125,nonexistent,22.196514416815656,0.0,0.48919296,1.8071223,0.71994865
v5_nonexistent_0126,nonexistent,1.36329083786417,0.7958306670188904,0.46701658,1.9837302,0.7288396
v5_nonexistent_0127,nonexistent,4.172554299926987,0.4846087694168091,0.413805,2.320014,0.62441987
v5_nonexistent_0128,nonexistent,2.965398677668743,0.6679494976997375,0.45380402,2.1287546,0.7384534
v5_nonexistent_0129,nonexistent,7.059279491083709,0.30846351385116577,0.45081866,2.0386255,0.6725666
v5_nonexistent_0130,nonexistent,1.463659112885862,0.7658749371767044,0.48180437,1.8327734,0.7770239
v5_nonexistent_0131,nonexistent,4.07690617422687,0.4678255319595337,0.53562903,2.2066581,0.750228
v5_nonexistent_0132,nonexistent,1.491803898202256,0.8298838287591934,0.5660293,2.5772316,0.59430534
v5_nonexistent_0133,nonexistent,6.013694177819282,0.4277421236038208,0.524281,1.8841137,0.7255635
v5_nonexistent_0134,nonexistent,3.27231941498852,0.5837391018867493,0.5431095,1.9023646,0.6950252
v5_nonexistent_0135,nonexistent,4.347204980370849,0.4670035243034363,0.5596928,2.4869378,0.64415735
v5_nonexistent_0136,nonexistent,11.10127633754572,0.13856571912765503,0.5696069,2.5745535,0.66839945
v5_nonexistent_0137,nonexistent,19.80213873210168,0.0018568038940429688,0.5035546,2.7068968,0.6922919
v5_nonexistent_0138,nonexistent,505.928990588,0.0,0.54401,2.632788,0.63398224
v5_nonexistent_0139,nonexistent,5.108701161349003,0.47404712438583374,0.47563416,2.1488774,0.6304354
v5_nonexistent_0140,nonexistent,14.063065460685827,0.08304566144943237,0.54618526,1.9825622,0.65052426
v5_nonexistent_0141,nonexistent,44.98376315724868,1.1920928955078125e-07,0.4935525,1.865331,0.7391364
v5_nonexistent_0142,nonexistent,6.575111015050313,0.45132124423980713,0.44128126,1.9689275,0.6407214
v5_nonexistent_0143,nonexistent,2.272726515354456,0.6638956665992737,0.45104802,1.9876866,0.68549806
v5_nonexistent_0144,nonexistent,1.7248032082139753,0.8064387440681458,0.6006042,2.6231167,0.58801985
v5_nonexistent_0145,nonexistent,0.7211467844282442,0.8336951732635498,0.5345187,1.7921569,0.6956966
v5_nonexistent_0146,nonexistent,13.871182466495494,0.1605997085571289,0.5787303,2.2927535,0.6768204
v5_nonexistent_0147,nonexistent,4.418241173161315,0.5675052106380463,0.6002128,2.0985177,0.64646494
v5_nonexistent_0148,nonexistent,13.115135681707407,0.08558458089828491,0.45814323,1.7464211,0.7595205
v5_nonexistent_0149,nonexistent,5.284671013226627,0.33818984031677246,0.52224755,3.0036588,0.5898019
v5_nonexistent_0150,nonexistent,1.6244857402546877,0.8144044727087021,0.5578579,2.147518,0.5759951
v5_nonexistent_0151,nonexistent,7.081426278899166,0.3611968755722046,0.4311306,1.8196328,0.7423887
v5_nonexistent_0152,nonexistent,5.2842078723352826,0.5398224294185638,0.49999356,1.8356961,0.7869055
v5_nonexistent_0153,nonexistent,31.441345624291813,5.960464477539063e-08,0.5203758,2.0214574,0.63461584
v5_nonexistent_0154,nonexistent,36.71374874796188,-1.1920928955078125e-07,0.57450056,2.269214,0.55105865
v5_nonexistent_0155,nonexistent,8.387122430939419,0.3203510642051697,0.47756016,2.3533926,0.7052512
v5_nonexistent_0156,nonexistent,9.405784844811032,0.22446507215499878,0.56487304,2.4801924,0.559059
v5_nonexistent_0157,nonexistent,6.074016643865714,0.1726452112197876,0.44928306,3.242132,0.6927559
v5_nonexistent_0158,nonexistent,5.9198035202388635,0.4936261773109436,0.44015425,2.0947554,0.6715335
v5_nonexistent_0159,nonexistent,9.80313336000232,0.3235757350921631,0.41533065,2.2333915,0.65480405
v5_nonexistent_0160,nonexistent,29.65173380634342,0.0,0.49645042,1.7414261,0.702183
v5_nonexistent_0161,nonexistent,102.62368089932959,0.0,0.61677074,2.2403622,0.61792296
v5_nonexistent_0162,nonexistent,50.535081709083826,0.0,0.51680726,2.2070022,0.67194605
v5_nonexistent_0163,nonexistent,3.5823763530759365,0.687897264957428,0.5147318,2.1782022,0.7775516
v5_nonexistent_0164,nonexistent,1511.4163551802694,0.0,0.464347,1.542691,0.74163234
v5_nonexistent_0165,nonexistent,5.33372330867799,0.38249915838241577,0.49258822,2.1387324,0.6653365
v5_nonexistent_0166,nonexistent,6.8462532579168345,0.3996676802635193,0.4527704,1.934457,0.73730975
v5_nonexistent_0167,nonexistent,9.616917348210885,0.2805376648902893,0.47087753,2.094202,0.6559078
v5_nonexistent_0168,nonexistent,6.714305324271119,0.2547658085823059,0.5895753,2.2802129,0.63302743
v5_nonexistent_0169,nonexistent,1.2046826994080708,0.8687151223421097,0.53304386,1.9214282,0.64847153
v5_nonexistent_0170,nonexistent,8.779853643079498,0.323358952999115,0.5507588,2.2644715,0.668764
v5_nonexistent_0171,nonexistent,14.35590585138744,0.035733044147491455,0.541579,2.370705,0.7324541
v5_nonexistent_0172,nonexistent,5.013282996958587,0.408794641494751,0.50019157,2.0560768,0.6881182
v5_nonexistent_0173,nonexistent,11.881917835262415,0.10873174667358398,0.5738845,2.5868134,0.57419735
v5_nonexistent_0174,nonexistent,1.5214563206550566,0.7617906033992767,0.4678265,2.379808,0.7000785
v5_nonexistent_0175,nonexistent,6.083197725855342,0.35932308435440063,0.5266111,2.2733154,0.7050156
v5_nonexistent_0176,nonexistent,9.625052466459653,0.29842233657836914,0.44262153,2.0596516,0.6846539
v5_nonexistent_0177,nonexistent,4.986379100810822,0.4683424234390259,0.52076876,2.202793,0.6246907
v5_nonexistent_0178,nonexistent,29.497510349961953,0.0,0.4511401,2.0102565,0.73690253
v5_nonexistent_0179,nonexistent,4.440545279870584,0.4540635347366333,0.5210314,2.5250547,0.61665714
v5_nonexistent_0180,nonexistent,39.3004357175035,0.0,0.44909072,1.7580204,0.7165325
v5_nonexistent_0181,nonexistent,1.3153467321302683,0.785803347826004,0.5971551,2.8066075,0.6383361
v5_nonexistent_0182,nonexistent,110.81615431629498,-1.1920928955078125e-07,0.58582044,2.578753,0.6872868
v5_nonexistent_0183,nonexistent,18.494713718426375,0.003095090389251709,0.51996076,3.9050183,0.61683375
v5_nonexistent_0184,nonexistent,11.821284379364137,0.08884400129318237,0.65037024,3.4337554,0.60224795
v5_nonexistent_0185,nonexistent,2.6037699626712936,0.7506604194641113,0.55852735,1.8973492,0.6945744
v5_nonexistent_0186,nonexistent,29.71673485446535,0.0,0.6087207,2.2324028,0.724473
v5_nonexistent_0187,nonexistent,6.226909798933566,0.33550703525543213,0.48760134,2.6591833,0.6867726
v5_nonexistent_0188,nonexistent,1.9900079803309987,0.8092138320207596,0.58913934,2.734132,0.51812947
v5_nonexistent_0189,nonexistent,2.635769732807527,0.6005780100822449,0.5395011,2.1726165,0.70000505
v5_nonexistent_0190,nonexistent,4.942546181293689,0.48882627487182617,0.5038595,2.0969636,0.60598856
v5_nonexistent_0191,nonexistent,2.601743984988641,0.6770617961883545,0.52633804,2.2605517,0.6662562
v5_nonexistent_0192,nonexistent,13.300927225690984,0.03954833745956421,0.5232527,2.918395,0.68527305
v5_nonexistent_0193,nonexistent,84.17255603367586,5.960464477539063e-08,0.49795002,1.8371786,0.7063884
v5_nonexistent_0194,nonexistent,20.382706601066914,0.0,0.6069045,2.4919333,0.61157787
v5_nonexistent_0195,nonexistent,17.91304764461524,0.021000802516937256,0.47254115,1.6945835,0.7228585
v5_nonexistent_0196,nonexistent,13.284573708114705,0.09221208095550537,0.42987382,2.0542798,0.68390906
v5_nonexistent_0197,nonexistent,56.2160429740432,0.0,0.5901211,2.3868043,0.66400504
v5_nonexistent_0198,nonexistent,10.552872144624128,0.2190183401107788,0.5248344,1.9898597,0.6824133
v5_nonexistent_0199,nonexistent,1.7634705309126824,0.8305154144763947,0.53688836,2.2258492,0.5520537
v5_nonexistent_0200,nonexistent,6.42094478563766,0.4409136176109314,0.5787171,2.337644,0.5962954
v5_nonexistent_0201,nonexistent,8.914396961588407,0.3159092664718628,0.5594548,2.1828408,0.75819635
v5_nonexistent_0202,nonexistent,11.984290687989576,0.20347732305526733,0.4916637,2.3598168,0.7412338
v5_nonexistent_0203,nonexistent,4.799391137117372,0.5095624923706055,0.49031508,1.7684526,0.7697634
v5_nonexistent_0204,nonexistent,4.574808866758191,0.4425278902053833,0.45548356,2.6311073,0.6917007
v5_nonexistent_0205,nonexistent,54.564804272079385,5.960464477539063e-08,0.5640449,1.9434787,0.65071344
v5_nonexistent_0206,nonexistent,15.732532572707639,0.02093374729156494,0.5806446,2.2675648,0.59244883
v5_nonexistent_0207,nonexistent,1.9601900882044974,0.785775750875473,0.57643276,2.9156985,0.69272244
v5_nonexistent_0208,nonexistent,2.15496831844311,0.7484683990478516,0.46644473,2.0883532,0.69667524
v5_nonexistent_0209,nonexistent,2.0334641567922853,0.68451789021492,0.545032,2.5631144,0.689702
v5_nonexistent_0210,nonexistent,3.397154481874803,0.6417296826839447,0.530261,1.8517575,0.7383325
v5_nonexistent_0211,nonexistent,0.8621513886897595,0.8069168478250504,0.56457424,1.8051506,0.6633433
v5_nonexistent_0212,nonexistent,3.8055840448344065,0.4875401258468628,0.52205634,2.0004535,0.6404798
v5_nonexistent_0213,nonexistent,1.1986413239368456,0.8376413732767105,0.61977273,3.213564,0.5562987
v5_nonexistent_0214,nonexistent,4.901515843718829,0.5501187145709991,0.42978114,2.0587504,0.7182088
v5_nonexistent_0215,nonexistent,1.8063173026755375,0.8353127241134644,0.48570305,3.3102849,0.641711
v5_nonexistent_0216,nonexistent,26.59188268149064,-2.384185791015625e-07,0.47925168,1.856744,0.64601797
v5_nonexistent_0217,nonexistent,68.02957197526499,0.0,0.5225555,2.1172001,0.6228957
v5_nonexistent_0218,nonexistent,15.478635845723064,0.019271135330200195,0.58356476,2.0807347,0.72611165
v5_nonexistent_0219,nonexistent,2.966124525416462,0.7400694191455841,0.4827839,1.8491812,0.75815505
v5_nonexistent_0220,nonexistent,1.080653650165542,0.8113152980804443,0.5857471,2.78392,0.5773165
v5_nonexistent_0221,nonexistent,9.397258645403754,0.12514829635620117,0.5024423,2.3837945,0.5816721
v5_nonexistent_0222,nonexistent,1.9276117959085568,0.8276381641626358,0.5545093,2.2462995,0.6737704
v5_nonexistent_0223,nonexistent,19.150638401090102,0.012101352214813232,0.49459392,2.2050552,0.6662061
v5_nonexistent_0224,nonexistent,22.541767173797833,5.960464477539063e-08,0.5606844,1.7567,0.6651143
v5_nonexistent_0225,nonexistent,3.3270613702747345,0.627919614315033,0.48511982,1.8259379,0.73571616
v5_nonexistent_0226,nonexistent,12.537040145455293,0.17580825090408325,0.51431584,1.5895803,0.7360102
v5_nonexistent_0227,nonexistent,85.21788913899555,5.960464477539063e-08,0.5602585,1.7425728,0.6644172
v5_nonexistent_0228,nonexistent,7.101251422311301,0.3769418001174927,0.49136007,1.6059248,0.7157182
v5_nonexistent_0229,nonexistent,8.649611096023909,0.24906474351882935,0.6247318,2.4775088,0.5559812
v5_nonexistent_0230,nonexistent,8.168490661094163,0.18407952785491943,0.5328564,3.360561,0.608045
v5_nonexistent_0231,nonexistent,2.2621977027736744,0.7403049767017365,0.5572741,2.2071514,0.63103944
v5_nonexistent_0232,nonexistent,2.3937182860843893,0.7397699952125549,0.63490963,2.4812706,0.66625154
v5_nonexistent_0233,nonexistent,9.68259690750424,0.22333669662475586,0.43677038,2.1900811,0.6192463
v5_nonexistent_0234,nonexistent,0.7606870461247808,0.7017233967781067,0.5021751,2.3469448,0.7087915
v5_nonexistent_0235,nonexistent,0.45266497168836545,0.8043154329061508,0.5410167,2.1687114,0.59774834
v5_nonexistent_0236,nonexistent,12.78370850593902,0.11632239818572998,0.49743658,2.0861306,0.67964226
v5_nonexistent_0237,nonexistent,4.800022087198801,0.4621697664260864,0.47061205,2.6703014,0.69720256
v5_nonexistent_0238,nonexistent,3.8383252424574574,0.48271268606185913,0.4987023,2.6779785,0.64382243
v5_nonexistent_0239,nonexistent,54.879563752828844,0.0,0.4909972,1.8213214,0.6873658
v5_nonexistent_0240,nonexistent,2.354831331780543,0.7057327032089233,0.47325563,1.8591233,0.76597136
v5_nonexistent_0241,nonexistent,116.25212465570704,1.1920928955078125e-07,0.54160815,2.3462021,0.68606144
v5_nonexistent_0242,nonexistent,26.025201360849053,-1.1920928955078125e-07,0.55760884,2.1039505,0.70315146
v5_nonexistent_0243,nonexistent,4.303166584034552,0.5400939583778381,0.53973556,1.8960031,0.7262653
v5_nonexistent_0244,nonexistent,22.546347117489255,-1.1920928955078125e-07,0.43749756,2.1798131,0.62259305
v5_nonexistent_0245,nonexistent,2114.5645042782407,0.0,0.42226464,2.163144,0.60299796
v5_nonexistent_0246,nonexistent,3.719787453589171,0.6468524932861328,0.5067797,1.9362335,0.7706881
v5_nonexistent_0247,nonexistent,31.145343568169995,1.1920928955078125e-07,0.52356875,2.0534954,0.65190244
v5_nonexistent_0248,nonexistent,1.1619904029153485,0.8704555332660675,0.62643653,2.6945546,0.6118685
v5_nonexistent_0249,nonexistent,8.775903427596885,0.3246321678161621,0.52243066,1.8473176,0.6567204
v5_nonexistent_0250,nonexistent,1.8631797139577873,0.841220960021019,0.5473954,2.180746,0.60241836
v5_nonexistent_0251,nonexistent,8.65812906417084,0.22697114944458008,0.5469549,2.0645478,0.6688094
v5_nonexistent_0252,nonexistent,18.79372515314968,0.007900536060333252,0.48647177,2.1151397,0.7003689
v5_nonexistent_0253,nonexistent,3.5316923044537654,0.4992707371711731,0.4514411,2.554291,0.676177
v5_nonexistent_0254,nonexistent,1.470712105828896,0.8387173116207123,0.44082308,1.7363572,0.80939126
v5_nonexistent_0255,nonexistent,5.3109888681023545,0.49416643381118774,0.5683943,1.9134773,0.66442144
v5_nonexistent_0256,nonexistent,4.1112656835402746,0.46333616971969604,0.5200601,2.0401018,0.6988604
v5_nonexistent_0257,nonexistent,8.540516023378833,0.3015425205230713,0.5958481,2.2858188,0.6177871
v5_nonexistent_0258,nonexistent,3.6033887784568366,0.5953190326690674,0.5253202,1.9480413,0.75657594
v5_nonexistent_0259,nonexistent,8.481252430850114,0.24908363819122314,0.60665286,2.3505433,0.57177335
v5_nonexistent_0260,nonexistent,48.68320280468164,0.0,0.49389267,2.2597735,0.7241039
v5_nonexistent_0261,nonexistent,157.29881185937327,5.960464477539063e-08,0.4062754,2.0621505,0.667163
v5_nonexistent_0262,nonexistent,60.31854185029203,-1.1920928955078125e-07,0.58036214,2.6084528,0.59030735
v5_nonexistent_0263,nonexistent,25.61707925806934,0.0,0.45569998,1.9101591,0.7832251
v5_nonexistent_0264,nonexistent,39.31803296361102,0.0,0.5831301,2.4712317,0.6309382
v5_nonexistent_0265,nonexistent,45.68324504930254,5.960464477539063e-08,0.5711398,2.0206654,0.6375948
v5_nonexistent_0266,nonexistent,29.82574753128429,-1.1920928955078125e-07,0.52463007,2.764201,0.6401618
v5_nonexistent_0267,nonexistent,2.7452878714802265,0.6212424039840698,0.4557178,1.8424113,0.71766204
v5_nonexistent_0268,nonexistent,14.067282408042573,0.0913689136505127,0.45964384,2.2116814,0.6745709
v5_nonexistent_0269,nonexistent,13.543262637489601,0.1347021460533142,0.49444705,2.175639,0.6999713
v5_nonexistent_0270,nonexistent,87.85308610298007,-1.1920928955078125e-07,0.49000168,2.428548,0.7018476
v5_nonexistent_0271,nonexistent,15.904882876957853,0.11011135578155518,0.5233129,1.8457736,0.6997454
v5_nonexistent_0272,nonexistent,13.054026513680457,0.07632863521575928,0.5181593,2.2529776,0.5664806
v5_nonexistent_0273,nonexistent,1.634274255490363,0.8026145398616791,0.5273118,2.2624114,0.68274236
v5_nonexistent_0274,nonexistent,265.3584916105301,5.960464477539063e-08,0.51622236,2.6816711,0.68543416
v5_nonexistent_0275,nonexistent,1.7638322428630213,0.7697526961565018,0.5981593,2.632601,0.6974473
v5_nonexistent_0276,nonexistent,8.19540491462731,0.20495694875717163,0.50694335,2.320041,0.6196831
v5_nonexistent_0277,nonexistent,4.034020999986475,0.49053215980529785,0.5094069,3.7436345,0.6211431
v5_nonexistent_0278,nonexistent,12.425251478590148,0.16629916429519653,0.50978625,1.9461464,0.70722884
v5_nonexistent_0279,nonexistent,88.10578978631342,0.0,0.4391023,1.7016996,0.7161901
v5_nonexistent_0280,nonexistent,2.7619180571834954,0.6677132248878479,0.59299564,3.016292,0.5935266
v5_nonexistent_0281,nonexistent,5.222657299707391,0.49698376655578613,0.45686066,1.7993748,0.7703926
v5_nonexistent_0282,nonexistent,12.536797740162388,0.0736662745475769,0.4761902,2.3689878,0.6768551
v5_nonexistent_0283,nonexistent,1.130177042847689,0.8103121966123581,0.61203384,2.6846187,0.6544457
v5_nonexistent_0284,nonexistent,14.198588960923281,0.08357512950897217,0.54333,2.3671405,0.70389533
v5_nonexistent_0285,nonexistent,1.9775176220400383,0.8383868932723999,0.624637,2.4331276,0.7296827
v5_nonexistent_0286,nonexistent,7.349046754132499,0.35339105129241943,0.46527058,1.9328281,0.64413226
v5_nonexistent_0287,nonexistent,2.578921641265658,0.6487380862236023,0.5689925,2.2120821,0.59742963
v5_nonexistent_0288,nonexistent,1172.4205806283117,0.0,0.54859066,1.7548504,0.6358494
v5_nonexistent_0289,nonexistent,1.540227776714373,0.7682901918888092,0.5704853,2.304569,0.65769136
v5_nonexistent_0290,nonexistent,2.2142337618459056,0.6949661374092102,0.5576774,2.3049884,0.7273311
v5_nonexistent_0291,nonexistent,9.289922685797965,0.29390645027160645,0.57368577,2.1857343,0.723378
v5_nonexistent_0292,nonexistent,15.967577963417662,0.08213675022125244,0.50656384,2.211889,0.73234797
v5_nonexistent_0293,nonexistent,16.253336428567362,0.06774532794952393,0.45666796,2.1776533,0.65815055
v5_nonexistent_0294,nonexistent,5.15015824092604,0.44460397958755493,0.64107895,3.1016088,0.5792043
v5_nonexistent_0295,nonexistent,2.7476908115434613,0.6922093033790588,0.47472137,2.1657925,0.71996087
v5_nonexistent_0296,nonexistent,67.98936451448006,5.960464477539063e-08,0.504987,1.8695219,0.73207664
v5_nonexistent_0297,nonexistent,9.538434707982296,0.2616884708404541,0.4464081,2.124215,0.6823772
v5_nonexistent_0298,nonexistent,8.732174874683492,0.23148536682128906,0.54216635,1.9693413,0.74531883
v5_nonexistent_0299,nonexistent,4.744913219858862,0.5718168020248413,0.4671864,2.0175915,0.64284223
v5_nonexistent_0300,nonexistent,27.96831953856284,0.0,0.64792943,2.731077,0.5696288
v5_nonexistent_0301,nonexistent,1.4474674520293704,0.8237294703722,0.47385746,1.7848938,0.80678034
v5_nonexistent_0302,nonexistent,8.623910869068094,0.09220618009567261,0.4277928,2.6824546,0.69650024
v5_nonexistent_0303,nonexistent,13.856004747171122,0.04423797130584717,0.53471434,2.162573,0.69778585
v5_nonexistent_0304,nonexistent,66.27369122736415,-1.1920928955078125e-07,0.4822821,1.9254856,0.65920717
v5_nonexistent_0305,nonexistent,9.574321267073229,0.29709774255752563,0.4201662,2.1943336,0.67881465
v5_nonexistent_0306,nonexistent,1.1688574187875056,0.7658169269561768,0.46905643,2.674169,0.6416153
v5_nonexistent_0307,nonexistent,7.143000044810817,0.4316498041152954,0.56374025,1.8134125,0.65933836
v5_nonexistent_0308,nonexistent,5.630693580455969,0.37192630767822266,0.52909285,2.4856691,0.63470364
v5_nonexistent_0309,nonexistent,10.968080482329135,0.24688047170639038,0.4676416,2.2344077,0.59927696
v5_nonexistent_0310,nonexistent,2.3997038062428255,0.6864332258701324,0.58262575,1.9996886,0.57907444
v5_nonexistent_0311,nonexistent,19.780032646006582,0.0018337368965148926,0.60738057,2.5777283,0.6542975
v5_nonexistent_0312,nonexistent,4.211436650724729,0.4699985980987549,0.6278242,2.498977,0.54110575
v5_nonexistent_0313,nonexistent,68.5080903646298,5.960464477539063e-08,0.5362136,2.1955879,0.65428376
v5_nonexistent_0314,nonexistent,17.457124066363946,0.00968092679977417,0.44525784,2.489518,0.6986859
v5_nonexistent_0315,nonexistent,6.613579482360139,0.4033925533294678,0.49184936,1.9915816,0.5998588
v5_nonexistent_0316,nonexistent,125.8577378864155,-1.1920928955078125e-07,0.5667654,3.032493,0.63937986
v5_nonexistent_0317,nonexistent,2.054490756257654,0.692753255367279,0.58055824,2.950109,0.52494323
v5_nonexistent_0318,nonexistent,2.2325613084820537,0.7013692855834961,0.57494074,2.262324,0.6072611
v5_nonexistent_0319,nonexistent,4.27291740140845,0.496957004070282,0.52395403,2.081043,0.72693133
v5_nonexistent_0320,nonexistent,2.783956275009257,0.6590254902839661,0.51882064,2.1497002,0.7135842
v5_nonexistent_0321,nonexistent,8.282982373401586,0.1706969141960144,0.50608116,3.7919981,0.58245575
v5_nonexistent_0322,nonexistent,2.136465366262772,0.6929197311401367,0.54405206,2.2555192,0.66465724
v5_nonexistent_0323,nonexistent,587.649563904606,0.0,0.4231714,1.9375175,0.71058273
v5_nonexistent_0324,nonexistent,55.78383253511408,1.1920928955078125e-07,0.51390564,2.2966635,0.6679501
v5_nonexistent_0325,nonexistent,8.817977942067756,0.23434245586395264,0.5518347,2.2312217,0.66653633
v5_nonexistent_0326,nonexistent,19.600975392122894,0.009389996528625488,0.52087116,1.9098406,0.6821333
v5_nonexistent_0327,nonexistent,2.963501985107433,0.6699342727661133,0.55464435,2.9321074,0.6706772
v5_nonexistent_0328,nonexistent,4.307451047246304,0.5735601186752319,0.46686667,1.9113997,0.67180777
v5_nonexistent_0329,nonexistent,9.354308843079894,0.28565287590026855,0.59215933,2.3123367,0.67529565
v5_nonexistent_0330,nonexistent,13.842921539154307,0.029736876487731934,0.54798985,2.5117354,0.6741098
v5_nonexistent_0331,nonexistent,1.8290050055244462,0.7623479515314102,0.4976346,2.023885,0.7309818
v5_nonexistent_0332,nonexistent,4.27119920004832,0.4835056662559509,0.5387596,2.3436916,0.72180974
v5_nonexistent_0333,nonexistent,6.906600819399571,0.1628820300102234,0.41588706,2.3722174,0.7195366
v5_nonexistent_0334,nonexistent,34.15106823764579,0.0,0.45634574,2.0827315,0.68898726
v5_nonexistent_0335,nonexistent,114.93359479698746,-1.1920928955078125e-07,0.54456514,2.3915424,0.61581504
v5_nonexistent_0336,nonexistent,5.6209461558518505,0.416964054107666,0.54802597,2.248146,0.6101154
v5_nonexistent_0337,nonexistent,0.978167959368626,0.7535470724105835,0.45925707,2.612044,0.66478497
v5_nonexistent_0338,nonexistent,6.224092645299919,0.2975890636444092,0.51304746,2.375133,0.6441292
v5_nonexistent_0339,nonexistent,9.399038735591503,0.32596588134765625,0.4568925,1.8859895,0.826144
v5_nonexistent_0340,nonexistent,0.44624038867976357,0.802249476313591,0.5388452,2.1697905,0.6044282
v5_nonexistent_0341,nonexistent,207.2479575908098,0.0,0.5377544,1.9831152,0.66119844
v5_nonexistent_0342,nonexistent,40.51534568842879,1.1920928955078125e-07,0.46232063,1.7918333,0.68924356
v5_nonexistent_0343,nonexistent,5.1867211816186165,0.45356273651123047,0.5184207,2.2449691,0.6876203
v5_nonexistent_0344,nonexistent,4.221761279924308,0.4800695776939392,0.48536032,2.3405194,0.72174644
v5_nonexistent_0345,nonexistent,1.5944275867679325,0.8508521616458893,0.6472589,3.009195,0.62493426
v5_nonexistent_0346,nonexistent,0.9820526151460451,0.8024722635746002,0.54439497,1.8075994,0.766173
v5_nonexistent_0347,nonexistent,42.79661173406535,0.0,0.5819242,2.2754612,0.5656413
v5_nonexistent_0348,nonexistent,1.0057673965785046,0.7679430097341537,0.58044535,2.8093472,0.6662371
v5_nonexistent_0349,nonexistent,44.30080132766026,0.0,0.535462,1.960555,0.6460562
v5_nonexistent_0350,nonexistent,13.053744660658653,0.16709697246551514,0.47979754,2.289331,0.777192
v5_nonexistent_0351,nonexistent,2.4199493457191448,0.7143674492835999,0.58271617,1.8908408,0.6759639
v5_nonexistent_0352,nonexistent,25.738943400597325,0.0,0.48347622,1.7082874,0.75225514
v5_nonexistent_0353,nonexistent,4.3122688084224,0.4057003855705261,0.5641469,2.269388,0.6918099
v5_nonexistent_0354,nonexistent,10.680672255533242,0.11624586582183838,0.48897743,2.1531796,0.69619715
v5_nonexistent_0355,nonexistent,37.234958730694196,-1.1920928955078125e-07,0.4696793,2.2943373,0.6872657
v5_nonexistent_0356,nonexistent,15.48900333696619,0.03308910131454468,0.442518,2.5983582,0.6971271
v5_nonexistent_0357,nonexistent,1.8107319970906919,0.7907152473926544,0.5924717,2.2703953,0.7112205
v5_nonexistent_0358,nonexistent,2.7996758979243666,0.6625432372093201,0.503107,1.9480327,0.6848128
v5_nonexistent_0359,nonexistent,4.823700085701013,0.4353160262107849,0.419177,2.0576506,0.6914198
v5_nonexistent_0360,nonexistent,28.5319038937716,0.0,0.5076529,1.8377681,0.621838
v5_nonexistent_0361,nonexistent,22.430555807397113,0.0,0.4810444,2.125836,0.67299145
v5_nonexistent_0362,nonexistent,674.500188178348,5.960464477539063e-08,0.58308536,2.6493654,0.57304347
v5_nonexistent_0363,nonexistent,7.838277628761161,0.3233291506767273,0.5802291,2.2463431,0.6487688
v5_nonexistent_0364,nonexistent,1.1646393742724568,0.8683380782604218,0.46818435,1.7509553,0.735814
v5_nonexistent_0365,nonexistent,2.440806228202042,0.6979034543037415,0.5124779,1.9823508,0.69838
v5_nonexistent_0366,nonexistent,1.645191717722979,0.8691926896572113,0.47012997,1.674645,0.7794441
v5_nonexistent_0367,nonexistent,5.855098729140257,0.34295862913131714,0.56640196,2.1473997,0.6274808
v5_nonexistent_0368,nonexistent,3.989069372582652,0.6104618906974792,0.57723457,2.4322236,0.5818032
v5_nonexistent_0369,nonexistent,6.847914539518676,0.3605586886405945,0.5180141,2.0587113,0.66227096
v5_nonexistent_0370,nonexistent,4.100940451821169,0.47004199028015137,0.56897473,2.2468357,0.6172983
v5_nonexistent_0371,nonexistent,10.086516754632722,0.17098313570022583,0.5217962,1.7822292,0.7251775
v5_nonexistent_0372,nonexistent,2.5390851692668863,0.6961569488048553,0.53937423,3.2289336,0.6591347
v5_nonexistent_0373,nonexistent,5.606196576912538,0.2608489394187927,0.47318375,2.290284,0.7255259
v5_nonexistent_0374,nonexistent,2.898154175774925,0.7029721140861511,0.46456409,2.2643294,0.75909615
v5_nonexistent_0375,nonexistent,2.251735167303299,0.6829098463058472,0.50694275,1.9416443,0.66084766
v5_nonexistent_0376,nonexistent,20.18924359301815,0.0,0.54233474,1.8931897,0.7302871
v5_nonexistent_0377,nonexistent,5.957514593982871,0.3580925464630127,0.63340855,3.100522,0.56524146
v5_nonexistent_0378,nonexistent,20.59367434224406,-1.1920928955078125e-07,0.49708927,2.7659492,0.6930231
v5_nonexistent_0379,nonexistent,151.52308481476646,-1.1920928955078125e-07,0.43566173,2.1421528,0.65408164
v5_nonexistent_0380,nonexistent,0.36876532619254715,0.7971266359090805,0.58520275,2.154886,0.63595307
v5_nonexistent_0381,nonexistent,22.266416492888794,0.0,0.5347245,1.8455559,0.6787268
v5_nonexistent_0382,nonexistent,1.3528528038172585,0.7696599513292313,0.45436096,1.833004,0.75015646
v5_nonexistent_0383,nonexistent,18.489653773925923,0.00768202543258667,0.5029949,2.2133255,0.6733333
v5_nonexistent_0384,nonexistent,8.874952630741962,0.2359985113143921,0.58380413,2.7394657,0.6560479
v5_nonexistent_0385,nonexistent,5.294790038809393,0.43028557300567627,0.54834884,2.3945024,0.61391735
v5_nonexistent_0386,nonexistent,206.1934798004704,-1.1920928955078125e-07,0.5246359,2.2167275,0.5691929
v5_nonexistent_0387,nonexistent,9.309421499343017,0.25344425439834595,0.5122235,2.0746036,0.6417939
v5_nonexistent_0388,nonexistent,1.405931080682578,0.8273335844278336,0.55044985,2.509748,0.6478262
v5_nonexistent_0389,nonexistent,24.8954747043821,0.0,0.4040689,2.004797,0.66055673
v5_nonexistent_0390,nonexistent,16.58773533599044,0.013656198978424072,0.5692537,2.1734812,0.7011876
v5_nonexistent_0391,nonexistent,20.416290991375863,0.0,0.58590996,3.1179638,0.573948
v5_nonexistent_0392,nonexistent,67.4875832272013,1.1920928955078125e-07,0.5326812,2.15242,0.73001605
v5_nonexistent_0393,nonexistent,8.001321057041169,0.31399762630462646,0.6038108,2.5063906,0.6452434
v5_nonexistent_0394,nonexistent,1.5272689601896532,0.8243248611688614,0.4732942,1.9391527,0.68747777
v5_nonexistent_0395,nonexistent,3.574507233239826,0.5363626778125763,0.48887372,2.7481456,0.65181386
v5_nonexistent_0396,nonexistent,1.5350280061005073,0.7955850958824158,0.46744484,1.870554,0.73094106
v5_nonexistent_0397,nonexistent,4.733690586892344,0.4864961504936218,0.50669897,2.3465827,0.6974748
v5_nonexistent_0398,nonexistent,11.238311585495383,0.08617925643920898,0.5413382,3.110225,0.66966444
v5_nonexistent_0399,nonexistent,4.836536148368501,0.4265788197517395,0.5921917,2.7575278,0.59828126
v5_nonexistent_0400,nonexistent,6.1512026212577835,0.3331754803657532,0.4453643,2.611257,0.68603593
v5_nonexistent_0401,nonexistent,20.67753393047874,-1.1920928955078125e-07,0.52391255,1.6940353,0.675925
v5_nonexistent_0402,nonexistent,2.35095508685439,0.7009482979774475,0.44476098,1.9876664,0.68633676
v5_nonexistent_0403,nonexistent,2.899150786300501,0.6290453374385834,0.48514253,2.6874523,0.6466806
v5_nonexistent_0404,nonexistent,33.452942046258286,1.1920928955078125e-07,0.5725653,2.0706563,0.63033736
v5_nonexistent_0405,nonexistent,8.485332302920996,0.3241233825683594,0.41102707,2.3584538,0.6930052
v5_nonexistent_0406,nonexistent,25.980680437447578,-1.1920928955078125e-07,0.50744,1.8954731,0.64353025
v5_nonexistent_0407,nonexistent,17.369513141335837,0.03878992795944214,0.5992569,2.1323855,0.68305117
v5_nonexistent_0408,nonexistent,1.4359987770586893,0.7141392529010773,0.44909662,1.9236684,0.7351862
v5_nonexistent_0409,nonexistent,1.704047428726394,0.8248581737279892,0.46980423,1.8531334,0.75918055
v5_nonexistent_0410,nonexistent,10.477689723204604,0.24351167678833008,0.5882603,2.426042,0.608529
v5_nonexistent_0411,nonexistent,33.037443500541556,0.0,0.59517676,2.5888038,0.6077167
v5_nonexistent_0412,nonexistent,3.9906468263562926,0.5289674401283264,0.5770867,2.966697,0.6828811
v5_nonexistent_0413,nonexistent,100.24480214489566,-1.1920928955078125e-07,0.50228786,1.8401725,0.6287915
v5_nonexistent_0414,nonexistent,2.526634932909949,0.7093889713287354,0.525728,1.8071303,0.6925586
v5_nonexistent_0415,nonexistent,12.084815193378324,0.0864185094833374,0.4212296,2.263699,0.65292203
v5_nonexistent_0416,nonexistent,125.22772364063178,0.0,0.5625872,2.1227553,0.73622835
v5_nonexistent_0417,nonexistent,6.8415734519212545,0.37119269371032715,0.4937392,2.1962852,0.61035144
v5_nonexistent_0418,nonexistent,8.799457416612059,0.24036914110183716,0.4428649,1.9219048,0.7478688
v5_nonexistent_0419,nonexistent,4.6490637980674645,0.5590018630027771,0.56476533,1.7778463,0.65828985
v5_nonexistent_0420,nonexistent,0.950352442136987,0.8213133811950684,0.50594616,2.091654,0.6748558
v5_nonexistent_0421,nonexistent,23.28542143474767,0.0,0.51956284,1.7727073,0.6856067
v5_nonexistent_0422,nonexistent,17.339958337919676,0.006759583950042725,0.5259925,3.8505251,0.65228784
v5_nonexistent_0423,nonexistent,2.722910537545965,0.7349467277526855,0.51400363,1.6957759,0.70543534
v5_nonexistent_0424,nonexistent,3.6867666514637385,0.6575350165367126,0.49340367,1.625347,0.74065346
v5_nonexistent_0425,nonexistent,273.7175547270394,5.960464477539063e-08,0.57811904,2.4698312,0.6507339
v5_nonexistent_0426,nonexistent,0.902272026915616,0.7992537617683411,0.52057064,2.1017528,0.6316899
v5_nonexistent_0427,nonexistent,14.79619587355311,0.031452059745788574,0.54832476,3.020714,0.66001016
v5_nonexistent_0428,nonexistent,4.396184772854373,0.5519862771034241,0.4929878,2.2355134,0.7284846
v5_nonexistent_0429,nonexistent,0.8738996309218868,0.8634004443883896,0.5648179,1.8744131,0.6704445
v5_nonexistent_0430,nonexistent,3.9366682540313844,0.5972752869129181,0.51977766,2.1731157,0.6961539
v5_nonexistent_0431,nonexistent,1.1617174001795907,0.8403759896755219,0.6293831,2.831235,0.58123183
v5_nonexistent_0432,nonexistent,5.3133322956153455,0.42394596338272095,0.53843415,2.344462,0.59980756
v5_nonexistent_0433,nonexistent,3.4997607335113683,0.6252482235431671,0.51698756,2.1517217,0.7539977
v5_nonexistent_0434,nonexistent,3.6149262189203193,0.5284348726272583,0.5657549,2.9145827,0.5774544
v5_nonexistent_0435,nonexistent,3.144015690454586,0.5969650447368622,0.64696026,2.520249,0.5485064
v5_nonexistent_0436,nonexistent,78.84735806284353,5.960464477539063e-08,0.5149783,2.264123,0.64173204
v5_nonexistent_0437,nonexistent,4.401681521964703,0.47858214378356934,0.64585835,2.6191905,0.67079663
v5_nonexistent_0438,nonexistent,22.651070320005367,0.0,0.51739967,2.5063415,0.70164126
v5_nonexistent_0439,nonexistent,7.324884596459809,0.36876797676086426,0.4811052,1.849861,0.67638016
v5_nonexistent_0440,nonexistent,15.506585095703546,0.08363312482833862,0.51518536,2.358699,0.7450869
v5_nonexistent_0441,nonexistent,7.5391841433365725,0.3606310486793518,0.5206995,2.2068603,0.57553047
v5_nonexistent_0442,nonexistent,3.9528975801095263,0.44141602516174316,0.45850635,3.0613854,0.71176696
v5_nonexistent_0443,nonexistent,6.7686316269994204,0.4600799083709717,0.49370766,1.7885917,0.6833751
v5_nonexistent_0444,nonexistent,59.318964158974154,1.1920928955078125e-07,0.47845972,2.485477,0.71577805
v5_nonexistent_0445,nonexistent,5.066866556211989,0.47003281116485596,0.5937638,2.3399346,0.63301
v5_nonexistent_0446,nonexistent,14.177633480316185,0.06714904308319092,0.47432816,1.7480774,0.72729236
v5_nonexistent_0447,nonexistent,238.74468898806612,0.0,0.52067673,2.718355,0.6754037
v5_nonexistent_0448,nonexistent,4.772321630481934,0.4316510558128357,0.510615,2.5472386,0.7123488
v5_nonexistent_0449,nonexistent,3.7944856838433707,0.5353866219520569,0.5124825,2.56853,0.70801544
v5_nonexistent_0450,nonexistent,16.644603244512457,0.015230298042297363,0.59414726,2.9475563,0.65896374
v5_nonexistent_0451,nonexistent,3.205435853992051,0.5489615499973297,0.50090635,1.9352949,0.74192286
v5_nonexistent_0452,nonexistent,10.85714123930274,0.14132839441299438,0.51750255,2.363318,0.61296916
v5_nonexistent_0453,nonexistent,5.074466389389883,0.35812658071517944,0.5145664,2.6060777,0.64876467
v5_nonexistent_0454,nonexistent,2.2330470064518217,0.6603308022022247,0.53865945,2.0191522,0.6272677
v5_nonexistent_0455,nonexistent,7.287581115213167,0.2563152313232422,0.5824665,2.8812459,0.49031317
v5_nonexistent_0456,nonexistent,42.82777483415603,0.0,0.55937934,1.9174167,0.6475871
v5_nonexistent_0457,nonexistent,4.4761447328638155,0.5138200521469116,0.601937,2.5366905,0.5828182
v5_nonexistent_0458,nonexistent,21.458570883270482,0.0,0.46815264,2.1118438,0.70126164
v5_nonexistent_0459,nonexistent,2.6955938926472705,0.6569057106971741,0.5493534,2.498004,0.7393151
v5_nonexistent_0460,nonexistent,2.5745699539876545,0.6805902123451233,0.5293654,2.020506,0.6288578
v5_nonexistent_0461,nonexistent,64.42652212455117,0.0,0.57243526,1.7531927,0.75319
v5_nonexistent_0462,nonexistent,87.09023168246307,5.960464477539063e-08,0.5377358,1.9328879,0.6334489
v5_nonexistent_0463,nonexistent,9.46366029016319,0.2716165781021118,0.53879815,2.20635,0.79512423
v5_nonexistent_0464,nonexistent,3.9511958118852757,0.5377830862998962,0.6100879,2.5226068,0.6064863
v5_nonexistent_0465,nonexistent,28.78071509343759,2.384185791015625e-07,0.57094026,2.3026185,0.6587512
v5_nonexistent_0466,nonexistent,2.9478519630540174,0.70530965924263,0.50789523,3.6473165,0.61952895
v5_nonexistent_0467,nonexistent,1.090962696344909,0.7883328497409821,0.46636713,1.7673646,0.7279624
v5_nonexistent_0468,nonexistent,7.845434262249565,0.1271876096725464,0.44135976,2.3043296,0.69330144
v5_nonexistent_0469,nonexistent,1.3472107828151854,0.8372649252414703,0.6521015,2.405668,0.65966165
v5_nonexistent_0470,nonexistent,4.405240112297123,0.4096885919570923,0.50631326,2.2910957,0.6478266
v5_nonexistent_0471,nonexistent,21.16030463345521,5.960464477539063e-08,0.55374,2.1174927,0.62234473
v5_nonexistent_0472,nonexistent,94.14496901236944,-1.1920928955078125e-07,0.55983865,2.2178388,0.6993856
v5_nonexistent_0473,nonexistent,4.920348827916556,0.5893408060073853,0.52580774,1.8113718,0.62340707
v5_nonexistent_0474,nonexistent,29.100252739821514,5.960464477539063e-08,0.51851714,1.743045,0.655331
v5_nonexistent_0475,nonexistent,49.61137303240605,0.0,0.5165646,2.3711958,0.64467126
v5_nonexistent_0476,nonexistent,11.729756585515105,0.21048754453659058,0.4842546,1.936539,0.70765334
v5_nonexistent_0477,nonexistent,1.6445247304340394,0.7565692961215973,0.5791657,2.983551,0.5333858
v5_nonexistent_0478,nonexistent,32.31366793544861,-2.384185791015625e-07,0.5694123,2.1513882,0.7225377
v5_nonexistent_0479,nonexistent,88.89324921932713,0.0,0.5276801,2.3450937,0.7292886
v5_nonexistent_0480,nonexistent,6.9687482022277525,0.3243756890296936,0.47987235,2.73344,0.65849125
v5_nonexistent_0481,nonexistent,4.048471234343731,0.42660588026046753,0.53421414,2.4501762,0.685814
v5_nonexistent_0482,nonexistent,15.836318926821683,0.07729697227478027,0.59363127,2.1516824,0.5978858
v5_nonexistent_0483,nonexistent,3.873911205288789,0.6550024449825287,0.5230937,1.8727117,0.7415035
v5_nonexistent_0484,nonexistent,19.420425766256706,0.0030689239501953125,0.44999945,1.9941473,0.6675898
v5_nonexistent_0485,nonexistent,1.0632886587150996,0.7421577274799347,0.6403291,2.6491728,0.60893977
v5_nonexistent_0486,nonexistent,26.9639883431311,0.0,0.6196688,2.1008284,0.6617518
v5_nonexistent_0487,nonexistent,1.4644034184393573,0.8314222395420074,0.5850655,2.2555406,0.62622017
v5_nonexistent_0488,nonexistent,3.1520460793632035,0.5969270169734955,0.53277546,2.4178588,0.6973862
v5_nonexistent_0489,nonexistent,1.0118864518429491,0.8089142143726349,0.6236713,2.6634922,0.67045575
v5_nonexistent_0490,nonexistent,2.8300932694089447,0.6636190116405487,0.54721284,2.7959046,0.66496974
v5_nonexistent_0491,nonexistent,4.0613326685973306,0.4472307562828064,0.46226603,2.7765777,0.66557914
v5_nonexistent_0492,nonexistent,13.493331987529466,0.061036646366119385,0.51701903,3.2583046,0.6424204
v5_nonexistent_0493,nonexistent,14.12750823565992,0.0270346999168396,0.4993428,2.370857,0.601827
v5_nonexistent_0494,nonexistent,35.52110927669903,0.0,0.39959568,2.3629732,0.67631984
v5_nonexistent_0495,nonexistent,15.32060909070155,0.06368672847747803,0.5156691,1.6837579,0.65949196
v5_nonexistent_0496,nonexistent,11.864492857714282,0.21645474433898926,0.48303264,1.8148724,0.7759867
v5_nonexistent_0497,nonexistent,108.28177861196981,1.1920928955078125e-07,0.5325198,1.8286088,0.65554863
v5_nonexistent_0498,nonexistent,2.314429482612964,0.6737933456897736,0.5918002,2.5711274,0.5443263
v5_nonexistent_0499,nonexistent,19.302196665130268,0.001639246940612793,0.5445216,2.6924853,0.6667634
v5_nonexistent_0500,nonexistent,2.2509924190148918,0.7141047716140747,0.49078268,1.9805644,0.6951904
v5_nonexistent_0501,nonexistent,1.3518694267428675,0.8444830179214478,0.6242606,3.1480975,0.6010884
v5_nonexistent_0502,nonexistent,0.9303736552538899,0.8325052559375763,0.55013305,2.1625087,0.6190601
v5_nonexistent_0503,nonexistent,1.007566954415404,0.8594510108232498,0.52436996,1.855292,0.7050819
v5_nonexistent_0504,nonexistent,2.0103227672622728,0.7453981935977936,0.5468743,1.8285766,0.7225845
v5_nonexistent_0505,nonexistent,117.58830212259589,1.1920928955078125e-07,0.52126956,2.099593,0.67581785
v5_nonexistent_0506,nonexistent,3.864311594432395,0.55445197224617,0.44957632,1.9836632,0.7239818
v5_nonexistent_0507,nonexistent,26.97142250839681,1.1920928955078125e-07,0.51468384,1.8302822,0.6357988
v5_nonexistent_0508,nonexistent,34.72214871185102,5.960464477539063e-08,0.4403051,2.0485702,0.6305953
v5_nonexistent_0509,nonexistent,44.08163286754858,0.0,0.5017741,2.117635,0.74246335
v5_nonexistent_0510,nonexistent,5.336671586199997,0.4873967170715332,0.5041733,2.040315,0.76057523
v5_nonexistent_0511,nonexistent,6.205050669428212,0.38575279712677,0.5751318,2.3935218,0.604605
v5_nonexistent_0512,nonexistent,9.654640985069149,0.18076974153518677,0.45673728,2.5213006,0.70700073
v5_nonexistent_0513,nonexistent,8.670728019490669,0.21945405006408691,0.506933,3.6664093,0.61249834
v5_nonexistent_0514,nonexistent,9.035647315925695,0.19978690147399902,0.50209033,1.760121,0.8321705
v5_nonexistent_0515,nonexistent,2.556339811002115,0.6734438538551331,0.5506413,2.45791,0.61831766
v5_nonexistent_0516,nonexistent,47.885901043583885,-1.1920928955078125e-07,0.52270603,2.5594614,0.6872572
v5_nonexistent_0517,nonexistent,3.6505412749335484,0.4086630344390869,0.54078025,3.076808,0.5681941
v5_nonexistent_0518,nonexistent,20.120950818718587,-1.1920928955078125e-07,0.4398281,2.215347,0.69302535
v5_nonexistent_0519,nonexistent,5.220861830987471,0.33503687381744385,0.56564784,3.122856,0.6765655
v5_nonexistent_0520,nonexistent,16.307534543835715,0.03167849779129028,0.531138,2.1076574,0.6556221
v5_nonexistent_0521,nonexistent,9.493701562964741,0.239976704120636,0.5752872,1.9867724,0.7035488
v5_nonexistent_0522,nonexistent,1.2385001533248912,0.8339467793703079,0.6119221,3.0148556,0.54670614
v5_nonexistent_0523,nonexistent,2.048336180175079,0.6967669129371643,0.50156367,2.2330978,0.5939702
v5_nonexistent_0524,nonexistent,1.3145085574369066,0.7857758104801178,0.57510954,2.9089818,0.69881916
v5_nonexistent_0525,nonexistent,32.96791021189217,0.0,0.51244366,2.1009257,0.6044987
v5_nonexistent_0526,nonexistent,2.891111098091102,0.6990043818950653,0.51179206,1.8669062,0.7401757
v5_nonexistent_0527,nonexistent,1.589935384652417,0.829436793923378,0.5477058,2.458373,0.5861012
v5_nonexistent_0528,nonexistent,8.525161370723318,0.23004519939422607,0.4960792,2.4457974,0.7038284
v5_nonexistent_0529,nonexistent,12.358684903908264,0.18880271911621094,0.4949767,1.9350557,0.6164722
v5_nonexistent_0530,nonexistent,68.5009226243412,0.0,0.5374229,2.5065515,0.64529645
v5_nonexistent_0531,nonexistent,7.415729214666397,0.28066128492355347,0.53754115,2.4359126,0.51247823
v5_nonexistent_0532,nonexistent,12.89299869117806,0.20532482862472534,0.5057694,2.0140378,0.6805465
v5_nonexistent_0533,nonexistent,87.12241922970132,5.960464477539063e-08,0.6535007,2.2813509,0.6891209
v5_nonexistent_0534,nonexistent,2.8511199895316963,0.6906920373439789,0.60114765,2.3272946,0.65046847
v5_nonexistent_0535,nonexistent,23.45063502728397,1.1920928955078125e-07,0.44337475,2.362516,0.6631485
v5_nonexistent_0536,nonexistent,20.687299136596593,0.0,0.62470806,2.0022547,0.5785621
v5_nonexistent_0537,nonexistent,5.99551851749607,0.39298295974731445,0.544784,2.2173955,0.722365
v5_nonexistent_0538,nonexistent,1.4257000346031816,0.7549083232879639,0.57539415,2.918046,0.52941084
v5_nonexistent_0539,nonexistent,4.770629090354088,0.5287777781486511,0.52748,2.2930987,0.7389761
v5_nonexistent_0540,nonexistent,10.324753534837901,0.12867659330368042,0.49431634,2.6269703,0.6614159
v5_nonexistent_0541,nonexistent,3.8291557113643004,0.5735840201377869,0.51464045,2.0608387,0.64988923
v5_nonexistent_0542,nonexistent,51.401054980279554,5.960464477539063e-08,0.6147878,2.3569896,0.667266
v5_nonexistent_0543,nonexistent,13.14169566775915,0.11035138368606567,0.43025196,2.0953424,0.68799853
v5_nonexistent_0544,nonexistent,18.335092673222395,0.01676177978515625,0.62259734,2.2969818,0.60842276
v5_nonexistent_0545,nonexistent,3.483115763371659,0.669689416885376,0.5670225,1.873581,0.6929654
v5_nonexistent_0546,nonexistent,291.6091028630257,0.0,0.51419544,1.6160724,0.7470347
v5_nonexistent_0547,nonexistent,52.38692115853479,-1.1920928955078125e-07,0.42993385,2.6108642,0.69911027
v5_nonexistent_0548,nonexistent,7.332946082538617,0.3336837887763977,0.48012072,2.067568,0.6923058
v5_nonexistent_0549,nonexistent,37.02538352037717,1.1920928955078125e-07,0.6289797,2.73591,0.61406624
v5_nonexistent_0550,nonexistent,0.7202854624076965,0.8008379489183426,0.57354456,2.3239663,0.6816581
v5_nonexistent_0551,nonexistent,1.7633181779819604,0.8217902332544327,0.58446085,2.4487278,0.5872295
v5_nonexistent_0552,nonexistent,65.71476630457734,0.0,0.5112499,2.113207,0.74202955
v5_nonexistent_0553,nonexistent,32.92861543156917,5.960464477539063e-08,0.459014,1.9524889,0.711488
v5_nonexistent_0554,nonexistent,3.0767922767401203,0.5537073612213135,0.54567075,2.7547095,0.71833885
v5_nonexistent_0555,nonexistent,69.26746327490157,0.0,0.5690096,2.0082476,0.5847945
v5_nonexistent_0556,nonexistent,340.3671901281827,0.0,0.5721786,2.13671,0.7873559
v5_nonexistent_0557,nonexistent,26.970086549079628,0.0,0.5269163,2.05731,0.67953295
v5_nonexistent_0558,nonexistent,1.8779068452891976,0.7967231273651123,0.44886845,1.8025723,0.7775692
v5_nonexistent_0559,nonexistent,243.64066342014192,0.0,0.6080866,2.6046805,0.6358212
v5_nonexistent_0560,nonexistent,1.7079101066725113,0.743448942899704,0.4836049,2.575504,0.6795109
v5_nonexistent_0561,nonexistent,7.999105553506709,0.4213711619377136,0.5513385,1.8625164,0.6861764
v5_nonexistent_0562,nonexistent,26.46286928645358,0.0,0.4738055,2.2527437,0.6429173
v5_nonexistent_0563,nonexistent,4.606768419096576,0.4837561249732971,0.59210074,2.3493912,0.5813704
v5_nonexistent_0564,nonexistent,8.131155295457575,0.3443235754966736,0.5594839,1.8844213,0.66993916
v5_nonexistent_0565,nonexistent,2.051991388767617,0.6263169944286346,0.46173978,1.9316139,0.78734803
v5_nonexistent_0566,nonexistent,6.7121993061842895,0.3440438508987427,0.5242183,2.1563435,0.64408326
v5_nonexistent_0567,nonexistent,319.57954886631734,1.7881393432617188e-07,0.5119499,2.4444995,0.66987175
v5_nonexistent_0568,nonexistent,14.800929313834857,0.06478947401046753,0.4901585,2.33916,0.58961976
v5_nonexistent_0569,nonexistent,4.27374436016678,0.5042110085487366,0.6073061,2.4259148,0.6067085
v5_nonexistent_0570,nonexistent,1.9162971452485877,0.8412355035543442,0.4692111,2.0171058,0.6817598
v5_nonexistent_0571,nonexistent,2.44389717118575,0.677051842212677,0.47901732,2.060336,0.7182401
v5_nonexistent_0572,nonexistent,0.8972708918844479,0.7692990750074387,0.58877516,2.7640378,0.65596306
v5_nonexistent_0573,nonexistent,470.3182360577505,0.0,0.5474256,3.1030917,0.6523469
v5_nonexistent_0574,nonexistent,0.7131606087406511,0.8271685540676117,0.5746882,2.2028394,0.6637031
v5_nonexistent_0575,nonexistent,1.1920808538306855,0.7674718201160431,0.55874074,2.5756168,0.60692674
v5_nonexistent_0576,nonexistent,55.85131862651368,0.0,0.5295818,2.2283182,0.7135608
v5_nonexistent_0577,nonexistent,36.3630134318798,0.0,0.46678257,2.1464367,0.64730847
v5_nonexistent_0578,nonexistent,2.1332232044701875,0.6011294722557068,0.47501975,2.628329,0.6731235
v5_nonexistent_0579,nonexistent,14.802589427207735,0.0074097514152526855,0.52109003,3.0946622,0.57872725
v5_nonexistent_0580,nonexistent,1.9121602916083833,0.8326540440320969,0.5180708,3.4805856,0.61347806
v5_nonexistent_0581,nonexistent,14.72331696430824,0.11310064792633057,0.50736654,1.9147596,0.7306802
v5_nonexistent_0582,nonexistent,3.910051104784385,0.5350656509399414,0.593431,2.9208658,0.65430367
v5_nonexistent_0583,nonexistent,1.0357206354725152,0.8282879590988159,0.54361176,2.226655,0.60219485
v5_nonexistent_0584,nonexistent,6.929496062944969,0.40997737646102905,0.48537672,1.8520856,0.62339413
v5_nonexistent_0585,nonexistent,0.761875214284579,0.8616342842578888,0.52719533,1.9442319,0.64648604
v5_nonexistent_0586,nonexistent,4.133374698576047,0.49835312366485596,0.60227984,2.4192371,0.5684455
v5_nonexistent_0587,nonexistent,19.55183384942677,0.006180465221405029,0.5294894,2.1480296,0.5546391
v5_nonexistent_0588,nonexistent,1.8441810719130123,0.7531206607818604,0.4009145,1.9111211,0.7068387
v5_nonexistent_0589,nonexistent,104.87926207414911,-1.1920928955078125e-07,0.5166062,2.7427983,0.7033643
v5_nonexistent_0590,nonexistent,1.4993569032981315,0.805008128285408,0.57707024,2.9937692,0.5701902
v5_nonexistent_0591,nonexistent,221.73570018420466,-1.1920928955078125e-07,0.5561671,2.144099,0.683227
v5_nonexistent_0592,nonexistent,7.064557951830921,0.22666871547698975,0.56298745,2.1434085,0.7271776
v5_nonexistent_0593,nonexistent,11.664708436450685,0.20035934448242188,0.42492175,2.2956767,0.6094574
v5_nonexistent_0594,nonexistent,2.523241360111402,0.6058907210826874,0.5053337,2.9141014,0.66495186
v5_nonexistent_0595,nonexistent,6.110648962633537,0.3590465188026428,0.56990653,2.2216506,0.65313345
v5_nonexistent_0596,nonexistent,57.887563300768335,5.960464477539063e-08,0.49663687,2.1559277,0.6888917
v5_nonexistent_0597,nonexistent,5.680286946105514,0.4452287554740906,0.54713184,2.3088298,0.73455805
v5_nonexistent_0598,nonexistent,2.3421787356585804,0.6837135553359985,0.46355468,1.8717983,0.76302624
v5_nonexistent_0599,nonexistent,13.436445398375026,0.0416145920753479,0.635621,3.2565098,0.5880507
v5_nonexistent_0600,nonexistent,1.7997098961208422,0.7333524227142334,0.63804936,2.8686454,0.60412556
v5_impossible_0001,impossible,9.347321263231555,0.2322331666946411,0.5553931,2.0794902,0.786106
v5_impossible_0002,impossible,9.415572098989069,0.19832611083984375,0.53074896,1.8159605,0.6734248
v5_impossible_0003,impossible,1.2629982048597816,0.8131871074438095,0.51007044,1.9763669,0.73012424
v5_impossible_0004,impossible,111.93430774345285,1.1920928955078125e-07,0.5530914,2.251458,0.6642318
v5_impossible_0005,impossible,9.700725738162413,0.22373849153518677,0.52729595,2.1214528,0.6519563
v5_impossible_0006,impossible,14.685991403811748,0.10103875398635864,0.52367115,1.6756554,0.7350826
v5_impossible_0007,impossible,10.980229770637589,0.2238031029701233,0.5772369,2.0075476,0.82240963
v5_impossible_0008,impossible,2.31518130546559,0.6996063590049744,0.42088735,2.1239119,0.69963133
v5_impossible_0009,impossible,1.5115953103217377,0.7954349368810654,0.60586977,2.1377523,0.7626461
v5_impossible_0010,impossible,6.515996211317597,0.45331621170043945,0.5480929,2.0165997,0.7636962
v5_impossible_0011,impossible,7.795871336090453,0.22202599048614502,0.48852366,1.9584563,0.6708198
v5_impossible_0012,impossible,2.0561952886072596,0.6935185790061951,0.5114173,2.3110287,0.6811614
v5_impossible_0013,impossible,6.701118180028971,0.4056057929992676,0.5700097,1.7525122,0.8020906
v5_impossible_0014,impossible,1.792738311874962,0.8369081914424896,0.46343565,1.9383849,0.6940619
v5_impossible_0015,impossible,3.3725053792145223,0.6287404894828796,0.5673177,1.9838703,0.7250656
v5_impossible_0016,impossible,5.670891894881467,0.4540066719055176,0.5389445,2.2935326,0.71912855
v5_impossible_0017,impossible,4.8910984437137355,0.5447070300579071,0.5808466,2.026449,0.7033918
v5_impossible_0018,impossible,11.469097087695557,0.15274357795715332,0.48688656,1.7021515,0.8035562
v5_impossible_0019,impossible,0.9039035285456786,0.8453826606273651,0.55445933,1.8305192,0.71887326
v5_impossible_0020,impossible,1.0091960960608535,0.8551939874887466,0.49819398,2.0130012,0.7555662
v5_impossible_0021,impossible,3.825092667872599,0.5879805684089661,0.48398572,1.9616117,0.698568
v5_impossible_0022,impossible,0.6231864882636147,0.8054146468639374,0.5013097,2.1422324,0.75252765
v5_impossible_0023,impossible,5.26295281982116,0.3836156129837036,0.5364563,2.064696,0.7463451
v5_impossible_0024,impossible,118.53565364341355,0.0,0.5190846,1.7704799,0.7479967
v5_impossible_0025,impossible,2.4069260963983226,0.685299813747406,0.59356225,2.3604074,0.71548355
v5_impossible_0026,impossible,12.761050280168838,0.05848824977874756,0.4102105,2.0368407,0.6636443
v5_impossible_0027,impossible,1.7984842415166975,0.8285308182239532,0.5617551,1.9726344,0.77147216
v5_impossible_0028,impossible,2.5850246765987324,0.7103495299816132,0.56387305,1.9544607,0.74639785
v5_impossible_0029,impossible,3.279209450381315,0.5641884803771973,0.5235273,1.9622782,0.7392614
v5_impossible_0030,impossible,2.95025463797024,0.6979282200336456,0.49363607,1.7783155,0.60732996
v5_impossible_0031,impossible,4.1000467441344846,0.41618669033050537,0.4464411,2.2541378,0.7166369
v5_impossible_0032,impossible,37.04655359713647,-1.1920928955078125e-07,0.5174327,2.306976,0.71369827
v5_impossible_0033,impossible,1.757342022202537,0.8189418911933899,0.53485894,2.131976,0.7019608
v5_impossible_0034,impossible,1.1169377565372007,0.8302779793739319,0.54260427,2.174156,0.6369301
v5_impossible_0035,impossible,14.312821816001733,0.08159518241882324,0.5186217,2.0107834,0.7123109
v5_impossible_0036,impossible,3.1192881339545675,0.6316162943840027,0.5713563,2.0943167,0.8052881
v5_impossible_0037,impossible,17.8689543895273,0.026535451412200928,0.5724883,2.1725996,0.7871344
v5_impossible_0038,impossible,1.1071264515876142,0.866695299744606,0.52748346,1.9205768,0.62580764
v5_impossible_0039,impossible,1.6849606966409787,0.8376963883638382,0.58460224,2.2915409,0.7916782
v5_impossible_0040,impossible,170.3472109526912,0.0,0.51483285,2.0039601,0.7214514
v5_impossible_0041,impossible,50.797010525268036,-1.1920928955078125e-07,0.59273577,1.9529885,0.87914264
v5_impossible_0042,impossible,7.934221107820926,0.2553712725639343,0.5436245,2.1328619,0.74596614
v5_impossible_0043,impossible,13.200022974054267,0.09787273406982422,0.52003574,1.9142399,0.6966676
v5_impossible_0044,impossible,4.374573616891681,0.5530026257038116,0.42641944,1.8860396,0.7197923
v5_impossible_0045,impossible,14.868024167650168,0.08222746849060059,0.5252727,1.6613861,0.8307115
v5_impossible_0046,impossible,7.389204267995593,0.395082950592041,0.45823157,1.7358435,0.6650561
v5_impossible_0047,impossible,14.148778047538887,0.08853709697723389,0.5027325,2.046724,0.70932454
v5_impossible_0048,impossible,2.7154101629516454,0.6849111616611481,0.5851922,2.0355244,0.79005855
v5_impossible_0049,impossible,7.360309307126635,0.2709655165672302,0.50268877,1.5890404,0.8306422
v5_impossible_0050,impossible,41.50103773676064,0.0,0.48486543,1.8764313,0.70517164
v5_impossible_0051,impossible,42.99806470193815,1.7881393432617188e-07,0.5315405,2.0989838,0.6781906
v5_impossible_0052,impossible,3.176619532995416,0.5204137563705444,0.49819762,2.1313205,0.71302086
v5_impossible_0053,impossible,3.875808470023686,0.648711621761322,0.52368474,1.8762778,0.6899515
v5_impossible_0054,impossible,16.156831050338795,0.01282191276550293,0.45151085,1.901043,0.75251025
v5_impossible_0055,impossible,4.105438951407505,0.530849039554596,0.52119863,1.9859457,0.67169344
v5_impossible_0056,impossible,36.20605972158736,-1.1920928955078125e-07,0.47584772,1.5819973,0.8051269
v5_impossible_0057,impossible,1.565800234759683,0.8349652737379074,0.5430363,1.8220505,0.875203
v5_impossible_0058,impossible,34.52831166251927,5.960464477539063e-08,0.4521945,1.7105875,0.7970147
v5_impossible_0059,impossible,1.175592444857457,0.7316543161869049,0.48081732,1.8835,0.67193615
v5_impossible_0060,impossible,12.735919345023717,0.15619033575057983,0.5391284,1.6452177,0.7400625
v5_impossible_0061,impossible,3.914393089646427,0.5760164558887482,0.4872706,1.8913431,0.6812035
v5_impossible_0062,impossible,29.150476407250473,5.960464477539063e-08,0.5725837,2.1330624,0.7292066
v5_impossible_0063,impossible,14.473509158569348,0.036282122135162354,0.5175104,2.1584501,0.7229882
v5_impossible_0064,impossible,0.878886706848617,0.8495573401451111,0.59430885,1.880974,0.7088287
v5_impossible_0065,impossible,4.0363102051028825,0.47291332483291626,0.50469506,2.1007998,0.7174478
v5_impossible_0066,impossible,4.339698547835074,0.4495410919189453,0.52753717,1.7406131,0.67800546
v5_impossible_0067,impossible,4.602746866516092,0.46724021434783936,0.59206235,2.1581166,0.75303715
v5_impossible_0068,impossible,2.0074127460632836,0.7046710252761841,0.46852446,2.0792582,0.7548064
v5_impossible_0069,impossible,28.97807338321495,0.0,0.54577315,1.8908768,0.72326493
v5_impossible_0070,impossible,7.953875040386363,0.28578925132751465,0.51584584,1.970433,0.64928955
v5_impossible_0071,impossible,67.3051257466773,0.0,0.5258802,1.8268874,0.76840127
v5_impossible_0072,impossible,2.2477966631025987,0.7278483808040619,0.579067,1.7494814,0.7892318
v5_impossible_0073,impossible,2.3082198023778195,0.69941645860672,0.48667574,2.0042148,0.67695093
v5_impossible_0074,impossible,20.056002650868052,0.0,0.53551054,1.8213259,0.7774598
v5_impossible_0075,impossible,4.73255992879108,0.5142276287078857,0.5181891,1.8912244,0.8134618
v5_impossible_0076,impossible,4.314339162043562,0.4992193579673767,0.5340073,2.5142124,0.66706437
v5_impossible_0077,impossible,72.56159581987963,5.960464477539063e-08,0.53658164,1.9582607,0.8601357
v5_impossible_0078,impossible,11.318646111167144,0.12856698036193848,0.60846823,2.1581447,0.7865525
v5_impossible_0079,impossible,15.3167049971168,0.03732764720916748,0.51370895,1.8511748,0.7153052
v5_impossible_0080,impossible,11.455017343268352,0.16371947526931763,0.56357276,1.8362225,0.832212
v5_impossible_0081,impossible,3.2700166315149763,0.5836676955223083,0.45562357,1.7095909,0.7514181
v5_impossible_0082,impossible,5.612687246422217,0.4659147262573242,0.5603386,1.9269874,0.7217978
v5_impossible_0083,impossible,3.7053963985433036,0.5599317848682404,0.5316801,2.4618988,0.61724854
v5_impossible_0084,impossible,4.6844261379627685,0.5335108041763306,0.56883967,2.0052402,0.6865458
v5_impossible_0085,impossible,4.252230811523253,0.5205314457416534,0.53709066,2.0044265,0.72210747
v5_impossible_0086,impossible,3.8056582834154757,0.5590618550777435,0.4858759,1.7714742,0.71013427
v5_impossible_0087,impossible,1.3400681199845939,0.8360323160886765,0.5150604,2.1474926,0.6958804
v5_impossible_0088,impossible,82.7208979886978,5.960464477539063e-08,0.44576102,1.7142135,0.76584095
v5_impossible_0089,impossible,11.992802766879896,0.13119357824325562,0.5100781,1.7987165,0.6833958
v5_impossible_0090,impossible,18.10764585421385,0.012024939060211182,0.5105139,2.1750216,0.8155759
v5_impossible_0091,impossible,1.1258483933832881,0.8413865119218826,0.54640865,1.8996209,0.71909344
v5_impossible_0092,impossible,6.377252162681506,0.34059494733810425,0.5949182,1.8929831,0.8601948
v5_impossible_0093,impossible,5.113871796851109,0.3725548982620239,0.51634026,2.1549966,0.7082758
v5_impossible_0094,impossible,2.2700883214951406,0.7019835114479065,0.58835995,2.0324528,0.6800887
v5_impossible_0095,impossible,3.188129827822873,0.6026630103588104,0.50672126,2.0099757,0.67468756
v5_impossible_0096,impossible,2.5206081893696517,0.6806187033653259,0.5190606,2.14494,0.71274596
v5_impossible_0097,impossible,10.598980294818052,0.13923656940460205,0.53733075,1.8851758,0.7827622
v5_impossible_0098,impossible,6.524539040465271,0.3936091661453247,0.5446118,2.1053066,0.7191508
v5_impossible_0099,impossible,3.5017260550882856,0.6552041172981262,0.5711585,1.7916511,0.72567904
v5_impossible_0100,impossible,1.7883299886297488,0.8406743854284286,0.57989883,2.3512547,0.7578904
v5_impossible_0101,impossible,1.6089729222847409,0.8179812729358673,0.4212293,1.902517,0.7065893
v5_impossible_0102,impossible,995.9440296063138,5.960464477539063e-08,0.5181078,2.0274613,0.75909406
v5_impossible_0103,impossible,10.936403922081489,0.17412948608398438,0.5441085,1.9710506,0.7941565
v5_impossible_0104,impossible,0.9244105601733552,0.8473782688379288,0.5370071,1.8141173,0.7038151
v5_impossible_0105,impossible,2.447547308925234,0.6636210680007935,0.5546186,2.0666795,0.6875321
v5_impossible_0106,impossible,15.398660539375266,0.06466227769851685,0.57706594,1.9844806,0.73988056
v5_impossible_0107,impossible,6.1375333758605475,0.3696467876434326,0.5313471,2.2749286,0.70255435
v5_impossible_0108,impossible,2.710088695019523,0.6666516661643982,0.44227362,2.1211627,0.6656762
v5_impossible_0109,impossible,6.881616554059597,0.3331350088119507,0.5490078,2.0719676,0.7357787
v5_impossible_0110,impossible,2.687324591138126,0.6820800602436066,0.4650045,2.1567342,0.74663776
v5_impossible_0111,impossible,3.539900699647291,0.6377832889556885,0.5093588,1.7566615,0.70970553
v5_impossible_0112,impossible,5.39844114256148,0.41305017471313477,0.55032533,1.9816313,0.7833658
v5_impossible_0113,impossible,41.40605202791516,0.0,0.54106045,1.9252772,0.83486515
v5_impossible_0114,impossible,2.7878152920426156,0.7171690464019775,0.5388603,1.9257033,0.66498554
v5_impossible_0115,impossible,374.89090731185985,0.0,0.5700138,2.2554898,0.6704423
v5_impossible_0116,impossible,2.6864015980176896,0.7200987637042999,0.4940446,1.871284,0.8075954
v5_impossible_0117,impossible,4.7292405131175395,0.5402437448501587,0.46694392,1.7869031,0.7126605
v5_impossible_0118,impossible,5.228625459840111,0.4570416212081909,0.4674561,1.7468492,0.7410767
v5_impossible_0119,impossible,1.9414501266549327,0.8368503153324127,0.45776546,1.721145,0.7170512
v5_impossible_0120,impossible,1.5901050619698909,0.8083619624376297,0.573612,1.9344321,0.76579285
v5_impossible_0121,impossible,6.654547008660577,0.35380178689956665,0.54129124,1.987308,0.80878055
v5_impossible_0122,impossible,4.22538780127333,0.4438815116882324,0.5372908,2.1403358,0.70693797
v5_impossible_0123,impossible,9.090557560248653,0.22927051782608032,0.48598415,1.9052924,0.6836885
v5_impossible_0124,impossible,1.487841220466373,0.7807841002941132,0.58733886,2.101428,0.77705383
v5_impossible_0125,impossible,12.97584616816931,0.05493718385696411,0.4802848,2.087666,0.71926665
v5_impossible_0126,impossible,2.3386499053268106,0.6897765100002289,0.4187991,1.9541594,0.72631806
v5_impossible_0127,impossible,5.336085997757231,0.4086933135986328,0.47410828,1.6421124,0.76613086
v5_impossible_0128,impossible,9.246917900212754,0.22910994291305542,0.47295183,1.9030585,0.735101
v5_impossible_0129,impossible,17.603492008552173,0.028154492378234863,0.5390952,1.8145303,0.77264875
v5_impossible_0130,impossible,1.611914389107492,0.813451811671257,0.5401441,2.0090325,0.74332273
v5_impossible_0131,impossible,1.1049614216877484,0.8673134297132492,0.5425062,1.9532033,0.68302286
v5_impossible_0132,impossible,26.481934780571297,5.960464477539063e-08,0.61014605,2.154498,0.76093525
v5_impossible_0133,impossible,46.88153749735082,0.0,0.58017313,1.910651,0.8004914
v5_impossible_0134,impossible,5.289069693558993,0.43083101511001587,0.48559827,1.9824605,0.6477579
v5_impossible_0135,impossible,9.506058213870524,0.25568801164627075,0.5856413,2.2252934,0.74628943
v5_impossible_0136,impossible,2.15919150985478,0.7108056545257568,0.5904978,2.0719593,0.7231294
v5_impossible_0137,impossible,6.817243580548859,0.410617470741272,0.5896819,2.2494297,0.79995406
v5_impossible_0138,impossible,1.7860937301220186,0.8172926157712936,0.46635503,2.2578273,0.6491877
v5_impossible_0139,impossible,18.739868159682242,0.016575396060943604,0.592731,1.9290172,0.820317
v5_impossible_0140,impossible,4.508656249216884,0.46931594610214233,0.4596311,1.9350187,0.6731545
v5_impossible_0141,impossible,1.8336871435780298,0.83254374563694,0.525706,2.2425447,0.71202445
v5_impossible_0142,impossible,2.0945764564247686,0.6965807676315308,0.5643088,1.9082084,0.7398485
v5_impossible_0143,impossible,6.073740677564348,0.35050684213638306,0.5381096,1.9640048,0.7866563
v5_impossible_0144,impossible,2.5457460209099914,0.6966003179550171,0.571957,2.1424296,0.7487389
v5_impossible_0145,impossible,1.5358296751391767,0.830010175704956,0.48932135,2.1089597,0.7568427
v5_impossible_0146,impossible,20.353089777039514,-1.1920928955078125e-07,0.51188564,2.0153058,0.80574524
v5_impossible_0147,impossible,7.710301900596889,0.27271246910095215,0.52078795,2.0394793,0.6785052
v5_impossible_0148,impossible,35.722754052180534,5.960464477539063e-08,0.5335582,2.031457,0.6959694
v5_impossible_0149,impossible,3.228409794365432,0.5804763734340668,0.5525732,2.51881,0.6798934
v5_impossible_0150,impossible,26.9482124571837,5.960464477539063e-08,0.46332794,1.598654,0.71935844
v5_impossible_0151,impossible,2.7225862045183282,0.7113150954246521,0.51302177,2.2215462,0.6922324
v5_impossible_0152,impossible,0.6392882436112199,0.8055126368999481,0.5156268,2.1711004,0.72152126
v5_impossible_0153,impossible,9.65090541147262,0.2693489193916321,0.54292285,2.0148444,0.6833473
v5_impossible_0154,impossible,12.545106928237166,0.12978559732437134,0.5552777,2.0343335,0.73253715
v5_impossible_0155,impossible,25.94549922444416,5.960464477539063e-08,0.43423653,1.9240196,0.7220482
v5_impossible_0156,impossible,7.3542429253527875,0.33347880840301514,0.498887,1.7755889,0.6697125
v5_impossible_0157,impossible,27.808203849062835,0.0,0.518026,1.9764888,0.8089115
v5_impossible_0158,impossible,4.186182283098004,0.5525643527507782,0.5351454,1.8692485,0.7028353
v5_impossible_0159,impossible,24.849568971542393,5.960464477539063e-08,0.55223596,2.0016172,0.8662146
v5_impossible_0160,impossible,21.0845695317943,0.0,0.51077485,2.5082176,0.63263255
v5_impossible_0161,impossible,3.600435171272773,0.5375562310218811,0.4536196,1.8915174,0.7596175
v5_impossible_0162,impossible,8.449681239791055,0.2962871789932251,0.5865241,1.8952826,0.7233666
v5_impossible_0163,impossible,3.6566701822731917,0.5425692796707153,0.55933297,2.133155,0.6555344
v5_impossible_0164,impossible,16.115578824669093,0.038726747035980225,0.48922133,1.9493914,0.64416075
v5_impossible_0165,impossible,19.32567319909092,0.01178520917892456,0.5504917,1.7655039,0.70726746
v5_impossible_0166,impossible,1.165891014325327,0.6963152885437012,0.532446,2.215867,0.686485
v5_impossible_0167,impossible,22.240734423951995,5.960464477539063e-08,0.56093013,2.0756404,0.7131273
v5_impossible_0168,impossible,22.0287683646957,5.960464477539063e-08,0.50933635,2.0008109,0.74257565
v5_impossible_0169,impossible,12.081242918284337,0.07518172264099121,0.5266798,2.2983327,0.70709777
v5_impossible_0170,impossible,1.4737036831752675,0.8259361386299133,0.5413014,1.8528621,0.7384694
v5_impossible_0171,impossible,5.978506766267965,0.3958044648170471,0.555938,1.9642229,0.6558916
v5_impossible_0172,impossible,4.537693686088924,0.4999072551727295,0.5675945,1.9268761,0.7846749
v5_impossible_0173,impossible,0.7826071542723354,0.8641609698534012,0.5602602,1.7654754,0.73233193
v5_impossible_0174,impossible,5.238637931081589,0.32217442989349365,0.4905231,2.0724764,0.6652672
v5_impossible_0175,impossible,1.2411476617499297,0.8384104520082474,0.50711113,1.8977199,0.6732991
v5_impossible_0176,impossible,2.150524524085449,0.7044046819210052,0.4701023,1.8084295,0.7524618
v5_impossible_0177,impossible,7.00562860791805,0.3787010908126831,0.53160024,2.0820973,0.7992414
v5_impossible_0178,impossible,11.345780823057263,0.14622443914413452,0.57223696,2.1232133,0.7541774
v5_impossible_0179,impossible,2.3081831240513107,0.727985143661499,0.5659077,2.1287115,0.7409765
v5_impossible_0180,impossible,11.525491715837463,0.2052956223487854,0.53395855,1.7146828,0.67787606
v5_impossible_0181,impossible,2.541123811433683,0.6945934891700745,0.5830267,1.8769711,0.7558214
v5_impossible_0182,impossible,5.766958181841774,0.44454920291900635,0.56745803,2.0489948,0.68795645
v5_impossible_0183,impossible,14.005822605563292,0.07481783628463745,0.53810763,1.8978944,0.77978915
v5_impossible_0184,impossible,3.514632136274718,0.5916885733604431,0.5133995,2.2938612,0.7065457
v5_impossible_0185,impossible,3.0530307359097812,0.5968250632286072,0.57269216,2.2256289,0.73318964
v5_impossible_0186,impossible,1.6320449063869849,0.8299400806427002,0.54255223,2.1669133,0.6558165
v5_impossible_0187,impossible,52.2310768104025,1.1920928955078125e-07,0.5292653,2.403495,0.72164905
v5_impossible_0188,impossible,5.9928977021567835,0.3890588879585266,0.5393643,1.9158746,0.6954794
v5_impossible_0189,impossible,1.3376649615385412,0.8461781889200211,0.52432483,2.0675519,0.72220147
v5_impossible_0190,impossible,4.219393834299317,0.4945152997970581,0.5199752,2.1100729,0.6654856
v5_impossible_0191,impossible,3.287438265802137,0.5218669772148132,0.39456195,1.8471695,0.714805
v5_impossible_0192,impossible,5.424255229309805,0.3936556577682495,0.54350597,2.4422886,0.6391096
v5_impossible_0193,impossible,4.2837885954437995,0.556560754776001,0.5041845,2.1202412,0.6805341
v5_impossible_0194,impossible,230.70924569373483,-1.1920928955078125e-07,0.42305875,2.1216161,0.6976643
v5_impossible_0195,impossible,18.39907490374833,0.022833049297332764,0.58476907,2.0648808,0.7353968
v5_impossible_0196,impossible,19.864874239171836,0.005666375160217285,0.55646455,2.3265607,0.79537475
v5_impossible_0197,impossible,1.0931828478385563,0.8540288060903549,0.5749991,1.9765482,0.732626
v5_impossible_0198,impossible,385.5632611341553,0.0,0.5471597,1.9743158,0.71513486
v5_impossible_0199,impossible,6.29039253051281,0.30058032274246216,0.5207025,1.8553156,0.82676023
v5_impossible_0200,impossible,40.24193481772579,0.0,0.54735625,2.1665316,0.8055227
v5_ambiguous_0001,ambiguous,66.47908271973988,5.960464477539063e-08,0.4508115,2.0282297,0.7250496
v5_ambiguous_0002,ambiguous,3.791018314922302,0.5731041431427002,0.50070465,2.3288462,0.60865027
v5_ambiguous_0003,ambiguous,2.328867472461743,0.6191680133342743,0.58854866,2.5436323,0.6291196
v5_ambiguous_0004,ambiguous,4.679422020585064,0.49382495880126953,0.52438873,2.1841402,0.6166783
v5_ambiguous_0005,ambiguous,12.043262442402764,0.08419841527938843,0.48874855,2.618219,0.62854373
v5_ambiguous_0006,ambiguous,42.79938548582964,0.0,0.51480794,2.2689254,0.70627725
v5_ambiguous_0007,ambiguous,733.5775870954949,-1.1920928955078125e-07,0.53527415,2.1108003,0.69554883
v5_ambiguous_0008,ambiguous,7.593822409725508,0.3905267119407654,0.5485468,2.2323565,0.5561246
v5_ambiguous_0009,ambiguous,1.6170411602373955,0.7824097573757172,0.5906201,2.437556,0.7314966
v5_ambiguous_0010,ambiguous,26.29245572794233,5.960464477539063e-08,0.44101435,1.879424,0.6462002
v5_ambiguous_0011,ambiguous,7.470714880811638,0.34368908405303955,0.51331127,2.4376824,0.6403057
v5_ambiguous_0012,ambiguous,11.645565525766012,0.13449037075042725,0.5303751,2.2129915,0.6581882
v5_ambiguous_0013,ambiguous,351.9581062592149,1.1920928955078125e-07,0.43586725,2.321328,0.64289826
v5_ambiguous_0014,ambiguous,3.888875599306098,0.595039576292038,0.50776654,2.3779657,0.6424444
v5_ambiguous_0015,ambiguous,2.235888310707311,0.7523236870765686,0.49019182,1.8986464,0.7203912
v5_ambiguous_0016,ambiguous,2.2577182402028138,0.7786960303783417,0.50134563,2.1866117,0.6054154
v5_ambiguous_0017,ambiguous,1.3724922295704827,0.8168146014213562,0.52471447,2.5241497,0.6068728
v5_ambiguous_0018,ambiguous,4.372750481199657,0.4991307258605957,0.48918718,2.2309883,0.73831713
v5_ambiguous_0019,ambiguous,7.06585964360342,0.3490257263183594,0.5073497,1.8140001,0.66117024
v5_ambiguous_0020,ambiguous,3.2365660701818624,0.6083578169345856,0.533793,3.420984,0.6616168
v5_ambiguous_0021,ambiguous,9.834804292361689,0.20099806785583496,0.50835717,2.28958,0.595525
v5_ambiguous_0022,ambiguous,23.330400267760073,0.0,0.5762702,2.3573284,0.62558794
v5_ambiguous_0023,ambiguous,5.1839089853626055,0.532338559627533,0.5304104,1.7745336,0.7435301
v5_ambiguous_0024,ambiguous,15.236578852219598,0.037073493003845215,0.55931866,2.2627091,0.6581464
v5_ambiguous_0025,ambiguous,76.0985093225016,1.1920928955078125e-07,0.6016401,2.2023337,0.62320834
v5_ambiguous_0026,ambiguous,11.298578882075,0.167402446269989,0.54267126,2.6096473,0.5284358
v5_ambiguous_0027,ambiguous,8.965743559762382,0.23389923572540283,0.5510603,2.38388,0.6196516
v5_ambiguous_0028,ambiguous,6.1687886733570645,0.4397621750831604,0.4443251,1.8831044,0.62491405
v5_ambiguous_0029,ambiguous,2.0474870035309145,0.638820081949234,0.5108931,2.3201506,0.7123717
v5_ambiguous_0030,ambiguous,22.775420489961515,5.960464477539063e-08,0.49357742,2.217852,0.6128087
v5_ambiguous_0031,ambiguous,55.428682578076184,-1.1920928955078125e-07,0.52176195,1.8832093,0.64071923
v5_ambiguous_0032,ambiguous,1.4149911392349548,0.8653832226991653,0.50349617,2.390961,0.675852
v5_ambiguous_0033,ambiguous,4.166080367788371,0.47474777698516846,0.5030153,1.9080272,0.6550509
v5_ambiguous_0034,ambiguous,20.87490993829417,0.0,0.59466875,2.2953308,0.6559632
v5_ambiguous_0035,ambiguous,23.92013867570688,0.0,0.5345754,2.5803578,0.68080753
v5_ambiguous_0036,ambiguous,10.251287428296292,0.15526920557022095,0.5737005,2.1720726,0.64421093
v5_ambiguous_0037,ambiguous,28.45257574683181,5.960464477539063e-08,0.5144439,2.280666,0.61854464
v5_ambiguous_0038,ambiguous,1.5401097166021636,0.8081886023283005,0.4853387,1.7565811,0.681544
v5_ambiguous_0039,ambiguous,28.89639770659218,-1.1920928955078125e-07,0.5029915,2.170203,0.5787823
v5_ambiguous_0040,ambiguous,19.054699141977444,0.013832151889801025,0.58539516,2.7578027,0.6576085
v5_ambiguous_0041,ambiguous,0.9744402224601485,0.8018044829368591,0.4765125,2.1486623,0.74156183
v5_ambiguous_0042,ambiguous,3.1706207416061463,0.5359519720077515,0.4937874,1.8665205,0.7313689
v5_ambiguous_0043,ambiguous,9.996760643170083,0.26217591762542725,0.457816,1.8314649,0.7206717
v5_ambiguous_0044,ambiguous,11.916414993025112,0.1789475679397583,0.62712187,1.8790333,0.6655879
v5_ambiguous_0045,ambiguous,2.8399386688126036,0.6968715190887451,0.48265237,2.0781786,0.5657625
v5_ambiguous_0046,ambiguous,10.357900618189296,0.1830011010169983,0.5905571,1.9608412,0.72548306
v5_ambiguous_0047,ambiguous,2.3413989863744393,0.691798061132431,0.539356,2.1261654,0.6556387
v5_ambiguous_0048,ambiguous,2.7762256410103663,0.6553901135921478,0.5542939,2.82037,0.66494244
v5_ambiguous_0049,ambiguous,126.74443264569553,0.0,0.49481803,2.2560408,0.63235885
v5_ambiguous_0050,ambiguous,9.24263816435427,0.1542907953262329,0.5520924,2.3277988,0.70447135
v5_ambiguous_0051,ambiguous,3.0485554844673217,0.5702798962593079,0.5378768,2.1752968,0.7178223
v5_ambiguous_0052,ambiguous,96.47972989243787,-1.1920928955078125e-07,0.43108296,2.094862,0.7011739
v5_ambiguous_0053,ambiguous,4.922686545727368,0.5427616834640503,0.4153728,1.7842928,0.7639415
v5_ambiguous_0054,ambiguous,7.661316364522265,0.3795582056045532,0.5433445,2.1671865,0.6461778
v5_ambiguous_0055,ambiguous,29.568068676978363,0.0,0.5210911,2.3733873,0.6322988
v5_ambiguous_0056,ambiguous,7.062497796549684,0.37102508544921875,0.4398948,1.8535315,0.67684805
v5_ambiguous_0057,ambiguous,6.7602374856930565,0.3763999342918396,0.5489794,1.9016408,0.7541723
v5_ambiguous_0058,ambiguous,16.80665916602648,0.03909951448440552,0.45509094,2.1889215,0.63176167
v5_ambiguous_0059,ambiguous,71.45523590689048,-1.1920928955078125e-07,0.45019674,2.292876,0.6292122
v5_ambiguous_0060,ambiguous,39.1944639145732,1.1920928955078125e-07,0.5177181,2.4009988,0.6140565
v5_ambiguous_0061,ambiguous,19.828351994809264,0.0028833746910095215,0.5572133,1.8445789,0.68229973
v5_ambiguous_0062,ambiguous,8.78026373684459,0.3492421507835388,0.48932248,1.9192542,0.69483066
v5_ambiguous_0063,ambiguous,9.17261928844091,0.23195135593414307,0.5308131,2.1000059,0.66079783
v5_ambiguous_0064,ambiguous,9.094989702063911,0.24869847297668457,0.4587298,2.02792,0.64159065
v5_ambiguous_0065,ambiguous,125.37441247263926,0.0,0.39712876,1.9357448,0.76473147
v5_ambiguous_0066,ambiguous,5.1754132322387045,0.4243708848953247,0.48970222,2.2159882,0.63967884
v5_ambiguous_0067,ambiguous,0.9866506016274086,0.6806033849716187,0.49019313,2.3372748,0.6202276
v5_ambiguous_0068,ambiguous,2.6070859550316485,0.6964805722236633,0.5310006,2.0104175,0.63995016
v5_ambiguous_0069,ambiguous,126.30329513249566,-1.1920928955078125e-07,0.47202712,2.1494217,0.65518636
v5_ambiguous_0070,ambiguous,11.978182596393115,0.18449443578720093,0.5363005,2.337495,0.6213646
v5_ambiguous_0071,ambiguous,5.299093445658223,0.43417513370513916,0.4082005,2.3754869,0.5081506
v5_ambiguous_0072,ambiguous,50.57391284688434,-1.1920928955078125e-07,0.5495925,2.421143,0.5399618
v5_ambiguous_0073,ambiguous,3.0285535471862586,0.5683151483535767,0.50279593,2.0181005,0.71548915
v5_ambiguous_0074,ambiguous,4.766042646115308,0.5172089636325836,0.5854729,2.762326,0.6779773
v5_ambiguous_0075,ambiguous,1.8770219093084632,0.7996969223022461,0.5072465,2.3742976,0.6317176
v5_ambiguous_0076,ambiguous,5.388091161526242,0.4439067840576172,0.49380875,2.5783818,0.59799695
v5_ambiguous_0077,ambiguous,2.131765069731276,0.7491640448570251,0.56723833,2.1810956,0.65017253
v5_ambiguous_0078,ambiguous,1.6828872223289386,0.7738855481147766,0.528723,2.2923703,0.7255812
v5_ambiguous_0079,ambiguous,7.408695909449653,0.24850386381149292,0.60314673,2.4580376,0.6834518
v5_ambiguous_0080,ambiguous,1.0048154096943285,0.8288308680057526,0.48548037,2.2527187,0.70329976
v5_ambiguous_0081,ambiguous,3.6061460817492925,0.545151561498642,0.51243126,3.0139842,0.6508485
v5_ambiguous_0082,ambiguous,12.810701077531633,0.06617283821105957,0.57328725,2.3332653,0.680984
v5_ambiguous_0083,ambiguous,22.216521727975422,5.960464477539063e-08,0.4861557,2.261914,0.5661104
v5_ambiguous_0084,ambiguous,11.671560451088839,0.2641637921333313,0.5094608,1.8986582,0.6947912
v5_ambiguous_0085,ambiguous,2.9357855701968667,0.681110680103302,0.47188836,1.9576889,0.721373
v5_ambiguous_0086,ambiguous,45.50553694823454,0.0,0.44663364,1.823748,0.7346687
v5_ambiguous_0087,ambiguous,4.248249869942228,0.47820502519607544,0.5380361,2.3474517,0.7160439
v5_ambiguous_0088,ambiguous,2.275384117855161,0.6795254349708557,0.5587287,2.6533961,0.6534663
v5_ambiguous_0089,ambiguous,2.1725759618060443,0.69281405210495,0.4693268,1.9511002,0.778238
v5_ambiguous_0090,ambiguous,2.251262754687845,0.6645384430885315,0.56752634,2.8083563,0.638459
v5_ambiguous_0091,ambiguous,11.745320869185958,0.16465455293655396,0.42884856,2.1759737,0.764121
v5_ambiguous_0092,ambiguous,11.158602828157601,0.10104936361312866,0.5072453,3.3166988,0.69182396
v5_ambiguous_0093,ambiguous,4.078792345841254,0.5704613327980042,0.5249113,2.0028472,0.68036944
v5_ambiguous_0094,ambiguous,1.6347773079422045,0.7238602936267853,0.48566222,1.8965575,0.60903835
v5_ambiguous_0095,ambiguous,2.1647001141236575,0.676081120967865,0.52906835,2.4546185,0.66122425
v5_ambiguous_0096,ambiguous,3.8072391302078534,0.5298016369342804,0.5791731,2.2050683,0.6434432
v5_ambiguous_0097,ambiguous,104.74695080401884,0.0,0.5145469,1.8786668,0.7420254
v5_ambiguous_0098,ambiguous,4.953366560054183,0.5176481902599335,0.5144469,2.399088,0.60556614
v5_ambiguous_0099,ambiguous,24.424183663070853,0.0,0.4645028,2.468127,0.6782376
v5_ambiguous_0100,ambiguous,3.978996991184632,0.5049356818199158,0.53651404,2.2173991,0.6392648
v5_ambiguous_0101,ambiguous,1.4819096204878057,0.8324688673019409,0.53938144,2.3221104,0.6831987
v5_ambiguous_0102,ambiguous,7.582223379177694,0.375612735748291,0.47336018,2.0082235,0.65725845
v5_ambiguous_0103,ambiguous,75.3550732825334,-1.1920928955078125e-07,0.50413847,2.624177,0.62882215
v5_ambiguous_0104,ambiguous,6.839780699322595,0.4064774513244629,0.5696453,2.1369271,0.6452623
v5_ambiguous_0105,ambiguous,5.505188015894521,0.46624571084976196,0.40022403,1.715083,0.708857
v5_ambiguous_0106,ambiguous,26.152795353834975,5.960464477539063e-08,0.5044913,2.2693517,0.6426177
v5_ambiguous_0107,ambiguous,17.33593251865643,0.02646040916442871,0.54143125,2.3072815,0.6369343
v5_ambiguous_0108,ambiguous,1.0729412210114706,0.6791050136089325,0.5116335,2.2978003,0.6758319
v5_ambiguous_0109,ambiguous,14.751622738941975,0.06531155109405518,0.57235205,2.2664306,0.6784494
v5_ambiguous_0110,ambiguous,1.9968250212510292,0.8446952104568481,0.55932564,1.9303677,0.72971666
v5_ambiguous_0111,ambiguous,2.6199210598292972,0.636053204536438,0.49063206,2.1613393,0.6398624
v5_ambiguous_0112,ambiguous,791.9526845694819,0.0,0.5563573,2.2880995,0.64301586
v5_ambiguous_0113,ambiguous,9.275092982273437,0.1535729169845581,0.49403346,2.465021,0.67571163
v5_ambiguous_0114,ambiguous,30.842979415145443,-1.1920928955078125e-07,0.5713076,2.3981109,0.69141805
v5_ambiguous_0115,ambiguous,20.432200883811927,0.0,0.43823314,1.9251248,0.78121734
v5_ambiguous_0116,ambiguous,2.9147245988157446,0.6853431761264801,0.49627292,2.024885,0.7166891
v5_ambiguous_0117,ambiguous,4.942210580471759,0.48557353019714355,0.52198553,2.249789,0.70684135
v5_ambiguous_0118,ambiguous,14.46316867290584,0.09378182888031006,0.4848054,2.0440161,0.75787497
v5_ambiguous_0119,ambiguous,6.82269259259184,0.42258739471435547,0.4805293,1.8769766,0.6495763
v5_ambiguous_0120,ambiguous,9.57988598158164,0.24527472257614136,0.4715867,2.212013,0.7007528
v5_ambiguous_0121,ambiguous,289.24430601916936,-1.1920928955078125e-07,0.48652703,2.0428822,0.7196678
v5_ambiguous_0122,ambiguous,3.704682917716556,0.5814600586891174,0.49972546,3.104367,0.64363647
v5_ambiguous_0123,ambiguous,2.419206961089366,0.6417378783226013,0.53196716,2.8280332,0.6365872
v5_ambiguous_0124,ambiguous,5.329950148913116,0.3493863344192505,0.5074316,2.6159973,0.67082
v5_ambiguous_0125,ambiguous,5.134775328543958,0.42926132678985596,0.4918089,2.4083571,0.69748926
v5_ambiguous_0126,ambiguous,17.18541141043822,0.02673184871673584,0.4494825,2.2015133,0.61035836
v5_ambiguous_0127,ambiguous,1.4754592953222554,0.8702852576971054,0.544356,1.8533586,0.64231604
v5_ambiguous_0128,ambiguous,22.788506364021394,0.0,0.5225853,2.204184,0.69657075
v5_ambiguous_0129,ambiguous,15.559092688528516,0.10719972848892212,0.58678836,1.78529,0.6252607
v5_ambiguous_0130,ambiguous,4.290915847584038,0.47133809328079224,0.6217166,2.19224,0.71772945
v5_ambiguous_0131,ambiguous,8.794261447426797,0.22433650493621826,0.5174371,2.4020607,0.577298
v5_ambiguous_0132,ambiguous,2.884067960122777,0.6633664965629578,0.41404444,1.9863205,0.6881414
v5_ambiguous_0133,ambiguous,2.0522028573410167,0.6671017408370972,0.55215776,2.1578367,0.6431911
v5_ambiguous_0134,ambiguous,64.18046578606712,-1.1920928955078125e-07,0.5767707,1.9627987,0.6650347
v5_ambiguous_0135,ambiguous,6.342874712068216,0.3280707597732544,0.43357223,2.173981,0.6158528
v5_ambiguous_0136,ambiguous,1.1642356034999204,0.7956800311803818,0.5372293,2.0259616,0.67232746
v5_ambiguous_0137,ambiguous,1874.2118468981994,0.0,0.52909243,2.0603473,0.67271745
v5_ambiguous_0138,ambiguous,17.508774168081075,0.0053934454917907715,0.60821223,2.381278,0.6629262
v5_ambiguous_0139,ambiguous,2.2975203272880127,0.6730486750602722,0.4145469,2.3745615,0.69387394
v5_ambiguous_0140,ambiguous,29.083391351585842,5.960464477539063e-08,0.535866,2.046225,0.6911396
v5_ambiguous_0141,ambiguous,3.648203108597826,0.5114174485206604,0.5992358,2.1271281,0.61425924
v5_ambiguous_0142,ambiguous,73.21249349094214,5.960464477539063e-08,0.55805135,1.8269312,0.66516685
v5_ambiguous_0143,ambiguous,258.9924613624928,-1.1920928955078125e-07,0.5698286,1.9564066,0.6143689
v5_ambiguous_0144,ambiguous,1.295274059230251,0.6865330338478088,0.49792826,2.5230246,0.63518035
v5_ambiguous_0145,ambiguous,103.80335728957436,-1.1920928955078125e-07,0.511854,2.168741,0.61658037
v5_ambiguous_0146,ambiguous,3.85773184521582,0.5282905101776123,0.4593538,2.0310616,0.65573275
v5_ambiguous_0147,ambiguous,1.3147810299061224,0.6449107229709625,0.47217768,2.1810334,0.66415274
v5_ambiguous_0148,ambiguous,15.266781687013621,0.06214261054992676,0.53601694,2.87184,0.5257317
v5_ambiguous_0149,ambiguous,5.217189012449709,0.42052513360977173,0.58148277,2.49425,0.6689382
v5_ambiguous_0150,ambiguous,2.2930393272981404,0.6425480246543884,0.47819716,2.1082766,0.64071894
v5_ambiguous_0151,ambiguous,1.8128237394408186,0.6841219663619995,0.4730518,2.1971238,0.6558366
v5_ambiguous_0152,ambiguous,9.498249283514731,0.24983441829681396,0.48210442,2.1502428,0.5692571
v5_ambiguous_0153,ambiguous,23.04749621256189,-1.1920928955078125e-07,0.49196184,2.3561537,0.76168704
v5_ambiguous_0154,ambiguous,1.7133068111366265,0.8407764881849289,0.54479754,1.9799545,0.7241969
v5_ambiguous_0155,ambiguous,19.23734958383227,0.0037227869033813477,0.59117585,2.1328614,0.60889214
v5_ambiguous_0156,ambiguous,34.16389887396205,0.0,0.507629,2.8574173,0.624293
v5_ambiguous_0157,ambiguous,9.833127636626156,0.21632295846939087,0.53333795,2.5678668,0.67963386
v5_ambiguous_0158,ambiguous,9.160413485487133,0.21379798650741577,0.51314795,2.660617,0.58812547
v5_ambiguous_0159,ambiguous,2.0680818778291767,0.691349983215332,0.52836466,2.346079,0.62049675
v5_ambiguous_0160,ambiguous,4.322843759179193,0.4872077703475952,0.51463777,3.737084,0.67690927
v5_ambiguous_0161,ambiguous,56.74921649809929,0.0,0.4734441,2.0240796,0.6667387
v5_ambiguous_0162,ambiguous,1.5818329433565521,0.6983873546123505,0.49498117,2.6777172,0.66490924
v5_ambiguous_0163,ambiguous,25.308026638176585,5.960464477539063e-08,0.5550475,2.3940005,0.6680554
v5_ambiguous_0164,ambiguous,4.539027231648384,0.513106495141983,0.5087355,2.3281462,0.6277071
v5_ambiguous_0165,ambiguous,200.9250621001175,5.960464477539063e-08,0.53783095,2.4158733,0.5593286
v5_ambiguous_0166,ambiguous,3.1382173632261665,0.6291393637657166,0.5126126,1.828468,0.665798
v5_ambiguous_0167,ambiguous,2.691322285744902,0.7585208714008331,0.5040697,1.7197243,0.70875096
v5_ambiguous_0168,ambiguous,21.314180418809613,5.960464477539063e-08,0.46862376,2.1157086,0.666533
v5_ambiguous_0169,ambiguous,39.075579351051125,5.960464477539063e-08,0.53980446,2.2096837,0.62390584
v5_ambiguous_0170,ambiguous,2.459197878230743,0.7073127627372742,0.4824623,2.1471808,0.6671244
v5_ambiguous_0171,ambiguous,21.53455265589691,0.0,0.5243659,2.0209045,0.69538194
v5_ambiguous_0172,ambiguous,154.2186093260635,0.0,0.58259904,2.855771,0.7057843
v5_ambiguous_0173,ambiguous,3.505293076921148,0.6181624233722687,0.5094125,1.9992454,0.7024527
v5_ambiguous_0174,ambiguous,52.98693247170538,-1.1920928955078125e-07,0.5106814,1.9440423,0.6392385
v5_ambiguous_0175,ambiguous,1.009827042936809,0.7809257358312607,0.43451834,1.794565,0.6933537
v5_ambiguous_0176,ambiguous,16.449349619551796,0.03546309471130371,0.5133985,2.2573254,0.6216035
v5_ambiguous_0177,ambiguous,40.016492846245086,5.960464477539063e-08,0.4351039,2.088077,0.6505867
v5_ambiguous_0178,ambiguous,1.9867131020485014,0.8128213733434677,0.57999396,2.2099643,0.66932774
v5_ambiguous_0179,ambiguous,4.343644750511929,0.5157024562358856,0.45086187,1.9375331,0.75438654
v5_ambiguous_0180,ambiguous,9.379067414777934,0.16682511568069458,0.6042142,2.762668,0.6551999
v5_ambiguous_0181,ambiguous,1.4388294389443586,0.8298789411783218,0.47119516,2.2184803,0.751164
v5_ambiguous_0182,ambiguous,19.544996373658833,0.011632919311523438,0.45998806,1.9669424,0.79156446
v5_ambiguous_0183,ambiguous,36.59033183211018,5.960464477539063e-08,0.55343115,2.1614635,0.6947384
v5_ambiguous_0184,ambiguous,8.415672276060292,0.2755424976348877,0.551259,1.8453263,0.6765697
v5_ambiguous_0185,ambiguous,48.915153804536885,1.1920928955078125e-07,0.4836679,1.8954593,0.7075085
v5_ambiguous_0186,ambiguous,4.184108895662107,0.48656439781188965,0.4902743,1.8384666,0.6919855
v5_ambiguous_0187,ambiguous,6.182201811265634,0.32740986347198486,0.5687938,2.6446648,0.6651759
v5_ambiguous_0188,ambiguous,5.232218945132188,0.3848521113395691,0.54972917,2.077774,0.6713792
v5_ambiguous_0189,ambiguous,5.0792249899375,0.4615509510040283,0.51628935,2.3198323,0.61716694
v5_ambiguous_0190,ambiguous,1.7308064730111354,0.8026895374059677,0.57652664,2.2791104,0.74998367
v5_ambiguous_0191,ambiguous,33.3307824497621,0.0,0.52403533,2.4447675,0.6091684
v5_ambiguous_0192,ambiguous,2.9432191617468186,0.7209056913852692,0.51531804,1.7715131,0.70698905
v5_ambiguous_0193,ambiguous,9.0092326396156,0.18007957935333252,0.46202826,2.4490318,0.7094724
v5_ambiguous_0194,ambiguous,16.148031177946148,0.02844029664993286,0.544197,2.1590323,0.66628623
v5_ambiguous_0195,ambiguous,52.47920361010795,1.1920928955078125e-07,0.50149924,2.061631,0.58959377
v5_ambiguous_0196,ambiguous,1.1080199548013987,0.8179212212562561,0.52422225,2.96328,0.6532773
v5_ambiguous_0197,ambiguous,10.815580275535238,0.2588832378387451,0.45071065,1.8243675,0.73530436
v5_ambiguous_0198,ambiguous,97.95271778327685,0.0,0.5253781,2.0356147,0.69827586
v5_ambiguous_0199,ambiguous,11.151089771198562,0.21963101625442505,0.47035342,2.1673713,0.6763243
v5_ambiguous_0200,ambiguous,9.10491314096872,0.26760292053222656,0.4591815,2.062005,0.6706757
v5_ambiguous_0201,ambiguous,2.3403698132868715,0.6168726086616516,0.54468536,2.0014026,0.7213948
v5_ambiguous_0202,ambiguous,16.59252358296529,0.049628257751464844,0.53618854,2.8277273,0.5370308
v5_ambiguous_0203,ambiguous,3.9846193819537565,0.6227689981460571,0.4987334,2.2499726,0.6616502
v5_ambiguous_0204,ambiguous,10.63319253740377,0.13167548179626465,0.5006509,2.6632657,0.6304929
v5_ambiguous_0205,ambiguous,33.88078228269135,5.960464477539063e-08,0.4881639,3.036398,0.7032305
v5_ambiguous_0206,ambiguous,10.789483106520175,0.15497279167175293,0.5737077,2.18602,0.7275766
v5_ambiguous_0207,ambiguous,4.393575150131089,0.47381657361984253,0.49359173,2.4970684,0.6368798
v5_ambiguous_0208,ambiguous,14.035280159265795,0.07401800155639648,0.47385395,2.0670087,0.7244778
v5_ambiguous_0209,ambiguous,19.431407865669396,0.013057351112365723,0.4522664,2.0518348,0.62803686
v5_ambiguous_0210,ambiguous,1.9909918184901505,0.763454332947731,0.49624932,2.2930725,0.65531635
v5_ambiguous_0211,ambiguous,14.389212817830147,0.07773512601852417,0.5119113,2.0554256,0.68660265
v5_ambiguous_0212,ambiguous,2.724298662882976,0.7109373211860657,0.47699827,1.8751743,0.6753818
v5_ambiguous_0213,ambiguous,6.905327296548955,0.3475823402404785,0.48812538,2.1557422,0.77017075
v5_ambiguous_0214,ambiguous,8.429415326433723,0.2305586338043213,0.4723652,2.2632797,0.6528647
v5_ambiguous_0215,ambiguous,3.9793669503325564,0.5513550937175751,0.5623336,2.37282,0.6904486
v5_ambiguous_0216,ambiguous,33.62147532313654,-1.1920928955078125e-07,0.5056139,2.2198746,0.6392157
v5_ambiguous_0217,ambiguous,93.64376793471686,-1.1920928955078125e-07,0.55536395,2.2574923,0.6593274
v5_ambiguous_0218,ambiguous,1.0928270251074053,0.7698314338922501,0.5423825,1.8880632,0.71719825
v5_ambiguous_0219,ambiguous,11.545258445871115,0.10929721593856812,0.51676965,2.2554312,0.6815576
v5_ambiguous_0220,ambiguous,6.1286919235879544,0.3856663107872009,0.4648189,1.6502545,0.7996242
v5_ambiguous_0221,ambiguous,4.75135762200119,0.551278293132782,0.55228114,1.8865783,0.67457044
v5_ambiguous_0222,ambiguous,20.12866818831496,1.7881393432617188e-07,0.5553781,2.2429633,0.6371198
v5_ambiguous_0223,ambiguous,5.885565859246209,0.4348530173301697,0.5514785,2.2814953,0.6419736
v5_ambiguous_0224,ambiguous,246.9769558107421,0.0,0.47243434,2.150757,0.6677458
v5_ambiguous_0225,ambiguous,2.850520280790558,0.7194541692733765,0.5267227,2.4323678,0.6333028
v5_ambiguous_0226,ambiguous,8.461448378365157,0.25976133346557617,0.48801094,2.015482,0.6845844
v5_ambiguous_0227,ambiguous,12.768359655638493,0.16651558876037598,0.5481143,2.7418432,0.69614124
v5_ambiguous_0228,ambiguous,2.1552488890533215,0.6872237920761108,0.5632745,2.4287002,0.5977068
v5_ambiguous_0229,ambiguous,32.56373925494568,-1.1920928955078125e-07,0.50195843,1.9020046,0.67270637
v5_ambiguous_0230,ambiguous,3.160242896867723,0.5793671607971191,0.5031289,2.390651,0.7102694
v5_ambiguous_0231,ambiguous,11.9056227033477,0.13114416599273682,0.58085674,2.6771197,0.6519979
v5_ambiguous_0232,ambiguous,1.2268783000221064,0.7699826061725616,0.5264262,2.3046212,0.6224972
v5_ambiguous_0233,ambiguous,6468.200648651009,5.960464477539063e-08,0.46300817,2.2377717,0.6819842
v5_ambiguous_0234,ambiguous,1.295180565238641,0.6873448491096497,0.486116,2.179014,0.6437162
v5_ambiguous_0235,ambiguous,37.59303007486313,1.7881393432617188e-07,0.47077322,1.7800851,0.7343187
v5_ambiguous_0236,ambiguous,7.161228871029325,0.31100618839263916,0.5485089,2.3082855,0.61655164
v5_ambiguous_0237,ambiguous,2.6055467753454185,0.7177979350090027,0.5539134,3.5766122,0.6526716
v5_ambiguous_0238,ambiguous,8.93667590112175,0.3033946752548218,0.5011159,2.1123214,0.61824715
v5_ambiguous_0239,ambiguous,12.049966099357611,0.04785054922103882,0.5950836,2.5414584,0.63637817
v5_ambiguous_0240,ambiguous,3.000073404916091,0.6270090937614441,0.47948533,1.8975796,0.70393455
v5_ambiguous_0241,ambiguous,39.00633246065044,5.960464477539063e-08,0.4930315,2.2765164,0.6192992
v5_ambiguous_0242,ambiguous,6.085649784015173,0.3396175503730774,0.5667263,2.3948042,0.65759945
v5_ambiguous_0243,ambiguous,2.7397069415167383,0.6775211989879608,0.54683405,2.2206345,0.6787021
v5_ambiguous_0244,ambiguous,3.9295376476104775,0.5404117405414581,0.55973625,2.291307,0.6832172
v5_ambiguous_0245,ambiguous,13.450325150228906,0.1230161190032959,0.5660855,2.072167,0.6358224
v5_ambiguous_0246,ambiguous,4.09118541589332,0.5464721322059631,0.47045654,1.8094077,0.76894695
v5_ambiguous_0247,ambiguous,11.342747076966345,0.18403834104537964,0.55152273,2.587691,0.6910752
v5_ambiguous_0248,ambiguous,27.118891844565425,0.0,0.54042846,2.3795922,0.62172455
v5_ambiguous_0249,ambiguous,2.9656875062587185,0.6567403972148895,0.49229497,2.5008078,0.6420258
v5_ambiguous_0250,ambiguous,37.629977261683116,0.0,0.5239643,1.9405869,0.73369163
v5_ambiguous_0251,ambiguous,3.8238281116009194,0.5379509627819061,0.52411026,2.1077113,0.53549767
v5_ambiguous_0252,ambiguous,2.0013096558279595,0.631421685218811,0.5298618,2.4555209,0.6725329
v5_ambiguous_0253,ambiguous,13.855791616598326,0.13698256015777588,0.531972,2.2038689,0.61915314
v5_ambiguous_0254,ambiguous,3.6126750570145867,0.5134457945823669,0.5226611,2.184752,0.7201277
v5_ambiguous_0255,ambiguous,8.496768678995357,0.3008084297180176,0.48590052,2.309133,0.6669291
v5_ambiguous_0256,ambiguous,689.2197501234427,0.0,0.5192493,2.004192,0.71119523
v5_ambiguous_0257,ambiguous,10.115467506506356,0.20208734273910522,0.55497015,2.548148,0.5450141
v5_ambiguous_0258,ambiguous,1.9850580075063735,0.828246220946312,0.52653205,2.3449464,0.67136633
v5_ambiguous_0259,ambiguous,1.094417953207108,0.8481160253286362,0.5240159,2.4655862,0.5971931
v5_ambiguous_0260,ambiguous,61.865542724683536,5.960464477539063e-08,0.49244297,2.1080287,0.59858716
v5_ambiguous_0261,ambiguous,16.867196166348908,0.060074448585510254,0.5027652,2.1227596,0.7514399
v5_ambiguous_0262,ambiguous,7.845421421765001,0.3116896152496338,0.48743534,2.440688,0.6174627
v5_ambiguous_0263,ambiguous,24.584432892630407,5.960464477539063e-08,0.5217029,3.1053019,0.5964364
v5_ambiguous_0264,ambiguous,4.217669891197232,0.5257363617420197,0.46774566,2.173962,0.61548257
v5_ambiguous_0265,ambiguous,5.098947081135795,0.4423496127128601,0.5313964,2.1595583,0.64127487
v5_ambiguous_0266,ambiguous,19.73376289031153,0.005202949047088623,0.49587756,2.1945796,0.61554563
v5_ambiguous_0267,ambiguous,18.50398982663142,0.011101186275482178,0.50132835,2.3702576,0.6797928
v5_ambiguous_0268,ambiguous,7.155385379629421,0.2695242166519165,0.50271714,2.1718416,0.6762693
v5_ambiguous_0269,ambiguous,4.778115674649172,0.553223043680191,0.44957483,1.6878471,0.77937925
v5_ambiguous_0270,ambiguous,11.806257633580232,0.13835591077804565,0.56140816,2.7062132,0.674171
v5_ambiguous_0271,ambiguous,5.579075990944967,0.4375663995742798,0.5088335,2.150698,0.75055313
v5_ambiguous_0272,ambiguous,1.5951625277310069,0.8244129568338394,0.59905386,1.9939734,0.6540503
v5_ambiguous_0273,ambiguous,3.412120222963536,0.5645248591899872,0.50128555,2.3911414,0.60446143
v5_ambiguous_0274,ambiguous,10.154408943173083,0.20799553394317627,0.43773466,2.0290577,0.6977561
v5_ambiguous_0275,ambiguous,1.3768016383211557,0.779861107468605,0.53980577,1.9824246,0.58323157
v5_ambiguous_0276,ambiguous,4.191917750820346,0.41584062576293945,0.55444163,2.3556197,0.69927543
v5_ambiguous_0277,ambiguous,625.1634947444019,0.0,0.47688454,1.9180818,0.7654971
v5_ambiguous_0278,ambiguous,7.012361128395883,0.33770889043807983,0.5171078,1.8575411,0.7003455
v5_ambiguous_0279,ambiguous,3.813644155234254,0.5622952580451965,0.52147007,2.2408297,0.6429028
v5_ambiguous_0280,ambiguous,3.3610625604948914,0.573764443397522,0.50503916,2.3914711,0.70765096
v5_ambiguous_0281,ambiguous,10.519594467549574,0.17389172315597534,0.480214,2.1437242,0.63076854
v5_ambiguous_0282,ambiguous,0.9120446291064448,0.8122079521417618,0.5285469,2.8002777,0.64488816
v5_ambiguous_0283,ambiguous,8.94390069556631,0.2929290533065796,0.45582002,2.1039224,0.6798722
v5_ambiguous_0284,ambiguous,9.582203158710872,0.3029581308364868,0.4681965,1.7886401,0.7163598
v5_ambiguous_0285,ambiguous,8.966806753959672,0.3515690565109253,0.4571355,1.6882722,0.76001257
v5_ambiguous_0286,ambiguous,202.60063342072664,0.0,0.54398215,2.4098413,0.62694985
v5_ambiguous_0287,ambiguous,84.91353375847758,0.0,0.57392806,2.8618083,0.6865828
v5_ambiguous_0288,ambiguous,36.21274877884117,0.0,0.48046994,2.226424,0.65611976
v5_ambiguous_0289,ambiguous,9.143388428710507,0.14446145296096802,0.46939158,2.3812568,0.6878717
v5_ambiguous_0290,ambiguous,8.340484447299637,0.29377156496047974,0.45639306,1.8842698,0.70772296
v5_ambiguous_0291,ambiguous,0.8231917565106971,0.8370712399482727,0.45009458,1.6760935,0.6826249
v5_ambiguous_0292,ambiguous,5.241937679796781,0.45460641384124756,0.5381563,2.3020356,0.7225784
v5_ambiguous_0293,ambiguous,7.145221553530125,0.27009856700897217,0.4874215,2.2678497,0.6584026
v5_ambiguous_0294,ambiguous,7.087697456338527,0.3203936815261841,0.489923,2.0262172,0.66853416
v5_ambiguous_0295,ambiguous,156.1062882926734,0.0,0.5610517,2.0885992,0.72324765
v5_ambiguous_0296,ambiguous,42.76634561094266,-1.1920928955078125e-07,0.5225965,2.1395288,0.67395616
v5_ambiguous_0297,ambiguous,3.4590354307919875,0.5954590141773224,0.45869058,2.1768007,0.6760635
v5_ambiguous_0298,ambiguous,5.105848208650812,0.37892162799835205,0.49709553,2.5013258,0.71213263
v5_ambiguous_0299,ambiguous,4.487333616133973,0.49877387285232544,0.48985773,2.071237,0.68563807
v5_ambiguous_0300,ambiguous,240.5101797898681,5.960464477539063e-08,0.46723968,2.2119205,0.5949962
v5_ambiguous_0301,ambiguous,8.676738067909458,0.3148689270019531,0.44238698,1.9234071,0.56235754
v5_ambiguous_0302,ambiguous,9.300855690436338,0.23963123559951782,0.42436212,1.825222,0.706367
v5_ambiguous_0303,ambiguous,22.72293263862036,1.1920928955078125e-07,0.5324166,1.9974469,0.7590675
v5_ambiguous_0304,ambiguous,18.627960970555122,0.014264345169067383,0.44152522,1.9465015,0.67244923
v5_ambiguous_0305,ambiguous,9.247604070723389,0.295029878616333,0.46716505,1.9101375,0.69440883
v5_ambiguous_0306,ambiguous,190.98090567703625,0.0,0.45136803,2.0534003,0.6813643
v5_ambiguous_0307,ambiguous,1.8393577361664581,0.7684894055128098,0.3835485,2.0669672,0.6764204
v5_ambiguous_0308,ambiguous,4.522384328173644,0.49273377656936646,0.5420759,2.022738,0.7144879
v5_ambiguous_0309,ambiguous,1.4576767016008172,0.7882100939750671,0.56810415,2.056584,0.7251736
v5_ambiguous_0310,ambiguous,6.193930436119707,0.38494110107421875,0.4584731,1.9352287,0.73025817
v5_ambiguous_0311,ambiguous,13.33928532739247,0.0723041296005249,0.5021883,2.7588012,0.65487456
v5_ambiguous_0312,ambiguous,3.0617215369363198,0.6317397654056549,0.52577895,2.293134,0.62434155
v5_ambiguous_0313,ambiguous,4.9370981274978805,0.5140355825424194,0.511719,2.3683574,0.6906447
v5_ambiguous_0314,ambiguous,3.711489752276679,0.5944937765598297,0.52557206,3.2012527,0.6535454
v5_ambiguous_0315,ambiguous,4.850586189277833,0.46927136182785034,0.5814316,2.3857892,0.673808
v5_ambiguous_0316,ambiguous,1.5856770135556295,0.7802196890115738,0.4584105,2.3840923,0.5660168
v5_ambiguous_0317,ambiguous,13.86216118489918,0.07672202587127686,0.5381017,2.2905967,0.6265707
v5_ambiguous_0318,ambiguous,33.83461219425409,5.960464477539063e-08,0.54833263,2.5679162,0.54482156
v5_ambiguous_0319,ambiguous,3.6290464471731463,0.5640741586685181,0.5477254,1.9920824,0.71441066
v5_ambiguous_0320,ambiguous,2.7402201964057795,0.71269690990448,0.43745297,2.1130629,0.66793233
v5_ambiguous_0321,ambiguous,16.172261234757745,0.07751774787902832,0.49913317,2.2211297,0.69158036
v5_ambiguous_0322,ambiguous,4.466222414986103,0.473888635635376,0.5420182,2.2593515,0.6656374
v5_ambiguous_0323,ambiguous,0.9363483320522915,0.8357551842927933,0.49337375,2.712021,0.6271865
v5_ambiguous_0324,ambiguous,83.38792833375244,5.960464477539063e-08,0.53595614,1.7683496,0.6521902
v5_ambiguous_0325,ambiguous,34.78300017525259,0.0,0.42121136,1.9722538,0.67488056
v5_ambiguous_0326,ambiguous,1.4914788466448425,0.7985036820173264,0.5564474,2.405995,0.7558778
v5_ambiguous_0327,ambiguous,8.918557019229842,0.35564082860946655,0.5035174,1.8778337,0.66706985
v5_ambiguous_0328,ambiguous,4.611810323909051,0.5312603116035461,0.46008915,1.8867539,0.7683545
v5_ambiguous_0329,ambiguous,17.491499986674594,0.02533411979675293,0.47822297,2.0250778,0.7468897
v5_ambiguous_0330,ambiguous,3.762241591687789,0.5650661885738373,0.59939766,2.799217,0.64221096
v5_ambiguous_0331,ambiguous,3.7504428402940406,0.541135847568512,0.546684,2.3148913,0.72980756
v5_ambiguous_0332,ambiguous,3.6040351269140216,0.5722835958003998,0.55312884,2.1844497,0.62681973
v5_ambiguous_0333,ambiguous,10.735815597447614,0.16540110111236572,0.6042134,2.3033392,0.65583754
v5_ambiguous_0334,ambiguous,1.6406433875696045,0.8187819123268127,0.4895922,2.159152,0.70809907
v5_ambiguous_0335,ambiguous,62.88792106968439,5.960464477539063e-08,0.5150433,2.316586,0.63381314
v5_ambiguous_0336,ambiguous,2.2796931578221837,0.6562626957893372,0.5440619,2.5133157,0.677802
v5_ambiguous_0337,ambiguous,10.595630897925844,0.1441899538040161,0.5567084,1.8435346,0.7316828
v5_ambiguous_0338,ambiguous,2.837653692986974,0.710202693939209,0.5403153,2.8956401,0.65159243
v5_ambiguous_0339,ambiguous,2.173561235837038,0.7137210369110107,0.5187129,2.331415,0.6572763
v5_ambiguous_0340,ambiguous,15.93743282107548,0.07897073030471802,0.53090554,1.8817563,0.7186749
v5_ambiguous_0341,ambiguous,7.103001187875604,0.33669328689575195,0.5526511,2.5237637,0.68817353
v5_ambiguous_0342,ambiguous,9.410348333214142,0.2642099857330322,0.502321,1.8710357,0.72422457
v5_ambiguous_0343,ambiguous,117.39087583607812,5.960464477539063e-08,0.5290911,2.3139768,0.63198733
v5_ambiguous_0344,ambiguous,1.0304401249950712,0.8245025724172592,0.5012491,2.4079533,0.62611574
v5_ambiguous_0345,ambiguous,26.47710511294732,1.1920928955078125e-07,0.5011285,2.933261,0.6385739
v5_ambiguous_0346,ambiguous,4.686521110861879,0.5581510961055756,0.48238635,2.0321634,0.698744
v5_ambiguous_0347,ambiguous,4.2248956774323485,0.5171143114566803,0.5530529,2.6066349,0.53053325
v5_ambiguous_0348,ambiguous,18.606893470265863,0.014536142349243164,0.40554535,2.2045608,0.6776557
v5_ambiguous_0349,ambiguous,7.437440271445121,0.27850258350372314,0.5483791,2.7369554,0.6691163
v5_ambiguous_0350,ambiguous,1.3313749298591009,0.7536092549562454,0.4624418,2.0683944,0.7420168
v5_ambiguous_0351,ambiguous,1.6123732411956107,0.7853477001190186,0.51580864,2.388797,0.62699366
v5_ambiguous_0352,ambiguous,9.043583303276263,0.3015420436859131,0.4925866,1.5663396,0.779648
v5_ambiguous_0353,ambiguous,274.8703425121741,-1.1920928955078125e-07,0.48164022,2.6120274,0.7182352
v5_ambiguous_0354,ambiguous,1.8168875558504065,0.788873702287674,0.5482408,2.1047308,0.6026966
v5_ambiguous_0355,ambiguous,16.83313039883167,0.06067454814910889,0.5506033,1.8834112,0.6927035
v5_ambiguous_0356,ambiguous,1.7648616436554898,0.8468230664730072,0.5209799,1.9810828,0.62337583
v5_ambiguous_0357,ambiguous,8.559913810119632,0.22764521837234497,0.4936291,2.8199089,0.64147115
v5_ambiguous_0358,ambiguous,33.09675558395451,1.7881393432617188e-07,0.4947778,2.3580496,0.5186602
v5_ambiguous_0359,ambiguous,5.868737786373629,0.4515978693962097,0.5712867,2.4187214,0.67548674
v5_ambiguous_0360,ambiguous,1.536354831950934,0.7969579249620438,0.50617635,2.3845341,0.707417
v5_ambiguous_0361,ambiguous,1.3072524108511228,0.7694263756275177,0.50613874,2.5749824,0.6584604
v5_ambiguous_0362,ambiguous,2.027807693978908,0.717936098575592,0.49835706,2.3486037,0.6582179
v5_ambiguous_0363,ambiguous,1.9277484539546141,0.7810446321964264,0.42925358,2.126832,0.7261982
v5_ambiguous_0364,ambiguous,2.261660674113681,0.7141934335231781,0.5400501,1.974844,0.6935579
v5_ambiguous_0365,ambiguous,2.5608831170417043,0.6644460558891296,0.4213658,2.3891144,0.6732151
v5_ambiguous_0366,ambiguous,22.330344118890217,-1.1920928955078125e-07,0.5477056,1.8462402,0.71380806
v5_ambiguous_0367,ambiguous,1.5135807320775565,0.7833410501480103,0.4435503,2.4681494,0.5577776
v5_ambiguous_0368,ambiguous,9.873553406514507,0.17796975374221802,0.539997,2.554392,0.66945636
v5_ambiguous_0369,ambiguous,4.030995522581976,0.49822986125946045,0.5464379,2.799195,0.5258724
v5_ambiguous_0370,ambiguous,53.79735425728573,0.0,0.54847264,1.768971,0.72867286
v5_ambiguous_0371,ambiguous,5.139138460275495,0.4760182499885559,0.52927387,2.5065227,0.7184663
v5_ambiguous_0372,ambiguous,14.517741809348818,0.10424059629440308,0.5043891,2.2707365,0.62972206
v5_ambiguous_0373,ambiguous,3.2172340427571937,0.5855689942836761,0.4948117,2.1947327,0.74178946
v5_ambiguous_0374,ambiguous,2.1497577821684137,0.6580932140350342,0.46269143,1.9203031,0.7014617
v5_ambiguous_0375,ambiguous,3.5501737821232418,0.5998603403568268,0.5295428,2.49882,0.6455595
v5_ambiguous_0376,ambiguous,37.86403613139906,0.0,0.58165646,2.193442,0.6202576
v5_ambiguous_0377,ambiguous,28.6729760957286,0.0,0.53335047,3.5476294,0.64791924
v5_ambiguous_0378,ambiguous,6.6774703352015505,0.3868181109428406,0.4862482,2.5025032,0.63903856
v5_ambiguous_0379,ambiguous,104.52717571504921,0.0,0.509005,2.238401,0.63120544
v5_ambiguous_0380,ambiguous,2.4504361236694083,0.6654520034790039,0.5346482,2.2424133,0.69895434
v5_ambiguous_0381,ambiguous,359.63187282047403,5.960464477539063e-08,0.5229642,2.0974548,0.76062405
v5_ambiguous_0382,ambiguous,29.864457967711708,0.0,0.45097518,2.702046,0.6301218
v5_ambiguous_0383,ambiguous,4.251803261405619,0.6058518588542938,0.4333434,1.8317988,0.6806662
v5_ambiguous_0384,ambiguous,7.958254448118145,0.29449427127838135,0.46979094,2.054474,0.69520986
v5_ambiguous_0385,ambiguous,7.294542435531447,0.38576292991638184,0.5208805,2.0957131,0.6216923
v5_ambiguous_0386,ambiguous,4.093865862528573,0.49860018491744995,0.50303495,2.3573766,0.6420214
v5_ambiguous_0387,ambiguous,22.4892208840967,1.1920928955078125e-07,0.5231658,2.4929864,0.6012755
v5_ambiguous_0388,ambiguous,1.7980623145909427,0.8188090920448303,0.5096482,2.0098922,0.6945103
v5_ambiguous_0389,ambiguous,1.7000767593470338,0.8231855630874634,0.544875,2.034011,0.6381799
v5_ambiguous_0390,ambiguous,3.1112005765762825,0.5494358241558075,0.55657613,2.4647331,0.7228671
v5_ambiguous_0391,ambiguous,2.3654759167140993,0.6878950595855713,0.50340533,1.8988335,0.7614345
v5_ambiguous_0392,ambiguous,4.2816436430583815,0.5779323577880859,0.47914422,2.1211488,0.6884827
v5_ambiguous_0393,ambiguous,26.801384342291144,-1.1920928955078125e-07,0.58025897,2.5108411,0.5728197
v5_ambiguous_0394,ambiguous,1.6052960980621684,0.8127156347036362,0.5531806,2.160246,0.6462509
v5_ambiguous_0395,ambiguous,1.3009154676369168,0.7643472701311111,0.5029414,2.55664,0.64528346
v5_ambiguous_0396,ambiguous,12.212612980183694,0.08077079057693481,0.545947,2.19742,0.71330434
v5_ambiguous_0397,ambiguous,36.351057437037795,0.0,0.53013986,2.4745407,0.6880552
v5_ambiguous_0398,ambiguous,1099.7802205005714,5.960464477539063e-08,0.5587497,1.8729937,0.684986
v5_ambiguous_0399,ambiguous,1.31882158280292,0.6816391944885254,0.5063716,2.325364,0.6766077
v5_ambiguous_0400,ambiguous,5.071813668493362,0.3811207413673401,0.5130814,3.0350761,0.65334797
v5_ambiguous_0401,ambiguous,10.472303907627442,0.2255653738975525,0.5346583,2.322112,0.67134136
v5_ambiguous_0402,ambiguous,2.3088439889324994,0.680118978023529,0.5326496,1.9184805,0.68812263
v5_ambiguous_0403,ambiguous,47.572367437010385,5.960464477539063e-08,0.49655354,2.5303686,0.5962709
v5_ambiguous_0404,ambiguous,7.140684940645976,0.2947605848312378,0.49737537,1.9041705,0.7496618
v5_ambiguous_0405,ambiguous,20.432673680095366,0.0,0.41338456,1.9173269,0.6735338
v5_ambiguous_0406,ambiguous,82.34944577538182,0.0,0.52827644,2.1261714,0.67181003
v5_ambiguous_0407,ambiguous,93.54149118338053,-2.384185791015625e-07,0.4850089,2.082053,0.6672455
v5_ambiguous_0408,ambiguous,1.6403897735720252,0.8132709562778473,0.45709336,2.0673838,0.73640156
v5_ambiguous_0409,ambiguous,96.4544748479848,0.0,0.5068557,1.95093,0.66987395
v5_ambiguous_0410,ambiguous,24.252721904552125,1.1920928955078125e-07,0.55113184,2.410268,0.584382
v5_ambiguous_0411,ambiguous,8.76726909184853,0.20197337865829468,0.5039894,3.0813296,0.6299392
v5_ambiguous_0412,ambiguous,3.0077241240589108,0.5790907144546509,0.57841146,2.5067623,0.6154578
v5_ambiguous_0413,ambiguous,10.999606623412726,0.22592377662658691,0.4318263,1.9909784,0.7458595
v5_ambiguous_0414,ambiguous,1.4444802228347025,0.8299635797739029,0.5597801,1.8437113,0.6365009
v5_ambiguous_0415,ambiguous,28.61319136925243,-1.1920928955078125e-07,0.50223243,1.976332,0.71265453
v5_ambiguous_0416,ambiguous,5.337409271056301,0.45769137144088745,0.5213139,1.9716092,0.7569967
v5_ambiguous_0417,ambiguous,2.5986309231084967,0.7199628353118896,0.4924106,1.7595596,0.7429432
v5_ambiguous_0418,ambiguous,34.044871783896376,0.0,0.5042932,1.9902955,0.75843996
v5_ambiguous_0419,ambiguous,1.7700420365064755,0.7518337070941925,0.5858767,2.7701764,0.7048495
v5_ambiguous_0420,ambiguous,9.72561504578551,0.2196410894393921,0.49754465,2.599499,0.6188629
v5_ambiguous_0421,ambiguous,2.42651220804706,0.6824130415916443,0.5672103,2.3532305,0.6296594
v5_ambiguous_0422,ambiguous,21.580248223683334,0.0,0.42026448,1.871738,0.7679395
v5_ambiguous_0423,ambiguous,14.332754047613912,0.04805350303649902,0.4915095,2.2391162,0.6671128
v5_ambiguous_0424,ambiguous,9.306443805621972,0.27624762058258057,0.51768816,1.9270129,0.65075016
v5_ambiguous_0425,ambiguous,2.4449706165007963,0.7046164274215698,0.44922304,2.0019019,0.61056244
v5_ambiguous_0426,ambiguous,6.369689521972859,0.3024962544441223,0.60522246,2.2897713,0.6547639
v5_ambiguous_0427,ambiguous,9.43738852590446,0.27415376901626587,0.4707508,1.9906207,0.6936554
v5_ambiguous_0428,ambiguous,32.41900889436434,1.1920928955078125e-07,0.5101529,2.2156007,0.63006705
v5_ambiguous_0429,ambiguous,43.90032573369808,0.0,0.4715916,2.4511085,0.613306
v5_ambiguous_0430,ambiguous,12.631683720324405,0.1492440104484558,0.5488304,1.8529321,0.725151
v5_ambiguous_0431,ambiguous,206.02717276855523,5.960464477539063e-08,0.47195375,1.8524634,0.6732861
v5_ambiguous_0432,ambiguous,40.3429351815692,-1.1920928955078125e-07,0.46578133,2.6242073,0.6468203
v5_ambiguous_0433,ambiguous,4.669474382653169,0.5187163949012756,0.5440015,2.2090504,0.6391599
v5_ambiguous_0434,ambiguous,53.87230418177695,1.1920928955078125e-07,0.5104258,2.1776621,0.63574296
v5_ambiguous_0435,ambiguous,12.4801829342,0.11635392904281616,0.5091598,2.124298,0.6729197
v5_ambiguous_0436,ambiguous,3.3346529725771705,0.5511572360992432,0.58147264,2.360988,0.7604369
v5_ambiguous_0437,ambiguous,87.8312612632436,0.0,0.5657343,2.7106538,0.53949976
v5_ambiguous_0438,ambiguous,2.49327439827885,0.7246555685997009,0.5286549,1.8472655,0.74993443
v5_ambiguous_0439,ambiguous,6.902927925773394,0.34882497787475586,0.50975657,2.435785,0.72728026
v5_ambiguous_0440,ambiguous,12.521506531967233,0.1171683669090271,0.47333586,2.4717674,0.6546953
v5_ambiguous_0441,ambiguous,2.0454309766456658,0.6929628849029541,0.5595708,2.408979,0.69877464
v5_ambiguous_0442,ambiguous,1.0419818827787026,0.813721776008606,0.50804996,2.1983235,0.7029229
v5_ambiguous_0443,ambiguous,6.879605984938216,0.40360021591186523,0.51351523,2.2140322,0.6587999
v5_ambiguous_0444,ambiguous,80.42776767445018,0.0,0.5144432,3.0709667,0.670971
v5_ambiguous_0445,ambiguous,3.8896230218576053,0.5428598821163177,0.42752707,2.1151752,0.6459954
v5_ambiguous_0446,ambiguous,11.810563866736008,0.20442992448806763,0.44043934,1.8033669,0.7625183
v5_ambiguous_0447,ambiguous,18.697538512782195,0.010381519794464111,0.4511177,2.298395,0.6595467
v5_ambiguous_0448,ambiguous,5.081952047854609,0.4787253737449646,0.3864501,2.1700015,0.63235873
v5_ambiguous_0449,ambiguous,43.257824397880746,0.0,0.5341706,1.9889978,0.74505126
v5_ambiguous_0450,ambiguous,2.2213694525977687,0.6568642854690552,0.4401607,2.1507635,0.76980215
v5_ambiguous_0451,ambiguous,2.61660908547594,0.617863655090332,0.5418011,1.8634785,0.70963776
v5_ambiguous_0452,ambiguous,1.9217649999289814,0.7837394177913666,0.54612017,2.4041915,0.6358875
v5_ambiguous_0453,ambiguous,8.569834832824416,0.297924280166626,0.4868906,2.172428,0.6902495
v5_ambiguous_0454,ambiguous,2.034602964052253,0.6182959079742432,0.55159706,2.213593,0.6577567
v5_ambiguous_0455,ambiguous,39.18964303739182,5.960464477539063e-08,0.4424054,2.1151292,0.7061713
v5_ambiguous_0456,ambiguous,21.983587701332297,-1.1920928955078125e-07,0.497002,1.8908176,0.6465539
v5_ambiguous_0457,ambiguous,3.504118387842242,0.6365478038787842,0.51278687,2.0121493,0.66096354
v5_ambiguous_0458,ambiguous,64.91102144035676,5.960464477539063e-08,0.44071108,2.2977636,0.61245877
v5_ambiguous_0459,ambiguous,3.7584829965949615,0.6386179625988007,0.45056963,1.8808129,0.69688094
v5_ambiguous_0460,ambiguous,7.182108872382328,0.284633994102478,0.5885402,2.3314197,0.6523803
v5_ambiguous_0461,ambiguous,4.5253787278783895,0.45810699462890625,0.5197755,2.1964154,0.6369003
v5_ambiguous_0462,ambiguous,4.610816329615394,0.5312705934047699,0.51921505,2.0245879,0.7493937
v5_ambiguous_0463,ambiguous,2.7528087656887323,0.7070723176002502,0.48669475,3.0475237,0.6570626
v5_ambiguous_0464,ambiguous,5.5869068858065525,0.48285138607025146,0.4866572,2.0715039,0.6158701
v5_ambiguous_0465,ambiguous,25.123211108458317,5.960464477539063e-08,0.4624437,2.402571,0.6368943
v5_ambiguous_0466,ambiguous,1.2673205101214753,0.8258617520332336,0.5406711,1.8942448,0.6405101
v5_ambiguous_0467,ambiguous,3.9451736793497143,0.6389689743518829,0.44822776,1.7486925,0.73280394
v5_ambiguous_0468,ambiguous,5.755399691444978,0.39588505029678345,0.54100966,1.9618003,0.663972
v5_ambiguous_0469,ambiguous,2.3605577919072056,0.6749539375305176,0.5372639,2.165973,0.7002846
v5_ambiguous_0470,ambiguous,1.6525610278389464,0.8204442858695984,0.502997,2.028445,0.7551228
v5_ambiguous_0471,ambiguous,6.811736197931231,0.4957684278488159,0.5473681,1.849837,0.65521616
v5_ambiguous_0472,ambiguous,12.079929409248871,0.12430018186569214,0.4839108,1.9627824,0.6871798
v5_ambiguous_0473,ambiguous,408.8237784761732,2.384185791015625e-07,0.45996684,1.635934,0.7554672
v5_ambiguous_0474,ambiguous,16.503775262534603,0.053286850452423096,0.42599928,2.0396242,0.68037665
v5_ambiguous_0475,ambiguous,138.0558976674965,5.960464477539063e-08,0.49253428,2.4512837,0.59902817
v5_ambiguous_0476,ambiguous,2.002366837069149,0.6885647773742676,0.5995691,2.3912942,0.70756656
v5_ambiguous_0477,ambiguous,16.993813840646048,0.028810977935791016,0.5502402,2.310011,0.6312983
v5_ambiguous_0478,ambiguous,7.2928999249615165,0.30743008852005005,0.4483239,2.0898314,0.61896497
v5_ambiguous_0479,ambiguous,10.746516670874229,0.19354188442230225,0.52759135,2.5132308,0.6672096
v5_ambiguous_0480,ambiguous,10.129787399922128,0.20060312747955322,0.56334174,2.364427,0.53913265
v5_ambiguous_0481,ambiguous,157.25779336380972,-1.1920928955078125e-07,0.48765177,2.426989,0.62231386
v5_ambiguous_0482,ambiguous,2.2832554418509194,0.6817143559455872,0.5106514,2.0160835,0.6905863
v5_ambiguous_0483,ambiguous,7.166331107401105,0.27374589443206787,0.51465833,3.0150464,0.6437541
v5_ambiguous_0484,ambiguous,6.425963053773515,0.3606410026550293,0.5930468,2.3192217,0.68498445
v5_ambiguous_0485,ambiguous,17.08290606253605,0.03766179084777832,0.46779686,2.2497716,0.5721837
v5_ambiguous_0486,ambiguous,3.7130344043829044,0.5690276026725769,0.49226516,2.0828443,0.7154505
v5_ambiguous_0487,ambiguous,10.222679347004831,0.17103135585784912,0.48777908,2.4803605,0.60268533
v5_ambiguous_0488,ambiguous,9.315038663408822,0.24092084169387817,0.48983794,2.4214067,0.62462693
v5_ambiguous_0489,ambiguous,20.299216299660344,0.0,0.5155002,2.2328694,0.6253463
v5_ambiguous_0490,ambiguous,13.282467607974326,0.12791883945465088,0.5040544,2.025987,0.787657
v5_ambiguous_0491,ambiguous,59.174548252961145,-1.1920928955078125e-07,0.52787924,2.5067027,0.7097007
v5_ambiguous_0492,ambiguous,9.813428231711963,0.15836352109909058,0.50489885,3.1256812,0.64220595
v5_ambiguous_0493,ambiguous,5.530050784870955,0.4467772841453552,0.48088425,1.9816526,0.75414526
v5_ambiguous_0494,ambiguous,4.243367941827379,0.5437039136886597,0.46553248,1.9394478,0.6551286
v5_ambiguous_0495,ambiguous,5.45128385959705,0.3827921152114868,0.55563617,2.3104615,0.6750609
v5_ambiguous_0496,ambiguous,90.77779548492536,5.960464477539063e-08,0.54394406,3.579141,0.6401019
v5_ambiguous_0497,ambiguous,9.99690136990852,0.27106595039367676,0.5299568,2.2527502,0.6580429
v5_ambiguous_0498,ambiguous,12.452961070523717,0.08975839614868164,0.47709513,2.2464154,0.70761645
v5_ambiguous_0499,ambiguous,20.870800451975082,0.0,0.5694416,2.4284332,0.67371047
v5_ambiguous_0500,ambiguous,5.381212906309099,0.3680189251899719,0.49808055,2.1990871,0.73620653
v5_ambiguous_0501,ambiguous,11.952609443433733,0.14247989654541016,0.5276181,1.7919793,0.7199809
v5_ambiguous_0502,ambiguous,6.546569470267136,0.3626610040664673,0.53382933,2.5539622,0.5915801
v5_ambiguous_0503,ambiguous,14.01754656406593,0.026287376880645752,0.5005453,2.780663,0.6063802
v5_ambiguous_0504,ambiguous,2.3851836466112366,0.6528509855270386,0.4269771,1.8327254,0.7549103
v5_ambiguous_0505,ambiguous,74.97888697175793,-1.1920928955078125e-07,0.47050267,2.446554,0.6913986
v5_ambiguous_0506,ambiguous,72.79449633485818,-1.1920928955078125e-07,0.5256014,1.9509317,0.70097363
v5_ambiguous_0507,ambiguous,8.09609263119442,0.21819144487380981,0.55407465,2.4255002,0.64252096
v5_ambiguous_0508,ambiguous,1.9125031661853458,0.8136302977800369,0.5062063,2.0015368,0.7022352
v5_ambiguous_0509,ambiguous,0.9486872919949172,0.8279072195291519,0.50968456,2.128666,0.7123701
v5_ambiguous_0510,ambiguous,3.55929015383225,0.5854270756244659,0.5955013,2.146398,0.6300831
v5_ambiguous_0511,ambiguous,1.5047587596111338,0.7823918014764786,0.49070448,2.3067,0.7080551
v5_ambiguous_0512,ambiguous,164.92074474551595,-1.1920928955078125e-07,0.5575324,2.3271387,0.6506453
v5_ambiguous_0513,ambiguous,13.256887608985718,0.08590340614318848,0.5379995,2.5036385,0.59390974
v5_ambiguous_0514,ambiguous,5.315240353360562,0.43212419748306274,0.45817423,2.2739213,0.6167669
v5_ambiguous_0515,ambiguous,3.3646414568146397,0.5433109998703003,0.4287637,2.147788,0.6297961
v5_ambiguous_0516,ambiguous,66.47337438628125,1.1920928955078125e-07,0.49649125,2.422457,0.6229935
v5_ambiguous_0517,ambiguous,8.175224921470038,0.3388413190841675,0.43312943,1.8175296,0.71145403
v5_ambiguous_0518,ambiguous,4.743952577485164,0.4937565326690674,0.41909695,2.1701088,0.674595
v5_ambiguous_0519,ambiguous,1.496437077089377,0.7861630320549011,0.49062747,1.9905851,0.6815609
v5_ambiguous_0520,ambiguous,7.003832917924877,0.4250316023826599,0.5229696,1.9708357,0.6707617
v5_ambiguous_0521,ambiguous,4.174740903206269,0.4572060704231262,0.5002699,2.944055,0.66698426
v5_ambiguous_0522,ambiguous,4.918109921727369,0.4220545291900635,0.5457288,2.1566827,0.7437465
v5_ambiguous_0523,ambiguous,154.40192994175678,5.960464477539063e-08,0.5093337,1.9784309,0.73422426
v5_ambiguous_0524,ambiguous,3.0950761122123596,0.6261265277862549,0.52510905,2.1015162,0.60330975
v5_ambiguous_0525,ambiguous,8.617883560418601,0.29135411977767944,0.49345022,2.264769,0.66397774
v5_ambiguous_0526,ambiguous,2.97187437088504,0.6743212640285492,0.5018743,2.1983118,0.696764
v5_ambiguous_0527,ambiguous,3.5591965233735667,0.6003813743591309,0.46813357,2.2718952,0.576342
v5_ambiguous_0528,ambiguous,21.453489399907514,0.0,0.53557664,2.6989622,0.60456026
v5_ambiguous_0529,ambiguous,6.788647643294886,0.3357936143875122,0.4910007,2.453176,0.57047975
v5_ambiguous_0530,ambiguous,4.826289750861138,0.450620174407959,0.5917481,2.4276855,0.7388671
v5_ambiguous_0531,ambiguous,65.27311872928759,-1.1920928955078125e-07,0.46657014,1.9990461,0.64284706
v5_ambiguous_0532,ambiguous,10.150767234626153,0.1751394271850586,0.5278108,2.4054658,0.68725973
v5_ambiguous_0533,ambiguous,1.4030893158511843,0.7989062517881393,0.51958674,2.04923,0.6721927
v5_ambiguous_0534,ambiguous,65.65701504763234,-1.1920928955078125e-07,0.5336851,2.2889354,0.6773076
v5_ambiguous_0535,ambiguous,2.068182196406609,0.7119308114051819,0.52347195,2.3399832,0.6298364
v5_ambiguous_0536,ambiguous,4.233038151036172,0.45742422342300415,0.5167494,2.1824586,0.6494849
v5_ambiguous_0537,ambiguous,2.6149600065275744,0.6377363801002502,0.51336753,2.3231912,0.68385375
v5_ambiguous_0538,ambiguous,34.88067369541551,0.0,0.5582024,1.8389509,0.80662465
v5_ambiguous_0539,ambiguous,6.88939333712217,0.2940688729286194,0.49458534,2.9516914,0.64680433
v5_ambiguous_0540,ambiguous,2.523156168001206,0.7032616436481476,0.53970873,2.4189506,0.66170347
v5_ambiguous_0541,ambiguous,9.402438903077861,0.2988302707672119,0.47575903,1.9665747,0.70694363
v5_ambiguous_0542,ambiguous,3.7567354239444968,0.6017590463161469,0.54247385,3.7623453,0.6340617
v5_ambiguous_0543,ambiguous,8.32613802714955,0.2510327100753784,0.4837687,1.8429772,0.66702145
v5_ambiguous_0544,ambiguous,1.4063822290967742,0.7776008248329163,0.4832638,2.096811,0.797441
v5_ambiguous_0545,ambiguous,0.9592277701240274,0.8082228153944016,0.45560193,1.7936585,0.5964819
v5_ambiguous_0546,ambiguous,1.9211525713535185,0.7595808953046799,0.5828098,2.3941803,0.6775055
v5_ambiguous_0547,ambiguous,1.4477181323822255,0.8086758404970169,0.5196526,2.2448323,0.7170037
v5_ambiguous_0548,ambiguous,59.99523632799426,0.0,0.5028688,2.1801164,0.69121593
v5_ambiguous_0549,ambiguous,6.284113994690016,0.35455232858657837,0.5243974,2.3168237,0.604125
v5_ambiguous_0550,ambiguous,6.509460896741674,0.3550683856010437,0.55859447,2.168655,0.6430689
v5_ambiguous_0551,ambiguous,7.19538629724793,0.2543342709541321,0.4702931,2.5867617,0.6593978
v5_ambiguous_0552,ambiguous,5.0165051119358886,0.47380930185317993,0.4434598,1.9470654,0.68286055
v5_ambiguous_0553,ambiguous,1.9186235948438783,0.8501150459051132,0.484496,2.4944458,0.64734876
v5_ambiguous_0554,ambiguous,9.488675856269932,0.16830456256866455,0.52358437,2.7451863,0.72760534
v5_ambiguous_0555,ambiguous,3.3195919390178017,0.585001528263092,0.5128063,1.9482081,0.7449714
v5_ambiguous_0556,ambiguous,5.131546684751386,0.4309276342391968,0.4750914,2.227782,0.58286715
v5_ambiguous_0557,ambiguous,1.3156395669212149,0.8024830669164658,0.4767626,2.073276,0.64417017
v5_ambiguous_0558,ambiguous,37.97271121387349,5.960464477539063e-08,0.54118794,2.0161698,0.6522417
v5_ambiguous_0559,ambiguous,11.426906828181943,0.17739123106002808,0.45754945,2.3334174,0.6259909
v5_ambiguous_0560,ambiguous,8.351349498132768,0.2531745433807373,0.49453193,2.4622538,0.65698487
v5_ambiguous_0561,ambiguous,1.27062666603352,0.7480047941207886,0.50515425,2.3763678,0.7010401
v5_ambiguous_0562,ambiguous,26.88114964023172,0.0,0.51342905,2.0928922,0.6460844
v5_ambiguous_0563,ambiguous,3.0225934011133564,0.5314927101135254,0.54679495,2.052457,0.67920196
v5_ambiguous_0564,ambiguous,1.0823289002739367,0.7976943701505661,0.5108387,2.269891,0.6493411
v5_ambiguous_0565,ambiguous,10.116031686883998,0.1726638674736023,0.4737429,2.2130055,0.6168065
v5_ambiguous_0566,ambiguous,3.712293747364813,0.5816817283630371,0.516729,2.4012513,0.6775659
v5_ambiguous_0567,ambiguous,19.01453782500719,0.01095271110534668,0.52005637,1.6676857,0.7116554
v5_ambiguous_0568,ambiguous,4.801920743568298,0.5247519314289093,0.4940679,1.9031134,0.7083761
v5_ambiguous_0569,ambiguous,1.2253225787957287,0.7894551753997803,0.54209363,2.1863565,0.73266655
v5_ambiguous_0570,ambiguous,26.66523517240215,0.0,0.4944228,2.0742855,0.68247825
v5_ambiguous_0571,ambiguous,2.97339442622884,0.6684659123420715,0.5085887,2.8847864,0.64516884
v5_ambiguous_0572,ambiguous,84.7000073676749,-1.1920928955078125e-07,0.56405604,2.3399994,0.66183686
v5_ambiguous_0573,ambiguous,372.96260967094634,0.0,0.4405691,2.2363846,0.66133255
v5_ambiguous_0574,ambiguous,8.458242063709879,0.2370014786720276,0.55134296,2.7103946,0.5995852
v5_ambiguous_0575,ambiguous,8.431018128943116,0.33985817432403564,0.41555578,2.102886,0.60849065
v5_ambiguous_0576,ambiguous,12.686601976693385,0.13245069980621338,0.44901317,2.0620427,0.6147388
v5_ambiguous_0577,ambiguous,19.469920624858382,0.006884157657623291,0.45279378,1.8073494,0.76922846
v5_ambiguous_0578,ambiguous,1.0449617385866634,0.7893198281526566,0.5148818,2.286352,0.7522658
v5_ambiguous_0579,ambiguous,3.345726540979687,0.5727134048938751,0.49068576,3.1591644,0.62420136
v5_ambiguous_0580,ambiguous,2.7974356364234203,0.7382965087890625,0.5287634,1.8694812,0.6670691
v5_ambiguous_0581,ambiguous,4.281780508170645,0.48307234048843384,0.5425068,2.4392328,0.72992253
v5_ambiguous_0582,ambiguous,2.6365032907936743,0.6435762941837311,0.5029875,2.4277627,0.6602782
v5_ambiguous_0583,ambiguous,3.8074529756562847,0.5107572078704834,0.5734904,2.4990525,0.6172569
v5_ambiguous_0584,ambiguous,8.98962150654997,0.26847922801971436,0.5531298,2.6819537,0.7035204
v5_ambiguous_0585,ambiguous,1.6595733357865066,0.7265188694000244,0.5621203,2.244561,0.70701665
v5_ambiguous_0586,ambiguous,2.9126251482161116,0.6448580622673035,0.3976643,2.2460954,0.6807781
v5_ambiguous_0587,ambiguous,47.4535249785325,-1.1920928955078125e-07,0.4755879,2.3518128,0.62755644
v5_ambiguous_0588,ambiguous,3.5800429206987063,0.5651408135890961,0.49770218,2.0228128,0.71484363
v5_ambiguous_0589,ambiguous,1.2163494341260321,0.8344081491231918,0.55707705,2.0491273,0.7022759
v5_ambiguous_0590,ambiguous,3.253393359804345,0.519466906785965,0.47729433,2.3232362,0.66340864
v5_ambiguous_0591,ambiguous,3.512122496700297,0.5946345329284668,0.5672392,2.7972565,0.6310652
v5_ambiguous_0592,ambiguous,136.56102123875493,5.960464477539063e-08,0.5172287,2.3742056,0.63876194
v5_ambiguous_0593,ambiguous,1203.85786716946,1.1920928955078125e-07,0.5326443,2.5000725,0.65564513
v5_ambiguous_0594,ambiguous,2.0764991395579564,0.6663837134838104,0.41810888,2.213454,0.63785607
v5_ambiguous_0595,ambiguous,5.956019848765479,0.42238253355026245,0.59361017,2.499391,0.6549652
v5_ambiguous_0596,ambiguous,7.769500230101968,0.23963862657546997,0.46478093,3.6795857,0.649251
v5_ambiguous_0597,ambiguous,5.886287559707009,0.34055817127227783,0.5496384,2.1588094,0.6242429
v5_ambiguous_0598,ambiguous,9.578565801372067,0.23536044359207153,0.5408372,2.4669216,0.64574385
v5_ambiguous_0599,ambiguous,1.1955138416516449,0.8087553530931473,0.50128454,1.9967818,0.75756544
v5_ambiguous_0600,ambiguous,17.730950530841042,0.0489426851272583,0.47847766,2.3092704,0.6968855
v5_borderline_obscure_0001,borderline_obscure_real,1.3567466770566392,0.8291757553815842,0.43816906,1.7352712,0.81941974
v5_borderline_obscure_0002,borderline_obscure_real,6.6598565809200165,0.4429705739021301,0.44201028,1.5745137,0.80805504
v5_borderline_obscure_0003,borderline_obscure_real,2.9371902461399215,0.7239034473896027,0.4474941,1.6390094,0.8680433
v5_borderline_obscure_0004,borderline_obscure_real,2.416831428862418,0.7224847674369812,0.47982055,1.6320937,0.72216034
v5_borderline_obscure_0005,borderline_obscure_real,16.6164446285245,0.07071399688720703,0.46574837,1.6590619,0.7578204
v5_borderline_obscure_0006,borderline_obscure_real,4.991577843564679,0.5206816494464874,0.5487076,1.5393848,0.73400855
v5_borderline_obscure_0007,borderline_obscure_real,19.83998959351132,0.011469483375549316,0.49172187,1.83441,0.78338593
v5_borderline_obscure_0008,borderline_obscure_real,7.139025920815363,0.41190963983535767,0.4822368,1.7424259,0.78367406
v5_borderline_obscure_0009,borderline_obscure_real,2.5009152289794163,0.7202727198600769,0.49687535,1.6360351,0.7464775
v5_borderline_obscure_0010,borderline_obscure_real,1.9946689037297225,0.847139835357666,0.4673326,1.8425782,0.72834164
v5_borderline_obscure_0011,borderline_obscure_real,150.22115366387462,5.960464477539063e-08,0.4623654,1.6366435,0.84461
v5_borderline_obscure_0012,borderline_obscure_real,1.0800213619642707,0.8485722243785858,0.51625407,1.6735818,0.77708876
v5_borderline_obscure_0013,borderline_obscure_real,9.800393234474397,0.3175773024559021,0.4564908,1.7504754,0.6918785
v5_borderline_obscure_0014,borderline_obscure_real,20.172102721055616,5.960464477539063e-08,0.47760868,1.8227288,0.71745694
v5_borderline_obscure_0015,borderline_obscure_real,3.1361360299481524,0.6247406899929047,0.44938576,1.8121567,0.76350963
v5_borderline_obscure_0016,borderline_obscure_real,3.9575579372464933,0.6650841236114502,0.441835,1.6016989,0.74891317
v5_borderline_obscure_0017,borderline_obscure_real,63.323877131576076,5.960464477539063e-08,0.4197827,1.5884551,0.7877054
v5_borderline_obscure_0018,borderline_obscure_real,20.77856183352316,0.0,0.4622528,1.7660844,0.74782115
v5_borderline_obscure_0019,borderline_obscure_real,76.94384557770346,0.0,0.51495314,1.5944314,0.76439214
v5_borderline_obscure_0020,borderline_obscure_real,8.117234640797518,0.3561732769012451,0.4784913,1.9909211,0.7759688
v5_borderline_obscure_0021,borderline_obscure_real,27.38421125168999,1.1920928955078125e-07,0.5242578,1.5959893,0.7713027
v5_borderline_obscure_0022,borderline_obscure_real,24.533487168323006,0.0,0.546945,1.7336638,0.6245799
v5_borderline_obscure_0023,borderline_obscure_real,6.7422222262409,0.41887331008911133,0.45535225,1.6939172,0.78515285
v5_borderline_obscure_0024,borderline_obscure_real,31.14153524427853,0.0,0.44498116,1.6484592,0.7659398
v5_borderline_obscure_0025,borderline_obscure_real,99.83258902670876,0.0,0.49235022,1.6649421,0.67864996
v5_borderline_obscure_0026,borderline_obscure_real,3.3128701680444936,0.6634461581707001,0.4868688,1.5092492,0.8402075
v5_borderline_obscure_0027,borderline_obscure_real,12.34578572202545,0.16642224788665771,0.4959398,1.8894776,0.73428833
v5_borderline_obscure_0028,borderline_obscure_real,3.2502624325005787,0.5864200592041016,0.45404124,1.6655588,0.8519436
v5_borderline_obscure_0029,borderline_obscure_real,18.63466721832065,0.02455735206604004,0.44847775,1.7298402,0.7014967
v5_borderline_obscure_0030,borderline_obscure_real,3.3242329738781504,0.6494566202163696,0.48911744,1.6324518,0.5996076
v5_borderline_obscure_0031,borderline_obscure_real,7.68648330048588,0.34557127952575684,0.47320324,1.8024662,0.69913757
v5_borderline_obscure_0032,borderline_obscure_real,19.257683923715497,0.008192598819732666,0.4929244,1.9738647,0.743876
v5_borderline_obscure_0033,borderline_obscure_real,10.05469330343993,0.25644826889038086,0.5022969,1.6722127,0.7197161
v5_borderline_obscure_0034,borderline_obscure_real,2.035662276364563,0.6476704478263855,0.4927281,1.9935583,0.66912985
v5_borderline_obscure_0035,borderline_obscure_real,15.52019648609958,0.1036110520362854,0.49620616,1.9464239,0.7625543
v5_borderline_obscure_0036,borderline_obscure_real,9.0286823261998,0.18933063745498657,0.45553076,1.6851434,0.7224195
v5_borderline_obscure_0037,borderline_obscure_real,4.401469909891971,0.5716051757335663,0.49403572,1.6986029,0.7840322
v5_borderline_obscure_0038,borderline_obscure_real,7.670816171053752,0.33506453037261963,0.45796448,1.7031637,0.78464985
v5_borderline_obscure_0039,borderline_obscure_real,3.1368733906365804,0.6496972143650055,0.47945386,1.5452751,0.77897644
v5_borderline_obscure_0040,borderline_obscure_real,11.994143484626647,0.22984296083450317,0.47979128,1.8979496,0.73638785
v5_borderline_obscure_0041,borderline_obscure_real,22.370202958610257,0.0,0.5036973,1.8592199,0.7659955
v5_borderline_obscure_0042,borderline_obscure_real,1.8048367970685792,0.8505973517894745,0.47817302,1.5593914,0.7971449
v5_borderline_obscure_0043,borderline_obscure_real,3.753467667727641,0.6877661049365997,0.47681677,1.8006053,0.6480782
v5_borderline_obscure_0044,borderline_obscure_real,8.650588922882259,0.3181743621826172,0.48358887,1.934637,0.7067406
v5_borderline_obscure_0045,borderline_obscure_real,65.1273955539683,1.1920928955078125e-07,0.48382676,1.8563365,0.67228913
v5_borderline_obscure_0046,borderline_obscure_real,11.445878761514829,0.18233084678649902,0.49697292,1.9187998,0.73005164
v5_borderline_obscure_0047,borderline_obscure_real,1.8974778018765528,0.8161222040653229,0.48554575,1.5931594,0.762771
v5_borderline_obscure_0048,borderline_obscure_real,3.9072982883519667,0.6863225102424622,0.49898553,1.6580944,0.75700694
v5_borderline_obscure_0049,borderline_obscure_real,34.44952319571835,-1.1920928955078125e-07,0.4978794,1.8326856,0.701288
v5_borderline_obscure_0050,borderline_obscure_real,19.756780523506137,0.005104005336761475,0.49322343,2.0305424,0.71494055
v5_borderline_obscure_0051,borderline_obscure_real,11.339574119210157,0.16721850633621216,0.49963844,1.6674365,0.6845982
v5_borderline_obscure_0052,borderline_obscure_real,1.5815376963805339,0.8606378138065338,0.4391579,1.8851767,0.70689297
v5_borderline_obscure_0053,borderline_obscure_real,14.442976448467713,0.07078224420547485,0.4518426,1.7653162,0.7718828
v5_borderline_obscure_0054,borderline_obscure_real,5.142541384135646,0.5624226033687592,0.5141543,1.647201,0.67812276
v5_borderline_obscure_0055,borderline_obscure_real,9.640007498389355,0.28431057929992676,0.47643209,1.8102301,0.77025974
v5_borderline_obscure_0056,borderline_obscure_real,918.4915999080005,0.0,0.41395086,1.6809366,0.8068759
v5_borderline_obscure_0057,borderline_obscure_real,3.923647829953907,0.665473997592926,0.5362394,1.6465967,0.7130873
v5_borderline_obscure_0058,borderline_obscure_real,1.591913936606262,0.8260233104228973,0.45825875,1.6701964,0.824396
v5_borderline_obscure_0059,borderline_obscure_real,5.631440602442598,0.4759364724159241,0.48680997,1.6908376,0.7963073
v5_borderline_obscure_0060,borderline_obscure_real,13.247122733876571,0.08100974559783936,0.46372366,2.0404596,0.7283789
v5_borderline_obscure_0061,borderline_obscure_real,3.8445406655710888,0.7027108371257782,0.4683681,1.7377634,0.6606631
v5_borderline_obscure_0062,borderline_obscure_real,6.4639188077215035,0.4511294960975647,0.43645447,1.5772417,0.8188232
v5_borderline_obscure_0063,borderline_obscure_real,8.546375153632958,0.3349462151527405,0.51701695,1.5568583,0.7178949
v5_borderline_obscure_0064,borderline_obscure_real,1.757193118871322,0.8726782649755478,0.41365802,1.4798175,0.77913237
v5_borderline_obscure_0065,borderline_obscure_real,20.275818645125774,0.0,0.47796196,1.9526073,0.76143897
v5_borderline_obscure_0066,borderline_obscure_real,36.9791547218926,0.0,0.4705643,1.7424027,0.67095566
v5_borderline_obscure_0067,borderline_obscure_real,2.6899017830530836,0.7249953150749207,0.4693129,1.6419848,0.7222074
v5_borderline_obscure_0068,borderline_obscure_real,9.646813554383412,0.21787822246551514,0.4581957,1.6570258,0.7969356
v5_borderline_obscure_0069,borderline_obscure_real,12.317119342077394,0.15610867738723755,0.5360286,1.6546702,0.7351823
v5_borderline_obscure_0070,borderline_obscure_real,1.8959309260356885,0.840747058391571,0.45967788,1.7382486,0.7379993
v5_borderline_obscure_0071,borderline_obscure_real,12.549145387049796,0.1552290916442871,0.45892715,1.7555363,0.7494654
v5_borderline_obscure_0072,borderline_obscure_real,3.398593097401853,0.6302436590194702,0.49452108,1.6380854,0.80060625
v5_borderline_obscure_0073,borderline_obscure_real,49.93089948009157,5.960464477539063e-08,0.50690866,1.44802,0.82337546
v5_borderline_obscure_0074,borderline_obscure_real,21.1331522924316,1.7881393432617188e-07,0.47591293,1.8130808,0.7191676
v5_borderline_obscure_0075,borderline_obscure_real,6.7594340069245336,0.46149468421936035,0.5380572,1.6836225,0.7855641
v5_borderline_obscure_0076,borderline_obscure_real,1.9270042676788908,0.8180216550827026,0.37032795,1.6992867,0.72557247
v5_borderline_obscure_0077,borderline_obscure_real,9.717280276750973,0.2577977180480957,0.4332075,1.9426578,0.6556275
v5_borderline_obscure_0078,borderline_obscure_real,15.952376441570966,0.07622772455215454,0.47791147,1.6867803,0.62173176
v5_borderline_obscure_0079,borderline_obscure_real,20.976828120803383,0.0,0.46628082,2.05195,0.75984013
v5_borderline_obscure_0080,borderline_obscure_real,1.7958051251663376,0.839666023850441,0.50858307,1.7306993,0.78317666
v5_borderline_obscure_0081,borderline_obscure_real,2.470774124198651,0.7103278040885925,0.45938027,1.8199004,0.75223464
v5_borderline_obscure_0082,borderline_obscure_real,4.443719417045128,0.6141177713871002,0.45376927,1.6470445,0.81676793
v5_borderline_obscure_0083,borderline_obscure_real,2.4812242717903135,0.7384410500526428,0.46330965,1.6337173,0.7531926
v5_borderline_obscure_0084,borderline_obscure_real,6.828683929253189,0.46099019050598145,0.44517964,1.7141255,0.7717266
v5_borderline_obscure_0085,borderline_obscure_real,65.14482488907397,5.960464477539063e-08,0.5023172,1.7609417,0.7853875
v5_borderline_obscure_0086,borderline_obscure_real,69.71916704391597,5.960464477539063e-08,0.4696772,1.5609037,0.78900576
v5_borderline_obscure_0087,borderline_obscure_real,20.765620758607795,-1.1920928955078125e-07,0.50857526,1.7054707,0.7652538
v5_borderline_obscure_0088,borderline_obscure_real,222.4615747664602,0.0,0.49095762,1.6862006,0.8300318
v5_borderline_obscure_0089,borderline_obscure_real,15.433869372886964,0.06678116321563721,0.56319827,1.8069042,0.68639266
v5_borderline_obscure_0090,borderline_obscure_real,7.561250319141768,0.3239087462425232,0.48277223,1.8745773,0.6941002
v5_borderline_obscure_0091,borderline_obscure_real,12.380066924701318,0.16204023361206055,0.47573465,1.7881291,0.7761785
v5_borderline_obscure_0092,borderline_obscure_real,3.555309924859894,0.7021263539791107,0.50976616,1.6354719,0.6695013
v5_borderline_obscure_0093,borderline_obscure_real,10.743870578914873,0.236072838306427,0.50363714,2.1635962,0.7607641
v5_borderline_obscure_0094,borderline_obscure_real,9.765310486398109,0.28455615043640137,0.49564677,1.9093589,0.7317558
v5_borderline_obscure_0095,borderline_obscure_real,3.9637584319151093,0.6352540254592896,0.4570853,1.5750817,0.7293287
v5_borderline_obscure_0096,borderline_obscure_real,13.636533197676894,0.11172866821289062,0.49135184,1.9276137,0.7193164
v5_borderline_obscure_0097,borderline_obscure_real,13.751888252694764,0.14247548580169678,0.45068604,1.4483877,0.8408248
v5_borderline_obscure_0098,borderline_obscure_real,2.635244150020223,0.7015466094017029,0.51133007,1.8927664,0.6864177
v5_borderline_obscure_0099,borderline_obscure_real,277.82739367911023,0.0,0.5192934,1.507762,0.79460216
v5_borderline_obscure_0100,borderline_obscure_real,10.002833364299267,0.26926666498184204,0.49663186,1.9662423,0.7186696
v5_borderline_obscure_0101,borderline_obscure_real,9.38993020327563,0.3140336275100708,0.5636755,1.6306014,0.72424996
v5_borderline_obscure_0102,borderline_obscure_real,1.310343173966924,0.8172876089811325,0.41090328,1.641036,0.73972607
v5_borderline_obscure_0103,borderline_obscure_real,10.012686382389191,0.24514484405517578,0.47396523,1.5584686,0.81654245
v5_borderline_obscure_0104,borderline_obscure_real,1.5171369064369833,0.8845172673463821,0.48529065,1.534233,0.7457483
v5_borderline_obscure_0105,borderline_obscure_real,5.536838544507084,0.5053333640098572,0.46207178,1.8120768,0.7298209
v5_borderline_obscure_0106,borderline_obscure_real,182.44527878573012,0.0,0.47935063,1.8219986,0.8178801
v5_borderline_obscure_0107,borderline_obscure_real,2.6294808703301924,0.6902163624763489,0.47651422,1.7018917,0.7232404
v5_borderline_obscure_0108,borderline_obscure_real,2.5821350628403272,0.7412211894989014,0.45759457,1.5945166,0.7208876
v5_borderline_obscure_0109,borderline_obscure_real,4.419720810644917,0.5815531611442566,0.4512658,1.4642665,0.83524257
v5_borderline_obscure_0110,borderline_obscure_real,2.0957960199750763,0.7343935966491699,0.4439972,1.4901899,0.7067605
v5_borderline_obscure_0111,borderline_obscure_real,4.461836259871423,0.5389372706413269,0.5018865,1.8436584,0.6974267
v5_borderline_obscure_0112,borderline_obscure_real,8.181129942765866,0.3629971146583557,0.48327845,1.7431203,0.8067323
v5_borderline_obscure_0113,borderline_obscure_real,2.8149348854397327,0.6884599328041077,0.46208298,1.8830667,0.7468588
v5_borderline_obscure_0114,borderline_obscure_real,275.4188383559339,5.960464477539063e-08,0.4989227,1.7647445,0.71454024
v5_borderline_obscure_0115,borderline_obscure_real,2.2704886224298573,0.7443433105945587,0.4694525,1.5407761,0.73809886
v5_borderline_obscure_0116,borderline_obscure_real,2.2281792449309474,0.7387124001979828,0.43523556,1.5871522,0.7468285
v5_borderline_obscure_0117,borderline_obscure_real,3.288258489029692,0.672453910112381,0.4478073,1.6277262,0.741805
v5_borderline_obscure_0118,borderline_obscure_real,38.41604216047384,5.960464477539063e-08,0.47427398,1.559772,0.8280482
v5_borderline_obscure_0119,borderline_obscure_real,1.7184014903205065,0.8542274087667465,0.4675184,1.4822739,0.76923054
v5_borderline_obscure_0120,borderline_obscure_real,12.666242815664166,0.20720887184143066,0.47670275,1.8526777,0.7485028
v5_borderline_obscure_0121,borderline_obscure_real,2.2359918619313794,0.7550997138023376,0.4840122,1.6996121,0.68252707
v5_borderline_obscure_0122,borderline_obscure_real,16.92264711396654,0.04378002882003784,0.4759946,1.711684,0.75636363
v5_borderline_obscure_0123,borderline_obscure_real,6.659865833833584,0.3646000623703003,0.4506963,1.7628819,0.81460655
v5_borderline_obscure_0124,borderline_obscure_real,5.216476478275429,0.42561131715774536,0.5040448,1.7651346,0.7565073
v5_borderline_obscure_0125,borderline_obscure_real,2.4975479625901102,0.7497094571590424,0.4611178,1.6800559,0.7329579
v5_borderline_obscure_0126,borderline_obscure_real,49.27268710754207,-1.1920928955078125e-07,0.48666435,1.8555489,0.7621869
v5_borderline_obscure_0127,borderline_obscure_real,18.25564359135746,0.033559560775756836,0.5480763,1.6121126,0.7235518
v5_borderline_obscure_0128,borderline_obscure_real,8.643815574355912,0.3938405513763428,0.48603344,1.6348096,0.6821923
v5_borderline_obscure_0129,borderline_obscure_real,11.339671840123973,0.1960887908935547,0.46259928,1.5352654,0.8705781
v5_borderline_obscure_0130,borderline_obscure_real,1.64341578844103,0.8762394189834595,0.5006671,1.6017476,0.68056774
v5_borderline_obscure_0131,borderline_obscure_real,4.154751801537315,0.5640728175640106,0.47692817,1.6427097,0.8136604
v5_borderline_obscure_0132,borderline_obscure_real,6.602197070507071,0.44734853506088257,0.4075995,1.702118,0.7543076
v5_borderline_obscure_0133,borderline_obscure_real,3.735607786049086,0.6601657271385193,0.5009117,1.744007,0.6873678
v5_borderline_obscure_0134,borderline_obscure_real,1.6555726863726323,0.8502336740493774,0.4314003,1.6417844,0.74288
v5_borderline_obscure_0135,borderline_obscure_real,8.64545807532433,0.2092490792274475,0.48979455,1.7279443,0.6636758
v5_borderline_obscure_0136,borderline_obscure_real,2.874005590508726,0.6359598636627197,0.48345172,2.0316088,0.6970372
v5_borderline_obscure_0137,borderline_obscure_real,2.2387214699124884,0.7243109941482544,0.49176908,1.7088134,0.7608651
v5_borderline_obscure_0138,borderline_obscure_real,5.561149356802538,0.49544644355773926,0.4699049,1.6099002,0.7222589
v5_borderline_obscure_0139,borderline_obscure_real,19.85780875831186,0.009018898010253906,0.44285494,1.7638285,0.74117094
v5_borderline_obscure_0140,borderline_obscure_real,10.955057548082433,0.24819046258926392,0.48594463,1.8879198,0.7809486
v5_borderline_obscure_0141,borderline_obscure_real,4.446823250593367,0.5877574980258942,0.45374972,1.8707117,0.74638426
v5_borderline_obscure_0142,borderline_obscure_real,5.378643258953557,0.5241800546646118,0.4550308,1.6857115,0.8010763
v5_borderline_obscure_0143,borderline_obscure_real,9.546273895783537,0.27825677394866943,0.4688332,1.4692653,0.8042706
v5_borderline_obscure_0144,borderline_obscure_real,2.440078141998299,0.7628540098667145,0.45821238,1.6274271,0.7242888
v5_borderline_obscure_0145,borderline_obscure_real,1.5607725971416562,0.8008290380239487,0.4551614,1.7506717,0.7323367
v5_borderline_obscure_0146,borderline_obscure_real,6.253544667148495,0.44764286279678345,0.50235283,1.9459195,0.7236755
v5_borderline_obscure_0147,borderline_obscure_real,21.634715295254708,0.0,0.47647923,1.6717278,0.73481363
v5_borderline_obscure_0148,borderline_obscure_real,2.44765514606778,0.7786814123392105,0.47519594,1.7698305,0.6489495
v5_borderline_obscure_0149,borderline_obscure_real,4.982465596758543,0.6073014140129089,0.4650318,1.670883,0.7347568
v5_borderline_obscure_0150,borderline_obscure_real,5.378196258199464,0.4680010676383972,0.48527825,1.5900888,0.81827193
v5_borderline_obscure_0151,borderline_obscure_real,8.141910157699252,0.2802417278289795,0.4635418,1.8783382,0.73609364
v5_borderline_obscure_0152,borderline_obscure_real,8.294589860752108,0.35935544967651367,0.4528467,1.9722369,0.7995666
v5_borderline_obscure_0153,borderline_obscure_real,3.6670384220987313,0.6139974892139435,0.5393075,1.8567194,0.7189444
v5_borderline_obscure_0154,borderline_obscure_real,2.4071845865838886,0.743981271982193,0.45810294,1.8088219,0.71430457
v5_borderline_obscure_0155,borderline_obscure_real,4.195698807622359,0.5820356607437134,0.43077445,1.5537219,0.89082354
v5_borderline_obscure_0156,borderline_obscure_real,2.983143067135502,0.7728721052408218,0.45886225,1.5428958,0.74964666
v5_borderline_obscure_0157,borderline_obscure_real,6.673999206386303,0.4307671785354614,0.47795492,1.5856394,0.71837026
v5_borderline_obscure_0158,borderline_obscure_real,25.518757183926486,-1.1920928955078125e-07,0.5129024,1.8285359,0.7408775
v5_borderline_obscure_0159,borderline_obscure_real,1.3271295420595848,0.8642853945493698,0.49474144,1.7971936,0.73792374
v5_borderline_obscure_0160,borderline_obscure_real,6.222771575352215,0.4181802272796631,0.4753936,2.0391018,0.7546623
v5_borderline_obscure_0161,borderline_obscure_real,20.306233840937256,5.960464477539063e-08,0.45055914,1.7316309,0.6856822
v5_borderline_obscure_0162,borderline_obscure_real,4970.054451584813,0.0,0.5346289,1.7927521,0.7754821
v5_borderline_obscure_0163,borderline_obscure_real,24.07329007828077,-1.1920928955078125e-07,0.52647924,1.7917619,0.72692263
v5_borderline_obscure_0164,borderline_obscure_real,5.12070126791198,0.5108098983764648,0.48490876,1.7411926,0.73584235
v5_borderline_obscure_0165,borderline_obscure_real,1.3116568098871866,0.8688246458768845,0.43776673,1.8240758,0.7449286
v5_borderline_obscure_0166,borderline_obscure_real,4.599450948811309,0.5788944363594055,0.4205333,1.6619263,0.76909506
v5_borderline_obscure_0167,borderline_obscure_real,58.86386174871872,0.0,0.49713707,1.5696112,0.75798655
v5_borderline_obscure_0168,borderline_obscure_real,4.8827923729652145,0.5768622159957886,0.4667244,1.7821165,0.7413453
v5_borderline_obscure_0169,borderline_obscure_real,8.780206298436035,0.3380950093269348,0.48441768,1.7461994,0.7760408
v5_borderline_obscure_0170,borderline_obscure_real,4.7177216540692255,0.5959860682487488,0.4522022,1.4775681,0.86666834
v5_borderline_obscure_0171,borderline_obscure_real,3.0611140253486973,0.6880761682987213,0.44079882,1.6028153,0.73087853
v5_borderline_obscure_0172,borderline_obscure_real,2.5770198286811534,0.7750116288661957,0.42789125,1.6582322,0.7886542
v5_borderline_obscure_0173,borderline_obscure_real,7.3288042718555175,0.4159701466560364,0.54213846,1.6423168,0.7070372
v5_borderline_obscure_0174,borderline_obscure_real,29.88390412140792,1.1920928955078125e-07,0.50565934,1.555044,0.7550412
v5_borderline_obscure_0175,borderline_obscure_real,2.5796542366819586,0.7723996192216873,0.45983547,1.6563597,0.8067974
v5_borderline_obscure_0176,borderline_obscure_real,9.67696598692917,0.28879308700561523,0.516477,1.8540488,0.68363976
v5_borderline_obscure_0177,borderline_obscure_real,9.87996384204746,0.2542918920516968,0.4965046,1.8729676,0.70014644
v5_borderline_obscure_0178,borderline_obscure_real,84.77190668805896,5.960464477539063e-08,0.48047304,1.7314867,0.74087256
v5_borderline_obscure_0179,borderline_obscure_real,4.688791906830709,0.5756059885025024,0.49515152,1.7266347,0.713076
v5_borderline_obscure_0180,borderline_obscure_real,11.923595660135703,0.20068198442459106,0.44572848,1.7534778,0.7362126
v5_borderline_obscure_0181,borderline_obscure_real,6.982781237549582,0.4299994707107544,0.4989255,1.9295763,0.73168933
v5_borderline_obscure_0182,borderline_obscure_real,13.637316034857333,0.12088888883590698,0.5050898,1.6832777,0.78910756
v5_borderline_obscure_0183,borderline_obscure_real,202.05675565793803,1.1920928955078125e-07,0.48140883,1.8428899,0.77780044
v5_borderline_obscure_0184,borderline_obscure_real,1.8751551898110541,0.8667102307081223,0.47044826,1.7564958,0.70876205
v5_borderline_obscure_0185,borderline_obscure_real,50.807572053848155,0.0,0.4833557,1.8850044,0.72939825
v5_borderline_obscure_0186,borderline_obscure_real,7.408690184108681,0.32179492712020874,0.5018599,1.727054,0.7361176
v5_borderline_obscure_0187,borderline_obscure_real,9.580792747998043,0.3057746887207031,0.49506563,1.8022015,0.7814213
v5_borderline_obscure_0188,borderline_obscure_real,9.778299282949007,0.28198903799057007,0.45547587,1.61398,0.8476895
v5_borderline_obscure_0189,borderline_obscure_real,5.9614419382947,0.5129769444465637,0.47579354,1.6226897,0.7100723
v5_borderline_obscure_0190,borderline_obscure_real,5.129393373806112,0.5170129835605621,0.42816287,1.7577178,0.7107815
v5_borderline_obscure_0191,borderline_obscure_real,16.684009736854453,0.06358778476715088,0.5000054,1.8741574,0.733042
v5_borderline_obscure_0192,borderline_obscure_real,55.86959212051419,-1.1920928955078125e-07,0.5128765,1.6626134,0.76926696
v5_borderline_obscure_0193,borderline_obscure_real,13.83775937087957,0.12646377086639404,0.49470663,1.7454468,0.7541177
v5_borderline_obscure_0194,borderline_obscure_real,4.957744980539912,0.5851606130599976,0.43657446,1.7407618,0.87307906
v5_borderline_obscure_0195,borderline_obscure_real,15.870553122142539,0.047522664070129395,0.5484966,1.9057552,0.6270542
v5_borderline_obscure_0196,borderline_obscure_real,50.576304551228496,0.0,0.46014577,1.8061876,0.7090947
v5_borderline_obscure_0197,borderline_obscure_real,6.059204969372552,0.4332311153411865,0.46356452,1.7816272,0.78930855
v5_borderline_obscure_0198,borderline_obscure_real,3.3608935610880164,0.6545782089233398,0.4904093,1.5643135,0.7710236
v5_borderline_obscure_0199,borderline_obscure_real,31.777960586090977,0.0,0.48112762,1.5546557,0.82563823
v5_borderline_obscure_0200,borderline_obscure_real,3.007639201240687,0.5900108516216278,0.4615208,1.6912777,0.76410747
v5_borderline_fake_0001,borderline_plausible_fake,26.97384545786878,5.960464477539063e-08,0.5064286,1.9121644,0.6733068
v5_borderline_fake_0002,borderline_plausible_fake,21.365152912583497,5.960464477539063e-08,0.5029788,1.701124,0.6883464
v5_borderline_fake_0003,borderline_plausible_fake,22.513180380224565,-1.1920928955078125e-07,0.48277426,1.5500487,0.7543547
v5_borderline_fake_0004,borderline_plausible_fake,3.639275382030059,0.6510353684425354,0.5183457,2.038538,0.6620938
v5_borderline_fake_0005,borderline_plausible_fake,4.975618906366995,0.5356787741184235,0.58930945,1.9266336,0.6806456
v5_borderline_fake_0006,borderline_plausible_fake,5.995025768505902,0.4851560592651367,0.43820977,1.768263,0.8328081
v5_borderline_fake_0007,borderline_plausible_fake,5.948205155659302,0.5135833621025085,0.4777938,1.887957,0.7425274
v5_borderline_fake_0008,borderline_plausible_fake,14.249983251580165,0.10934025049209595,0.5557232,1.814464,0.67672557
v5_borderline_fake_0009,borderline_plausible_fake,2.1517196092916357,0.7728038132190704,0.5004198,1.6326237,0.7476182
v5_borderline_fake_0010,borderline_plausible_fake,1.4094717770709273,0.8411297649145126,0.44803375,2.136112,0.67206466
v5_borderline_fake_0011,borderline_plausible_fake,1.8392135629757274,0.8710500299930573,0.56024873,1.9327037,0.57477194
v5_borderline_fake_0012,borderline_plausible_fake,15.88358937800411,0.07735532522201538,0.4346714,1.5825872,0.7599455
v5_borderline_fake_0013,borderline_plausible_fake,1.326107299566683,0.8569756746292114,0.50453794,1.8287175,0.68329906
v5_borderline_fake_0014,borderline_plausible_fake,12.802726410682206,0.15225356817245483,0.48950046,1.8585454,0.6383822
v5_borderline_fake_0015,borderline_plausible_fake,2.7250068664351272,0.7094338238239288,0.44933158,1.6808097,0.77423275
v5_borderline_fake_0016,borderline_plausible_fake,2.1205698504655377,0.713245689868927,0.5017066,1.9882343,0.667668
v5_borderline_fake_0017,borderline_plausible_fake,3.5326370974338968,0.5454438924789429,0.5161349,2.032861,0.6305413
v5_borderline_fake_0018,borderline_plausible_fake,267.3978187642852,5.960464477539063e-08,0.47313446,1.8513166,0.7570795
v5_borderline_fake_0019,borderline_plausible_fake,38.040306628994166,5.960464477539063e-08,0.5074283,1.6573257,0.7907204
v5_borderline_fake_0020,borderline_plausible_fake,1.8302714291293598,0.7146364152431488,0.5460324,2.0023844,0.6261955
v5_borderline_fake_0021,borderline_plausible_fake,6.230584937512516,0.3837663531303406,0.48190624,1.8643746,0.80238855
v5_borderline_fake_0022,borderline_plausible_fake,3.5738326054719174,0.643938422203064,0.52289426,1.8037821,0.7581617
v5_borderline_fake_0023,borderline_plausible_fake,2.6991404513927293,0.6608203947544098,0.5812164,1.9373981,0.5757949
v5_borderline_fake_0024,borderline_plausible_fake,3.651064408564886,0.5987044274806976,0.51177776,1.8894901,0.7275845
v5_borderline_fake_0025,borderline_plausible_fake,8.745563646196802,0.34991228580474854,0.4941026,1.7012157,0.72701967
v5_borderline_fake_0026,borderline_plausible_fake,24.405765909793875,-1.1920928955078125e-07,0.63081753,2.241806,0.57109237
v5_borderline_fake_0027,borderline_plausible_fake,4.291167998841857,0.5624741911888123,0.53832334,1.8771763,0.6030541
v5_borderline_fake_0028,borderline_plausible_fake,12.165637845255217,0.1889866590499878,0.52133185,1.6459138,0.80394983
v5_borderline_fake_0029,borderline_plausible_fake,1.3442838265275217,0.7341542541980743,0.59656525,1.9270687,0.640107
v5_borderline_fake_0030,borderline_plausible_fake,9.5660398269588,0.2424435019493103,0.4851684,1.6814413,0.84267855
v5_borderline_fake_0031,borderline_plausible_fake,3.9009414966290086,0.6753067672252655,0.46911442,1.9272557,0.74147576
v5_borderline_fake_0032,borderline_plausible_fake,1.204634260313682,0.8821658045053482,0.5064094,1.8839344,0.7154001
v5_borderline_fake_0033,borderline_plausible_fake,2.501470640639302,0.7572605609893799,0.4783219,1.6065717,0.80794764
v5_borderline_fake_0034,borderline_plausible_fake,11.80349478006187,0.2136409878730774,0.5304349,1.6902705,0.6494078
v5_borderline_fake_0035,borderline_plausible_fake,3.0224360337041327,0.6025848388671875,0.5742835,1.8099912,0.65984356
v5_borderline_fake_0036,borderline_plausible_fake,7.6948781812857305,0.35786569118499756,0.50338566,1.7569858,0.73954856
v5_borderline_fake_0037,borderline_plausible_fake,4.016205372745596,0.5315631330013275,0.5616813,1.9109433,0.5896857
v5_borderline_fake_0038,borderline_plausible_fake,2.5898079241514194,0.7720439732074738,0.54259,1.7729129,0.65495145
v5_borderline_fake_0039,borderline_plausible_fake,5.477642782918182,0.5067666172981262,0.51267326,1.9454429,0.7491006
v5_borderline_fake_0040,borderline_plausible_fake,3.346883879167417,0.5907415747642517,0.5015486,1.895589,0.6976706
v5_borderline_fake_0041,borderline_plausible_fake,27.619652305864328,-1.1920928955078125e-07,0.58694935,2.1257946,0.6716889
v5_borderline_fake_0042,borderline_plausible_fake,27.02081566114494,0.0,0.42337692,1.6261425,0.7960841
v5_borderline_fake_0043,borderline_plausible_fake,8.929454452458232,0.31201183795928955,0.5456568,1.8577291,0.5593422
v5_borderline_fake_0044,borderline_plausible_fake,45.23549108233693,5.960464477539063e-08,0.5405197,1.857796,0.7109754
v5_borderline_fake_0045,borderline_plausible_fake,4.471916078219808,0.5343643128871918,0.47591263,1.8283406,0.73859924
v5_borderline_fake_0046,borderline_plausible_fake,2.6564623429499874,0.7149238586425781,0.503085,1.6463685,0.70710796
v5_borderline_fake_0047,borderline_plausible_fake,7.074861120159974,0.3641282320022583,0.499824,1.8468702,0.65069795
v5_borderline_fake_0048,borderline_plausible_fake,1.1307889505339281,0.8530662655830383,0.45524222,1.8016481,0.7819588
v5_borderline_fake_0049,borderline_plausible_fake,6.92058425528571,0.4562309980392456,0.4801693,1.9531133,0.68407834
v5_borderline_fake_0050,borderline_plausible_fake,1.298667050809762,0.8136787563562393,0.5302502,1.8554192,0.64110434
v5_borderline_fake_0051,borderline_plausible_fake,15.136778935454338,0.07948660850524902,0.49776995,1.7331328,0.71020895
v5_borderline_fake_0052,borderline_plausible_fake,2.1615285341412624,0.7296704053878784,0.5405653,1.8588206,0.6406984
v5_borderline_fake_0053,borderline_plausible_fake,1.6233643800878252,0.8234285116195679,0.49084067,1.7676462,0.63129514
v5_borderline_fake_0054,borderline_plausible_fake,3.5909668131473453,0.6779636740684509,0.44760263,1.545007,0.8169133
v5_borderline_fake_0055,borderline_plausible_fake,5.314776890030724,0.5141739845275879,0.51213527,1.9352593,0.6352831
v5_borderline_fake_0056,borderline_plausible_fake,50.292413630816256,5.960464477539063e-08,0.552592,1.9805186,0.6555684
v5_borderline_fake_0057,borderline_plausible_fake,8.769444704160826,0.2913270592689514,0.51485085,1.7664757,0.76321954
v5_borderline_fake_0058,borderline_plausible_fake,5.193057883804311,0.5345684587955475,0.5351979,1.7954003,0.59151006
v5_borderline_fake_0059,borderline_plausible_fake,1.5115958550894049,0.8598696142435074,0.5265566,1.954596,0.62325275
v5_borderline_fake_0060,borderline_plausible_fake,6.313746682663142,0.4555708169937134,0.5231117,1.7560186,0.7295816
v5_borderline_fake_0061,borderline_plausible_fake,8.108307851719967,0.4117168188095093,0.4624912,1.4738137,0.84343517
v5_borderline_fake_0062,borderline_plausible_fake,27.814963738077747,-1.1920928955078125e-07,0.59196717,1.8995533,0.64382493
v5_borderline_fake_0063,borderline_plausible_fake,57.07510966212022,1.1920928955078125e-07,0.5219313,1.7772876,0.77013403
v5_borderline_fake_0064,borderline_plausible_fake,11.384628930051544,0.16279250383377075,0.4953277,1.648961,0.7352365
v5_borderline_fake_0065,borderline_plausible_fake,1.1629630867084326,0.8752529919147491,0.51786137,1.9173641,0.68897426
v5_borderline_fake_0066,borderline_plausible_fake,7.984224969786496,0.3232554793357849,0.5340021,1.6941886,0.71690184
v5_borderline_fake_0067,borderline_plausible_fake,27.593716659212344,-1.1920928955078125e-07,0.50170827,1.9016582,0.56491774
v5_borderline_fake_0068,borderline_plausible_fake,5.990836926319225,0.5563219785690308,0.5389557,1.6904618,0.6571026
v5_borderline_fake_0069,borderline_plausible_fake,3.575697208820309,0.6169725656509399,0.4891489,1.7297992,0.7735029
v5_borderline_fake_0070,borderline_plausible_fake,7.747102406514002,0.3644602298736572,0.5687808,1.9380547,0.57235026
v5_borderline_fake_0071,borderline_plausible_fake,1.6690468956644735,0.8496516197919846,0.5153178,1.7615246,0.67195934
v5_borderline_fake_0072,borderline_plausible_fake,2.7753356120336883,0.7487401068210602,0.47424394,1.5343823,0.79072213
v5_borderline_fake_0073,borderline_plausible_fake,13.520536261227388,0.14409679174423218,0.51074547,1.8234037,0.6923324
v5_borderline_fake_0074,borderline_plausible_fake,5.531474756027007,0.4462167024612427,0.4667194,1.862216,0.6766005
v5_borderline_fake_0075,borderline_plausible_fake,35.78024262438207,-1.1920928955078125e-07,0.51478493,1.6540568,0.7635775
v5_borderline_fake_0076,borderline_plausible_fake,2.432101999394918,0.743819922208786,0.46943766,1.7638938,0.74952555
v5_borderline_fake_0077,borderline_plausible_fake,2.1488074509134396,0.6416222751140594,0.5999971,1.9315795,0.6652498
v5_borderline_fake_0078,borderline_plausible_fake,18.28785948712736,0.024998188018798828,0.5046878,1.8351295,0.7303207
v5_borderline_fake_0079,borderline_plausible_fake,21.503725444911712,0.0,0.502064,1.7995828,0.7361193
v5_borderline_fake_0080,borderline_plausible_fake,20.89161121924352,0.0,0.6269525,1.8505211,0.63790894
v5_borderline_fake_0081,borderline_plausible_fake,4.653140597186033,0.5841352939605713,0.50009096,1.6792258,0.67196923
v5_borderline_fake_0082,borderline_plausible_fake,8.675554121455678,0.3046256899833679,0.5027804,1.7594874,0.7404735
v5_borderline_fake_0083,borderline_plausible_fake,7.966546349322648,0.37878483533859253,0.535374,1.5481015,0.7536216
v5_borderline_fake_0084,borderline_plausible_fake,3.330853176425042,0.6212300062179565,0.4718809,1.6765718,0.7834824
v5_borderline_fake_0085,borderline_plausible_fake,21.231623980973158,-1.1920928955078125e-07,0.48597604,1.8943697,0.6364821
v5_borderline_fake_0086,borderline_plausible_fake,78.5143605412739,-1.1920928955078125e-07,0.49524218,1.7205052,0.70411754
v5_borderline_fake_0087,borderline_plausible_fake,5.912851325440353,0.46865540742874146,0.5128051,1.8363116,0.69834554
v5_borderline_fake_0088,borderline_plausible_fake,2.9863303764112663,0.747969776391983,0.47988683,1.9041102,0.7451552
v5_borderline_fake_0089,borderline_plausible_fake,1.610392073636502,0.8309837877750397,0.56677055,1.830774,0.6754648
v5_borderline_fake_0090,borderline_plausible_fake,5.190071428687435,0.48335933685302734,0.45433438,1.6348134,0.782078
v5_borderline_fake_0091,borderline_plausible_fake,12.509009164761128,0.16348880529403687,0.5756462,1.7677575,0.6823231
v5_borderline_fake_0092,borderline_plausible_fake,1.5093168551196823,0.7395785450935364,0.5354555,1.8400977,0.6733002
v5_borderline_fake_0093,borderline_plausible_fake,2.170234651902828,0.7039974927902222,0.46096838,1.7793257,0.7959735
v5_borderline_fake_0094,borderline_plausible_fake,48.23105878345139,-1.1920928955078125e-07,0.5128729,1.5815728,0.7903099
v5_borderline_fake_0095,borderline_plausible_fake,1.5156150515611437,0.7953579723834991,0.5665244,1.8584567,0.61260206
v5_borderline_fake_0096,borderline_plausible_fake,1.9191966497483182,0.8403376936912537,0.49768984,1.6982037,0.76578224
v5_borderline_fake_0097,borderline_plausible_fake,3.9942190868933234,0.6468349099159241,0.5526728,1.7736417,0.65541637
v5_borderline_fake_0098,borderline_plausible_fake,3.4900473460421537,0.6772118806838989,0.5279464,1.8474772,0.6629045
v5_borderline_fake_0099,borderline_plausible_fake,4.825305593480212,0.5788555145263672,0.500656,1.7777638,0.6333034
v5_borderline_fake_0100,borderline_plausible_fake,4.572528402995449,0.576718807220459,0.50846064,1.7817869,0.6974343
v5_borderline_fake_0101,borderline_plausible_fake,4.685653975737523,0.5886337757110596,0.5435616,1.8504114,0.6818459
v5_borderline_fake_0102,borderline_plausible_fake,20.720505643237704,0.0,0.48238778,1.688675,0.73843956
v5_borderline_fake_0103,borderline_plausible_fake,2.6915271568898524,0.7429980039596558,0.5226053,1.6559448,0.732889
v5_borderline_fake_0104,borderline_plausible_fake,2.5533893802467884,0.5886225402355194,0.530119,1.9075133,0.68073916
v5_borderline_fake_0105,borderline_plausible_fake,35.619069077138136,0.0,0.5192476,1.7173363,0.78672457
v5_borderline_fake_0106,borderline_plausible_fake,3.6894185947425857,0.6393397450447083,0.52889097,1.9116488,0.63429713
v5_borderline_fake_0107,borderline_plausible_fake,0.8276884134882121,0.7812699526548386,0.63075674,1.9846666,0.60694695
v5_borderline_fake_0108,borderline_plausible_fake,19.91002332814238,0.003630340099334717,0.5050296,1.8661474,0.6842475
v5_borderline_fake_0109,borderline_plausible_fake,3.310998344818168,0.6374125182628632,0.5279568,1.7173275,0.7700494
v5_borderline_fake_0110,borderline_plausible_fake,6.346695255493091,0.4581068158149719,0.51188755,1.9521611,0.69871014
v5_borderline_fake_0111,borderline_plausible_fake,1.6401439342926345,0.8721415400505066,0.49241686,1.8810061,0.6581111
v5_borderline_fake_0112,borderline_plausible_fake,2.44957173198202,0.7678320109844208,0.42873544,1.6430496,0.78559464
v5_borderline_fake_0113,borderline_plausible_fake,4.672281296842832,0.6126784384250641,0.5052035,1.8348353,0.667632
v5_borderline_fake_0114,borderline_plausible_fake,0.7689599562050928,0.8361419290304184,0.5747874,1.8547417,0.6186807
v5_borderline_fake_0115,borderline_plausible_fake,6.903940600621108,0.40069395303726196,0.50911033,1.6431516,0.79089594
v5_borderline_fake_0116,borderline_plausible_fake,3.2209807805320647,0.6438428461551666,0.5223761,1.8975632,0.68006134
v5_borderline_fake_0117,borderline_plausible_fake,4.078306759979289,0.5898294448852539,0.5220406,1.9554623,0.65430635
v5_borderline_fake_0118,borderline_plausible_fake,5.33918088688868,0.49230659008026123,0.4714054,1.7091163,0.7962191
v5_borderline_fake_0119,borderline_plausible_fake,45.78252336344194,-2.384185791015625e-07,0.4818068,1.9086214,0.76154935
v5_borderline_fake_0120,borderline_plausible_fake,4.54620837364653,0.5557056367397308,0.540575,1.5724719,0.7373005
v5_borderline_fake_0121,borderline_plausible_fake,150.53177888490256,-1.1920928955078125e-07,0.50215626,1.7189656,0.7551243
v5_borderline_fake_0122,borderline_plausible_fake,2.465582081208412,0.7710424810647964,0.4896328,1.8952471,0.64491737
v5_borderline_fake_0123,borderline_plausible_fake,4.5656341600393775,0.5377563834190369,0.5183624,1.8047673,0.68213075
v5_borderline_fake_0124,borderline_plausible_fake,255.9695165697273,5.960464477539063e-08,0.41610157,1.6127405,0.7586894
v5_borderline_fake_0125,borderline_plausible_fake,66.19538832714426,5.960464477539063e-08,0.5152363,1.9120315,0.5800245
v5_borderline_fake_0126,borderline_plausible_fake,5.438879806826132,0.48104023933410645,0.5578846,1.8242788,0.6336588
v5_borderline_fake_0127,borderline_plausible_fake,14.930729010579395,0.14730125665664673,0.43684137,1.5366067,0.77818775
v5_borderline_fake_0128,borderline_plausible_fake,8.39201515815421,0.347031831741333,0.48459774,1.9707096,0.75227475
v5_borderline_fake_0129,borderline_plausible_fake,7.055718409092032,0.29566216468811035,0.58729076,2.2373219,0.6324155
v5_borderline_fake_0130,borderline_plausible_fake,59.91222277796637,-1.1920928955078125e-07,0.51098883,1.7881523,0.7923293
v5_borderline_fake_0131,borderline_plausible_fake,6.232311558073618,0.4508475065231323,0.5023632,1.7701647,0.74518526
v5_borderline_fake_0132,borderline_plausible_fake,6.749720240431297,0.48578977584838867,0.54679424,1.7850736,0.6956318
v5_borderline_fake_0133,borderline_plausible_fake,75.69798294623375,-1.1920928955078125e-07,0.51720035,1.7313026,0.7177919
v5_borderline_fake_0134,borderline_plausible_fake,47.738590690052526,1.1920928955078125e-07,0.569369,1.8459122,0.6561398
v5_borderline_fake_0135,borderline_plausible_fake,4.320568565802549,0.5891672968864441,0.5526979,1.7615728,0.6871885
v5_borderline_fake_0136,borderline_plausible_fake,47.074696834451885,-1.1920928955078125e-07,0.50700843,1.5672982,0.806404
v5_borderline_fake_0137,borderline_plausible_fake,6.202766327180158,0.42046409845352173,0.5107749,1.976483,0.7497073
v5_borderline_fake_0138,borderline_plausible_fake,1.67373175823472,0.8472283035516739,0.46985352,1.6781821,0.70642287
v5_borderline_fake_0139,borderline_plausible_fake,44.6826558066422,-1.1920928955078125e-07,0.41745377,1.5230742,0.7524831
v5_borderline_fake_0140,borderline_plausible_fake,9.29678282369865,0.31776708364486694,0.48578805,1.5858086,0.79985404
v5_borderline_fake_0141,borderline_plausible_fake,5.982539709991233,0.39958637952804565,0.5600902,1.7917944,0.6867952
v5_borderline_fake_0142,borderline_plausible_fake,1.2587552401192699,0.8661749362945557,0.5128797,1.884566,0.7094098
v5_borderline_fake_0143,borderline_plausible_fake,119.12991000644499,-1.1920928955078125e-07,0.51743555,1.7073696,0.7375748
v5_borderline_fake_0144,borderline_plausible_fake,13.58785030029536,0.12444895505905151,0.5374136,1.7824799,0.69800335
v5_borderline_fake_0145,borderline_plausible_fake,5.8880791534078085,0.46806979179382324,0.5051378,1.7659312,0.76197255
v5_borderline_fake_0146,borderline_plausible_fake,2.6489378372854397,0.7357262969017029,0.5486532,1.6823646,0.7202236
v5_borderline_fake_0147,borderline_plausible_fake,49.64273712094621,0.0,0.54384124,1.7372838,0.6762098
v5_borderline_fake_0148,borderline_plausible_fake,5.46340611973716,0.5035907030105591,0.5312685,1.690294,0.73499715
v5_borderline_fake_0149,borderline_plausible_fake,3.6807961316706304,0.6014602780342102,0.49437422,1.8964165,0.6169528
v5_borderline_fake_0150,borderline_plausible_fake,24.195934502216375,-1.1920928955078125e-07,0.48963654,1.9348797,0.6564052
v5_borderline_fake_0151,borderline_plausible_fake,4.0569876462604775,0.5573815703392029,0.48148805,1.5728258,0.7942635
v5_borderline_fake_0152,borderline_plausible_fake,7.570697306755837,0.3813592195510864,0.56334066,1.708304,0.6466099
v5_borderline_fake_0153,borderline_plausible_fake,16.224014619508566,0.05150258541107178,0.6002481,1.8468786,0.6327003
v5_borderline_fake_0154,borderline_plausible_fake,1.821283547085604,0.8722036480903625,0.4970383,1.6958898,0.7332297
v5_borderline_fake_0155,borderline_plausible_fake,10.780736966047494,0.19131791591644287,0.4983816,1.7991681,0.6389641
v5_borderline_fake_0156,borderline_plausible_fake,13.180526978605194,0.09191632270812988,0.57748866,1.9068301,0.6288074
v5_borderline_fake_0157,borderline_plausible_fake,38.476990602333345,-1.1920928955078125e-07,0.48634893,1.5938636,0.76811665
v5_borderline_fake_0158,borderline_plausible_fake,6.295103619103294,0.46701204776763916,0.5035357,1.9109391,0.63204515
v5_borderline_fake_0159,borderline_plausible_fake,31.977890042990524,-1.1920928955078125e-07,0.5696039,1.8147645,0.6312863
v5_borderline_fake_0160,borderline_plausible_fake,19.873599869935436,0.010293424129486084,0.50160784,1.8361845,0.7308872
v5_borderline_fake_0161,borderline_plausible_fake,3.0043683386596003,0.6587340235710144,0.49073565,1.7505723,0.6714456
v5_borderline_fake_0162,borderline_plausible_fake,5.261601435608073,0.42480671405792236,0.49592775,1.8825905,0.66855955
v5_borderline_fake_0163,borderline_plausible_fake,2.6397040712234188,0.7767463475465775,0.4634561,1.6150261,0.7862426
v5_borderline_fake_0164,borderline_plausible_fake,11140.749943541972,0.0,0.4937938,2.1039598,0.6733773
v5_borderline_fake_0165,borderline_plausible_fake,2.506180560239241,0.6430667340755463,0.57509804,1.9318367,0.67008543
v5_borderline_fake_0166,borderline_plausible_fake,5.015753364557942,0.501296877861023,0.47743618,1.7584532,0.7074865
v5_borderline_fake_0167,borderline_plausible_fake,33.502348411600614,0.0,0.4710847,1.5084742,0.77778125
v5_borderline_fake_0168,borderline_plausible_fake,2.239064017361898,0.7458676993846893,0.5395095,1.8202316,0.6427532
v5_borderline_fake_0169,borderline_plausible_fake,1.2981853108783774,0.8798484727740288,0.43184328,1.7482116,0.7800724
v5_borderline_fake_0170,borderline_plausible_fake,9.104860023466,0.3287421464920044,0.5015337,1.5865573,0.726652
v5_borderline_fake_0171,borderline_plausible_fake,26.74581905176675,5.960464477539063e-08,0.56180054,1.919007,0.6763643
v5_borderline_fake_0172,borderline_plausible_fake,114.27241986076697,5.960464477539063e-08,0.46713328,1.6616725,0.7888625
v5_borderline_fake_0173,borderline_plausible_fake,19.677179714832935,0.007172107696533203,0.579525,1.8295546,0.5752662
v5_borderline_fake_0174,borderline_plausible_fake,2.5514474186868723,0.7358686327934265,0.5576464,1.8342404,0.6721592
v5_borderline_fake_0175,borderline_plausible_fake,58.50827230172506,1.1920928955078125e-07,0.5694506,1.8120848,0.57396764
v5_borderline_fake_0176,borderline_plausible_fake,3.1531840979476096,0.584511399269104,0.51981515,1.7548285,0.649312
v5_borderline_fake_0177,borderline_plausible_fake,9049.69948381949,0.0,0.52824503,1.6270981,0.749078
v5_borderline_fake_0178,borderline_plausible_fake,151.7600088873034,0.0,0.52490973,1.9654262,0.60440135
v5_borderline_fake_0179,borderline_plausible_fake,1.7100096604058512,0.8729794025421143,0.49609488,1.8372304,0.6461102
v5_borderline_fake_0180,borderline_plausible_fake,19.6275596543432,0.005392670631408691,0.49354678,1.677206,0.7768271
v5_borderline_fake_0181,borderline_plausible_fake,6.418985597545842,0.4348301887512207,0.55258524,1.8685333,0.64987653
v5_borderline_fake_0182,borderline_plausible_fake,5.486159006474202,0.5386941730976105,0.49321312,1.6216874,0.7852591
v5_borderline_fake_0183,borderline_plausible_fake,31.877314674346295,0.0,0.50969297,2.0509558,0.7216519
v5_borderline_fake_0184,borderline_plausible_fake,9.777167428995599,0.2728612422943115,0.49730396,1.8646015,0.64844716
v5_borderline_fake_0185,borderline_plausible_fake,6.070643000618292,0.4201750159263611,0.48930627,1.8012209,0.77314657
v5_borderline_fake_0186,borderline_plausible_fake,35.89025983576091,0.0,0.5439331,1.8450172,0.7284184
v5_borderline_fake_0187,borderline_plausible_fake,2.5888154643663635,0.7621632218360901,0.5565433,1.8247411,0.6809319
v5_borderline_fake_0188,borderline_plausible_fake,34.90987328635515,0.0,0.4895935,1.8177068,0.7115445
v5_borderline_fake_0189,borderline_plausible_fake,5.05897632960569,0.5520367622375488,0.46410322,1.98258,0.68020564
v5_borderline_fake_0190,borderline_plausible_fake,5.644018471248281,0.4722937345504761,0.53177804,1.8251916,0.69490725
v5_borderline_fake_0191,borderline_plausible_fake,10.877725231562827,0.27918267250061035,0.5154116,1.9107848,0.750582
v5_borderline_fake_0192,borderline_plausible_fake,2.117143524696356,0.7486724257469177,0.47742164,1.9382038,0.6591178
v5_borderline_fake_0193,borderline_plausible_fake,72.61673437742621,-1.1920928955078125e-07,0.5965619,1.9843268,0.5988921
v5_borderline_fake_0194,borderline_plausible_fake,3.165209369102864,0.6751474142074585,0.43852913,1.6967952,0.7619981
v5_borderline_fake_0195,borderline_plausible_fake,87.7349936066339,-1.1920928955078125e-07,0.5559261,1.8503127,0.6232032
v5_borderline_fake_0196,borderline_plausible_fake,3.505496686776819,0.6466291546821594,0.5697567,1.8544677,0.6620529
v5_borderline_fake_0197,borderline_plausible_fake,0.998379001379158,0.873245432972908,0.49988836,1.6097437,0.70246035
v5_borderline_fake_0198,borderline_plausible_fake,2.3793178294155886,0.711656242609024,0.495852,1.7595559,0.693178
v5_borderline_fake_0199,borderline_plausible_fake,4.488257667135252,0.543738603591919,0.5970831,1.9128743,0.6596515
v5_borderline_fake_0200,borderline_plausible_fake,17.086384516739102,0.041054725646972656,0.47327042,1.6017174,0.7917218
v5_borderline_edge_0001,borderline_edge_factual,20.964531276956347,0.0,0.47005016,1.3930663,0.77812696
v5_borderline_edge_0002,borderline_edge_factual,2.1368402008122485,0.6315143704414368,0.41469777,1.6571959,0.7862127
v5_borderline_edge_0003,borderline_edge_factual,13.833450761275246,0.11559832096099854,0.39417136,1.4718043,0.7346096
v5_borderline_edge_0004,borderline_edge_factual,5.608451580676614,0.47169458866119385,0.36941695,1.5650569,0.8161024
v5_borderline_edge_0005,borderline_edge_factual,2.742580868272236,0.7055274248123169,0.3780405,1.5285946,0.82655853
v5_borderline_edge_0006,borderline_edge_factual,4.128705069503199,0.5092686116695404,0.4232735,1.4012061,0.78785497
v5_borderline_edge_0007,borderline_edge_factual,20.785724849768638,-1.1920928955078125e-07,0.43581647,1.6502786,0.7325768
v5_borderline_edge_0008,borderline_edge_factual,44.5164083651933,1.1920928955078125e-07,0.49546146,1.3316289,0.74660015
v5_borderline_edge_0009,borderline_edge_factual,4.168309639529834,0.5906161069869995,0.40369964,1.4727768,0.7795847
v5_borderline_edge_0010,borderline_edge_factual,28.608196423254157,5.960464477539063e-08,0.32913685,1.3583556,0.8034806
v5_borderline_edge_0011,borderline_edge_factual,,0.15401053428649902,0.40298474,1.8337114,0.7113578
v5_borderline_edge_0012,borderline_edge_factual,23.39854913290364,1.1920928955078125e-07,0.43139845,1.6793741,0.73253226
v5_borderline_edge_0013,borderline_edge_factual,144.29756204808817,5.960464477539063e-08,0.4029739,1.9987719,0.7756026
v5_borderline_edge_0014,borderline_edge_factual,2.975868759083848,0.6777533292770386,0.42125636,1.5359615,0.8037158
v5_borderline_edge_0015,borderline_edge_factual,14.187868015287469,0.1416938304901123,0.36631936,1.4577318,0.8526969
v5_borderline_edge_0016,borderline_edge_factual,6.12521368102549,0.48463165760040283,0.39466536,1.4585388,0.79224706
v5_borderline_edge_0017,borderline_edge_factual,3.9739325508424455,0.6526318490505219,0.42206854,1.6348226,0.7833824
v5_borderline_edge_0018,borderline_edge_factual,125.83338653826232,0.0,0.4009611,2.0878854,0.8023786
v5_borderline_edge_0019,borderline_edge_factual,7.918798550071879,0.33005404472351074,0.42791063,1.5705905,0.7417275
v5_borderline_edge_0020,borderline_edge_factual,93.02936180635415,0.0,0.36631334,1.3727738,0.83532
v5_borderline_edge_0021,borderline_edge_factual,4.894706880428915,0.5256439447402954,0.3602187,1.6828704,0.80836946
v5_borderline_edge_0022,borderline_edge_factual,54.82426711331786,0.0,0.4153757,1.6118928,0.7053304
v5_borderline_edge_0023,borderline_edge_factual,26.496918215291203,5.960464477539063e-08,0.34000355,1.5115913,0.79282266
v5_borderline_edge_0024,borderline_edge_factual,63.76023995766347,-1.1920928955078125e-07,0.44586372,2.09449,0.7977883
v5_borderline_edge_0025,borderline_edge_factual,336.191778087628,1.1920928955078125e-07,0.3932734,1.6459625,0.7541078
v5_borderline_edge_0026,borderline_edge_factual,73.5334644013827,0.0,0.35966384,1.4935329,0.79037654
v5_borderline_edge_0027,borderline_edge_factual,13.899520157079042,0.17759835720062256,0.39723623,1.9381452,0.7598281
v5_borderline_edge_0028,borderline_edge_factual,12.079624994284986,0.20535200834274292,0.38219094,1.4416698,0.8300245
v5_borderline_edge_0029,borderline_edge_factual,5.390109579867138,0.5569068193435669,0.3678254,1.4034581,0.794975
v5_borderline_edge_0030,borderline_edge_factual,5.482247787416872,0.4353221654891968,0.4768437,1.5581753,0.7820871
v5_borderline_edge_0031,borderline_edge_factual,5.562908474721827,0.43235963582992554,0.40971345,1.4999251,0.8257672
v5_borderline_edge_0032,borderline_edge_factual,32.08268111248377,1.1920928955078125e-07,0.41677594,1.9351966,0.7479135
v5_borderline_edge_0033,borderline_edge_factual,3.407191972395947,0.6170544624328613,0.46519768,1.5687044,0.7857771
v5_borderline_edge_0034,borderline_edge_factual,3.5929509082486897,0.6455379128456116,0.36431718,1.3592589,0.7477642
v5_borderline_edge_0035,borderline_edge_factual,8.8704585137124,0.24306988716125488,0.407632,1.5660676,0.72679794
v5_borderline_edge_0036,borderline_edge_factual,16.875991176355207,0.07245373725891113,0.40622002,1.6547128,0.7490935
v5_borderline_edge_0037,borderline_edge_factual,4.888557006267234,0.6501861214637756,0.4139623,1.9738348,0.76863545
v5_borderline_edge_0038,borderline_edge_factual,4.837207237149631,0.6099870800971985,0.4276256,1.6978302,0.7494903
v5_borderline_edge_0039,borderline_edge_factual,59.4446174572026,-1.1920928955078125e-07,0.42193657,1.432675,0.8016331
v5_borderline_edge_0040,borderline_edge_factual,7.442141554346019,0.4104752540588379,0.42075062,1.4464037,0.7512907
v5_borderline_edge_0041,borderline_edge_factual,92.00585551573198,0.0,0.40909183,1.3582678,0.8169688
v5_borderline_edge_0042,borderline_edge_factual,12.989276648984744,0.17952114343643188,0.38509876,2.015035,0.77093273
v5_borderline_edge_0043,borderline_edge_factual,4.556355418848246,0.6094233393669128,0.4483744,1.6846799,0.7821454
v5_borderline_edge_0044,borderline_edge_factual,3.3861935623591397,0.5646031498908997,0.3960579,1.6194276,0.8488112
v5_borderline_edge_0045,borderline_edge_factual,10.31082794307792,0.2712624669075012,0.33295727,1.6413925,0.8152829
v5_borderline_edge_0046,borderline_edge_factual,29.27029608925694,-1.1920928955078125e-07,0.38208055,1.5481961,0.7821814
v5_borderline_edge_0047,borderline_edge_factual,43.74569767208782,5.960464477539063e-08,0.4018625,1.5522342,0.76703453
v5_borderline_edge_0048,borderline_edge_factual,1.67441830756284,0.8635749071836472,0.43310463,1.6816541,0.752508
v5_borderline_edge_0049,borderline_edge_factual,6.509171093320649,0.38098275661468506,0.4686215,1.4653778,0.7962346
v5_borderline_edge_0050,borderline_edge_factual,4.443749430533572,0.5595843493938446,0.44952667,2.2725713,0.74803007
v5_borderline_edge_0051,borderline_edge_factual,0.8747818808970891,0.8398870676755905,0.45876467,1.6535745,0.80042654
v5_borderline_edge_0052,borderline_edge_factual,1.86754150681955,0.8595965057611465,0.4737774,1.4747593,0.80448556
v5_borderline_edge_0053,borderline_edge_factual,9.212491476825408,0.22775357961654663,0.4559694,1.6697502,0.74776244
v5_borderline_edge_0054,borderline_edge_factual,6.4863052168039035,0.5259187817573547,0.38778394,1.4221298,0.8209949
v5_borderline_edge_0055,borderline_edge_factual,1.363004755953635,0.7963771820068359,0.45940447,1.981353,0.7701891
v5_borderline_edge_0056,borderline_edge_factual,37.21437507897826,0.0,0.36801088,1.4552712,0.73668134
v5_borderline_edge_0057,borderline_edge_factual,5.367175395958851,0.4726898670196533,0.41592658,1.5087973,0.8020997
v5_borderline_edge_0058,borderline_edge_factual,165.28573314267027,5.960464477539063e-08,0.40143543,2.0316784,0.7917267
v5_borderline_edge_0059,borderline_edge_factual,1.747388220982345,0.758026972413063,0.41672534,1.6746851,0.75916606
v5_borderline_edge_0060,borderline_edge_factual,7.343297013434598,0.2935680150985718,0.43251675,1.6971318,0.7275956
v5_borderline_edge_0061,borderline_edge_factual,15.89919300338376,0.09057140350341797,0.39864606,1.5286747,0.74563706
v5_borderline_edge_0062,borderline_edge_factual,30.222050491178557,5.960464477539063e-08,0.47192442,1.9481585,0.81152
v5_borderline_edge_0063,borderline_edge_factual,71.44563645987586,0.0,0.45073396,1.5854084,0.78936076
v5_borderline_edge_0064,borderline_edge_factual,0.6431209067071545,0.8434946686029434,0.3723815,1.7384176,0.7711724
v5_borderline_edge_0065,borderline_edge_factual,4.336785285880478,0.4229785203933716,0.50950766,2.44838,0.8415414
v5_borderline_edge_0066,borderline_edge_factual,5.249029155639751,0.5362537801265717,0.39118838,1.5031297,0.81612074
v5_borderline_edge_0067,borderline_edge_factual,42.312284097340395,5.960464477539063e-08,0.4843701,1.7465656,0.7778728
v5_borderline_edge_0068,borderline_edge_factual,1.1043216023245417,0.7322761118412018,0.47569895,1.8592865,0.7192142
v5_borderline_edge_0069,borderline_edge_factual,13.587012612589266,0.14362788200378418,0.40152568,1.3749975,0.8361802
v5_borderline_edge_0070,borderline_edge_factual,7.875814690010268,0.27581530809402466,0.4912458,1.6618428,0.7507377
v5_borderline_edge_0071,borderline_edge_factual,1.6836904510179036,0.8089744001626968,0.47246897,1.6397136,0.8249128
v5_borderline_edge_0072,borderline_edge_factual,12.721635069616635,0.13324660062789917,0.36822253,1.3804809,0.8631356
v5_borderline_edge_0073,borderline_edge_factual,1.4180002489941557,0.8033029437065125,0.3781479,2.055685,0.7830226
v5_borderline_edge_0074,borderline_edge_factual,13.747235859527134,0.12108099460601807,0.35062772,1.3739841,0.76529074
v5_borderline_edge_0075,borderline_edge_factual,5.864955689164496,0.43630850315093994,0.4347551,1.4794929,0.8108157
v5_borderline_edge_0076,borderline_edge_factual,77.0547767292587,-1.1920928955078125e-07,0.37628382,1.3220713,0.8303608
v5_borderline_edge_0077,borderline_edge_factual,256.07071349713993,0.0,0.45097202,1.6034636,0.7336847
v5_borderline_edge_0078,borderline_edge_factual,38.983540560944654,5.960464477539063e-08,0.43796307,1.540946,0.785176
v5_borderline_edge_0079,borderline_edge_factual,8.794343847760267,0.278454065322876,0.44649237,1.6532712,0.73283994
v5_borderline_edge_0080,borderline_edge_factual,1.7148333371492492,0.802168682217598,0.40999216,1.8768884,0.7595097
v5_borderline_edge_0081,borderline_edge_factual,195.49731417872934,5.960464477539063e-08,0.410051,1.5307567,0.7390325
v5_borderline_edge_0082,borderline_edge_factual,1.6802481892021033,0.806987002491951,0.4254375,1.8334204,0.75371015
v5_borderline_edge_0083,borderline_edge_factual,27.27143440582743,5.960464477539063e-08,0.40422112,1.8140372,0.7910183
v5_borderline_edge_0084,borderline_edge_factual,190.57088443400727,5.960464477539063e-08,0.4294561,1.5342183,0.78152907
v5_borderline_edge_0085,borderline_edge_factual,10.895252975951298,0.25835150480270386,0.40112656,1.5557039,0.7986969
v5_borderline_edge_0086,borderline_edge_factual,32.4376072110732,0.0,0.3956877,1.7040776,0.7725284
v5_borderline_edge_0087,borderline_edge_factual,11.735256798555163,0.1429579257965088,0.37899566,1.3724918,0.80900836
v5_borderline_edge_0088,borderline_edge_factual,7.6060707241677665,0.4361674189567566,0.37949812,1.3669125,0.82471174
v5_borderline_edge_0089,borderline_edge_factual,6.5949932432359395,0.4338350296020508,0.46518123,1.6007717,0.76354396
v5_borderline_edge_0090,borderline_edge_factual,5.463803338830338,0.45706504583358765,0.46713734,1.5876701,0.75930464
v5_borderline_edge_0091,borderline_edge_factual,18.925900714048165,0.009698271751403809,0.4601032,2.2194915,0.80429816
v5_borderline_edge_0092,borderline_edge_factual,27.459405138445046,1.7881393432617188e-07,0.37284738,1.3439877,0.7796724
v5_borderline_edge_0093,borderline_edge_factual,2.8644733304951333,0.5764818787574768,0.46056217,2.3196592,0.77806985
v5_borderline_edge_0094,borderline_edge_factual,179.4374143435716,0.0,0.5082265,1.4630331,0.7771435
v5_borderline_edge_0095,borderline_edge_factual,2.775171721567696,0.749642550945282,0.44646925,1.3718427,0.8942867
v5_borderline_edge_0096,borderline_edge_factual,11.654831570418317,0.09229832887649536,0.3922171,1.4313569,0.8011162
v5_borderline_edge_0097,borderline_edge_factual,689.842327023731,-1.1920928955078125e-07,0.4019842,1.3724755,0.7815386
v5_borderline_edge_0098,borderline_edge_factual,3.076889331894279,0.565648078918457,0.4491037,2.3182287,0.7720077
v5_borderline_edge_0099,borderline_edge_factual,1223.6856913014944,1.1920928955078125e-07,0.46988517,1.6452042,0.8200293
v5_borderline_edge_0100,borderline_edge_factual,4.582146314757881,0.5445363521575928,0.44909334,1.5780494,0.7341186
v5_borderline_edge_0101,borderline_edge_factual,32.42083154608522,0.0,0.45297784,1.817945,0.73121077
v5_borderline_edge_0102,borderline_edge_factual,26.684190284042725,0.0,0.3831851,1.9136683,0.7944448
v5_borderline_edge_0103,borderline_edge_factual,0.9701168311628716,0.6891591846942902,0.49648613,2.276212,0.73251456
v5_borderline_edge_0104,borderline_edge_factual,8.986821382060201,0.3157144784927368,0.5245621,1.788116,0.7661363
v5_borderline_edge_0105,borderline_edge_factual,15.677961601543386,0.011854112148284912,0.47466433,1.5276442,0.73473907
v5_borderline_edge_0106,borderline_edge_factual,12.588903531274417,0.15498143434524536,0.4461422,1.4821029,0.73853093
v5_borderline_edge_0107,borderline_edge_factual,8.690750073897231,0.30564892292022705,0.4271496,1.7771928,0.73649263
v5_borderline_edge_0108,borderline_edge_factual,8.801261758493276,0.33123278617858887,0.43436694,1.4695661,0.73908997
v5_borderline_edge_0109,borderline_edge_factual,47.79292373584473,0.0,0.4399473,1.5548842,0.68828064
v5_borderline_edge_0110,borderline_edge_factual,11.17568851091963,0.19973796606063843,0.39830422,1.4688078,0.7222679
v5_borderline_edge_0111,borderline_edge_factual,2.70876246007424,0.6938874423503876,0.38502198,1.7947567,0.7964357
v5_borderline_edge_0112,borderline_edge_factual,18.29299406810119,0.012571930885314941,0.4101163,1.5118384,0.770771
v5_borderline_edge_0113,borderline_edge_factual,10.631818763315248,0.19870001077651978,0.3392594,1.4724897,0.8260635
v5_borderline_edge_0114,borderline_edge_factual,2.6389768256869477,0.6947419047355652,0.4757626,1.7853804,0.7825136
v5_borderline_edge_0115,borderline_edge_factual,4.658744422480506,0.597417414188385,0.3847407,1.5384816,0.7522669
v5_borderline_edge_0116,borderline_edge_factual,11.810243778046724,0.24838340282440186,0.46721083,1.836977,0.7753468
v5_borderline_edge_0117,borderline_edge_factual,5.630263223246442,0.5049267709255219,0.47078896,1.5439512,0.8476106
v5_borderline_edge_0118,borderline_edge_factual,132.57847798130985,0.0,0.4859938,1.2490495,0.90465605
v5_borderline_edge_0119,borderline_edge_factual,1.1597082303731396,0.8580266684293747,0.4422707,1.7174474,0.7476966
v5_borderline_edge_0120,borderline_edge_factual,14.734480970713763,0.14532357454299927,0.45112687,1.4359671,0.7725065
v5_borderline_edge_0121,borderline_edge_factual,23.80077798048523,5.960464477539063e-08,0.40749294,1.6843697,0.7429564
v5_borderline_edge_0122,borderline_edge_factual,13.243999913560272,0.20646339654922485,0.3521093,1.484705,0.809469
v5_borderline_edge_0123,borderline_edge_factual,0.6564657344715005,0.8434944301843643,0.37912738,1.814939,0.75851303
v5_borderline_edge_0124,borderline_edge_factual,0.9348823825335437,0.7307935059070587,0.39145023,1.8348874,0.7554908
v5_borderline_edge_0125,borderline_edge_factual,1.5577351785871132,0.7573665231466293,0.4504658,1.6991069,0.7794368
v5_borderline_edge_0126,borderline_edge_factual,11.36774419550886,0.24983620643615723,0.42589337,1.4605229,0.79211605
v5_borderline_edge_0127,borderline_edge_factual,44.04814561535574,0.0,0.38316387,2.0640788,0.8041408
v5_borderline_edge_0128,borderline_edge_factual,51.01389184773034,5.960464477539063e-08,0.41546863,1.5829945,0.7392171
v5_borderline_edge_0129,borderline_edge_factual,252.65970014742027,-1.1920928955078125e-07,0.43354857,1.448687,0.73245776
v5_borderline_edge_0130,borderline_edge_factual,9.035891245667367,0.35065221786499023,0.36214268,1.4699724,0.7848445
