id,model,baseline_label,best_prefix,best_prefix_label,n_prefixes_tested,n_prefixes_fixed,outcome,category,curvature_score,oppositeness_score,density,centrality
v5_ambiguous_0001,mixtral-8x7b,0,epistemic_humility,0,4,4,already_correct,ambiguous,5.960464477539064e-08,0.4508115,2.0282297,0.7250496
v5_ambiguous_0002,mixtral-8x7b,0,epistemic_humility,0,4,4,already_correct,ambiguous,0.5731041431427002,0.50070465,2.3288462,0.60865027
v5_ambiguous_0003,mixtral-8x7b,0,epistemic_humility,0,4,4,already_correct,ambiguous,0.6191680133342743,0.58854866,2.5436323,0.6291196
v5_ambiguous_0004,mixtral-8x7b,0,epistemic_humility,0,4,4,already_correct,ambiguous,0.4938249588012695,0.52438873,2.1841402,0.6166783
v5_ambiguous_0005,mixtral-8x7b,0,epistemic_humility,0,4,4,already_correct,ambiguous,0.0841984152793884,0.48874855,2.618219,0.62854373
v5_ambiguous_0006,mixtral-8x7b,0,epistemic_humility,0,4,4,already_correct,ambiguous,0.0,0.51480794,2.2689254,0.70627725
v5_ambiguous_0007,mixtral-8x7b,0,epistemic_humility,0,4,4,already_correct,ambiguous,-1.1920928955078125e-07,0.53527415,2.1108003,0.69554883
v5_ambiguous_0008,mixtral-8x7b,0,epistemic_humility,0,4,4,already_correct,ambiguous,0.3905267119407654,0.5485468,2.2323565,0.5561246
v5_ambiguous_0009,mixtral-8x7b,0,epistemic_humility,0,4,4,already_correct,ambiguous,0.7824097573757172,0.5906201,2.437556,0.7314966
v5_ambiguous_0010,mixtral-8x7b,0,epistemic_humility,0,4,4,already_correct,ambiguous,5.960464477539064e-08,0.44101435,1.879424,0.6462002
v5_ambiguous_0011,mixtral-8x7b,0,epistemic_humility,0,4,4,already_correct,ambiguous,0.3436890840530395,0.51331127,2.4376824,0.6403057
v5_ambiguous_0012,mixtral-8x7b,0,epistemic_humility,0,4,4,already_correct,ambiguous,0.1344903707504272,0.5303751,2.2129915,0.6581882
v5_ambiguous_0013,mixtral-8x7b,0,epistemic_humility,0,4,4,already_correct,ambiguous,1.1920928955078125e-07,0.43586725,2.321328,0.64289826
v5_ambiguous_0014,mixtral-8x7b,0,epistemic_humility,0,4,4,already_correct,ambiguous,0.595039576292038,0.50776654,2.3779657,0.6424444
v5_ambiguous_0015,mixtral-8x7b,0,epistemic_humility,0,4,4,already_correct,ambiguous,0.7523236870765686,0.49019182,1.8986464,0.7203912
v5_ambiguous_0016,mixtral-8x7b,0,epistemic_humility,0,4,4,already_correct,ambiguous,0.7786960303783417,0.50134563,2.1866117,0.6054154
v5_ambiguous_0017,mixtral-8x7b,0,epistemic_humility,0,4,4,already_correct,ambiguous,0.8168146014213562,0.52471447,2.5241497,0.6068728
v5_ambiguous_0018,mixtral-8x7b,0,epistemic_humility,0,4,4,already_correct,ambiguous,0.4991307258605957,0.48918718,2.2309883,0.73831713
v5_ambiguous_0019,mixtral-8x7b,0,epistemic_humility,0,4,4,already_correct,ambiguous,0.3490257263183594,0.5073497,1.8140001,0.66117024
v5_ambiguous_0020,mixtral-8x7b,0,epistemic_humility,0,4,4,already_correct,ambiguous,0.6083578169345856,0.533793,3.420984,0.6616168
v5_ambiguous_0021,mixtral-8x7b,0,epistemic_humility,0,4,4,already_correct,ambiguous,0.2009980678558349,0.50835717,2.28958,0.595525
v5_ambiguous_0022,mixtral-8x7b,0,epistemic_humility,0,4,4,already_correct,ambiguous,0.0,0.5762702,2.3573284,0.62558794
v5_ambiguous_0023,mixtral-8x7b,0,epistemic_humility,0,4,4,already_correct,ambiguous,0.532338559627533,0.5304104,1.7745336,0.7435301
v5_ambiguous_0024,mixtral-8x7b,0,epistemic_humility,0,4,4,already_correct,ambiguous,0.0370734930038452,0.55931866,2.2627091,0.6581464
v5_ambiguous_0025,mixtral-8x7b,0,epistemic_humility,0,4,4,already_correct,ambiguous,1.1920928955078125e-07,0.6016401,2.2023337,0.62320834
v5_ambiguous_0026,mixtral-8x7b,0,epistemic_humility,0,4,4,already_correct,ambiguous,0.167402446269989,0.54267126,2.6096473,0.5284358
v5_ambiguous_0027,mixtral-8x7b,0,epistemic_humility,0,4,4,already_correct,ambiguous,0.2338992357254028,0.5510603,2.38388,0.6196516
v5_ambiguous_0028,mixtral-8x7b,0,epistemic_humility,0,4,4,already_correct,ambiguous,0.4397621750831604,0.4443251,1.8831044,0.62491405
v5_ambiguous_0029,mixtral-8x7b,0,epistemic_humility,0,4,4,already_correct,ambiguous,0.638820081949234,0.5108931,2.3201506,0.7123717
v5_ambiguous_0030,mixtral-8x7b,0,epistemic_humility,0,4,4,already_correct,ambiguous,5.960464477539064e-08,0.49357742,2.217852,0.6128087
v5_ambiguous_0031,mixtral-8x7b,0,epistemic_humility,0,4,4,already_correct,ambiguous,-1.1920928955078125e-07,0.52176195,1.8832093,0.64071923
v5_ambiguous_0032,mixtral-8x7b,0,epistemic_humility,0,4,4,already_correct,ambiguous,0.8653832226991653,0.50349617,2.390961,0.675852
v5_ambiguous_0033,mixtral-8x7b,0,epistemic_humility,0,4,4,already_correct,ambiguous,0.4747477769851684,0.5030153,1.9080272,0.6550509
v5_ambiguous_0034,mixtral-8x7b,0,epistemic_humility,0,4,4,already_correct,ambiguous,0.0,0.59466875,2.2953308,0.6559632
v5_ambiguous_0035,mixtral-8x7b,0,epistemic_humility,0,4,4,already_correct,ambiguous,0.0,0.5345754,2.5803578,0.68080753
v5_ambiguous_0036,mixtral-8x7b,0,epistemic_humility,0,4,4,already_correct,ambiguous,0.1552692055702209,0.5737005,2.1720726,0.64421093
v5_ambiguous_0037,mixtral-8x7b,1,epistemic_humility,0,4,4,other,ambiguous,5.960464477539064e-08,0.5144439,2.280666,0.61854464
v5_ambiguous_0038,mixtral-8x7b,0,epistemic_humility,0,4,4,already_correct,ambiguous,0.8081886023283005,0.4853387,1.7565811,0.681544
v5_ambiguous_0039,mixtral-8x7b,0,epistemic_humility,0,4,4,already_correct,ambiguous,-1.1920928955078125e-07,0.5029915,2.170203,0.5787823
v5_ambiguous_0040,mixtral-8x7b,0,epistemic_humility,0,4,4,already_correct,ambiguous,0.013832151889801,0.58539516,2.7578027,0.6576085
v5_ambiguous_0041,mixtral-8x7b,0,epistemic_humility,0,4,4,already_correct,ambiguous,0.8018044829368591,0.4765125,2.1486623,0.74156183
v5_ambiguous_0042,mixtral-8x7b,0,epistemic_humility,0,4,4,already_correct,ambiguous,0.5359519720077515,0.4937874,1.8665205,0.7313689
v5_ambiguous_0043,mixtral-8x7b,0,epistemic_humility,0,4,4,already_correct,ambiguous,0.2621759176254272,0.457816,1.8314649,0.7206717
v5_ambiguous_0044,mixtral-8x7b,0,epistemic_humility,0,4,4,already_correct,ambiguous,0.1789475679397583,0.62712187,1.8790333,0.6655879
v5_ambiguous_0045,mixtral-8x7b,0,epistemic_humility,0,4,4,already_correct,ambiguous,0.6968715190887451,0.48265237,2.0781786,0.5657625
v5_ambiguous_0046,mixtral-8x7b,0,epistemic_humility,0,4,4,already_correct,ambiguous,0.1830011010169983,0.5905571,1.9608412,0.72548306
v5_ambiguous_0047,mixtral-8x7b,0,epistemic_humility,0,4,4,already_correct,ambiguous,0.691798061132431,0.539356,2.1261654,0.6556387
v5_ambiguous_0048,mixtral-8x7b,0,epistemic_humility,0,4,4,already_correct,ambiguous,0.6553901135921478,0.5542939,2.82037,0.66494244
v5_ambiguous_0049,mixtral-8x7b,2,epistemic_humility,0,4,4,fixed,ambiguous,0.0,0.49481803,2.2560408,0.63235885
v5_ambiguous_0050,mixtral-8x7b,0,epistemic_humility,0,4,4,already_correct,ambiguous,0.1542907953262329,0.5520924,2.3277988,0.70447135
v5_ambiguous_0051,mixtral-8x7b,0,epistemic_humility,0,4,4,already_correct,ambiguous,0.5702798962593079,0.5378768,2.1752968,0.7178223
v5_ambiguous_0052,mixtral-8x7b,0,epistemic_humility,0,4,4,already_correct,ambiguous,-1.1920928955078125e-07,0.43108296,2.094862,0.7011739
v5_ambiguous_0053,mixtral-8x7b,0,epistemic_humility,0,4,4,already_correct,ambiguous,0.5427616834640503,0.4153728,1.7842928,0.7639415
v5_ambiguous_0054,mixtral-8x7b,0,epistemic_humility,0,4,4,already_correct,ambiguous,0.3795582056045532,0.5433445,2.1671865,0.6461778
v5_ambiguous_0055,mixtral-8x7b,0,epistemic_humility,0,4,4,already_correct,ambiguous,0.0,0.5210911,2.3733873,0.6322988
v5_ambiguous_0056,mixtral-8x7b,0,epistemic_humility,0,4,4,already_correct,ambiguous,0.3710250854492187,0.4398948,1.8535315,0.67684805
v5_ambiguous_0057,mixtral-8x7b,0,epistemic_humility,0,4,4,already_correct,ambiguous,0.3763999342918396,0.5489794,1.9016408,0.7541723
v5_ambiguous_0058,mixtral-8x7b,0,epistemic_humility,0,4,4,already_correct,ambiguous,0.0390995144844055,0.45509094,2.1889215,0.63176167
v5_ambiguous_0059,mixtral-8x7b,0,epistemic_humility,0,4,4,already_correct,ambiguous,-1.1920928955078125e-07,0.45019674,2.292876,0.6292122
v5_ambiguous_0060,mixtral-8x7b,0,epistemic_humility,0,4,4,already_correct,ambiguous,1.1920928955078125e-07,0.5177181,2.4009988,0.6140565
v5_ambiguous_0061,mixtral-8x7b,0,epistemic_humility,0,4,4,already_correct,ambiguous,0.0028833746910095,0.5572133,1.8445789,0.68229973
v5_ambiguous_0062,mixtral-8x7b,0,epistemic_humility,0,4,4,already_correct,ambiguous,0.3492421507835388,0.48932248,1.9192542,0.69483066
v5_ambiguous_0063,mixtral-8x7b,0,epistemic_humility,0,4,4,already_correct,ambiguous,0.231951355934143,0.5308131,2.1000059,0.66079783
v5_ambiguous_0064,mixtral-8x7b,0,epistemic_humility,0,4,4,already_correct,ambiguous,0.2486984729766845,0.4587298,2.02792,0.64159065
v5_ambiguous_0065,mixtral-8x7b,0,epistemic_humility,0,4,4,already_correct,ambiguous,0.0,0.39712876,1.9357448,0.76473147
v5_ambiguous_0066,mixtral-8x7b,0,epistemic_humility,0,4,4,already_correct,ambiguous,0.4243708848953247,0.48970222,2.2159882,0.63967884
v5_ambiguous_0067,mixtral-8x7b,0,epistemic_humility,0,4,4,already_correct,ambiguous,0.6806033849716187,0.49019313,2.3372748,0.6202276
v5_ambiguous_0068,mixtral-8x7b,0,epistemic_humility,0,4,4,already_correct,ambiguous,0.6964805722236633,0.5310006,2.0104175,0.63995016
v5_ambiguous_0069,mixtral-8x7b,0,epistemic_humility,0,4,4,already_correct,ambiguous,-1.1920928955078125e-07,0.47202712,2.1494217,0.65518636
v5_ambiguous_0070,mixtral-8x7b,0,epistemic_humility,0,4,4,already_correct,ambiguous,0.1844944357872009,0.5363005,2.337495,0.6213646
v5_ambiguous_0071,mixtral-8x7b,0,epistemic_humility,0,4,4,already_correct,ambiguous,0.4341751337051391,0.4082005,2.3754869,0.5081506
v5_ambiguous_0072,mixtral-8x7b,0,epistemic_humility,0,4,4,already_correct,ambiguous,-1.1920928955078125e-07,0.5495925,2.421143,0.5399618
v5_ambiguous_0073,mixtral-8x7b,0,epistemic_humility,0,4,4,already_correct,ambiguous,0.5683151483535767,0.50279593,2.0181005,0.71548915
v5_ambiguous_0074,mixtral-8x7b,0,epistemic_humility,0,4,4,already_correct,ambiguous,0.5172089636325836,0.5854729,2.762326,0.6779773
v5_ambiguous_0075,mixtral-8x7b,0,epistemic_humility,0,4,4,already_correct,ambiguous,0.7996969223022461,0.5072465,2.3742976,0.6317176
v5_ambiguous_0076,mixtral-8x7b,0,epistemic_humility,0,4,4,already_correct,ambiguous,0.4439067840576172,0.49380875,2.5783818,0.59799695
v5_ambiguous_0077,mixtral-8x7b,0,epistemic_humility,0,4,4,already_correct,ambiguous,0.7491640448570251,0.56723833,2.1810956,0.65017253
v5_ambiguous_0078,mixtral-8x7b,0,epistemic_humility,0,4,4,already_correct,ambiguous,0.7738855481147766,0.528723,2.2923703,0.7255812
v5_ambiguous_0079,mixtral-8x7b,0,epistemic_humility,0,4,4,already_correct,ambiguous,0.2485038638114929,0.60314673,2.4580376,0.6834518
v5_ambiguous_0080,mixtral-8x7b,0,epistemic_humility,0,4,4,already_correct,ambiguous,0.8288308680057526,0.48548037,2.2527187,0.70329976
v5_ambiguous_0081,mixtral-8x7b,0,epistemic_humility,0,4,4,already_correct,ambiguous,0.545151561498642,0.51243126,3.0139842,0.6508485
v5_ambiguous_0082,mixtral-8x7b,0,epistemic_humility,0,4,4,already_correct,ambiguous,0.0661728382110595,0.57328725,2.3332653,0.680984
v5_ambiguous_0083,mixtral-8x7b,0,epistemic_humility,0,4,4,already_correct,ambiguous,5.960464477539064e-08,0.4861557,2.261914,0.5661104
v5_ambiguous_0084,mixtral-8x7b,0,epistemic_humility,0,4,4,already_correct,ambiguous,0.2641637921333313,0.5094608,1.8986582,0.6947912
v5_ambiguous_0085,mixtral-8x7b,0,epistemic_humility,0,4,4,already_correct,ambiguous,0.681110680103302,0.47188836,1.9576889,0.721373
v5_ambiguous_0086,mixtral-8x7b,0,epistemic_humility,0,4,4,already_correct,ambiguous,0.0,0.44663364,1.823748,0.7346687
v5_ambiguous_0087,mixtral-8x7b,2,epistemic_humility,0,4,4,fixed,ambiguous,0.4782050251960754,0.5380361,2.3474517,0.7160439
v5_ambiguous_0088,mixtral-8x7b,0,epistemic_humility,0,4,4,already_correct,ambiguous,0.6795254349708557,0.5587287,2.6533961,0.6534663
v5_ambiguous_0089,mixtral-8x7b,0,epistemic_humility,0,4,4,already_correct,ambiguous,0.69281405210495,0.4693268,1.9511002,0.778238
v5_ambiguous_0090,mixtral-8x7b,0,epistemic_humility,0,4,4,already_correct,ambiguous,0.6645384430885315,0.56752634,2.8083563,0.638459
v5_ambiguous_0091,mixtral-8x7b,0,epistemic_humility,0,4,4,already_correct,ambiguous,0.1646545529365539,0.42884856,2.1759737,0.764121
v5_ambiguous_0092,mixtral-8x7b,0,epistemic_humility,0,4,4,already_correct,ambiguous,0.1010493636131286,0.5072453,3.3166988,0.69182396
v5_ambiguous_0093,mixtral-8x7b,0,epistemic_humility,0,4,4,already_correct,ambiguous,0.5704613327980042,0.5249113,2.0028472,0.68036944
v5_ambiguous_0094,mixtral-8x7b,0,epistemic_humility,0,4,4,already_correct,ambiguous,0.7238602936267853,0.48566222,1.8965575,0.60903835
v5_ambiguous_0095,mixtral-8x7b,0,epistemic_humility,0,4,4,already_correct,ambiguous,0.676081120967865,0.52906835,2.4546185,0.66122425
v5_ambiguous_0096,mixtral-8x7b,0,epistemic_humility,0,4,4,already_correct,ambiguous,0.5298016369342804,0.5791731,2.2050683,0.6434432
v5_ambiguous_0097,mixtral-8x7b,0,epistemic_humility,0,4,4,already_correct,ambiguous,0.0,0.5145469,1.8786668,0.7420254
v5_ambiguous_0098,mixtral-8x7b,0,epistemic_humility,0,4,4,already_correct,ambiguous,0.5176481902599335,0.5144469,2.399088,0.60556614
v5_ambiguous_0099,mixtral-8x7b,0,epistemic_humility,0,4,4,already_correct,ambiguous,0.0,0.4645028,2.468127,0.6782376
v5_ambiguous_0100,mixtral-8x7b,0,epistemic_humility,0,4,4,already_correct,ambiguous,0.5049356818199158,0.53651404,2.2173991,0.6392648
v5_ambiguous_0101,mixtral-8x7b,0,epistemic_humility,0,4,4,already_correct,ambiguous,0.8324688673019409,0.53938144,2.3221104,0.6831987
v5_ambiguous_0102,mixtral-8x7b,0,epistemic_humility,0,4,4,already_correct,ambiguous,0.375612735748291,0.47336018,2.0082235,0.65725845
v5_ambiguous_0103,mixtral-8x7b,0,epistemic_humility,0,4,4,already_correct,ambiguous,-1.1920928955078125e-07,0.50413847,2.624177,0.62882215
v5_ambiguous_0104,mixtral-8x7b,0,epistemic_humility,0,4,4,already_correct,ambiguous,0.4064774513244629,0.5696453,2.1369271,0.6452623
v5_ambiguous_0105,mixtral-8x7b,0,epistemic_humility,0,4,4,already_correct,ambiguous,0.4662457108497619,0.40022403,1.715083,0.708857
v5_ambiguous_0106,mixtral-8x7b,0,epistemic_humility,0,4,4,already_correct,ambiguous,5.960464477539064e-08,0.5044913,2.2693517,0.6426177
v5_ambiguous_0107,mixtral-8x7b,0,epistemic_humility,0,4,4,already_correct,ambiguous,0.0264604091644287,0.54143125,2.3072815,0.6369343
v5_ambiguous_0108,mixtral-8x7b,0,epistemic_humility,0,4,4,already_correct,ambiguous,0.6791050136089325,0.5116335,2.2978003,0.6758319
v5_ambiguous_0109,mixtral-8x7b,0,epistemic_humility,0,4,4,already_correct,ambiguous,0.0653115510940551,0.57235205,2.2664306,0.6784494
v5_ambiguous_0110,mixtral-8x7b,0,epistemic_humility,0,4,4,already_correct,ambiguous,0.8446952104568481,0.55932564,1.9303677,0.72971666
v5_ambiguous_0111,mixtral-8x7b,0,epistemic_humility,0,4,4,already_correct,ambiguous,0.636053204536438,0.49063206,2.1613393,0.6398624
v5_ambiguous_0112,mixtral-8x7b,0,epistemic_humility,0,4,4,already_correct,ambiguous,0.0,0.5563573,2.2880995,0.64301586
v5_ambiguous_0113,mixtral-8x7b,0,epistemic_humility,0,4,4,already_correct,ambiguous,0.1535729169845581,0.49403346,2.465021,0.67571163
v5_ambiguous_0114,mixtral-8x7b,0,epistemic_humility,0,4,4,already_correct,ambiguous,-1.1920928955078125e-07,0.5713076,2.3981109,0.69141805
v5_ambiguous_0115,mixtral-8x7b,0,epistemic_humility,0,4,4,already_correct,ambiguous,0.0,0.43823314,1.9251248,0.78121734
v5_ambiguous_0116,mixtral-8x7b,0,epistemic_humility,0,4,4,already_correct,ambiguous,0.6853431761264801,0.49627292,2.024885,0.7166891
v5_ambiguous_0117,mixtral-8x7b,0,epistemic_humility,0,4,4,already_correct,ambiguous,0.4855735301971435,0.52198553,2.249789,0.70684135
v5_ambiguous_0118,mixtral-8x7b,0,epistemic_humility,0,4,4,already_correct,ambiguous,0.09378182888031,0.4848054,2.0440161,0.75787497
v5_ambiguous_0119,mixtral-8x7b,0,epistemic_humility,0,4,4,already_correct,ambiguous,0.4225873947143554,0.4805293,1.8769766,0.6495763
v5_ambiguous_0120,mixtral-8x7b,0,epistemic_humility,0,4,4,already_correct,ambiguous,0.2452747225761413,0.4715867,2.212013,0.7007528
v5_ambiguous_0121,mixtral-8x7b,0,epistemic_humility,0,4,4,already_correct,ambiguous,-1.1920928955078125e-07,0.48652703,2.0428822,0.7196678
v5_ambiguous_0122,mixtral-8x7b,0,epistemic_humility,0,4,4,already_correct,ambiguous,0.5814600586891174,0.49972546,3.104367,0.64363647
v5_ambiguous_0123,mixtral-8x7b,0,epistemic_humility,0,4,4,already_correct,ambiguous,0.6417378783226013,0.53196716,2.8280332,0.6365872
v5_ambiguous_0124,mixtral-8x7b,0,epistemic_humility,0,4,4,already_correct,ambiguous,0.3493863344192505,0.5074316,2.6159973,0.67082
v5_ambiguous_0125,mixtral-8x7b,0,epistemic_humility,0,4,4,already_correct,ambiguous,0.4292613267898559,0.4918089,2.4083571,0.69748926
v5_ambiguous_0126,mixtral-8x7b,0,epistemic_humility,0,4,4,already_correct,ambiguous,0.0267318487167358,0.4494825,2.2015133,0.61035836
v5_ambiguous_0127,mixtral-8x7b,0,epistemic_humility,0,4,4,already_correct,ambiguous,0.8702852576971054,0.544356,1.8533586,0.64231604
v5_ambiguous_0128,mixtral-8x7b,0,epistemic_humility,0,4,4,already_correct,ambiguous,0.0,0.5225853,2.204184,0.69657075
v5_ambiguous_0129,mixtral-8x7b,0,epistemic_humility,0,4,4,already_correct,ambiguous,0.1071997284889221,0.58678836,1.78529,0.6252607
v5_ambiguous_0130,mixtral-8x7b,0,epistemic_humility,0,4,4,already_correct,ambiguous,0.4713380932807922,0.6217166,2.19224,0.71772945
v5_ambiguous_0131,mixtral-8x7b,0,epistemic_humility,0,4,4,already_correct,ambiguous,0.2243365049362182,0.5174371,2.4020607,0.577298
v5_ambiguous_0132,mixtral-8x7b,0,epistemic_humility,0,4,4,already_correct,ambiguous,0.6633664965629578,0.41404444,1.9863205,0.6881414
v5_ambiguous_0133,mixtral-8x7b,0,epistemic_humility,0,4,4,already_correct,ambiguous,0.6671017408370972,0.55215776,2.1578367,0.6431911
v5_ambiguous_0134,mixtral-8x7b,0,epistemic_humility,0,4,4,already_correct,ambiguous,-1.1920928955078125e-07,0.5767707,1.9627987,0.6650347
v5_ambiguous_0135,mixtral-8x7b,0,epistemic_humility,0,4,4,already_correct,ambiguous,0.3280707597732544,0.43357223,2.173981,0.6158528
v5_ambiguous_0136,mixtral-8x7b,0,epistemic_humility,0,4,4,already_correct,ambiguous,0.7956800311803818,0.5372293,2.0259616,0.67232746
v5_ambiguous_0137,mixtral-8x7b,0,epistemic_humility,0,4,4,already_correct,ambiguous,0.0,0.52909243,2.0603473,0.67271745
v5_ambiguous_0138,mixtral-8x7b,0,epistemic_humility,0,4,4,already_correct,ambiguous,0.0053934454917907,0.60821223,2.381278,0.6629262
v5_ambiguous_0139,mixtral-8x7b,0,epistemic_humility,0,4,4,already_correct,ambiguous,0.6730486750602722,0.4145469,2.3745615,0.69387394
v5_ambiguous_0140,mixtral-8x7b,0,epistemic_humility,0,4,4,already_correct,ambiguous,5.960464477539064e-08,0.535866,2.046225,0.6911396
v5_ambiguous_0141,mixtral-8x7b,0,epistemic_humility,0,4,4,already_correct,ambiguous,0.5114174485206604,0.5992358,2.1271281,0.61425924
v5_ambiguous_0142,mixtral-8x7b,0,epistemic_humility,0,4,4,already_correct,ambiguous,5.960464477539064e-08,0.55805135,1.8269312,0.66516685
v5_ambiguous_0143,mixtral-8x7b,0,epistemic_humility,0,4,4,already_correct,ambiguous,-1.1920928955078125e-07,0.5698286,1.9564066,0.6143689
v5_ambiguous_0144,mixtral-8x7b,0,epistemic_humility,0,4,4,already_correct,ambiguous,0.6865330338478088,0.49792826,2.5230246,0.63518035
v5_ambiguous_0145,mixtral-8x7b,0,epistemic_humility,0,4,4,already_correct,ambiguous,-1.1920928955078125e-07,0.511854,2.168741,0.61658037
v5_ambiguous_0146,mixtral-8x7b,0,epistemic_humility,0,4,4,already_correct,ambiguous,0.5282905101776123,0.4593538,2.0310616,0.65573275
v5_ambiguous_0147,mixtral-8x7b,0,epistemic_humility,0,4,4,already_correct,ambiguous,0.6449107229709625,0.47217768,2.1810334,0.66415274
v5_ambiguous_0148,mixtral-8x7b,0,epistemic_humility,0,4,4,already_correct,ambiguous,0.0621426105499267,0.53601694,2.87184,0.5257317
v5_ambiguous_0149,mixtral-8x7b,0,epistemic_humility,0,4,4,already_correct,ambiguous,0.4205251336097717,0.58148277,2.49425,0.6689382
v5_ambiguous_0150,mixtral-8x7b,0,epistemic_humility,0,4,4,already_correct,ambiguous,0.6425480246543884,0.47819716,2.1082766,0.64071894
v5_ambiguous_0151,mixtral-8x7b,0,epistemic_humility,0,4,4,already_correct,ambiguous,0.6841219663619995,0.4730518,2.1971238,0.6558366
v5_ambiguous_0152,mixtral-8x7b,0,epistemic_humility,0,4,4,already_correct,ambiguous,0.2498344182968139,0.48210442,2.1502428,0.5692571
v5_ambiguous_0153,mixtral-8x7b,0,epistemic_humility,0,4,4,already_correct,ambiguous,-1.1920928955078125e-07,0.49196184,2.3561537,0.76168704
v5_ambiguous_0154,mixtral-8x7b,0,epistemic_humility,0,4,3,regressed,ambiguous,0.8407764881849289,0.54479754,1.9799545,0.7241969
v5_ambiguous_0155,mixtral-8x7b,0,epistemic_humility,0,4,4,already_correct,ambiguous,0.0037227869033813,0.59117585,2.1328614,0.60889214
v5_ambiguous_0156,mixtral-8x7b,0,epistemic_humility,0,4,4,already_correct,ambiguous,0.0,0.507629,2.8574173,0.624293
v5_ambiguous_0157,mixtral-8x7b,0,epistemic_humility,0,4,4,already_correct,ambiguous,0.2163229584693908,0.53333795,2.5678668,0.67963386
v5_ambiguous_0158,mixtral-8x7b,0,epistemic_humility,0,4,4,already_correct,ambiguous,0.2137979865074157,0.51314795,2.660617,0.58812547
v5_ambiguous_0159,mixtral-8x7b,0,epistemic_humility,0,4,4,already_correct,ambiguous,0.691349983215332,0.52836466,2.346079,0.62049675
v5_ambiguous_0160,mixtral-8x7b,0,epistemic_humility,0,4,4,already_correct,ambiguous,0.4872077703475952,0.51463777,3.737084,0.67690927
v5_ambiguous_0161,mixtral-8x7b,0,epistemic_humility,0,4,4,already_correct,ambiguous,0.0,0.4734441,2.0240796,0.6667387
v5_ambiguous_0162,mixtral-8x7b,0,epistemic_humility,0,4,4,already_correct,ambiguous,0.6983873546123505,0.49498117,2.6777172,0.66490924
v5_ambiguous_0163,mixtral-8x7b,0,epistemic_humility,0,4,4,already_correct,ambiguous,5.960464477539064e-08,0.5550475,2.3940005,0.6680554
v5_ambiguous_0164,mixtral-8x7b,0,epistemic_humility,0,4,4,already_correct,ambiguous,0.513106495141983,0.5087355,2.3281462,0.6277071
v5_ambiguous_0165,mixtral-8x7b,0,epistemic_humility,0,4,4,already_correct,ambiguous,5.960464477539064e-08,0.53783095,2.4158733,0.5593286
v5_ambiguous_0166,mixtral-8x7b,0,epistemic_humility,0,4,4,already_correct,ambiguous,0.6291393637657166,0.5126126,1.828468,0.665798
v5_ambiguous_0167,mixtral-8x7b,0,epistemic_humility,0,4,4,already_correct,ambiguous,0.7585208714008331,0.5040697,1.7197243,0.70875096
v5_ambiguous_0168,mixtral-8x7b,0,epistemic_humility,0,4,4,already_correct,ambiguous,5.960464477539064e-08,0.46862376,2.1157086,0.666533
v5_ambiguous_0169,mixtral-8x7b,0,epistemic_humility,0,4,4,already_correct,ambiguous,5.960464477539064e-08,0.53980446,2.2096837,0.62390584
v5_ambiguous_0170,mixtral-8x7b,0,epistemic_humility,0,4,4,already_correct,ambiguous,0.7073127627372742,0.4824623,2.1471808,0.6671244
v5_ambiguous_0171,mixtral-8x7b,0,epistemic_humility,0,4,4,already_correct,ambiguous,0.0,0.5243659,2.0209045,0.69538194
v5_ambiguous_0172,mixtral-8x7b,0,epistemic_humility,0,4,4,already_correct,ambiguous,0.0,0.58259904,2.855771,0.7057843
v5_ambiguous_0173,mixtral-8x7b,0,epistemic_humility,0,4,4,already_correct,ambiguous,0.6181624233722687,0.5094125,1.9992454,0.7024527
v5_ambiguous_0174,mixtral-8x7b,0,epistemic_humility,0,4,4,already_correct,ambiguous,-1.1920928955078125e-07,0.5106814,1.9440423,0.6392385
v5_ambiguous_0175,mixtral-8x7b,0,epistemic_humility,0,4,4,already_correct,ambiguous,0.7809257358312607,0.43451834,1.794565,0.6933537
v5_ambiguous_0176,mixtral-8x7b,0,epistemic_humility,0,4,4,already_correct,ambiguous,0.0354630947113037,0.5133985,2.2573254,0.6216035
v5_ambiguous_0177,mixtral-8x7b,0,epistemic_humility,0,4,4,already_correct,ambiguous,5.960464477539064e-08,0.4351039,2.088077,0.6505867
v5_ambiguous_0178,mixtral-8x7b,0,epistemic_humility,0,4,4,already_correct,ambiguous,0.8128213733434677,0.57999396,2.2099643,0.66932774
v5_ambiguous_0179,mixtral-8x7b,0,epistemic_humility,0,4,4,already_correct,ambiguous,0.5157024562358856,0.45086187,1.9375331,0.75438654
v5_ambiguous_0180,mixtral-8x7b,0,epistemic_humility,0,4,4,already_correct,ambiguous,0.1668251156806945,0.6042142,2.762668,0.6551999
v5_ambiguous_0181,mixtral-8x7b,0,epistemic_humility,0,4,4,already_correct,ambiguous,0.8298789411783218,0.47119516,2.2184803,0.751164
v5_ambiguous_0182,mixtral-8x7b,0,epistemic_humility,0,4,4,already_correct,ambiguous,0.0116329193115234,0.45998806,1.9669424,0.79156446
v5_ambiguous_0183,mixtral-8x7b,0,epistemic_humility,0,4,4,already_correct,ambiguous,5.960464477539064e-08,0.55343115,2.1614635,0.6947384
v5_ambiguous_0184,mixtral-8x7b,0,epistemic_humility,0,4,4,already_correct,ambiguous,0.2755424976348877,0.551259,1.8453263,0.6765697
v5_ambiguous_0185,mixtral-8x7b,0,epistemic_humility,0,4,4,already_correct,ambiguous,1.1920928955078125e-07,0.4836679,1.8954593,0.7075085
v5_ambiguous_0186,mixtral-8x7b,0,epistemic_humility,0,4,4,already_correct,ambiguous,0.4865643978118896,0.4902743,1.8384666,0.6919855
v5_ambiguous_0187,mixtral-8x7b,0,epistemic_humility,0,4,4,already_correct,ambiguous,0.3274098634719848,0.5687938,2.6446648,0.6651759
v5_ambiguous_0188,mixtral-8x7b,0,epistemic_humility,0,4,4,already_correct,ambiguous,0.3848521113395691,0.54972917,2.077774,0.6713792
v5_ambiguous_0189,mixtral-8x7b,0,epistemic_humility,0,4,4,already_correct,ambiguous,0.4615509510040283,0.51628935,2.3198323,0.61716694
v5_ambiguous_0190,mixtral-8x7b,0,epistemic_humility,0,4,4,already_correct,ambiguous,0.8026895374059677,0.57652664,2.2791104,0.74998367
v5_ambiguous_0191,mixtral-8x7b,0,fact_grounded,0,4,3,regressed,ambiguous,0.0,0.52403533,2.4447675,0.6091684
v5_ambiguous_0192,mixtral-8x7b,0,epistemic_humility,0,4,4,already_correct,ambiguous,0.7209056913852692,0.51531804,1.7715131,0.70698905
v5_ambiguous_0193,mixtral-8x7b,0,epistemic_humility,0,4,4,already_correct,ambiguous,0.1800795793533325,0.46202826,2.4490318,0.7094724
v5_ambiguous_0194,mixtral-8x7b,0,epistemic_humility,0,4,4,already_correct,ambiguous,0.0284402966499328,0.544197,2.1590323,0.66628623
v5_ambiguous_0195,mixtral-8x7b,0,epistemic_humility,0,4,4,already_correct,ambiguous,1.1920928955078125e-07,0.50149924,2.061631,0.58959377
v5_ambiguous_0196,mixtral-8x7b,0,epistemic_humility,0,4,4,already_correct,ambiguous,0.8179212212562561,0.52422225,2.96328,0.6532773
v5_ambiguous_0197,mixtral-8x7b,0,epistemic_humility,0,4,4,already_correct,ambiguous,0.2588832378387451,0.45071065,1.8243675,0.73530436
v5_ambiguous_0198,mixtral-8x7b,0,epistemic_humility,0,4,4,already_correct,ambiguous,0.0,0.5253781,2.0356147,0.69827586
v5_ambiguous_0199,mixtral-8x7b,0,epistemic_humility,0,4,4,already_correct,ambiguous,0.219631016254425,0.47035342,2.1673713,0.6763243
v5_ambiguous_0200,mixtral-8x7b,0,epistemic_humility,0,4,4,already_correct,ambiguous,0.2676029205322265,0.4591815,2.062005,0.6706757
v5_ambiguous_0201,mixtral-8x7b,0,epistemic_humility,0,4,4,already_correct,ambiguous,0.6168726086616516,0.54468536,2.0014026,0.7213948
v5_ambiguous_0202,mixtral-8x7b,0,epistemic_humility,0,4,4,already_correct,ambiguous,0.0496282577514648,0.53618854,2.8277273,0.5370308
v5_ambiguous_0203,mixtral-8x7b,0,epistemic_humility,0,4,4,already_correct,ambiguous,0.6227689981460571,0.4987334,2.2499726,0.6616502
v5_ambiguous_0204,mixtral-8x7b,0,epistemic_humility,0,4,4,already_correct,ambiguous,0.1316754817962646,0.5006509,2.6632657,0.6304929
v5_ambiguous_0205,mixtral-8x7b,0,epistemic_humility,0,4,4,already_correct,ambiguous,5.960464477539064e-08,0.4881639,3.036398,0.7032305
v5_ambiguous_0206,mixtral-8x7b,0,epistemic_humility,0,4,4,already_correct,ambiguous,0.1549727916717529,0.5737077,2.18602,0.7275766
v5_ambiguous_0207,mixtral-8x7b,0,epistemic_humility,0,4,4,already_correct,ambiguous,0.4738165736198425,0.49359173,2.4970684,0.6368798
v5_ambiguous_0208,mixtral-8x7b,0,epistemic_humility,0,4,4,already_correct,ambiguous,0.0740180015563964,0.47385395,2.0670087,0.7244778
v5_ambiguous_0209,mixtral-8x7b,0,epistemic_humility,0,4,4,already_correct,ambiguous,0.0130573511123657,0.4522664,2.0518348,0.62803686
v5_ambiguous_0210,mixtral-8x7b,0,epistemic_humility,0,4,4,already_correct,ambiguous,0.763454332947731,0.49624932,2.2930725,0.65531635
v5_ambiguous_0211,mixtral-8x7b,0,epistemic_humility,0,4,4,already_correct,ambiguous,0.0777351260185241,0.5119113,2.0554256,0.68660265
v5_ambiguous_0212,mixtral-8x7b,0,epistemic_humility,0,4,4,already_correct,ambiguous,0.7109373211860657,0.47699827,1.8751743,0.6753818
v5_ambiguous_0213,mixtral-8x7b,0,epistemic_humility,0,4,4,already_correct,ambiguous,0.3475823402404785,0.48812538,2.1557422,0.77017075
v5_ambiguous_0214,mixtral-8x7b,0,epistemic_humility,0,4,4,already_correct,ambiguous,0.2305586338043213,0.4723652,2.2632797,0.6528647
v5_ambiguous_0215,mixtral-8x7b,0,epistemic_humility,0,4,4,already_correct,ambiguous,0.5513550937175751,0.5623336,2.37282,0.6904486
v5_ambiguous_0216,mixtral-8x7b,0,epistemic_humility,0,4,4,already_correct,ambiguous,-1.1920928955078125e-07,0.5056139,2.2198746,0.6392157
v5_ambiguous_0217,mixtral-8x7b,0,epistemic_humility,0,4,4,already_correct,ambiguous,-1.1920928955078125e-07,0.55536395,2.2574923,0.6593274
v5_ambiguous_0218,mixtral-8x7b,0,epistemic_humility,0,4,4,already_correct,ambiguous,0.7698314338922501,0.5423825,1.8880632,0.71719825
v5_ambiguous_0219,mixtral-8x7b,0,epistemic_humility,0,4,4,already_correct,ambiguous,0.1092972159385681,0.51676965,2.2554312,0.6815576
v5_ambiguous_0220,mixtral-8x7b,0,epistemic_humility,0,4,4,already_correct,ambiguous,0.3856663107872009,0.4648189,1.6502545,0.7996242
v5_ambiguous_0221,mixtral-8x7b,0,epistemic_humility,0,4,4,already_correct,ambiguous,0.551278293132782,0.55228114,1.8865783,0.67457044
v5_ambiguous_0222,mixtral-8x7b,0,epistemic_humility,0,4,4,already_correct,ambiguous,1.788139343261719e-07,0.5553781,2.2429633,0.6371198
v5_ambiguous_0223,mixtral-8x7b,0,epistemic_humility,0,4,4,already_correct,ambiguous,0.4348530173301697,0.5514785,2.2814953,0.6419736
v5_ambiguous_0224,mixtral-8x7b,0,epistemic_humility,0,4,4,already_correct,ambiguous,0.0,0.47243434,2.150757,0.6677458
v5_ambiguous_0225,mixtral-8x7b,0,epistemic_humility,0,4,4,already_correct,ambiguous,0.7194541692733765,0.5267227,2.4323678,0.6333028
v5_ambiguous_0226,mixtral-8x7b,0,epistemic_humility,0,4,4,already_correct,ambiguous,0.2597613334655761,0.48801094,2.015482,0.6845844
v5_ambiguous_0227,mixtral-8x7b,0,epistemic_humility,0,4,4,already_correct,ambiguous,0.1665155887603759,0.5481143,2.7418432,0.69614124
v5_ambiguous_0228,mixtral-8x7b,0,epistemic_humility,0,4,4,already_correct,ambiguous,0.6872237920761108,0.5632745,2.4287002,0.5977068
v5_ambiguous_0229,mixtral-8x7b,0,epistemic_humility,0,4,4,already_correct,ambiguous,-1.1920928955078125e-07,0.50195843,1.9020046,0.67270637
v5_ambiguous_0230,mixtral-8x7b,0,epistemic_humility,0,4,4,already_correct,ambiguous,0.5793671607971191,0.5031289,2.390651,0.7102694
v5_ambiguous_0231,mixtral-8x7b,0,epistemic_humility,0,4,4,already_correct,ambiguous,0.1311441659927368,0.58085674,2.6771197,0.6519979
v5_ambiguous_0232,mixtral-8x7b,0,epistemic_humility,0,4,4,already_correct,ambiguous,0.7699826061725616,0.5264262,2.3046212,0.6224972
v5_ambiguous_0233,mixtral-8x7b,0,epistemic_humility,0,4,4,already_correct,ambiguous,5.960464477539064e-08,0.46300817,2.2377717,0.6819842
v5_ambiguous_0234,mixtral-8x7b,0,epistemic_humility,0,4,4,already_correct,ambiguous,0.6873448491096497,0.486116,2.179014,0.6437162
v5_ambiguous_0235,mixtral-8x7b,0,epistemic_humility,0,4,4,already_correct,ambiguous,1.788139343261719e-07,0.47077322,1.7800851,0.7343187
v5_ambiguous_0236,mixtral-8x7b,0,epistemic_humility,0,4,4,already_correct,ambiguous,0.3110061883926391,0.5485089,2.3082855,0.61655164
v5_ambiguous_0237,mixtral-8x7b,0,epistemic_humility,0,4,4,already_correct,ambiguous,0.7177979350090027,0.5539134,3.5766122,0.6526716
v5_ambiguous_0238,mixtral-8x7b,0,epistemic_humility,0,4,4,already_correct,ambiguous,0.3033946752548218,0.5011159,2.1123214,0.61824715
v5_ambiguous_0239,mixtral-8x7b,0,epistemic_humility,0,4,4,already_correct,ambiguous,0.0478505492210388,0.5950836,2.5414584,0.63637817
v5_ambiguous_0240,mixtral-8x7b,0,epistemic_humility,0,4,4,already_correct,ambiguous,0.6270090937614441,0.47948533,1.8975796,0.70393455
v5_ambiguous_0241,mixtral-8x7b,0,epistemic_humility,0,4,4,already_correct,ambiguous,5.960464477539064e-08,0.4930315,2.2765164,0.6192992
v5_ambiguous_0242,mixtral-8x7b,0,epistemic_humility,0,4,4,already_correct,ambiguous,0.3396175503730774,0.5667263,2.3948042,0.65759945
v5_ambiguous_0243,mixtral-8x7b,0,epistemic_humility,0,4,4,already_correct,ambiguous,0.6775211989879608,0.54683405,2.2206345,0.6787021
v5_ambiguous_0244,mixtral-8x7b,0,epistemic_humility,0,4,4,already_correct,ambiguous,0.5404117405414581,0.55973625,2.291307,0.6832172
v5_ambiguous_0245,mixtral-8x7b,0,epistemic_humility,0,4,4,already_correct,ambiguous,0.1230161190032959,0.5660855,2.072167,0.6358224
v5_ambiguous_0246,mixtral-8x7b,0,epistemic_humility,0,4,4,already_correct,ambiguous,0.5464721322059631,0.47045654,1.8094077,0.76894695
v5_ambiguous_0247,mixtral-8x7b,0,epistemic_humility,0,4,4,already_correct,ambiguous,0.1840383410453796,0.55152273,2.587691,0.6910752
v5_ambiguous_0248,mixtral-8x7b,0,epistemic_humility,0,4,4,already_correct,ambiguous,0.0,0.54042846,2.3795922,0.62172455
v5_ambiguous_0249,mixtral-8x7b,0,epistemic_humility,0,4,4,already_correct,ambiguous,0.6567403972148895,0.49229497,2.5008078,0.6420258
v5_ambiguous_0250,mixtral-8x7b,0,epistemic_humility,0,4,4,already_correct,ambiguous,0.0,0.5239643,1.9405869,0.73369163
v5_ambiguous_0251,mixtral-8x7b,0,epistemic_humility,0,4,4,already_correct,ambiguous,0.5379509627819061,0.52411026,2.1077113,0.53549767
v5_ambiguous_0252,mixtral-8x7b,0,epistemic_humility,0,4,4,already_correct,ambiguous,0.631421685218811,0.5298618,2.4555209,0.6725329
v5_ambiguous_0253,mixtral-8x7b,0,epistemic_humility,0,4,4,already_correct,ambiguous,0.1369825601577758,0.531972,2.2038689,0.61915314
v5_ambiguous_0254,mixtral-8x7b,0,epistemic_humility,0,4,4,already_correct,ambiguous,0.5134457945823669,0.5226611,2.184752,0.7201277
v5_ambiguous_0255,mixtral-8x7b,0,epistemic_humility,0,4,4,already_correct,ambiguous,0.3008084297180176,0.48590052,2.309133,0.6669291
v5_ambiguous_0256,mixtral-8x7b,0,epistemic_humility,0,4,4,already_correct,ambiguous,0.0,0.5192493,2.004192,0.71119523
v5_ambiguous_0257,mixtral-8x7b,0,epistemic_humility,0,4,4,already_correct,ambiguous,0.2020873427391052,0.55497015,2.548148,0.5450141
v5_ambiguous_0258,mixtral-8x7b,0,epistemic_humility,0,4,4,already_correct,ambiguous,0.828246220946312,0.52653205,2.3449464,0.67136633
v5_ambiguous_0259,mixtral-8x7b,0,epistemic_humility,0,4,4,already_correct,ambiguous,0.8481160253286362,0.5240159,2.4655862,0.5971931
v5_ambiguous_0260,mixtral-8x7b,0,epistemic_humility,0,4,4,already_correct,ambiguous,5.960464477539064e-08,0.49244297,2.1080287,0.59858716
v5_ambiguous_0261,mixtral-8x7b,0,epistemic_humility,0,4,4,already_correct,ambiguous,0.0600744485855102,0.5027652,2.1227596,0.7514399
v5_ambiguous_0262,mixtral-8x7b,0,epistemic_humility,0,4,4,already_correct,ambiguous,0.3116896152496338,0.48743534,2.440688,0.6174627
v5_ambiguous_0263,mixtral-8x7b,0,epistemic_humility,0,4,4,already_correct,ambiguous,5.960464477539064e-08,0.5217029,3.1053019,0.5964364
v5_ambiguous_0264,mixtral-8x7b,0,epistemic_humility,0,4,4,already_correct,ambiguous,0.5257363617420197,0.46774566,2.173962,0.61548257
v5_ambiguous_0265,mixtral-8x7b,0,epistemic_humility,0,4,4,already_correct,ambiguous,0.4423496127128601,0.5313964,2.1595583,0.64127487
v5_ambiguous_0266,mixtral-8x7b,0,epistemic_humility,0,4,4,already_correct,ambiguous,0.0052029490470886,0.49587756,2.1945796,0.61554563
v5_ambiguous_0267,mixtral-8x7b,0,epistemic_humility,0,4,4,already_correct,ambiguous,0.0111011862754821,0.50132835,2.3702576,0.6797928
v5_ambiguous_0268,mixtral-8x7b,0,epistemic_humility,0,4,4,already_correct,ambiguous,0.2695242166519165,0.50271714,2.1718416,0.6762693
v5_ambiguous_0269,mixtral-8x7b,0,epistemic_humility,0,4,4,already_correct,ambiguous,0.553223043680191,0.44957483,1.6878471,0.77937925
v5_ambiguous_0270,mixtral-8x7b,0,epistemic_humility,0,4,4,already_correct,ambiguous,0.1383559107780456,0.56140816,2.7062132,0.674171
v5_ambiguous_0271,mixtral-8x7b,0,epistemic_humility,0,4,4,already_correct,ambiguous,0.4375663995742798,0.5088335,2.150698,0.75055313
v5_ambiguous_0272,mixtral-8x7b,0,epistemic_humility,0,4,4,already_correct,ambiguous,0.8244129568338394,0.59905386,1.9939734,0.6540503
v5_ambiguous_0273,mixtral-8x7b,0,epistemic_humility,0,4,4,already_correct,ambiguous,0.5645248591899872,0.50128555,2.3911414,0.60446143
v5_ambiguous_0274,mixtral-8x7b,0,epistemic_humility,0,4,4,already_correct,ambiguous,0.2079955339431762,0.43773466,2.0290577,0.6977561
v5_ambiguous_0275,mixtral-8x7b,0,epistemic_humility,0,4,4,already_correct,ambiguous,0.779861107468605,0.53980577,1.9824246,0.58323157
v5_ambiguous_0276,mixtral-8x7b,0,epistemic_humility,0,4,4,already_correct,ambiguous,0.4158406257629394,0.55444163,2.3556197,0.69927543
v5_ambiguous_0277,mixtral-8x7b,0,epistemic_humility,0,4,4,already_correct,ambiguous,0.0,0.47688454,1.9180818,0.7654971
v5_ambiguous_0278,mixtral-8x7b,0,epistemic_humility,0,4,4,already_correct,ambiguous,0.3377088904380798,0.5171078,1.8575411,0.7003455
v5_ambiguous_0279,mixtral-8x7b,0,epistemic_humility,0,4,4,already_correct,ambiguous,0.5622952580451965,0.52147007,2.2408297,0.6429028
v5_ambiguous_0280,mixtral-8x7b,0,epistemic_humility,0,4,4,already_correct,ambiguous,0.573764443397522,0.50503916,2.3914711,0.70765096
v5_ambiguous_0281,mixtral-8x7b,0,epistemic_humility,0,4,4,already_correct,ambiguous,0.1738917231559753,0.480214,2.1437242,0.63076854
v5_ambiguous_0282,mixtral-8x7b,0,epistemic_humility,0,4,4,already_correct,ambiguous,0.8122079521417618,0.5285469,2.8002777,0.64488816
v5_ambiguous_0283,mixtral-8x7b,0,epistemic_humility,0,4,4,already_correct,ambiguous,0.2929290533065796,0.45582002,2.1039224,0.6798722
v5_ambiguous_0284,mixtral-8x7b,0,epistemic_humility,0,4,4,already_correct,ambiguous,0.3029581308364868,0.4681965,1.7886401,0.7163598
v5_ambiguous_0285,mixtral-8x7b,0,epistemic_humility,0,4,4,already_correct,ambiguous,0.3515690565109253,0.4571355,1.6882722,0.76001257
v5_ambiguous_0286,mixtral-8x7b,0,epistemic_humility,0,4,4,already_correct,ambiguous,0.0,0.54398215,2.4098413,0.62694985
v5_ambiguous_0287,mixtral-8x7b,0,epistemic_humility,0,4,4,already_correct,ambiguous,0.0,0.57392806,2.8618083,0.6865828
v5_ambiguous_0288,mixtral-8x7b,0,epistemic_humility,0,4,4,already_correct,ambiguous,0.0,0.48046994,2.226424,0.65611976
v5_ambiguous_0289,mixtral-8x7b,0,epistemic_humility,0,4,4,already_correct,ambiguous,0.144461452960968,0.46939158,2.3812568,0.6878717
v5_ambiguous_0290,mixtral-8x7b,0,epistemic_humility,0,4,4,already_correct,ambiguous,0.2937715649604797,0.45639306,1.8842698,0.70772296
v5_ambiguous_0291,mixtral-8x7b,0,epistemic_humility,0,4,4,already_correct,ambiguous,0.8370712399482727,0.45009458,1.6760935,0.6826249
v5_ambiguous_0292,mixtral-8x7b,0,epistemic_humility,0,4,4,already_correct,ambiguous,0.4546064138412475,0.5381563,2.3020356,0.7225784
v5_ambiguous_0293,mixtral-8x7b,0,epistemic_humility,0,4,4,already_correct,ambiguous,0.2700985670089721,0.4874215,2.2678497,0.6584026
v5_ambiguous_0294,mixtral-8x7b,0,epistemic_humility,0,4,4,already_correct,ambiguous,0.3203936815261841,0.489923,2.0262172,0.66853416
v5_ambiguous_0295,mixtral-8x7b,0,epistemic_humility,0,4,4,already_correct,ambiguous,0.0,0.5610517,2.0885992,0.72324765
v5_ambiguous_0296,mixtral-8x7b,0,epistemic_humility,0,4,4,already_correct,ambiguous,-1.1920928955078125e-07,0.5225965,2.1395288,0.67395616
v5_ambiguous_0297,mixtral-8x7b,0,epistemic_humility,0,4,4,already_correct,ambiguous,0.5954590141773224,0.45869058,2.1768007,0.6760635
v5_ambiguous_0298,mixtral-8x7b,0,epistemic_humility,0,4,4,already_correct,ambiguous,0.378921627998352,0.49709553,2.5013258,0.71213263
v5_ambiguous_0299,mixtral-8x7b,0,epistemic_humility,0,4,4,already_correct,ambiguous,0.4987738728523254,0.48985773,2.071237,0.68563807
v5_ambiguous_0300,mixtral-8x7b,0,epistemic_humility,0,4,4,already_correct,ambiguous,5.960464477539064e-08,0.46723968,2.2119205,0.5949962
v5_ambiguous_0301,mixtral-8x7b,0,epistemic_humility,0,4,4,already_correct,ambiguous,0.3148689270019531,0.44238698,1.9234071,0.56235754
v5_ambiguous_0302,mixtral-8x7b,0,epistemic_humility,0,4,4,already_correct,ambiguous,0.2396312355995178,0.42436212,1.825222,0.706367
v5_ambiguous_0303,mixtral-8x7b,0,epistemic_humility,0,4,4,already_correct,ambiguous,1.1920928955078125e-07,0.5324166,1.9974469,0.7590675
v5_ambiguous_0304,mixtral-8x7b,0,epistemic_humility,0,4,4,already_correct,ambiguous,0.0142643451690673,0.44152522,1.9465015,0.67244923
v5_ambiguous_0305,mixtral-8x7b,0,epistemic_humility,0,4,4,already_correct,ambiguous,0.295029878616333,0.46716505,1.9101375,0.69440883
v5_ambiguous_0306,mixtral-8x7b,0,epistemic_humility,0,4,4,already_correct,ambiguous,0.0,0.45136803,2.0534003,0.6813643
v5_ambiguous_0307,mixtral-8x7b,0,epistemic_humility,0,4,4,already_correct,ambiguous,0.7684894055128098,0.3835485,2.0669672,0.6764204
v5_ambiguous_0308,mixtral-8x7b,0,epistemic_humility,0,4,4,already_correct,ambiguous,0.4927337765693664,0.5420759,2.022738,0.7144879
v5_ambiguous_0309,mixtral-8x7b,0,epistemic_humility,0,4,4,already_correct,ambiguous,0.7882100939750671,0.56810415,2.056584,0.7251736
v5_ambiguous_0310,mixtral-8x7b,0,epistemic_humility,0,4,4,already_correct,ambiguous,0.3849411010742187,0.4584731,1.9352287,0.73025817
v5_ambiguous_0311,mixtral-8x7b,0,epistemic_humility,0,4,4,already_correct,ambiguous,0.0723041296005249,0.5021883,2.7588012,0.65487456
v5_ambiguous_0312,mixtral-8x7b,0,epistemic_humility,0,4,4,already_correct,ambiguous,0.6317397654056549,0.52577895,2.293134,0.62434155
v5_ambiguous_0313,mixtral-8x7b,0,epistemic_humility,0,4,4,already_correct,ambiguous,0.5140355825424194,0.511719,2.3683574,0.6906447
v5_ambiguous_0314,mixtral-8x7b,0,epistemic_humility,0,4,4,already_correct,ambiguous,0.5944937765598297,0.52557206,3.2012527,0.6535454
v5_ambiguous_0315,mixtral-8x7b,0,epistemic_humility,0,4,4,already_correct,ambiguous,0.4692713618278503,0.5814316,2.3857892,0.673808
v5_ambiguous_0316,mixtral-8x7b,0,epistemic_humility,0,4,4,already_correct,ambiguous,0.7802196890115738,0.4584105,2.3840923,0.5660168
v5_ambiguous_0317,mixtral-8x7b,0,epistemic_humility,0,4,4,already_correct,ambiguous,0.0767220258712768,0.5381017,2.2905967,0.6265707
v5_ambiguous_0318,mixtral-8x7b,0,epistemic_humility,0,4,4,already_correct,ambiguous,5.960464477539064e-08,0.54833263,2.5679162,0.54482156
v5_ambiguous_0319,mixtral-8x7b,0,epistemic_humility,0,4,4,already_correct,ambiguous,0.5640741586685181,0.5477254,1.9920824,0.71441066
v5_ambiguous_0320,mixtral-8x7b,0,epistemic_humility,0,4,4,already_correct,ambiguous,0.71269690990448,0.43745297,2.1130629,0.66793233
v5_ambiguous_0321,mixtral-8x7b,0,epistemic_humility,0,4,4,already_correct,ambiguous,0.0775177478790283,0.49913317,2.2211297,0.69158036
v5_ambiguous_0322,mixtral-8x7b,0,epistemic_humility,0,4,4,already_correct,ambiguous,0.473888635635376,0.5420182,2.2593515,0.6656374
v5_ambiguous_0323,mixtral-8x7b,0,epistemic_humility,0,4,4,already_correct,ambiguous,0.8357551842927933,0.49337375,2.712021,0.6271865
v5_ambiguous_0324,mixtral-8x7b,0,epistemic_humility,0,4,4,already_correct,ambiguous,5.960464477539064e-08,0.53595614,1.7683496,0.6521902
v5_ambiguous_0325,mixtral-8x7b,0,epistemic_humility,0,4,4,already_correct,ambiguous,0.0,0.42121136,1.9722538,0.67488056
v5_ambiguous_0326,mixtral-8x7b,0,epistemic_humility,0,4,4,already_correct,ambiguous,0.7985036820173264,0.5564474,2.405995,0.7558778
v5_ambiguous_0327,mixtral-8x7b,0,epistemic_humility,0,4,4,already_correct,ambiguous,0.3556408286094665,0.5035174,1.8778337,0.66706985
v5_ambiguous_0328,mixtral-8x7b,0,epistemic_humility,0,4,4,already_correct,ambiguous,0.5312603116035461,0.46008915,1.8867539,0.7683545
v5_ambiguous_0329,mixtral-8x7b,0,epistemic_humility,0,4,4,already_correct,ambiguous,0.0253341197967529,0.47822297,2.0250778,0.7468897
v5_ambiguous_0330,mixtral-8x7b,0,epistemic_humility,0,4,4,already_correct,ambiguous,0.5650661885738373,0.59939766,2.799217,0.64221096
v5_ambiguous_0331,mixtral-8x7b,0,epistemic_humility,0,4,4,already_correct,ambiguous,0.541135847568512,0.546684,2.3148913,0.72980756
v5_ambiguous_0332,mixtral-8x7b,0,epistemic_humility,0,4,4,already_correct,ambiguous,0.5722835958003998,0.55312884,2.1844497,0.62681973
v5_ambiguous_0333,mixtral-8x7b,0,epistemic_humility,0,4,4,already_correct,ambiguous,0.1654011011123657,0.6042134,2.3033392,0.65583754
v5_ambiguous_0334,mixtral-8x7b,0,epistemic_humility,0,4,4,already_correct,ambiguous,0.8187819123268127,0.4895922,2.159152,0.70809907
v5_ambiguous_0335,mixtral-8x7b,0,fact_grounded,0,4,3,regressed,ambiguous,5.960464477539064e-08,0.5150433,2.316586,0.63381314
v5_ambiguous_0336,mixtral-8x7b,0,epistemic_humility,0,4,4,already_correct,ambiguous,0.6562626957893372,0.5440619,2.5133157,0.677802
v5_ambiguous_0337,mixtral-8x7b,0,epistemic_humility,0,4,4,already_correct,ambiguous,0.1441899538040161,0.5567084,1.8435346,0.7316828
v5_ambiguous_0338,mixtral-8x7b,0,epistemic_humility,0,4,4,already_correct,ambiguous,0.710202693939209,0.5403153,2.8956401,0.65159243
v5_ambiguous_0339,mixtral-8x7b,0,epistemic_humility,0,4,4,already_correct,ambiguous,0.7137210369110107,0.5187129,2.331415,0.6572763
v5_ambiguous_0340,mixtral-8x7b,0,epistemic_humility,0,4,4,already_correct,ambiguous,0.078970730304718,0.53090554,1.8817563,0.7186749
v5_ambiguous_0341,mixtral-8x7b,0,epistemic_humility,0,4,4,already_correct,ambiguous,0.3366932868957519,0.5526511,2.5237637,0.68817353
v5_ambiguous_0342,mixtral-8x7b,0,epistemic_humility,0,4,4,already_correct,ambiguous,0.2642099857330322,0.502321,1.8710357,0.72422457
v5_ambiguous_0343,mixtral-8x7b,0,epistemic_humility,0,4,4,already_correct,ambiguous,5.960464477539064e-08,0.5290911,2.3139768,0.63198733
v5_ambiguous_0344,mixtral-8x7b,0,epistemic_humility,0,4,4,already_correct,ambiguous,0.8245025724172592,0.5012491,2.4079533,0.62611574
v5_ambiguous_0345,mixtral-8x7b,0,epistemic_humility,0,4,4,already_correct,ambiguous,1.1920928955078125e-07,0.5011285,2.933261,0.6385739
v5_ambiguous_0346,mixtral-8x7b,0,epistemic_humility,0,4,4,already_correct,ambiguous,0.5581510961055756,0.48238635,2.0321634,0.698744
v5_ambiguous_0347,mixtral-8x7b,0,epistemic_humility,0,4,4,already_correct,ambiguous,0.5171143114566803,0.5530529,2.6066349,0.53053325
v5_ambiguous_0348,mixtral-8x7b,0,epistemic_humility,0,4,4,already_correct,ambiguous,0.0145361423492431,0.40554535,2.2045608,0.6776557
v5_ambiguous_0349,mixtral-8x7b,0,epistemic_humility,0,4,4,already_correct,ambiguous,0.2785025835037231,0.5483791,2.7369554,0.6691163
v5_ambiguous_0350,mixtral-8x7b,0,epistemic_humility,0,4,4,already_correct,ambiguous,0.7536092549562454,0.4624418,2.0683944,0.7420168
v5_ambiguous_0351,mixtral-8x7b,0,epistemic_humility,0,4,4,already_correct,ambiguous,0.7853477001190186,0.51580864,2.388797,0.62699366
v5_ambiguous_0352,mixtral-8x7b,0,epistemic_humility,0,4,4,already_correct,ambiguous,0.3015420436859131,0.4925866,1.5663396,0.779648
v5_ambiguous_0353,mixtral-8x7b,0,epistemic_humility,0,4,4,already_correct,ambiguous,-1.1920928955078125e-07,0.48164022,2.6120274,0.7182352
v5_ambiguous_0354,mixtral-8x7b,0,epistemic_humility,0,4,4,already_correct,ambiguous,0.788873702287674,0.5482408,2.1047308,0.6026966
v5_ambiguous_0355,mixtral-8x7b,0,epistemic_humility,0,4,4,already_correct,ambiguous,0.0606745481491088,0.5506033,1.8834112,0.6927035
v5_ambiguous_0356,mixtral-8x7b,0,epistemic_humility,0,4,4,already_correct,ambiguous,0.8468230664730072,0.5209799,1.9810828,0.62337583
v5_ambiguous_0357,mixtral-8x7b,0,epistemic_humility,0,4,4,already_correct,ambiguous,0.2276452183723449,0.4936291,2.8199089,0.64147115
v5_ambiguous_0358,mixtral-8x7b,0,epistemic_humility,0,4,4,already_correct,ambiguous,1.788139343261719e-07,0.4947778,2.3580496,0.5186602
v5_ambiguous_0359,mixtral-8x7b,0,epistemic_humility,0,4,4,already_correct,ambiguous,0.4515978693962097,0.5712867,2.4187214,0.67548674
v5_ambiguous_0360,mixtral-8x7b,0,epistemic_humility,0,4,4,already_correct,ambiguous,0.7969579249620438,0.50617635,2.3845341,0.707417
v5_ambiguous_0361,mixtral-8x7b,0,epistemic_humility,0,4,4,already_correct,ambiguous,0.7694263756275177,0.50613874,2.5749824,0.6584604
v5_ambiguous_0362,mixtral-8x7b,0,epistemic_humility,0,4,4,already_correct,ambiguous,0.717936098575592,0.49835706,2.3486037,0.6582179
v5_ambiguous_0363,mixtral-8x7b,0,epistemic_humility,0,4,4,already_correct,ambiguous,0.7810446321964264,0.42925358,2.126832,0.7261982
v5_ambiguous_0364,mixtral-8x7b,0,epistemic_humility,0,4,4,already_correct,ambiguous,0.7141934335231781,0.5400501,1.974844,0.6935579
v5_ambiguous_0365,mixtral-8x7b,0,epistemic_humility,0,4,4,already_correct,ambiguous,0.6644460558891296,0.4213658,2.3891144,0.6732151
v5_ambiguous_0366,mixtral-8x7b,0,epistemic_humility,0,4,4,already_correct,ambiguous,-1.1920928955078125e-07,0.5477056,1.8462402,0.71380806
v5_ambiguous_0367,mixtral-8x7b,0,epistemic_humility,0,4,4,already_correct,ambiguous,0.7833410501480103,0.4435503,2.4681494,0.5577776
v5_ambiguous_0368,mixtral-8x7b,0,epistemic_humility,0,4,4,already_correct,ambiguous,0.177969753742218,0.539997,2.554392,0.66945636
v5_ambiguous_0369,mixtral-8x7b,0,epistemic_humility,0,4,4,already_correct,ambiguous,0.4982298612594604,0.5464379,2.799195,0.5258724
v5_ambiguous_0370,mixtral-8x7b,0,epistemic_humility,0,4,4,already_correct,ambiguous,0.0,0.54847264,1.768971,0.72867286
v5_ambiguous_0371,mixtral-8x7b,0,epistemic_humility,0,4,4,already_correct,ambiguous,0.4760182499885559,0.52927387,2.5065227,0.7184663
v5_ambiguous_0372,mixtral-8x7b,0,epistemic_humility,0,4,4,already_correct,ambiguous,0.104240596294403,0.5043891,2.2707365,0.62972206
v5_ambiguous_0373,mixtral-8x7b,0,epistemic_humility,0,4,4,already_correct,ambiguous,0.5855689942836761,0.4948117,2.1947327,0.74178946
v5_ambiguous_0374,mixtral-8x7b,0,epistemic_humility,0,4,4,already_correct,ambiguous,0.6580932140350342,0.46269143,1.9203031,0.7014617
v5_ambiguous_0375,mixtral-8x7b,0,epistemic_humility,0,4,4,already_correct,ambiguous,0.5998603403568268,0.5295428,2.49882,0.6455595
v5_ambiguous_0376,mixtral-8x7b,0,epistemic_humility,0,4,4,already_correct,ambiguous,0.0,0.58165646,2.193442,0.6202576
v5_ambiguous_0377,mixtral-8x7b,0,epistemic_humility,0,4,4,already_correct,ambiguous,0.0,0.53335047,3.5476294,0.64791924
v5_ambiguous_0378,mixtral-8x7b,0,epistemic_humility,0,4,4,already_correct,ambiguous,0.3868181109428406,0.4862482,2.5025032,0.63903856
v5_ambiguous_0379,mixtral-8x7b,0,epistemic_humility,0,4,4,already_correct,ambiguous,0.0,0.509005,2.238401,0.63120544
v5_ambiguous_0380,mixtral-8x7b,0,epistemic_humility,0,4,4,already_correct,ambiguous,0.6654520034790039,0.5346482,2.2424133,0.69895434
v5_ambiguous_0381,mixtral-8x7b,0,epistemic_humility,0,4,4,already_correct,ambiguous,5.960464477539064e-08,0.5229642,2.0974548,0.76062405
v5_ambiguous_0382,mixtral-8x7b,0,epistemic_humility,0,4,4,already_correct,ambiguous,0.0,0.45097518,2.702046,0.6301218
v5_ambiguous_0383,mixtral-8x7b,0,epistemic_humility,0,4,4,already_correct,ambiguous,0.6058518588542938,0.4333434,1.8317988,0.6806662
v5_ambiguous_0384,mixtral-8x7b,0,epistemic_humility,0,4,4,already_correct,ambiguous,0.2944942712783813,0.46979094,2.054474,0.69520986
v5_ambiguous_0385,mixtral-8x7b,0,epistemic_humility,0,4,4,already_correct,ambiguous,0.3857629299163818,0.5208805,2.0957131,0.6216923
v5_ambiguous_0386,mixtral-8x7b,0,epistemic_humility,0,4,4,already_correct,ambiguous,0.4986001849174499,0.50303495,2.3573766,0.6420214
v5_ambiguous_0387,mixtral-8x7b,0,epistemic_humility,0,4,4,already_correct,ambiguous,1.1920928955078125e-07,0.5231658,2.4929864,0.6012755
v5_ambiguous_0388,mixtral-8x7b,0,epistemic_humility,0,4,4,already_correct,ambiguous,0.8188090920448303,0.5096482,2.0098922,0.6945103
v5_ambiguous_0389,mixtral-8x7b,0,epistemic_humility,0,4,4,already_correct,ambiguous,0.8231855630874634,0.544875,2.034011,0.6381799
v5_ambiguous_0390,mixtral-8x7b,0,epistemic_humility,0,4,4,already_correct,ambiguous,0.5494358241558075,0.55657613,2.4647331,0.7228671
v5_ambiguous_0391,mixtral-8x7b,0,epistemic_humility,0,4,4,already_correct,ambiguous,0.6878950595855713,0.50340533,1.8988335,0.7614345
v5_ambiguous_0392,mixtral-8x7b,0,epistemic_humility,0,4,4,already_correct,ambiguous,0.5779323577880859,0.47914422,2.1211488,0.6884827
v5_ambiguous_0393,mixtral-8x7b,0,epistemic_humility,0,4,4,already_correct,ambiguous,-1.1920928955078125e-07,0.58025897,2.5108411,0.5728197
v5_ambiguous_0394,mixtral-8x7b,0,epistemic_humility,0,4,4,already_correct,ambiguous,0.8127156347036362,0.5531806,2.160246,0.6462509
v5_ambiguous_0395,mixtral-8x7b,0,epistemic_humility,0,4,4,already_correct,ambiguous,0.7643472701311111,0.5029414,2.55664,0.64528346
v5_ambiguous_0396,mixtral-8x7b,0,epistemic_humility,0,4,4,already_correct,ambiguous,0.0807707905769348,0.545947,2.19742,0.71330434
v5_ambiguous_0397,mixtral-8x7b,0,epistemic_humility,0,4,4,already_correct,ambiguous,0.0,0.53013986,2.4745407,0.6880552
v5_ambiguous_0398,mixtral-8x7b,0,epistemic_humility,0,4,4,already_correct,ambiguous,5.960464477539064e-08,0.5587497,1.8729937,0.684986
v5_ambiguous_0399,mixtral-8x7b,0,epistemic_humility,0,4,4,already_correct,ambiguous,0.6816391944885254,0.5063716,2.325364,0.6766077
v5_ambiguous_0400,mixtral-8x7b,0,epistemic_humility,0,4,4,already_correct,ambiguous,0.3811207413673401,0.5130814,3.0350761,0.65334797
v5_ambiguous_0401,mixtral-8x7b,0,epistemic_humility,0,4,1,regressed,ambiguous,0.2255653738975525,0.5346583,2.322112,0.67134136
v5_ambiguous_0402,mixtral-8x7b,0,epistemic_humility,0,4,4,already_correct,ambiguous,0.680118978023529,0.5326496,1.9184805,0.68812263
v5_ambiguous_0403,mixtral-8x7b,0,epistemic_humility,0,4,4,already_correct,ambiguous,5.960464477539064e-08,0.49655354,2.5303686,0.5962709
v5_ambiguous_0404,mixtral-8x7b,0,epistemic_humility,0,4,4,already_correct,ambiguous,0.2947605848312378,0.49737537,1.9041705,0.7496618
v5_ambiguous_0405,mixtral-8x7b,0,epistemic_humility,0,4,4,already_correct,ambiguous,0.0,0.41338456,1.9173269,0.6735338
v5_ambiguous_0406,mixtral-8x7b,0,epistemic_humility,0,4,4,already_correct,ambiguous,0.0,0.52827644,2.1261714,0.67181003
v5_ambiguous_0407,mixtral-8x7b,0,epistemic_humility,0,4,4,already_correct,ambiguous,-2.384185791015625e-07,0.4850089,2.082053,0.6672455
v5_ambiguous_0408,mixtral-8x7b,0,epistemic_humility,0,4,4,already_correct,ambiguous,0.8132709562778473,0.45709336,2.0673838,0.73640156
v5_ambiguous_0409,mixtral-8x7b,0,epistemic_humility,0,4,4,already_correct,ambiguous,0.0,0.5068557,1.95093,0.66987395
v5_ambiguous_0410,mixtral-8x7b,0,epistemic_humility,0,4,4,already_correct,ambiguous,1.1920928955078125e-07,0.55113184,2.410268,0.584382
v5_ambiguous_0411,mixtral-8x7b,0,epistemic_humility,0,4,4,already_correct,ambiguous,0.2019733786582946,0.5039894,3.0813296,0.6299392
v5_ambiguous_0412,mixtral-8x7b,0,epistemic_humility,0,4,4,already_correct,ambiguous,0.5790907144546509,0.57841146,2.5067623,0.6154578
v5_ambiguous_0413,mixtral-8x7b,0,epistemic_humility,0,4,4,already_correct,ambiguous,0.2259237766265869,0.4318263,1.9909784,0.7458595
v5_ambiguous_0414,mixtral-8x7b,0,epistemic_humility,0,4,4,already_correct,ambiguous,0.8299635797739029,0.5597801,1.8437113,0.6365009
v5_ambiguous_0415,mixtral-8x7b,0,epistemic_humility,0,4,4,already_correct,ambiguous,-1.1920928955078125e-07,0.50223243,1.976332,0.71265453
v5_ambiguous_0416,mixtral-8x7b,2,epistemic_humility,0,4,4,fixed,ambiguous,0.4576913714408874,0.5213139,1.9716092,0.7569967
v5_ambiguous_0417,mixtral-8x7b,0,epistemic_humility,0,4,4,already_correct,ambiguous,0.7199628353118896,0.4924106,1.7595596,0.7429432
v5_ambiguous_0418,mixtral-8x7b,0,epistemic_humility,0,4,4,already_correct,ambiguous,0.0,0.5042932,1.9902955,0.75843996
v5_ambiguous_0419,mixtral-8x7b,0,epistemic_humility,0,4,4,already_correct,ambiguous,0.7518337070941925,0.5858767,2.7701764,0.7048495
v5_ambiguous_0420,mixtral-8x7b,0,epistemic_humility,0,4,4,already_correct,ambiguous,0.2196410894393921,0.49754465,2.599499,0.6188629
v5_ambiguous_0421,mixtral-8x7b,0,epistemic_humility,0,4,4,already_correct,ambiguous,0.6824130415916443,0.5672103,2.3532305,0.6296594
v5_ambiguous_0422,mixtral-8x7b,0,epistemic_humility,0,4,4,already_correct,ambiguous,0.0,0.42026448,1.871738,0.7679395
v5_ambiguous_0423,mixtral-8x7b,0,epistemic_humility,0,4,4,already_correct,ambiguous,0.048053503036499,0.4915095,2.2391162,0.6671128
v5_ambiguous_0424,mixtral-8x7b,0,epistemic_humility,0,4,4,already_correct,ambiguous,0.2762476205825805,0.51768816,1.9270129,0.65075016
v5_ambiguous_0425,mixtral-8x7b,0,epistemic_humility,0,4,4,already_correct,ambiguous,0.7046164274215698,0.44922304,2.0019019,0.61056244
v5_ambiguous_0426,mixtral-8x7b,0,epistemic_humility,0,4,4,already_correct,ambiguous,0.3024962544441223,0.60522246,2.2897713,0.6547639
v5_ambiguous_0427,mixtral-8x7b,0,epistemic_humility,0,4,4,already_correct,ambiguous,0.2741537690162658,0.4707508,1.9906207,0.6936554
v5_ambiguous_0428,mixtral-8x7b,0,epistemic_humility,0,4,4,already_correct,ambiguous,1.1920928955078125e-07,0.5101529,2.2156007,0.63006705
v5_ambiguous_0429,mixtral-8x7b,0,epistemic_humility,0,4,4,already_correct,ambiguous,0.0,0.4715916,2.4511085,0.613306
v5_ambiguous_0430,mixtral-8x7b,0,epistemic_humility,0,4,4,already_correct,ambiguous,0.1492440104484558,0.5488304,1.8529321,0.725151
v5_ambiguous_0431,mixtral-8x7b,0,epistemic_humility,0,4,4,already_correct,ambiguous,5.960464477539064e-08,0.47195375,1.8524634,0.6732861
v5_ambiguous_0432,mixtral-8x7b,0,epistemic_humility,0,4,4,already_correct,ambiguous,-1.1920928955078125e-07,0.46578133,2.6242073,0.6468203
v5_ambiguous_0433,mixtral-8x7b,0,epistemic_humility,0,4,4,already_correct,ambiguous,0.5187163949012756,0.5440015,2.2090504,0.6391599
v5_ambiguous_0434,mixtral-8x7b,0,epistemic_humility,0,4,4,already_correct,ambiguous,1.1920928955078125e-07,0.5104258,2.1776621,0.63574296
v5_ambiguous_0435,mixtral-8x7b,0,epistemic_humility,0,4,4,already_correct,ambiguous,0.1163539290428161,0.5091598,2.124298,0.6729197
v5_ambiguous_0436,mixtral-8x7b,0,epistemic_humility,0,4,4,already_correct,ambiguous,0.5511572360992432,0.58147264,2.360988,0.7604369
v5_ambiguous_0437,mixtral-8x7b,0,epistemic_humility,0,4,4,already_correct,ambiguous,0.0,0.5657343,2.7106538,0.53949976
v5_ambiguous_0438,mixtral-8x7b,0,epistemic_humility,0,4,4,already_correct,ambiguous,0.7246555685997009,0.5286549,1.8472655,0.74993443
v5_ambiguous_0439,mixtral-8x7b,0,epistemic_humility,0,4,4,already_correct,ambiguous,0.3488249778747558,0.50975657,2.435785,0.72728026
v5_ambiguous_0440,mixtral-8x7b,0,epistemic_humility,0,4,4,already_correct,ambiguous,0.1171683669090271,0.47333586,2.4717674,0.6546953
v5_ambiguous_0441,mixtral-8x7b,0,epistemic_humility,0,4,4,already_correct,ambiguous,0.6929628849029541,0.5595708,2.408979,0.69877464
v5_ambiguous_0442,mixtral-8x7b,0,epistemic_humility,0,4,4,already_correct,ambiguous,0.813721776008606,0.50804996,2.1983235,0.7029229
v5_ambiguous_0443,mixtral-8x7b,0,epistemic_humility,0,4,4,already_correct,ambiguous,0.4036002159118652,0.51351523,2.2140322,0.6587999
v5_ambiguous_0444,mixtral-8x7b,0,epistemic_humility,0,4,4,already_correct,ambiguous,0.0,0.5144432,3.0709667,0.670971
v5_ambiguous_0445,mixtral-8x7b,0,epistemic_humility,0,4,4,already_correct,ambiguous,0.5428598821163177,0.42752707,2.1151752,0.6459954
v5_ambiguous_0446,mixtral-8x7b,0,epistemic_humility,0,4,4,already_correct,ambiguous,0.2044299244880676,0.44043934,1.8033669,0.7625183
v5_ambiguous_0447,mixtral-8x7b,0,epistemic_humility,0,4,4,already_correct,ambiguous,0.0103815197944641,0.4511177,2.298395,0.6595467
v5_ambiguous_0448,mixtral-8x7b,0,epistemic_humility,0,4,4,already_correct,ambiguous,0.4787253737449646,0.3864501,2.1700015,0.63235873
v5_ambiguous_0449,mixtral-8x7b,0,epistemic_humility,0,4,4,already_correct,ambiguous,0.0,0.5341706,1.9889978,0.74505126
v5_ambiguous_0450,mixtral-8x7b,0,epistemic_humility,0,4,4,already_correct,ambiguous,0.6568642854690552,0.4401607,2.1507635,0.76980215
v5_ambiguous_0451,mixtral-8x7b,0,epistemic_humility,0,4,4,already_correct,ambiguous,0.617863655090332,0.5418011,1.8634785,0.70963776
v5_ambiguous_0452,mixtral-8x7b,0,epistemic_humility,0,4,4,already_correct,ambiguous,0.7837394177913666,0.54612017,2.4041915,0.6358875
v5_ambiguous_0453,mixtral-8x7b,0,epistemic_humility,0,4,4,already_correct,ambiguous,0.297924280166626,0.4868906,2.172428,0.6902495
v5_ambiguous_0454,mixtral-8x7b,0,epistemic_humility,0,4,4,already_correct,ambiguous,0.6182959079742432,0.55159706,2.213593,0.6577567
v5_ambiguous_0455,mixtral-8x7b,0,epistemic_humility,0,4,4,already_correct,ambiguous,5.960464477539064e-08,0.4424054,2.1151292,0.7061713
v5_ambiguous_0456,mixtral-8x7b,0,epistemic_humility,0,4,4,already_correct,ambiguous,-1.1920928955078125e-07,0.497002,1.8908176,0.6465539
v5_ambiguous_0457,mixtral-8x7b,0,epistemic_humility,0,4,4,already_correct,ambiguous,0.6365478038787842,0.51278687,2.0121493,0.66096354
v5_ambiguous_0458,mixtral-8x7b,0,epistemic_humility,0,4,4,already_correct,ambiguous,5.960464477539064e-08,0.44071108,2.2977636,0.61245877
v5_ambiguous_0459,mixtral-8x7b,0,epistemic_humility,0,4,4,already_correct,ambiguous,0.6386179625988007,0.45056963,1.8808129,0.69688094
v5_ambiguous_0460,mixtral-8x7b,0,epistemic_humility,0,4,4,already_correct,ambiguous,0.284633994102478,0.5885402,2.3314197,0.6523803
v5_ambiguous_0461,mixtral-8x7b,0,epistemic_humility,0,4,4,already_correct,ambiguous,0.4581069946289062,0.5197755,2.1964154,0.6369003
v5_ambiguous_0462,mixtral-8x7b,0,epistemic_humility,0,4,4,already_correct,ambiguous,0.5312705934047699,0.51921505,2.0245879,0.7493937
v5_ambiguous_0463,mixtral-8x7b,0,epistemic_humility,0,4,4,already_correct,ambiguous,0.7070723176002502,0.48669475,3.0475237,0.6570626
v5_ambiguous_0464,mixtral-8x7b,0,epistemic_humility,0,4,4,already_correct,ambiguous,0.4828513860702514,0.4866572,2.0715039,0.6158701
v5_ambiguous_0465,mixtral-8x7b,0,epistemic_humility,0,4,4,already_correct,ambiguous,5.960464477539064e-08,0.4624437,2.402571,0.6368943
v5_ambiguous_0466,mixtral-8x7b,0,epistemic_humility,0,4,4,already_correct,ambiguous,0.8258617520332336,0.5406711,1.8942448,0.6405101
v5_ambiguous_0467,mixtral-8x7b,0,epistemic_humility,0,4,4,already_correct,ambiguous,0.6389689743518829,0.44822776,1.7486925,0.73280394
v5_ambiguous_0468,mixtral-8x7b,0,epistemic_humility,0,4,4,already_correct,ambiguous,0.3958850502967834,0.54100966,1.9618003,0.663972
v5_ambiguous_0469,mixtral-8x7b,0,epistemic_humility,0,4,4,already_correct,ambiguous,0.6749539375305176,0.5372639,2.165973,0.7002846
v5_ambiguous_0470,mixtral-8x7b,0,epistemic_humility,0,4,4,already_correct,ambiguous,0.8204442858695984,0.502997,2.028445,0.7551228
v5_ambiguous_0471,mixtral-8x7b,0,epistemic_humility,0,4,4,already_correct,ambiguous,0.4957684278488159,0.5473681,1.849837,0.65521616
v5_ambiguous_0472,mixtral-8x7b,0,epistemic_humility,0,4,4,already_correct,ambiguous,0.1243001818656921,0.4839108,1.9627824,0.6871798
v5_ambiguous_0473,mixtral-8x7b,0,epistemic_humility,0,4,4,already_correct,ambiguous,2.384185791015625e-07,0.45996684,1.635934,0.7554672
v5_ambiguous_0474,mixtral-8x7b,0,epistemic_humility,0,4,4,already_correct,ambiguous,0.053286850452423,0.42599928,2.0396242,0.68037665
v5_ambiguous_0475,mixtral-8x7b,0,epistemic_humility,0,4,4,already_correct,ambiguous,5.960464477539064e-08,0.49253428,2.4512837,0.59902817
v5_ambiguous_0476,mixtral-8x7b,0,epistemic_humility,0,4,4,already_correct,ambiguous,0.6885647773742676,0.5995691,2.3912942,0.70756656
v5_ambiguous_0477,mixtral-8x7b,0,epistemic_humility,0,4,4,already_correct,ambiguous,0.028810977935791,0.5502402,2.310011,0.6312983
v5_ambiguous_0478,mixtral-8x7b,0,epistemic_humility,0,4,4,already_correct,ambiguous,0.30743008852005,0.4483239,2.0898314,0.61896497
v5_ambiguous_0479,mixtral-8x7b,0,epistemic_humility,0,4,4,already_correct,ambiguous,0.1935418844223022,0.52759135,2.5132308,0.6672096
v5_ambiguous_0480,mixtral-8x7b,0,epistemic_humility,0,4,4,already_correct,ambiguous,0.2006031274795532,0.56334174,2.364427,0.53913265
v5_ambiguous_0481,mixtral-8x7b,0,epistemic_humility,0,4,4,already_correct,ambiguous,-1.1920928955078125e-07,0.48765177,2.426989,0.62231386
v5_ambiguous_0482,mixtral-8x7b,0,epistemic_humility,0,4,4,already_correct,ambiguous,0.6817143559455872,0.5106514,2.0160835,0.6905863
v5_ambiguous_0483,mixtral-8x7b,0,epistemic_humility,0,4,4,already_correct,ambiguous,0.2737458944320678,0.51465833,3.0150464,0.6437541
v5_ambiguous_0484,mixtral-8x7b,0,epistemic_humility,0,4,4,already_correct,ambiguous,0.3606410026550293,0.5930468,2.3192217,0.68498445
v5_ambiguous_0485,mixtral-8x7b,0,epistemic_humility,0,4,4,already_correct,ambiguous,0.0376617908477783,0.46779686,2.2497716,0.5721837
v5_ambiguous_0486,mixtral-8x7b,0,epistemic_humility,0,4,4,already_correct,ambiguous,0.5690276026725769,0.49226516,2.0828443,0.7154505
v5_ambiguous_0487,mixtral-8x7b,0,epistemic_humility,0,4,4,already_correct,ambiguous,0.1710313558578491,0.48777908,2.4803605,0.60268533
v5_ambiguous_0488,mixtral-8x7b,0,epistemic_humility,0,4,4,already_correct,ambiguous,0.2409208416938781,0.48983794,2.4214067,0.62462693
v5_ambiguous_0489,mixtral-8x7b,0,epistemic_humility,0,4,4,already_correct,ambiguous,0.0,0.5155002,2.2328694,0.6253463
v5_ambiguous_0490,mixtral-8x7b,0,epistemic_humility,0,4,4,already_correct,ambiguous,0.1279188394546508,0.5040544,2.025987,0.787657
v5_ambiguous_0491,mixtral-8x7b,0,epistemic_humility,0,4,4,already_correct,ambiguous,-1.1920928955078125e-07,0.52787924,2.5067027,0.7097007
v5_ambiguous_0492,mixtral-8x7b,0,epistemic_humility,0,4,4,already_correct,ambiguous,0.1583635210990905,0.50489885,3.1256812,0.64220595
v5_ambiguous_0493,mixtral-8x7b,0,epistemic_humility,0,4,4,already_correct,ambiguous,0.4467772841453552,0.48088425,1.9816526,0.75414526
v5_ambiguous_0494,mixtral-8x7b,0,epistemic_humility,0,4,4,already_correct,ambiguous,0.5437039136886597,0.46553248,1.9394478,0.6551286
v5_ambiguous_0495,mixtral-8x7b,0,epistemic_humility,0,4,4,already_correct,ambiguous,0.3827921152114868,0.55563617,2.3104615,0.6750609
v5_ambiguous_0496,mixtral-8x7b,0,epistemic_humility,0,4,4,already_correct,ambiguous,5.960464477539064e-08,0.54394406,3.579141,0.6401019
v5_ambiguous_0497,mixtral-8x7b,2,epistemic_humility,0,4,3,fixed,ambiguous,0.2710659503936767,0.5299568,2.2527502,0.6580429
v5_ambiguous_0498,mixtral-8x7b,0,epistemic_humility,0,4,4,already_correct,ambiguous,0.0897583961486816,0.47709513,2.2464154,0.70761645
v5_ambiguous_0499,mixtral-8x7b,0,epistemic_humility,0,4,4,already_correct,ambiguous,0.0,0.5694416,2.4284332,0.67371047
v5_ambiguous_0500,mixtral-8x7b,0,epistemic_humility,0,4,4,already_correct,ambiguous,0.3680189251899719,0.49808055,2.1990871,0.73620653
v5_ambiguous_0501,mixtral-8x7b,0,epistemic_humility,0,4,4,already_correct,ambiguous,0.1424798965454101,0.5276181,1.7919793,0.7199809
v5_ambiguous_0502,mixtral-8x7b,0,epistemic_humility,0,4,4,already_correct,ambiguous,0.3626610040664673,0.53382933,2.5539622,0.5915801
v5_ambiguous_0503,mixtral-8x7b,0,epistemic_humility,0,4,4,already_correct,ambiguous,0.0262873768806457,0.5005453,2.780663,0.6063802
v5_ambiguous_0504,mixtral-8x7b,0,epistemic_humility,0,4,4,already_correct,ambiguous,0.6528509855270386,0.4269771,1.8327254,0.7549103
v5_ambiguous_0505,mixtral-8x7b,0,epistemic_humility,0,4,4,already_correct,ambiguous,-1.1920928955078125e-07,0.47050267,2.446554,0.6913986
v5_ambiguous_0506,mixtral-8x7b,0,epistemic_humility,0,4,4,already_correct,ambiguous,-1.1920928955078125e-07,0.5256014,1.9509317,0.70097363
v5_ambiguous_0507,mixtral-8x7b,0,epistemic_humility,0,4,4,already_correct,ambiguous,0.2181914448738098,0.55407465,2.4255002,0.64252096
v5_ambiguous_0508,mixtral-8x7b,0,epistemic_humility,0,4,4,already_correct,ambiguous,0.8136302977800369,0.5062063,2.0015368,0.7022352
v5_ambiguous_0509,mixtral-8x7b,0,epistemic_humility,0,4,4,already_correct,ambiguous,0.8279072195291519,0.50968456,2.128666,0.7123701
v5_ambiguous_0510,mixtral-8x7b,0,epistemic_humility,0,4,4,already_correct,ambiguous,0.5854270756244659,0.5955013,2.146398,0.6300831
v5_ambiguous_0511,mixtral-8x7b,0,epistemic_humility,0,4,4,already_correct,ambiguous,0.7823918014764786,0.49070448,2.3067,0.7080551
v5_ambiguous_0512,mixtral-8x7b,0,epistemic_humility,0,4,4,already_correct,ambiguous,-1.1920928955078125e-07,0.5575324,2.3271387,0.6506453
v5_ambiguous_0513,mixtral-8x7b,0,epistemic_humility,0,4,4,already_correct,ambiguous,0.0859034061431884,0.5379995,2.5036385,0.59390974
v5_ambiguous_0514,mixtral-8x7b,0,epistemic_humility,0,4,4,already_correct,ambiguous,0.4321241974830627,0.45817423,2.2739213,0.6167669
v5_ambiguous_0515,mixtral-8x7b,0,epistemic_humility,0,4,4,already_correct,ambiguous,0.5433109998703003,0.4287637,2.147788,0.6297961
v5_ambiguous_0516,mixtral-8x7b,0,epistemic_humility,0,4,4,already_correct,ambiguous,1.1920928955078125e-07,0.49649125,2.422457,0.6229935
v5_ambiguous_0517,mixtral-8x7b,0,epistemic_humility,0,4,4,already_correct,ambiguous,0.3388413190841675,0.43312943,1.8175296,0.71145403
v5_ambiguous_0518,mixtral-8x7b,0,epistemic_humility,0,4,4,already_correct,ambiguous,0.4937565326690674,0.41909695,2.1701088,0.674595
v5_ambiguous_0519,mixtral-8x7b,0,epistemic_humility,0,4,4,already_correct,ambiguous,0.7861630320549011,0.49062747,1.9905851,0.6815609
v5_ambiguous_0520,mixtral-8x7b,0,epistemic_humility,0,4,4,already_correct,ambiguous,0.4250316023826599,0.5229696,1.9708357,0.6707617
v5_ambiguous_0521,mixtral-8x7b,0,epistemic_humility,0,4,4,already_correct,ambiguous,0.4572060704231262,0.5002699,2.944055,0.66698426
v5_ambiguous_0522,mixtral-8x7b,0,epistemic_humility,0,4,4,already_correct,ambiguous,0.4220545291900635,0.5457288,2.1566827,0.7437465
v5_ambiguous_0523,mixtral-8x7b,0,epistemic_humility,0,4,4,already_correct,ambiguous,5.960464477539064e-08,0.5093337,1.9784309,0.73422426
v5_ambiguous_0524,mixtral-8x7b,0,epistemic_humility,0,4,4,already_correct,ambiguous,0.6261265277862549,0.52510905,2.1015162,0.60330975
v5_ambiguous_0525,mixtral-8x7b,0,epistemic_humility,0,4,4,already_correct,ambiguous,0.2913541197776794,0.49345022,2.264769,0.66397774
v5_ambiguous_0526,mixtral-8x7b,0,epistemic_humility,0,4,4,already_correct,ambiguous,0.6743212640285492,0.5018743,2.1983118,0.696764
v5_ambiguous_0527,mixtral-8x7b,0,epistemic_humility,0,4,4,already_correct,ambiguous,0.6003813743591309,0.46813357,2.2718952,0.576342
v5_ambiguous_0528,mixtral-8x7b,0,epistemic_humility,0,4,4,already_correct,ambiguous,0.0,0.53557664,2.6989622,0.60456026
v5_ambiguous_0529,mixtral-8x7b,0,epistemic_humility,0,4,4,already_correct,ambiguous,0.3357936143875122,0.4910007,2.453176,0.57047975
v5_ambiguous_0530,mixtral-8x7b,0,epistemic_humility,0,4,4,already_correct,ambiguous,0.450620174407959,0.5917481,2.4276855,0.7388671
v5_ambiguous_0531,mixtral-8x7b,0,epistemic_humility,0,4,4,already_correct,ambiguous,-1.1920928955078125e-07,0.46657014,1.9990461,0.64284706
v5_ambiguous_0532,mixtral-8x7b,0,epistemic_humility,0,4,4,already_correct,ambiguous,0.1751394271850586,0.5278108,2.4054658,0.68725973
v5_ambiguous_0533,mixtral-8x7b,0,epistemic_humility,0,4,4,already_correct,ambiguous,0.7989062517881393,0.51958674,2.04923,0.6721927
v5_ambiguous_0534,mixtral-8x7b,0,epistemic_humility,0,4,4,already_correct,ambiguous,-1.1920928955078125e-07,0.5336851,2.2889354,0.6773076
v5_ambiguous_0535,mixtral-8x7b,0,epistemic_humility,0,4,4,already_correct,ambiguous,0.7119308114051819,0.52347195,2.3399832,0.6298364
v5_ambiguous_0536,mixtral-8x7b,0,epistemic_humility,0,4,4,already_correct,ambiguous,0.4574242234230041,0.5167494,2.1824586,0.6494849
v5_ambiguous_0537,mixtral-8x7b,0,epistemic_humility,0,4,4,already_correct,ambiguous,0.6377363801002502,0.51336753,2.3231912,0.68385375
v5_ambiguous_0538,mixtral-8x7b,0,epistemic_humility,0,4,4,already_correct,ambiguous,0.0,0.5582024,1.8389509,0.80662465
v5_ambiguous_0539,mixtral-8x7b,0,epistemic_humility,0,4,4,already_correct,ambiguous,0.2940688729286194,0.49458534,2.9516914,0.64680433
v5_ambiguous_0540,mixtral-8x7b,0,epistemic_humility,0,4,4,already_correct,ambiguous,0.7032616436481476,0.53970873,2.4189506,0.66170347
v5_ambiguous_0541,mixtral-8x7b,0,epistemic_humility,0,4,4,already_correct,ambiguous,0.2988302707672119,0.47575903,1.9665747,0.70694363
v5_ambiguous_0542,mixtral-8x7b,0,epistemic_humility,0,4,4,already_correct,ambiguous,0.6017590463161469,0.54247385,3.7623453,0.6340617
v5_ambiguous_0543,mixtral-8x7b,0,epistemic_humility,0,4,4,already_correct,ambiguous,0.2510327100753784,0.4837687,1.8429772,0.66702145
v5_ambiguous_0544,mixtral-8x7b,0,epistemic_humility,0,4,4,already_correct,ambiguous,0.7776008248329163,0.4832638,2.096811,0.797441
v5_ambiguous_0545,mixtral-8x7b,0,epistemic_humility,0,4,4,already_correct,ambiguous,0.8082228153944016,0.45560193,1.7936585,0.5964819
v5_ambiguous_0546,mixtral-8x7b,0,epistemic_humility,0,4,4,already_correct,ambiguous,0.7595808953046799,0.5828098,2.3941803,0.6775055
v5_ambiguous_0547,mixtral-8x7b,0,epistemic_humility,0,4,4,already_correct,ambiguous,0.8086758404970169,0.5196526,2.2448323,0.7170037
v5_ambiguous_0548,mixtral-8x7b,0,epistemic_humility,0,4,4,already_correct,ambiguous,0.0,0.5028688,2.1801164,0.69121593
v5_ambiguous_0549,mixtral-8x7b,0,epistemic_humility,0,4,4,already_correct,ambiguous,0.3545523285865783,0.5243974,2.3168237,0.604125
v5_ambiguous_0550,mixtral-8x7b,0,epistemic_humility,0,4,4,already_correct,ambiguous,0.3550683856010437,0.55859447,2.168655,0.6430689
v5_ambiguous_0551,mixtral-8x7b,0,epistemic_humility,0,4,4,already_correct,ambiguous,0.2543342709541321,0.4702931,2.5867617,0.6593978
v5_ambiguous_0552,mixtral-8x7b,0,epistemic_humility,0,4,4,already_correct,ambiguous,0.4738093018531799,0.4434598,1.9470654,0.68286055
v5_ambiguous_0553,mixtral-8x7b,0,epistemic_humility,0,4,4,already_correct,ambiguous,0.8501150459051132,0.484496,2.4944458,0.64734876
v5_ambiguous_0554,mixtral-8x7b,0,epistemic_humility,0,4,4,already_correct,ambiguous,0.1683045625686645,0.52358437,2.7451863,0.72760534
v5_ambiguous_0555,mixtral-8x7b,0,epistemic_humility,0,4,4,already_correct,ambiguous,0.585001528263092,0.5128063,1.9482081,0.7449714
v5_ambiguous_0556,mixtral-8x7b,0,epistemic_humility,0,4,4,already_correct,ambiguous,0.4309276342391968,0.4750914,2.227782,0.58286715
v5_ambiguous_0557,mixtral-8x7b,0,epistemic_humility,0,4,4,already_correct,ambiguous,0.8024830669164658,0.4767626,2.073276,0.64417017
v5_ambiguous_0558,mixtral-8x7b,0,epistemic_humility,0,4,4,already_correct,ambiguous,5.960464477539064e-08,0.54118794,2.0161698,0.6522417
v5_ambiguous_0559,mixtral-8x7b,0,epistemic_humility,0,4,4,already_correct,ambiguous,0.177391231060028,0.45754945,2.3334174,0.6259909
v5_ambiguous_0560,mixtral-8x7b,0,epistemic_humility,0,4,4,already_correct,ambiguous,0.2531745433807373,0.49453193,2.4622538,0.65698487
v5_ambiguous_0561,mixtral-8x7b,0,epistemic_humility,0,4,4,already_correct,ambiguous,0.7480047941207886,0.50515425,2.3763678,0.7010401
v5_ambiguous_0562,mixtral-8x7b,0,epistemic_humility,0,4,4,already_correct,ambiguous,0.0,0.51342905,2.0928922,0.6460844
v5_ambiguous_0563,mixtral-8x7b,0,epistemic_humility,0,4,4,already_correct,ambiguous,0.5314927101135254,0.54679495,2.052457,0.67920196
v5_ambiguous_0564,mixtral-8x7b,0,epistemic_humility,0,4,4,already_correct,ambiguous,0.7976943701505661,0.5108387,2.269891,0.6493411
v5_ambiguous_0565,mixtral-8x7b,0,epistemic_humility,0,4,4,already_correct,ambiguous,0.1726638674736023,0.4737429,2.2130055,0.6168065
v5_ambiguous_0566,mixtral-8x7b,0,epistemic_humility,0,4,4,already_correct,ambiguous,0.5816817283630371,0.516729,2.4012513,0.6775659
v5_ambiguous_0567,mixtral-8x7b,0,epistemic_humility,0,4,4,already_correct,ambiguous,0.0109527111053466,0.52005637,1.6676857,0.7116554
v5_ambiguous_0568,mixtral-8x7b,0,epistemic_humility,0,4,4,already_correct,ambiguous,0.5247519314289093,0.4940679,1.9031134,0.7083761
v5_ambiguous_0569,mixtral-8x7b,0,epistemic_humility,0,4,4,already_correct,ambiguous,0.7894551753997803,0.54209363,2.1863565,0.73266655
v5_ambiguous_0570,mixtral-8x7b,0,epistemic_humility,0,4,4,already_correct,ambiguous,0.0,0.4944228,2.0742855,0.68247825
v5_ambiguous_0571,mixtral-8x7b,0,epistemic_humility,0,4,4,already_correct,ambiguous,0.6684659123420715,0.5085887,2.8847864,0.64516884
v5_ambiguous_0572,mixtral-8x7b,0,epistemic_humility,0,4,4,already_correct,ambiguous,-1.1920928955078125e-07,0.56405604,2.3399994,0.66183686
v5_ambiguous_0573,mixtral-8x7b,0,epistemic_humility,0,4,4,already_correct,ambiguous,0.0,0.4405691,2.2363846,0.66133255
v5_ambiguous_0574,mixtral-8x7b,0,epistemic_humility,0,4,4,already_correct,ambiguous,0.2370014786720276,0.55134296,2.7103946,0.5995852
v5_ambiguous_0575,mixtral-8x7b,0,epistemic_humility,0,4,4,already_correct,ambiguous,0.3398581743240356,0.41555578,2.102886,0.60849065
v5_ambiguous_0576,mixtral-8x7b,0,epistemic_humility,0,4,4,already_correct,ambiguous,0.1324506998062133,0.44901317,2.0620427,0.6147388
v5_ambiguous_0577,mixtral-8x7b,0,epistemic_humility,0,4,4,already_correct,ambiguous,0.0068841576576232,0.45279378,1.8073494,0.76922846
v5_ambiguous_0578,mixtral-8x7b,0,epistemic_humility,0,4,4,already_correct,ambiguous,0.7893198281526566,0.5148818,2.286352,0.7522658
v5_ambiguous_0579,mixtral-8x7b,0,epistemic_humility,0,4,4,already_correct,ambiguous,0.5727134048938751,0.49068576,3.1591644,0.62420136
v5_ambiguous_0580,mixtral-8x7b,0,epistemic_humility,0,4,4,already_correct,ambiguous,0.7382965087890625,0.5287634,1.8694812,0.6670691
v5_ambiguous_0581,mixtral-8x7b,0,epistemic_humility,0,4,4,already_correct,ambiguous,0.4830723404884338,0.5425068,2.4392328,0.72992253
v5_ambiguous_0582,mixtral-8x7b,0,epistemic_humility,0,4,4,already_correct,ambiguous,0.6435762941837311,0.5029875,2.4277627,0.6602782
v5_ambiguous_0583,mixtral-8x7b,0,epistemic_humility,0,4,4,already_correct,ambiguous,0.5107572078704834,0.5734904,2.4990525,0.6172569
v5_ambiguous_0584,mixtral-8x7b,0,epistemic_humility,0,4,4,already_correct,ambiguous,0.2684792280197143,0.5531298,2.6819537,0.7035204
v5_ambiguous_0585,mixtral-8x7b,0,epistemic_humility,0,4,4,already_correct,ambiguous,0.7265188694000244,0.5621203,2.244561,0.70701665
v5_ambiguous_0586,mixtral-8x7b,0,epistemic_humility,0,4,4,already_correct,ambiguous,0.6448580622673035,0.3976643,2.2460954,0.6807781
v5_ambiguous_0587,mixtral-8x7b,0,epistemic_humility,0,4,4,already_correct,ambiguous,-1.1920928955078125e-07,0.4755879,2.3518128,0.62755644
v5_ambiguous_0588,mixtral-8x7b,0,epistemic_humility,0,4,4,already_correct,ambiguous,0.5651408135890961,0.49770218,2.0228128,0.71484363
v5_ambiguous_0589,mixtral-8x7b,0,epistemic_humility,0,4,4,already_correct,ambiguous,0.8344081491231918,0.55707705,2.0491273,0.7022759
v5_ambiguous_0590,mixtral-8x7b,0,epistemic_humility,0,4,4,already_correct,ambiguous,0.519466906785965,0.47729433,2.3232362,0.66340864
v5_ambiguous_0591,mixtral-8x7b,0,epistemic_humility,0,4,4,already_correct,ambiguous,0.5946345329284668,0.5672392,2.7972565,0.6310652
v5_ambiguous_0592,mixtral-8x7b,0,epistemic_humility,0,4,4,already_correct,ambiguous,5.960464477539064e-08,0.5172287,2.3742056,0.63876194
v5_ambiguous_0593,mixtral-8x7b,0,epistemic_humility,0,4,4,already_correct,ambiguous,1.1920928955078125e-07,0.5326443,2.5000725,0.65564513
v5_ambiguous_0594,mixtral-8x7b,0,epistemic_humility,0,4,4,already_correct,ambiguous,0.6663837134838104,0.41810888,2.213454,0.63785607
v5_ambiguous_0595,mixtral-8x7b,0,epistemic_humility,0,4,4,already_correct,ambiguous,0.4223825335502624,0.59361017,2.499391,0.6549652
v5_ambiguous_0596,mixtral-8x7b,0,epistemic_humility,0,4,4,already_correct,ambiguous,0.2396386265754699,0.46478093,3.6795857,0.649251
v5_ambiguous_0597,mixtral-8x7b,0,epistemic_humility,0,4,4,already_correct,ambiguous,0.3405581712722778,0.5496384,2.1588094,0.6242429
v5_ambiguous_0598,mixtral-8x7b,0,epistemic_humility,0,4,4,already_correct,ambiguous,0.2353604435920715,0.5408372,2.4669216,0.64574385
v5_ambiguous_0599,mixtral-8x7b,0,epistemic_humility,0,4,4,already_correct,ambiguous,0.8087553530931473,0.50128454,1.9967818,0.75756544
v5_ambiguous_0600,mixtral-8x7b,0,epistemic_humility,0,4,4,already_correct,ambiguous,0.0489426851272583,0.47847766,2.3092704,0.6968855
v5_borderline_edge_0001,mixtral-8x7b,1,fact_grounded,0,4,4,other,borderline_edge_factual,0.0,0.47005016,1.3930663,0.77812696
v5_borderline_edge_0002,mixtral-8x7b,0,epistemic_humility,0,4,4,already_correct,borderline_edge_factual,0.6315143704414368,0.41469777,1.6571959,0.7862127
v5_borderline_edge_0003,mixtral-8x7b,0,fact_grounded,0,4,3,regressed,borderline_edge_factual,0.1155983209609985,0.39417136,1.4718043,0.7346096
v5_borderline_edge_0004,mixtral-8x7b,0,epistemic_humility,0,4,4,already_correct,borderline_edge_factual,0.4716945886611938,0.36941695,1.5650569,0.8161024
v5_borderline_edge_0005,mixtral-8x7b,0,epistemic_humility,0,4,4,already_correct,borderline_edge_factual,0.7055274248123169,0.3780405,1.5285946,0.82655853
v5_borderline_edge_0006,mixtral-8x7b,0,epistemic_humility,0,4,4,already_correct,borderline_edge_factual,0.5092686116695404,0.4232735,1.4012061,0.78785497
v5_borderline_edge_0007,mixtral-8x7b,0,epistemic_humility,0,4,4,already_correct,borderline_edge_factual,-1.1920928955078125e-07,0.43581647,1.6502786,0.7325768
v5_borderline_edge_0008,mixtral-8x7b,0,epistemic_humility,0,4,4,already_correct,borderline_edge_factual,1.1920928955078125e-07,0.49546146,1.3316289,0.74660015
v5_borderline_edge_0009,mixtral-8x7b,0,epistemic_humility,0,4,4,already_correct,borderline_edge_factual,0.5906161069869995,0.40369964,1.4727768,0.7795847
v5_borderline_edge_0010,mixtral-8x7b,0,epistemic_humility,0,4,4,already_correct,borderline_edge_factual,5.960464477539064e-08,0.32913685,1.3583556,0.8034806
v5_borderline_edge_0011,mixtral-8x7b,1,epistemic_humility,0,4,4,other,borderline_edge_factual,0.154010534286499,0.40298474,1.8337114,0.7113578
v5_borderline_edge_0012,mixtral-8x7b,0,epistemic_humility,0,4,4,already_correct,borderline_edge_factual,1.1920928955078125e-07,0.43139845,1.6793741,0.73253226
v5_borderline_edge_0013,mixtral-8x7b,0,epistemic_humility,0,4,4,already_correct,borderline_edge_factual,5.960464477539064e-08,0.4029739,1.9987719,0.7756026
v5_borderline_edge_0014,mixtral-8x7b,0,epistemic_humility,0,4,4,already_correct,borderline_edge_factual,0.6777533292770386,0.42125636,1.5359615,0.8037158
v5_borderline_edge_0015,mixtral-8x7b,0,epistemic_humility,0,4,4,already_correct,borderline_edge_factual,0.1416938304901123,0.36631936,1.4577318,0.8526969
v5_borderline_edge_0016,mixtral-8x7b,0,epistemic_humility,0,4,4,already_correct,borderline_edge_factual,0.4846316576004028,0.39466536,1.4585388,0.79224706
v5_borderline_edge_0017,mixtral-8x7b,0,epistemic_humility,0,4,4,already_correct,borderline_edge_factual,0.6526318490505219,0.42206854,1.6348226,0.7833824
v5_borderline_edge_0018,mixtral-8x7b,0,epistemic_humility,0,4,4,already_correct,borderline_edge_factual,0.0,0.4009611,2.0878854,0.8023786
v5_borderline_edge_0019,mixtral-8x7b,0,epistemic_humility,0,4,4,already_correct,borderline_edge_factual,0.3300540447235107,0.42791063,1.5705905,0.7417275
v5_borderline_edge_0020,mixtral-8x7b,1,epistemic_humility,0,4,4,other,borderline_edge_factual,0.0,0.36631334,1.3727738,0.83532
v5_borderline_edge_0021,mixtral-8x7b,2,fact_grounded,0,4,4,fixed,borderline_edge_factual,0.5256439447402954,0.3602187,1.6828704,0.80836946
v5_borderline_edge_0022,mixtral-8x7b,0,epistemic_humility,0,4,4,already_correct,borderline_edge_factual,0.0,0.4153757,1.6118928,0.7053304
v5_borderline_edge_0023,mixtral-8x7b,0,epistemic_humility,0,4,4,already_correct,borderline_edge_factual,5.960464477539064e-08,0.34000355,1.5115913,0.79282266
v5_borderline_edge_0024,mixtral-8x7b,0,epistemic_humility,0,4,4,already_correct,borderline_edge_factual,-1.1920928955078125e-07,0.44586372,2.09449,0.7977883
v5_borderline_edge_0025,mixtral-8x7b,2,entity_aware,0,4,2,fixed,borderline_edge_factual,1.1920928955078125e-07,0.3932734,1.6459625,0.7541078
v5_borderline_edge_0026,mixtral-8x7b,2,structured_caution,0,4,1,fixed,borderline_edge_factual,0.0,0.35966384,1.4935329,0.79037654
v5_borderline_edge_0027,mixtral-8x7b,0,epistemic_humility,0,4,4,already_correct,borderline_edge_factual,0.1775983572006225,0.39723623,1.9381452,0.7598281
v5_borderline_edge_0028,mixtral-8x7b,0,epistemic_humility,0,4,4,already_correct,borderline_edge_factual,0.2053520083427429,0.38219094,1.4416698,0.8300245
v5_borderline_edge_0029,mixtral-8x7b,0,epistemic_humility,0,4,4,already_correct,borderline_edge_factual,0.5569068193435669,0.3678254,1.4034581,0.794975
v5_borderline_edge_0030,mixtral-8x7b,0,epistemic_humility,0,4,4,already_correct,borderline_edge_factual,0.4353221654891968,0.4768437,1.5581753,0.7820871
v5_borderline_edge_0031,mixtral-8x7b,0,epistemic_humility,0,4,4,already_correct,borderline_edge_factual,0.4323596358299255,0.40971345,1.4999251,0.8257672
v5_borderline_edge_0032,mixtral-8x7b,0,epistemic_humility,0,4,4,already_correct,borderline_edge_factual,1.1920928955078125e-07,0.41677594,1.9351966,0.7479135
v5_borderline_edge_0033,mixtral-8x7b,0,epistemic_humility,0,4,4,already_correct,borderline_edge_factual,0.6170544624328613,0.46519768,1.5687044,0.7857771
v5_borderline_edge_0034,mixtral-8x7b,0,epistemic_humility,0,4,4,already_correct,borderline_edge_factual,0.6455379128456116,0.36431718,1.3592589,0.7477642
v5_borderline_edge_0035,mixtral-8x7b,0,epistemic_humility,0,4,4,already_correct,borderline_edge_factual,0.2430698871612548,0.407632,1.5660676,0.72679794
v5_borderline_edge_0036,mixtral-8x7b,0,epistemic_humility,0,4,4,already_correct,borderline_edge_factual,0.0724537372589111,0.40622002,1.6547128,0.7490935
v5_borderline_edge_0037,mixtral-8x7b,0,epistemic_humility,0,4,4,already_correct,borderline_edge_factual,0.6501861214637756,0.4139623,1.9738348,0.76863545
v5_borderline_edge_0038,mixtral-8x7b,0,epistemic_humility,0,4,4,already_correct,borderline_edge_factual,0.6099870800971985,0.4276256,1.6978302,0.7494903
v5_borderline_edge_0039,mixtral-8x7b,0,epistemic_humility,0,4,4,already_correct,borderline_edge_factual,-1.1920928955078125e-07,0.42193657,1.432675,0.8016331
v5_borderline_edge_0040,mixtral-8x7b,0,epistemic_humility,0,4,4,already_correct,borderline_edge_factual,0.4104752540588379,0.42075062,1.4464037,0.7512907
v5_borderline_edge_0041,mixtral-8x7b,0,epistemic_humility,0,4,4,already_correct,borderline_edge_factual,0.0,0.40909183,1.3582678,0.8169688
v5_borderline_edge_0042,mixtral-8x7b,1,fact_grounded,0,4,4,other,borderline_edge_factual,0.1795211434364318,0.38509876,2.015035,0.77093273
v5_borderline_edge_0043,mixtral-8x7b,0,epistemic_humility,0,4,4,already_correct,borderline_edge_factual,0.6094233393669128,0.4483744,1.6846799,0.7821454
v5_borderline_edge_0044,mixtral-8x7b,0,epistemic_humility,0,4,4,already_correct,borderline_edge_factual,0.5646031498908997,0.3960579,1.6194276,0.8488112
v5_borderline_edge_0045,mixtral-8x7b,0,epistemic_humility,0,4,4,already_correct,borderline_edge_factual,0.2712624669075012,0.33295727,1.6413925,0.8152829
v5_borderline_edge_0046,mixtral-8x7b,0,epistemic_humility,0,4,4,already_correct,borderline_edge_factual,-1.1920928955078125e-07,0.38208055,1.5481961,0.7821814
v5_borderline_edge_0047,mixtral-8x7b,0,epistemic_humility,0,4,4,already_correct,borderline_edge_factual,5.960464477539064e-08,0.4018625,1.5522342,0.76703453
v5_borderline_edge_0048,mixtral-8x7b,0,epistemic_humility,0,4,4,already_correct,borderline_edge_factual,0.8635749071836472,0.43310463,1.6816541,0.752508
v5_borderline_edge_0049,mixtral-8x7b,0,epistemic_humility,0,4,4,already_correct,borderline_edge_factual,0.380982756614685,0.4686215,1.4653778,0.7962346
v5_borderline_edge_0050,mixtral-8x7b,0,epistemic_humility,0,4,4,already_correct,borderline_edge_factual,0.5595843493938446,0.44952667,2.2725713,0.74803007
v5_borderline_edge_0051,mixtral-8x7b,0,epistemic_humility,0,4,4,already_correct,borderline_edge_factual,0.8398870676755905,0.45876467,1.6535745,0.80042654
v5_borderline_edge_0052,mixtral-8x7b,0,epistemic_humility,0,4,4,already_correct,borderline_edge_factual,0.8595965057611465,0.4737774,1.4747593,0.80448556
v5_borderline_edge_0053,mixtral-8x7b,0,epistemic_humility,0,4,4,already_correct,borderline_edge_factual,0.2277535796165466,0.4559694,1.6697502,0.74776244
v5_borderline_edge_0054,mixtral-8x7b,0,epistemic_humility,0,4,4,already_correct,borderline_edge_factual,0.5259187817573547,0.38778394,1.4221298,0.8209949
v5_borderline_edge_0055,mixtral-8x7b,0,epistemic_humility,0,4,2,regressed,borderline_edge_factual,0.7963771820068359,0.45940447,1.981353,0.7701891
v5_borderline_edge_0056,mixtral-8x7b,0,epistemic_humility,0,4,4,already_correct,borderline_edge_factual,0.0,0.36801088,1.4552712,0.73668134
v5_borderline_edge_0057,mixtral-8x7b,0,epistemic_humility,0,4,4,already_correct,borderline_edge_factual,0.4726898670196533,0.41592658,1.5087973,0.8020997
v5_borderline_edge_0058,mixtral-8x7b,0,epistemic_humility,0,4,2,regressed,borderline_edge_factual,5.960464477539064e-08,0.40143543,2.0316784,0.7917267
v5_borderline_edge_0059,mixtral-8x7b,0,epistemic_humility,0,4,4,already_correct,borderline_edge_factual,0.758026972413063,0.41672534,1.6746851,0.75916606
v5_borderline_edge_0060,mixtral-8x7b,0,epistemic_humility,0,4,4,already_correct,borderline_edge_factual,0.2935680150985718,0.43251675,1.6971318,0.7275956
v5_borderline_edge_0061,mixtral-8x7b,0,epistemic_humility,0,4,4,already_correct,borderline_edge_factual,0.0905714035034179,0.39864606,1.5286747,0.74563706
v5_borderline_edge_0062,mixtral-8x7b,0,epistemic_humility,0,4,4,already_correct,borderline_edge_factual,5.960464477539064e-08,0.47192442,1.9481585,0.81152
v5_borderline_edge_0063,mixtral-8x7b,0,epistemic_humility,0,4,4,already_correct,borderline_edge_factual,0.0,0.45073396,1.5854084,0.78936076
v5_borderline_edge_0064,mixtral-8x7b,0,epistemic_humility,0,4,4,already_correct,borderline_edge_factual,0.8434946686029434,0.3723815,1.7384176,0.7711724
v5_borderline_edge_0065,mixtral-8x7b,0,epistemic_humility,0,4,4,already_correct,borderline_edge_factual,0.4229785203933716,0.50950766,2.44838,0.8415414
v5_borderline_edge_0066,mixtral-8x7b,0,epistemic_humility,0,4,4,already_correct,borderline_edge_factual,0.5362537801265717,0.39118838,1.5031297,0.81612074
v5_borderline_edge_0067,mixtral-8x7b,0,epistemic_humility,0,4,4,already_correct,borderline_edge_factual,5.960464477539064e-08,0.4843701,1.7465656,0.7778728
v5_borderline_edge_0068,mixtral-8x7b,1,fact_grounded,0,4,3,other,borderline_edge_factual,0.7322761118412018,0.47569895,1.8592865,0.7192142
v5_borderline_edge_0069,mixtral-8x7b,0,epistemic_humility,0,4,4,already_correct,borderline_edge_factual,0.1436278820037841,0.40152568,1.3749975,0.8361802
v5_borderline_edge_0070,mixtral-8x7b,0,epistemic_humility,0,4,4,already_correct,borderline_edge_factual,0.2758153080940246,0.4912458,1.6618428,0.7507377
v5_borderline_edge_0071,mixtral-8x7b,0,epistemic_humility,0,4,4,already_correct,borderline_edge_factual,0.8089744001626968,0.47246897,1.6397136,0.8249128
v5_borderline_edge_0072,mixtral-8x7b,0,epistemic_humility,0,4,4,already_correct,borderline_edge_factual,0.1332466006278991,0.36822253,1.3804809,0.8631356
v5_borderline_edge_0073,mixtral-8x7b,0,epistemic_humility,0,4,4,already_correct,borderline_edge_factual,0.8033029437065125,0.3781479,2.055685,0.7830226
v5_borderline_edge_0074,mixtral-8x7b,0,epistemic_humility,0,4,4,already_correct,borderline_edge_factual,0.121080994606018,0.35062772,1.3739841,0.76529074
v5_borderline_edge_0075,mixtral-8x7b,0,epistemic_humility,0,4,4,already_correct,borderline_edge_factual,0.4363085031509399,0.4347551,1.4794929,0.8108157
v5_borderline_edge_0076,mixtral-8x7b,0,epistemic_humility,0,4,4,already_correct,borderline_edge_factual,-1.1920928955078125e-07,0.37628382,1.3220713,0.8303608
v5_borderline_edge_0077,mixtral-8x7b,0,epistemic_humility,0,4,4,already_correct,borderline_edge_factual,0.0,0.45097202,1.6034636,0.7336847
v5_borderline_edge_0078,mixtral-8x7b,0,epistemic_humility,0,4,4,already_correct,borderline_edge_factual,5.960464477539064e-08,0.43796307,1.540946,0.785176
v5_borderline_edge_0079,mixtral-8x7b,0,epistemic_humility,0,4,4,already_correct,borderline_edge_factual,0.278454065322876,0.44649237,1.6532712,0.73283994
v5_borderline_edge_0080,mixtral-8x7b,0,epistemic_humility,0,4,4,already_correct,borderline_edge_factual,0.802168682217598,0.40999216,1.8768884,0.7595097
v5_borderline_edge_0081,mixtral-8x7b,0,epistemic_humility,0,4,4,already_correct,borderline_edge_factual,5.960464477539064e-08,0.410051,1.5307567,0.7390325
v5_borderline_edge_0082,mixtral-8x7b,0,epistemic_humility,0,4,4,already_correct,borderline_edge_factual,0.806987002491951,0.4254375,1.8334204,0.75371015
v5_borderline_edge_0083,mixtral-8x7b,0,epistemic_humility,0,4,4,already_correct,borderline_edge_factual,5.960464477539064e-08,0.40422112,1.8140372,0.7910183
v5_borderline_edge_0084,mixtral-8x7b,0,epistemic_humility,0,4,4,already_correct,borderline_edge_factual,5.960464477539064e-08,0.4294561,1.5342183,0.78152907
v5_borderline_edge_0085,mixtral-8x7b,1,entity_aware,0,4,3,other,borderline_edge_factual,0.2583515048027038,0.40112656,1.5557039,0.7986969
v5_borderline_edge_0086,mixtral-8x7b,0,epistemic_humility,0,4,4,already_correct,borderline_edge_factual,0.0,0.3956877,1.7040776,0.7725284
v5_borderline_edge_0087,mixtral-8x7b,0,epistemic_humility,0,4,4,already_correct,borderline_edge_factual,0.1429579257965088,0.37899566,1.3724918,0.80900836
v5_borderline_edge_0088,mixtral-8x7b,0,epistemic_humility,0,4,4,already_correct,borderline_edge_factual,0.4361674189567566,0.37949812,1.3669125,0.82471174
v5_borderline_edge_0089,mixtral-8x7b,0,epistemic_humility,0,4,4,already_correct,borderline_edge_factual,0.4338350296020508,0.46518123,1.6007717,0.76354396
v5_borderline_edge_0090,mixtral-8x7b,0,epistemic_humility,0,4,4,already_correct,borderline_edge_factual,0.4570650458335876,0.46713734,1.5876701,0.75930464
v5_borderline_edge_0091,mixtral-8x7b,0,epistemic_humility,0,4,4,already_correct,borderline_edge_factual,0.0096982717514038,0.4601032,2.2194915,0.80429816
v5_borderline_edge_0092,mixtral-8x7b,0,epistemic_humility,0,4,4,already_correct,borderline_edge_factual,1.788139343261719e-07,0.37284738,1.3439877,0.7796724
v5_borderline_edge_0093,mixtral-8x7b,0,epistemic_humility,0,4,4,already_correct,borderline_edge_factual,0.5764818787574768,0.46056217,2.3196592,0.77806985
v5_borderline_edge_0094,mixtral-8x7b,0,epistemic_humility,0,4,4,already_correct,borderline_edge_factual,0.0,0.5082265,1.4630331,0.7771435
v5_borderline_edge_0095,mixtral-8x7b,0,epistemic_humility,0,4,4,already_correct,borderline_edge_factual,0.749642550945282,0.44646925,1.3718427,0.8942867
v5_borderline_edge_0096,mixtral-8x7b,0,epistemic_humility,0,4,4,already_correct,borderline_edge_factual,0.0922983288764953,0.3922171,1.4313569,0.8011162
v5_borderline_edge_0097,mixtral-8x7b,0,epistemic_humility,0,4,4,already_correct,borderline_edge_factual,-1.1920928955078125e-07,0.4019842,1.3724755,0.7815386
v5_borderline_edge_0098,mixtral-8x7b,0,epistemic_humility,0,4,4,already_correct,borderline_edge_factual,0.565648078918457,0.4491037,2.3182287,0.7720077
v5_borderline_edge_0099,mixtral-8x7b,0,epistemic_humility,0,4,4,already_correct,borderline_edge_factual,1.1920928955078125e-07,0.46988517,1.6452042,0.8200293
v5_borderline_edge_0100,mixtral-8x7b,0,epistemic_humility,0,4,4,already_correct,borderline_edge_factual,0.5445363521575928,0.44909334,1.5780494,0.7341186
v5_borderline_edge_0101,mixtral-8x7b,0,epistemic_humility,0,4,4,already_correct,borderline_edge_factual,0.0,0.45297784,1.817945,0.73121077
v5_borderline_edge_0102,mixtral-8x7b,0,epistemic_humility,0,4,4,already_correct,borderline_edge_factual,0.0,0.3831851,1.9136683,0.7944448
v5_borderline_edge_0103,mixtral-8x7b,0,epistemic_humility,0,4,4,already_correct,borderline_edge_factual,0.6891591846942902,0.49648613,2.276212,0.73251456
v5_borderline_edge_0104,mixtral-8x7b,0,epistemic_humility,0,4,4,already_correct,borderline_edge_factual,0.3157144784927368,0.5245621,1.788116,0.7661363
v5_borderline_edge_0105,mixtral-8x7b,0,epistemic_humility,0,4,4,already_correct,borderline_edge_factual,0.0118541121482849,0.47466433,1.5276442,0.73473907
v5_borderline_edge_0106,mixtral-8x7b,0,epistemic_humility,0,4,4,already_correct,borderline_edge_factual,0.1549814343452453,0.4461422,1.4821029,0.73853093
v5_borderline_edge_0107,mixtral-8x7b,2,structured_caution,0,4,2,fixed,borderline_edge_factual,0.305648922920227,0.4271496,1.7771928,0.73649263
v5_borderline_edge_0108,mixtral-8x7b,0,epistemic_humility,0,4,4,already_correct,borderline_edge_factual,0.3312327861785888,0.43436694,1.4695661,0.73908997
v5_borderline_edge_0109,mixtral-8x7b,0,epistemic_humility,0,4,4,already_correct,borderline_edge_factual,0.0,0.4399473,1.5548842,0.68828064
v5_borderline_edge_0110,mixtral-8x7b,0,epistemic_humility,0,4,4,already_correct,borderline_edge_factual,0.1997379660606384,0.39830422,1.4688078,0.7222679
v5_borderline_edge_0111,mixtral-8x7b,0,epistemic_humility,0,4,4,already_correct,borderline_edge_factual,0.6938874423503876,0.38502198,1.7947567,0.7964357
v5_borderline_edge_0112,mixtral-8x7b,0,epistemic_humility,0,4,4,already_correct,borderline_edge_factual,0.0125719308853149,0.4101163,1.5118384,0.770771
v5_borderline_edge_0113,mixtral-8x7b,0,epistemic_humility,0,4,4,already_correct,borderline_edge_factual,0.1987000107765197,0.3392594,1.4724897,0.8260635
v5_borderline_edge_0114,mixtral-8x7b,0,epistemic_humility,0,4,4,already_correct,borderline_edge_factual,0.6947419047355652,0.4757626,1.7853804,0.7825136
v5_borderline_edge_0115,mixtral-8x7b,0,epistemic_humility,0,4,4,already_correct,borderline_edge_factual,0.597417414188385,0.3847407,1.5384816,0.7522669
v5_borderline_edge_0116,mixtral-8x7b,0,epistemic_humility,0,4,4,already_correct,borderline_edge_factual,0.2483834028244018,0.46721083,1.836977,0.7753468
v5_borderline_edge_0117,mixtral-8x7b,0,epistemic_humility,0,4,4,already_correct,borderline_edge_factual,0.5049267709255219,0.47078896,1.5439512,0.8476106
v5_borderline_edge_0118,mixtral-8x7b,1,epistemic_humility,0,4,4,other,borderline_edge_factual,0.0,0.4859938,1.2490495,0.90465605
v5_borderline_edge_0119,mixtral-8x7b,0,epistemic_humility,0,4,4,already_correct,borderline_edge_factual,0.8580266684293747,0.4422707,1.7174474,0.7476966
v5_borderline_edge_0120,mixtral-8x7b,0,epistemic_humility,0,4,4,already_correct,borderline_edge_factual,0.1453235745429992,0.45112687,1.4359671,0.7725065
v5_borderline_edge_0121,mixtral-8x7b,0,epistemic_humility,0,4,4,already_correct,borderline_edge_factual,5.960464477539064e-08,0.40749294,1.6843697,0.7429564
v5_borderline_edge_0122,mixtral-8x7b,0,epistemic_humility,0,4,4,already_correct,borderline_edge_factual,0.2064633965492248,0.3521093,1.484705,0.809469
v5_borderline_edge_0123,mixtral-8x7b,0,epistemic_humility,0,4,4,already_correct,borderline_edge_factual,0.8434944301843643,0.37912738,1.814939,0.75851303
v5_borderline_edge_0124,mixtral-8x7b,0,epistemic_humility,0,4,4,already_correct,borderline_edge_factual,0.7307935059070587,0.39145023,1.8348874,0.7554908
v5_borderline_edge_0125,mixtral-8x7b,0,epistemic_humility,0,4,2,regressed,borderline_edge_factual,0.7573665231466293,0.4504658,1.6991069,0.7794368
v5_borderline_edge_0126,mixtral-8x7b,0,epistemic_humility,0,4,4,already_correct,borderline_edge_factual,0.2498362064361572,0.42589337,1.4605229,0.79211605
v5_borderline_edge_0127,mixtral-8x7b,0,epistemic_humility,0,4,4,already_correct,borderline_edge_factual,0.0,0.38316387,2.0640788,0.8041408
v5_borderline_edge_0128,mixtral-8x7b,0,epistemic_humility,0,4,4,already_correct,borderline_edge_factual,5.960464477539064e-08,0.41546863,1.5829945,0.7392171
v5_borderline_edge_0129,mixtral-8x7b,0,fact_grounded,0,4,2,regressed,borderline_edge_factual,-1.1920928955078125e-07,0.43354857,1.448687,0.73245776
v5_borderline_edge_0130,mixtral-8x7b,0,epistemic_humility,0,4,4,already_correct,borderline_edge_factual,0.3506522178649902,0.36214268,1.4699724,0.7848445
v5_borderline_fake_0001,mixtral-8x7b,0,epistemic_humility,0,4,4,already_correct,borderline_plausible_fake,5.960464477539064e-08,0.5064286,1.9121644,0.6733068
v5_borderline_fake_0002,mixtral-8x7b,2,epistemic_humility,0,4,4,fixed,borderline_plausible_fake,5.960464477539064e-08,0.5029788,1.701124,0.6883464
v5_borderline_fake_0003,mixtral-8x7b,0,epistemic_humility,0,4,4,already_correct,borderline_plausible_fake,-1.1920928955078125e-07,0.48277426,1.5500487,0.7543547
v5_borderline_fake_0004,mixtral-8x7b,0,epistemic_humility,0,4,4,already_correct,borderline_plausible_fake,0.6510353684425354,0.5183457,2.038538,0.6620938
v5_borderline_fake_0005,mixtral-8x7b,2,epistemic_humility,0,4,3,fixed,borderline_plausible_fake,0.5356787741184235,0.58930945,1.9266336,0.6806456
v5_borderline_fake_0006,mixtral-8x7b,0,epistemic_humility,0,4,4,already_correct,borderline_plausible_fake,0.4851560592651367,0.43820977,1.768263,0.8328081
v5_borderline_fake_0007,mixtral-8x7b,0,epistemic_humility,0,4,4,already_correct,borderline_plausible_fake,0.5135833621025085,0.4777938,1.887957,0.7425274
v5_borderline_fake_0008,mixtral-8x7b,2,fact_grounded,0,4,3,fixed,borderline_plausible_fake,0.1093402504920959,0.5557232,1.814464,0.67672557
v5_borderline_fake_0009,mixtral-8x7b,0,epistemic_humility,0,4,4,already_correct,borderline_plausible_fake,0.7728038132190704,0.5004198,1.6326237,0.7476182
v5_borderline_fake_0010,mixtral-8x7b,0,epistemic_humility,0,4,4,already_correct,borderline_plausible_fake,0.8411297649145126,0.44803375,2.136112,0.67206466
v5_borderline_fake_0011,mixtral-8x7b,2,fact_grounded,0,4,3,fixed,borderline_plausible_fake,0.8710500299930573,0.56024873,1.9327037,0.57477194
v5_borderline_fake_0012,mixtral-8x7b,2,epistemic_humility,2,4,0,still_broken,borderline_plausible_fake,0.0773553252220153,0.4346714,1.5825872,0.7599455
v5_borderline_fake_0013,mixtral-8x7b,2,epistemic_humility,0,4,4,fixed,borderline_plausible_fake,0.8569756746292114,0.50453794,1.8287175,0.68329906
v5_borderline_fake_0014,mixtral-8x7b,0,epistemic_humility,0,4,4,already_correct,borderline_plausible_fake,0.1522535681724548,0.48950046,1.8585454,0.6383822
v5_borderline_fake_0015,mixtral-8x7b,0,epistemic_humility,0,4,4,already_correct,borderline_plausible_fake,0.7094338238239288,0.44933158,1.6808097,0.77423275
v5_borderline_fake_0016,mixtral-8x7b,2,fact_grounded,0,4,3,fixed,borderline_plausible_fake,0.713245689868927,0.5017066,1.9882343,0.667668
v5_borderline_fake_0017,mixtral-8x7b,2,fact_grounded,0,4,3,fixed,borderline_plausible_fake,0.5454438924789429,0.5161349,2.032861,0.6305413
v5_borderline_fake_0018,mixtral-8x7b,0,epistemic_humility,0,4,4,already_correct,borderline_plausible_fake,5.960464477539064e-08,0.47313446,1.8513166,0.7570795
v5_borderline_fake_0019,mixtral-8x7b,0,epistemic_humility,0,4,4,already_correct,borderline_plausible_fake,5.960464477539064e-08,0.5074283,1.6573257,0.7907204
v5_borderline_fake_0020,mixtral-8x7b,0,epistemic_humility,0,4,4,already_correct,borderline_plausible_fake,0.7146364152431488,0.5460324,2.0023844,0.6261955
v5_borderline_fake_0021,mixtral-8x7b,0,epistemic_humility,0,4,4,already_correct,borderline_plausible_fake,0.3837663531303406,0.48190624,1.8643746,0.80238855
v5_borderline_fake_0022,mixtral-8x7b,2,epistemic_humility,0,4,4,fixed,borderline_plausible_fake,0.643938422203064,0.52289426,1.8037821,0.7581617
v5_borderline_fake_0023,mixtral-8x7b,0,fact_grounded,0,4,2,regressed,borderline_plausible_fake,0.6608203947544098,0.5812164,1.9373981,0.5757949
v5_borderline_fake_0024,mixtral-8x7b,0,epistemic_humility,0,4,4,already_correct,borderline_plausible_fake,0.5987044274806976,0.51177776,1.8894901,0.7275845
v5_borderline_fake_0025,mixtral-8x7b,2,epistemic_humility,0,4,4,fixed,borderline_plausible_fake,0.3499122858047485,0.4941026,1.7012157,0.72701967
v5_borderline_fake_0026,mixtral-8x7b,0,epistemic_humility,0,4,4,already_correct,borderline_plausible_fake,-1.1920928955078125e-07,0.63081753,2.241806,0.57109237
v5_borderline_fake_0027,mixtral-8x7b,0,epistemic_humility,0,4,4,already_correct,borderline_plausible_fake,0.5624741911888123,0.53832334,1.8771763,0.6030541
v5_borderline_fake_0028,mixtral-8x7b,2,entity_aware,0,4,1,fixed,borderline_plausible_fake,0.1889866590499878,0.52133185,1.6459138,0.80394983
v5_borderline_fake_0029,mixtral-8x7b,2,fact_grounded,0,4,2,fixed,borderline_plausible_fake,0.7341542541980743,0.59656525,1.9270687,0.640107
v5_borderline_fake_0030,mixtral-8x7b,0,epistemic_humility,0,4,4,already_correct,borderline_plausible_fake,0.2424435019493103,0.4851684,1.6814413,0.84267855
v5_borderline_fake_0031,mixtral-8x7b,3,fact_grounded,0,4,3,other,borderline_plausible_fake,0.6753067672252655,0.46911442,1.9272557,0.74147576
v5_borderline_fake_0032,mixtral-8x7b,0,epistemic_humility,0,4,4,already_correct,borderline_plausible_fake,0.8821658045053482,0.5064094,1.8839344,0.7154001
v5_borderline_fake_0033,mixtral-8x7b,0,epistemic_humility,0,4,4,already_correct,borderline_plausible_fake,0.7572605609893799,0.4783219,1.6065717,0.80794764
v5_borderline_fake_0034,mixtral-8x7b,1,epistemic_humility,0,4,4,other,borderline_plausible_fake,0.2136409878730774,0.5304349,1.6902705,0.6494078
v5_borderline_fake_0035,mixtral-8x7b,2,epistemic_humility,0,4,4,fixed,borderline_plausible_fake,0.6025848388671875,0.5742835,1.8099912,0.65984356
v5_borderline_fake_0036,mixtral-8x7b,2,entity_aware,0,4,3,fixed,borderline_plausible_fake,0.3578656911849975,0.50338566,1.7569858,0.73954856
v5_borderline_fake_0037,mixtral-8x7b,0,epistemic_humility,0,4,4,already_correct,borderline_plausible_fake,0.5315631330013275,0.5616813,1.9109433,0.5896857
v5_borderline_fake_0038,mixtral-8x7b,2,epistemic_humility,0,4,4,fixed,borderline_plausible_fake,0.7720439732074738,0.54259,1.7729129,0.65495145
v5_borderline_fake_0039,mixtral-8x7b,2,epistemic_humility,0,4,4,fixed,borderline_plausible_fake,0.5067666172981262,0.51267326,1.9454429,0.7491006
v5_borderline_fake_0040,mixtral-8x7b,0,epistemic_humility,0,4,4,already_correct,borderline_plausible_fake,0.5907415747642517,0.5015486,1.895589,0.6976706
v5_borderline_fake_0041,mixtral-8x7b,2,epistemic_humility,0,4,4,fixed,borderline_plausible_fake,-1.1920928955078125e-07,0.58694935,2.1257946,0.6716889
v5_borderline_fake_0042,mixtral-8x7b,0,fact_grounded,0,4,3,regressed,borderline_plausible_fake,0.0,0.42337692,1.6261425,0.7960841
v5_borderline_fake_0043,mixtral-8x7b,0,epistemic_humility,0,4,4,already_correct,borderline_plausible_fake,0.3120118379592895,0.5456568,1.8577291,0.5593422
v5_borderline_fake_0044,mixtral-8x7b,2,epistemic_humility,0,4,4,fixed,borderline_plausible_fake,5.960464477539064e-08,0.5405197,1.857796,0.7109754
v5_borderline_fake_0045,mixtral-8x7b,0,epistemic_humility,0,4,4,already_correct,borderline_plausible_fake,0.5343643128871918,0.47591263,1.8283406,0.73859924
v5_borderline_fake_0046,mixtral-8x7b,0,epistemic_humility,0,4,4,already_correct,borderline_plausible_fake,0.7149238586425781,0.503085,1.6463685,0.70710796
v5_borderline_fake_0047,mixtral-8x7b,0,epistemic_humility,0,4,4,already_correct,borderline_plausible_fake,0.3641282320022583,0.499824,1.8468702,0.65069795
v5_borderline_fake_0048,mixtral-8x7b,2,epistemic_humility,0,4,4,fixed,borderline_plausible_fake,0.8530662655830383,0.45524222,1.8016481,0.7819588
v5_borderline_fake_0049,mixtral-8x7b,2,fact_grounded,0,4,3,fixed,borderline_plausible_fake,0.4562309980392456,0.4801693,1.9531133,0.68407834
v5_borderline_fake_0050,mixtral-8x7b,0,epistemic_humility,0,4,4,already_correct,borderline_plausible_fake,0.8136787563562393,0.5302502,1.8554192,0.64110434
v5_borderline_fake_0051,mixtral-8x7b,0,epistemic_humility,0,4,4,already_correct,borderline_plausible_fake,0.079486608505249,0.49776995,1.7331328,0.71020895
v5_borderline_fake_0052,mixtral-8x7b,2,epistemic_humility,0,4,4,fixed,borderline_plausible_fake,0.7296704053878784,0.5405653,1.8588206,0.6406984
v5_borderline_fake_0053,mixtral-8x7b,0,epistemic_humility,0,4,4,already_correct,borderline_plausible_fake,0.8234285116195679,0.49084067,1.7676462,0.63129514
v5_borderline_fake_0054,mixtral-8x7b,0,epistemic_humility,0,4,4,already_correct,borderline_plausible_fake,0.6779636740684509,0.44760263,1.545007,0.8169133
v5_borderline_fake_0055,mixtral-8x7b,2,fact_grounded,0,4,3,fixed,borderline_plausible_fake,0.5141739845275879,0.51213527,1.9352593,0.6352831
v5_borderline_fake_0056,mixtral-8x7b,0,epistemic_humility,0,4,4,already_correct,borderline_plausible_fake,5.960464477539064e-08,0.552592,1.9805186,0.6555684
v5_borderline_fake_0057,mixtral-8x7b,2,epistemic_humility,0,4,4,fixed,borderline_plausible_fake,0.2913270592689514,0.51485085,1.7664757,0.76321954
v5_borderline_fake_0058,mixtral-8x7b,0,epistemic_humility,0,4,4,already_correct,borderline_plausible_fake,0.5345684587955475,0.5351979,1.7954003,0.59151006
v5_borderline_fake_0059,mixtral-8x7b,0,epistemic_humility,0,4,4,already_correct,borderline_plausible_fake,0.8598696142435074,0.5265566,1.954596,0.62325275
v5_borderline_fake_0060,mixtral-8x7b,0,epistemic_humility,0,4,4,already_correct,borderline_plausible_fake,0.4555708169937134,0.5231117,1.7560186,0.7295816
v5_borderline_fake_0061,mixtral-8x7b,2,epistemic_humility,2,4,0,still_broken,borderline_plausible_fake,0.4117168188095093,0.4624912,1.4738137,0.84343517
v5_borderline_fake_0062,mixtral-8x7b,0,fact_grounded,0,4,3,regressed,borderline_plausible_fake,-1.1920928955078125e-07,0.59196717,1.8995533,0.64382493
v5_borderline_fake_0063,mixtral-8x7b,2,fact_grounded,0,4,2,fixed,borderline_plausible_fake,1.1920928955078125e-07,0.5219313,1.7772876,0.77013403
v5_borderline_fake_0064,mixtral-8x7b,0,fact_grounded,0,4,3,regressed,borderline_plausible_fake,0.1627925038337707,0.4953277,1.648961,0.7352365
v5_borderline_fake_0065,mixtral-8x7b,0,epistemic_humility,0,4,4,already_correct,borderline_plausible_fake,0.8752529919147491,0.51786137,1.9173641,0.68897426
v5_borderline_fake_0066,mixtral-8x7b,0,epistemic_humility,0,4,4,already_correct,borderline_plausible_fake,0.3232554793357849,0.5340021,1.6941886,0.71690184
v5_borderline_fake_0067,mixtral-8x7b,0,epistemic_humility,0,4,4,already_correct,borderline_plausible_fake,-1.1920928955078125e-07,0.50170827,1.9016582,0.56491774
v5_borderline_fake_0068,mixtral-8x7b,0,epistemic_humility,0,4,4,already_correct,borderline_plausible_fake,0.5563219785690308,0.5389557,1.6904618,0.6571026
v5_borderline_fake_0069,mixtral-8x7b,0,epistemic_humility,0,4,4,already_correct,borderline_plausible_fake,0.6169725656509399,0.4891489,1.7297992,0.7735029
v5_borderline_fake_0070,mixtral-8x7b,0,epistemic_humility,0,4,4,already_correct,borderline_plausible_fake,0.3644602298736572,0.5687808,1.9380547,0.57235026
v5_borderline_fake_0071,mixtral-8x7b,0,epistemic_humility,0,4,4,already_correct,borderline_plausible_fake,0.8496516197919846,0.5153178,1.7615246,0.67195934
v5_borderline_fake_0072,mixtral-8x7b,0,epistemic_humility,0,4,4,already_correct,borderline_plausible_fake,0.7487401068210602,0.47424394,1.5343823,0.79072213
v5_borderline_fake_0073,mixtral-8x7b,0,epistemic_humility,0,4,4,already_correct,borderline_plausible_fake,0.1440967917442321,0.51074547,1.8234037,0.6923324
v5_borderline_fake_0074,mixtral-8x7b,0,epistemic_humility,0,4,2,regressed,borderline_plausible_fake,0.4462167024612427,0.4667194,1.862216,0.6766005
v5_borderline_fake_0075,mixtral-8x7b,0,epistemic_humility,0,4,4,already_correct,borderline_plausible_fake,-1.1920928955078125e-07,0.51478493,1.6540568,0.7635775
v5_borderline_fake_0076,mixtral-8x7b,2,fact_grounded,0,4,1,fixed,borderline_plausible_fake,0.743819922208786,0.46943766,1.7638938,0.74952555
v5_borderline_fake_0077,mixtral-8x7b,2,structured_caution,0,4,2,fixed,borderline_plausible_fake,0.6416222751140594,0.5999971,1.9315795,0.6652498
v5_borderline_fake_0078,mixtral-8x7b,0,epistemic_humility,0,4,4,already_correct,borderline_plausible_fake,0.0249981880187988,0.5046878,1.8351295,0.7303207
v5_borderline_fake_0079,mixtral-8x7b,0,epistemic_humility,0,4,4,already_correct,borderline_plausible_fake,0.0,0.502064,1.7995828,0.7361193
v5_borderline_fake_0080,mixtral-8x7b,0,fact_grounded,0,4,3,regressed,borderline_plausible_fake,0.0,0.6269525,1.8505211,0.63790894
v5_borderline_fake_0081,mixtral-8x7b,0,epistemic_humility,0,4,4,already_correct,borderline_plausible_fake,0.5841352939605713,0.50009096,1.6792258,0.67196923
v5_borderline_fake_0082,mixtral-8x7b,0,epistemic_humility,0,4,4,already_correct,borderline_plausible_fake,0.3046256899833679,0.5027804,1.7594874,0.7404735
v5_borderline_fake_0083,mixtral-8x7b,2,epistemic_humility,2,4,0,still_broken,borderline_plausible_fake,0.3787848353385925,0.535374,1.5481015,0.7536216
v5_borderline_fake_0084,mixtral-8x7b,0,epistemic_humility,0,4,4,already_correct,borderline_plausible_fake,0.6212300062179565,0.4718809,1.6765718,0.7834824
v5_borderline_fake_0085,mixtral-8x7b,2,epistemic_humility,0,4,4,fixed,borderline_plausible_fake,-1.1920928955078125e-07,0.48597604,1.8943697,0.6364821
v5_borderline_fake_0086,mixtral-8x7b,2,fact_grounded,0,4,2,fixed,borderline_plausible_fake,-1.1920928955078125e-07,0.49524218,1.7205052,0.70411754
v5_borderline_fake_0087,mixtral-8x7b,0,epistemic_humility,0,4,4,already_correct,borderline_plausible_fake,0.4686554074287414,0.5128051,1.8363116,0.69834554
v5_borderline_fake_0088,mixtral-8x7b,2,epistemic_humility,0,4,3,fixed,borderline_plausible_fake,0.747969776391983,0.47988683,1.9041102,0.7451552
v5_borderline_fake_0089,mixtral-8x7b,2,fact_grounded,0,4,3,fixed,borderline_plausible_fake,0.8309837877750397,0.56677055,1.830774,0.6754648
v5_borderline_fake_0090,mixtral-8x7b,0,epistemic_humility,0,4,4,already_correct,borderline_plausible_fake,0.4833593368530273,0.45433438,1.6348134,0.782078
v5_borderline_fake_0091,mixtral-8x7b,0,epistemic_humility,0,4,4,already_correct,borderline_plausible_fake,0.1634888052940368,0.5756462,1.7677575,0.6823231
v5_borderline_fake_0092,mixtral-8x7b,2,structured_caution,0,4,1,fixed,borderline_plausible_fake,0.7395785450935364,0.5354555,1.8400977,0.6733002
v5_borderline_fake_0093,mixtral-8x7b,0,epistemic_humility,0,4,4,already_correct,borderline_plausible_fake,0.7039974927902222,0.46096838,1.7793257,0.7959735
v5_borderline_fake_0094,mixtral-8x7b,0,epistemic_humility,0,4,4,already_correct,borderline_plausible_fake,-1.1920928955078125e-07,0.5128729,1.5815728,0.7903099
v5_borderline_fake_0095,mixtral-8x7b,0,epistemic_humility,0,4,4,already_correct,borderline_plausible_fake,0.7953579723834991,0.5665244,1.8584567,0.61260206
v5_borderline_fake_0096,mixtral-8x7b,2,epistemic_humility,0,4,4,fixed,borderline_plausible_fake,0.8403376936912537,0.49768984,1.6982037,0.76578224
v5_borderline_fake_0097,mixtral-8x7b,0,epistemic_humility,0,4,4,already_correct,borderline_plausible_fake,0.6468349099159241,0.5526728,1.7736417,0.65541637
v5_borderline_fake_0098,mixtral-8x7b,2,entity_aware,0,4,2,fixed,borderline_plausible_fake,0.6772118806838989,0.5279464,1.8474772,0.6629045
v5_borderline_fake_0099,mixtral-8x7b,0,epistemic_humility,0,4,4,already_correct,borderline_plausible_fake,0.5788555145263672,0.500656,1.7777638,0.6333034
v5_borderline_fake_0100,mixtral-8x7b,2,epistemic_humility,0,4,4,fixed,borderline_plausible_fake,0.576718807220459,0.50846064,1.7817869,0.6974343
v5_borderline_fake_0101,mixtral-8x7b,0,epistemic_humility,0,4,4,already_correct,borderline_plausible_fake,0.5886337757110596,0.5435616,1.8504114,0.6818459
v5_borderline_fake_0102,mixtral-8x7b,2,fact_grounded,0,4,3,fixed,borderline_plausible_fake,0.0,0.48238778,1.688675,0.73843956
v5_borderline_fake_0103,mixtral-8x7b,2,fact_grounded,0,4,3,fixed,borderline_plausible_fake,0.7429980039596558,0.5226053,1.6559448,0.732889
v5_borderline_fake_0104,mixtral-8x7b,2,fact_grounded,0,4,3,fixed,borderline_plausible_fake,0.5886225402355194,0.530119,1.9075133,0.68073916
v5_borderline_fake_0105,mixtral-8x7b,0,epistemic_humility,0,4,4,already_correct,borderline_plausible_fake,0.0,0.5192476,1.7173363,0.78672457
v5_borderline_fake_0106,mixtral-8x7b,0,epistemic_humility,0,4,4,already_correct,borderline_plausible_fake,0.6393397450447083,0.52889097,1.9116488,0.63429713
v5_borderline_fake_0107,mixtral-8x7b,2,epistemic_humility,2,4,0,still_broken,borderline_plausible_fake,0.7812699526548386,0.63075674,1.9846666,0.60694695
v5_borderline_fake_0108,mixtral-8x7b,2,epistemic_humility,0,4,2,fixed,borderline_plausible_fake,0.0036303400993347,0.5050296,1.8661474,0.6842475
v5_borderline_fake_0109,mixtral-8x7b,0,epistemic_humility,0,4,4,already_correct,borderline_plausible_fake,0.6374125182628632,0.5279568,1.7173275,0.7700494
v5_borderline_fake_0110,mixtral-8x7b,0,epistemic_humility,0,4,3,regressed,borderline_plausible_fake,0.4581068158149719,0.51188755,1.9521611,0.69871014
v5_borderline_fake_0111,mixtral-8x7b,0,epistemic_humility,0,4,4,already_correct,borderline_plausible_fake,0.8721415400505066,0.49241686,1.8810061,0.6581111
v5_borderline_fake_0112,mixtral-8x7b,2,fact_grounded,0,4,3,fixed,borderline_plausible_fake,0.7678320109844208,0.42873544,1.6430496,0.78559464
v5_borderline_fake_0113,mixtral-8x7b,0,epistemic_humility,0,4,4,already_correct,borderline_plausible_fake,0.6126784384250641,0.5052035,1.8348353,0.667632
v5_borderline_fake_0114,mixtral-8x7b,2,fact_grounded,0,4,2,fixed,borderline_plausible_fake,0.8361419290304184,0.5747874,1.8547417,0.6186807
v5_borderline_fake_0115,mixtral-8x7b,0,epistemic_humility,0,4,4,already_correct,borderline_plausible_fake,0.4006939530372619,0.50911033,1.6431516,0.79089594
v5_borderline_fake_0116,mixtral-8x7b,0,epistemic_humility,0,4,4,already_correct,borderline_plausible_fake,0.6438428461551666,0.5223761,1.8975632,0.68006134
v5_borderline_fake_0117,mixtral-8x7b,2,epistemic_humility,0,4,4,fixed,borderline_plausible_fake,0.5898294448852539,0.5220406,1.9554623,0.65430635
v5_borderline_fake_0118,mixtral-8x7b,2,epistemic_humility,0,4,4,fixed,borderline_plausible_fake,0.4923065900802612,0.4714054,1.7091163,0.7962191
v5_borderline_fake_0119,mixtral-8x7b,2,epistemic_humility,0,4,1,fixed,borderline_plausible_fake,-2.384185791015625e-07,0.4818068,1.9086214,0.76154935
v5_borderline_fake_0120,mixtral-8x7b,2,epistemic_humility,2,4,0,still_broken,borderline_plausible_fake,0.5557056367397308,0.540575,1.5724719,0.7373005
v5_borderline_fake_0121,mixtral-8x7b,0,epistemic_humility,0,4,4,already_correct,borderline_plausible_fake,-1.1920928955078125e-07,0.50215626,1.7189656,0.7551243
v5_borderline_fake_0122,mixtral-8x7b,0,epistemic_humility,0,4,4,already_correct,borderline_plausible_fake,0.7710424810647964,0.4896328,1.8952471,0.64491737
v5_borderline_fake_0123,mixtral-8x7b,2,structured_caution,0,4,1,fixed,borderline_plausible_fake,0.5377563834190369,0.5183624,1.8047673,0.68213075
v5_borderline_fake_0124,mixtral-8x7b,2,epistemic_humility,0,4,4,fixed,borderline_plausible_fake,5.960464477539064e-08,0.41610157,1.6127405,0.7586894
v5_borderline_fake_0125,mixtral-8x7b,0,epistemic_humility,0,4,4,already_correct,borderline_plausible_fake,5.960464477539064e-08,0.5152363,1.9120315,0.5800245
v5_borderline_fake_0126,mixtral-8x7b,2,epistemic_humility,2,4,0,still_broken,borderline_plausible_fake,0.4810402393341064,0.5578846,1.8242788,0.6336588
v5_borderline_fake_0127,mixtral-8x7b,0,epistemic_humility,0,4,4,already_correct,borderline_plausible_fake,0.1473012566566467,0.43684137,1.5366067,0.77818775
v5_borderline_fake_0128,mixtral-8x7b,0,epistemic_humility,0,4,4,already_correct,borderline_plausible_fake,0.347031831741333,0.48459774,1.9707096,0.75227475
v5_borderline_fake_0129,mixtral-8x7b,0,epistemic_humility,0,4,4,already_correct,borderline_plausible_fake,0.2956621646881103,0.58729076,2.2373219,0.6324155
v5_borderline_fake_0130,mixtral-8x7b,2,epistemic_humility,0,4,1,fixed,borderline_plausible_fake,-1.1920928955078125e-07,0.51098883,1.7881523,0.7923293
v5_borderline_fake_0131,mixtral-8x7b,2,epistemic_humility,0,4,3,fixed,borderline_plausible_fake,0.4508475065231323,0.5023632,1.7701647,0.74518526
v5_borderline_fake_0132,mixtral-8x7b,0,epistemic_humility,0,4,4,already_correct,borderline_plausible_fake,0.4857897758483886,0.54679424,1.7850736,0.6956318
v5_borderline_fake_0133,mixtral-8x7b,0,epistemic_humility,0,4,4,already_correct,borderline_plausible_fake,-1.1920928955078125e-07,0.51720035,1.7313026,0.7177919
v5_borderline_fake_0134,mixtral-8x7b,2,epistemic_humility,0,4,3,fixed,borderline_plausible_fake,1.1920928955078125e-07,0.569369,1.8459122,0.6561398
v5_borderline_fake_0135,mixtral-8x7b,2,fact_grounded,0,4,3,fixed,borderline_plausible_fake,0.5891672968864441,0.5526979,1.7615728,0.6871885
v5_borderline_fake_0136,mixtral-8x7b,0,epistemic_humility,0,4,4,already_correct,borderline_plausible_fake,-1.1920928955078125e-07,0.50700843,1.5672982,0.806404
v5_borderline_fake_0137,mixtral-8x7b,0,epistemic_humility,0,4,4,already_correct,borderline_plausible_fake,0.4204640984535217,0.5107749,1.976483,0.7497073
v5_borderline_fake_0138,mixtral-8x7b,0,epistemic_humility,0,4,4,already_correct,borderline_plausible_fake,0.8472283035516739,0.46985352,1.6781821,0.70642287
v5_borderline_fake_0139,mixtral-8x7b,2,fact_grounded,0,4,3,fixed,borderline_plausible_fake,-1.1920928955078125e-07,0.41745377,1.5230742,0.7524831
v5_borderline_fake_0140,mixtral-8x7b,2,fact_grounded,0,4,3,fixed,borderline_plausible_fake,0.3177670836448669,0.48578805,1.5858086,0.79985404
v5_borderline_fake_0141,mixtral-8x7b,2,fact_grounded,0,4,3,fixed,borderline_plausible_fake,0.3995863795280456,0.5600902,1.7917944,0.6867952
v5_borderline_fake_0142,mixtral-8x7b,0,epistemic_humility,0,4,4,already_correct,borderline_plausible_fake,0.8661749362945557,0.5128797,1.884566,0.7094098
v5_borderline_fake_0143,mixtral-8x7b,0,epistemic_humility,0,4,4,already_correct,borderline_plausible_fake,-1.1920928955078125e-07,0.51743555,1.7073696,0.7375748
v5_borderline_fake_0144,mixtral-8x7b,0,epistemic_humility,0,4,4,already_correct,borderline_plausible_fake,0.1244489550590515,0.5374136,1.7824799,0.69800335
v5_borderline_fake_0145,mixtral-8x7b,0,epistemic_humility,0,4,4,already_correct,borderline_plausible_fake,0.4680697917938232,0.5051378,1.7659312,0.76197255
v5_borderline_fake_0146,mixtral-8x7b,0,epistemic_humility,0,4,3,regressed,borderline_plausible_fake,0.7357262969017029,0.5486532,1.6823646,0.7202236
v5_borderline_fake_0147,mixtral-8x7b,0,epistemic_humility,0,4,4,already_correct,borderline_plausible_fake,0.0,0.54384124,1.7372838,0.6762098
v5_borderline_fake_0148,mixtral-8x7b,0,fact_grounded,0,4,2,regressed,borderline_plausible_fake,0.5035907030105591,0.5312685,1.690294,0.73499715
v5_borderline_fake_0149,mixtral-8x7b,2,epistemic_humility,0,4,3,fixed,borderline_plausible_fake,0.6014602780342102,0.49437422,1.8964165,0.6169528
v5_borderline_fake_0150,mixtral-8x7b,2,fact_grounded,0,4,3,fixed,borderline_plausible_fake,-1.1920928955078125e-07,0.48963654,1.9348797,0.6564052
v5_borderline_fake_0151,mixtral-8x7b,0,epistemic_humility,0,4,4,already_correct,borderline_plausible_fake,0.5573815703392029,0.48148805,1.5728258,0.7942635
v5_borderline_fake_0152,mixtral-8x7b,0,epistemic_humility,0,4,3,regressed,borderline_plausible_fake,0.3813592195510864,0.56334066,1.708304,0.6466099
v5_borderline_fake_0153,mixtral-8x7b,0,fact_grounded,0,4,3,regressed,borderline_plausible_fake,0.0515025854110717,0.6002481,1.8468786,0.6327003
v5_borderline_fake_0154,mixtral-8x7b,2,fact_grounded,0,4,3,fixed,borderline_plausible_fake,0.8722036480903625,0.4970383,1.6958898,0.7332297
v5_borderline_fake_0155,mixtral-8x7b,0,epistemic_humility,0,4,4,already_correct,borderline_plausible_fake,0.1913179159164428,0.4983816,1.7991681,0.6389641
v5_borderline_fake_0156,mixtral-8x7b,2,entity_aware,0,4,1,fixed,borderline_plausible_fake,0.0919163227081298,0.57748866,1.9068301,0.6288074
v5_borderline_fake_0157,mixtral-8x7b,2,fact_grounded,0,4,2,fixed,borderline_plausible_fake,-1.1920928955078125e-07,0.48634893,1.5938636,0.76811665
v5_borderline_fake_0158,mixtral-8x7b,2,epistemic_humility,0,4,4,fixed,borderline_plausible_fake,0.4670120477676391,0.5035357,1.9109391,0.63204515
v5_borderline_fake_0159,mixtral-8x7b,2,entity_aware,0,4,2,fixed,borderline_plausible_fake,-1.1920928955078125e-07,0.5696039,1.8147645,0.6312863
v5_borderline_fake_0160,mixtral-8x7b,0,epistemic_humility,0,4,2,regressed,borderline_plausible_fake,0.010293424129486,0.50160784,1.8361845,0.7308872
v5_borderline_fake_0161,mixtral-8x7b,2,epistemic_humility,0,4,4,fixed,borderline_plausible_fake,0.6587340235710144,0.49073565,1.7505723,0.6714456
v5_borderline_fake_0162,mixtral-8x7b,2,epistemic_humility,0,4,4,fixed,borderline_plausible_fake,0.4248067140579223,0.49592775,1.8825905,0.66855955
v5_borderline_fake_0163,mixtral-8x7b,0,epistemic_humility,0,4,3,regressed,borderline_plausible_fake,0.7767463475465775,0.4634561,1.6150261,0.7862426
v5_borderline_fake_0164,mixtral-8x7b,2,fact_grounded,0,4,3,fixed,borderline_plausible_fake,0.0,0.4937938,2.1039598,0.6733773
v5_borderline_fake_0165,mixtral-8x7b,2,entity_aware,0,4,1,fixed,borderline_plausible_fake,0.6430667340755463,0.57509804,1.9318367,0.67008543
v5_borderline_fake_0166,mixtral-8x7b,2,epistemic_humility,0,4,4,fixed,borderline_plausible_fake,0.501296877861023,0.47743618,1.7584532,0.7074865
v5_borderline_fake_0167,mixtral-8x7b,0,epistemic_humility,0,4,4,already_correct,borderline_plausible_fake,0.0,0.4710847,1.5084742,0.77778125
v5_borderline_fake_0168,mixtral-8x7b,2,entity_aware,0,4,1,fixed,borderline_plausible_fake,0.7458676993846893,0.5395095,1.8202316,0.6427532
v5_borderline_fake_0169,mixtral-8x7b,0,epistemic_humility,0,4,4,already_correct,borderline_plausible_fake,0.8798484727740288,0.43184328,1.7482116,0.7800724
v5_borderline_fake_0170,mixtral-8x7b,0,epistemic_humility,0,4,4,already_correct,borderline_plausible_fake,0.3287421464920044,0.5015337,1.5865573,0.726652
v5_borderline_fake_0171,mixtral-8x7b,2,fact_grounded,0,4,3,fixed,borderline_plausible_fake,5.960464477539064e-08,0.56180054,1.919007,0.6763643
v5_borderline_fake_0172,mixtral-8x7b,0,epistemic_humility,0,4,4,already_correct,borderline_plausible_fake,5.960464477539064e-08,0.46713328,1.6616725,0.7888625
v5_borderline_fake_0173,mixtral-8x7b,0,epistemic_humility,0,4,4,already_correct,borderline_plausible_fake,0.0071721076965332,0.579525,1.8295546,0.5752662
v5_borderline_fake_0174,mixtral-8x7b,2,epistemic_humility,2,4,0,still_broken,borderline_plausible_fake,0.7358686327934265,0.5576464,1.8342404,0.6721592
v5_borderline_fake_0175,mixtral-8x7b,0,epistemic_humility,0,4,4,already_correct,borderline_plausible_fake,1.1920928955078125e-07,0.5694506,1.8120848,0.57396764
v5_borderline_fake_0176,mixtral-8x7b,2,fact_grounded,0,4,2,fixed,borderline_plausible_fake,0.584511399269104,0.51981515,1.7548285,0.649312
v5_borderline_fake_0177,mixtral-8x7b,0,epistemic_humility,0,4,4,already_correct,borderline_plausible_fake,0.0,0.52824503,1.6270981,0.749078
v5_borderline_fake_0178,mixtral-8x7b,0,epistemic_humility,0,4,4,already_correct,borderline_plausible_fake,0.0,0.52490973,1.9654262,0.60440135
v5_borderline_fake_0179,mixtral-8x7b,2,fact_grounded,0,4,2,fixed,borderline_plausible_fake,0.8729794025421143,0.49609488,1.8372304,0.6461102
v5_borderline_fake_0180,mixtral-8x7b,2,epistemic_humility,0,4,4,fixed,borderline_plausible_fake,0.0053926706314086,0.49354678,1.677206,0.7768271
v5_borderline_fake_0181,mixtral-8x7b,2,fact_grounded,0,4,2,fixed,borderline_plausible_fake,0.4348301887512207,0.55258524,1.8685333,0.64987653
v5_borderline_fake_0182,mixtral-8x7b,0,epistemic_humility,0,4,4,already_correct,borderline_plausible_fake,0.5386941730976105,0.49321312,1.6216874,0.7852591
v5_borderline_fake_0183,mixtral-8x7b,0,epistemic_humility,0,4,4,already_correct,borderline_plausible_fake,0.0,0.50969297,2.0509558,0.7216519
v5_borderline_fake_0184,mixtral-8x7b,0,epistemic_humility,0,4,4,already_correct,borderline_plausible_fake,0.2728612422943115,0.49730396,1.8646015,0.64844716
v5_borderline_fake_0185,mixtral-8x7b,0,epistemic_humility,0,4,4,already_correct,borderline_plausible_fake,0.4201750159263611,0.48930627,1.8012209,0.77314657
v5_borderline_fake_0186,mixtral-8x7b,0,epistemic_humility,0,4,4,already_correct,borderline_plausible_fake,0.0,0.5439331,1.8450172,0.7284184
v5_borderline_fake_0187,mixtral-8x7b,2,structured_caution,0,4,2,fixed,borderline_plausible_fake,0.7621632218360901,0.5565433,1.8247411,0.6809319
v5_borderline_fake_0188,mixtral-8x7b,2,entity_aware,0,4,1,fixed,borderline_plausible_fake,0.0,0.4895935,1.8177068,0.7115445
v5_borderline_fake_0189,mixtral-8x7b,2,fact_grounded,0,4,3,fixed,borderline_plausible_fake,0.5520367622375488,0.46410322,1.98258,0.68020564
v5_borderline_fake_0190,mixtral-8x7b,2,structured_caution,0,4,1,fixed,borderline_plausible_fake,0.4722937345504761,0.53177804,1.8251916,0.69490725
v5_borderline_fake_0191,mixtral-8x7b,2,fact_grounded,0,4,3,fixed,borderline_plausible_fake,0.2791826725006103,0.5154116,1.9107848,0.750582
v5_borderline_fake_0192,mixtral-8x7b,2,epistemic_humility,0,4,4,fixed,borderline_plausible_fake,0.7486724257469177,0.47742164,1.9382038,0.6591178
v5_borderline_fake_0193,mixtral-8x7b,2,fact_grounded,0,4,3,fixed,borderline_plausible_fake,-1.1920928955078125e-07,0.5965619,1.9843268,0.5988921
v5_borderline_fake_0194,mixtral-8x7b,2,epistemic_humility,0,4,4,fixed,borderline_plausible_fake,0.6751474142074585,0.43852913,1.6967952,0.7619981
v5_borderline_fake_0195,mixtral-8x7b,0,epistemic_humility,0,4,4,already_correct,borderline_plausible_fake,-1.1920928955078125e-07,0.5559261,1.8503127,0.6232032
v5_borderline_fake_0196,mixtral-8x7b,2,entity_aware,0,4,2,fixed,borderline_plausible_fake,0.6466291546821594,0.5697567,1.8544677,0.6620529
v5_borderline_fake_0197,mixtral-8x7b,0,epistemic_humility,0,4,4,already_correct,borderline_plausible_fake,0.873245432972908,0.49988836,1.6097437,0.70246035
v5_borderline_fake_0198,mixtral-8x7b,2,epistemic_humility,0,4,3,fixed,borderline_plausible_fake,0.711656242609024,0.495852,1.7595559,0.693178
v5_borderline_fake_0199,mixtral-8x7b,2,structured_caution,0,4,1,fixed,borderline_plausible_fake,0.543738603591919,0.5970831,1.9128743,0.6596515
v5_borderline_fake_0200,mixtral-8x7b,1,entity_aware,0,4,1,other,borderline_plausible_fake,0.0410547256469726,0.47327042,1.6017174,0.7917218
v5_borderline_obscure_0001,mixtral-8x7b,0,epistemic_humility,0,4,4,already_correct,borderline_obscure_real,0.8291757553815842,0.43816906,1.7352712,0.81941974
v5_borderline_obscure_0002,mixtral-8x7b,0,epistemic_humility,0,4,3,regressed,borderline_obscure_real,0.4429705739021301,0.44201028,1.5745137,0.80805504
v5_borderline_obscure_0003,mixtral-8x7b,0,epistemic_humility,0,4,4,already_correct,borderline_obscure_real,0.7239034473896027,0.4474941,1.6390094,0.8680433
v5_borderline_obscure_0004,mixtral-8x7b,0,epistemic_humility,0,4,4,already_correct,borderline_obscure_real,0.7224847674369812,0.47982055,1.6320937,0.72216034
v5_borderline_obscure_0005,mixtral-8x7b,0,epistemic_humility,0,4,3,regressed,borderline_obscure_real,0.070713996887207,0.46574837,1.6590619,0.7578204
v5_borderline_obscure_0006,mixtral-8x7b,0,epistemic_humility,0,4,4,already_correct,borderline_obscure_real,0.5206816494464874,0.5487076,1.5393848,0.73400855
v5_borderline_obscure_0007,mixtral-8x7b,2,fact_grounded,1,4,2,fixed,borderline_obscure_real,0.0114694833755493,0.49172187,1.83441,0.78338593
v5_borderline_obscure_0008,mixtral-8x7b,0,epistemic_humility,0,4,4,already_correct,borderline_obscure_real,0.4119096398353576,0.4822368,1.7424259,0.78367406
v5_borderline_obscure_0009,mixtral-8x7b,2,structured_caution,0,4,4,fixed,borderline_obscure_real,0.7202727198600769,0.49687535,1.6360351,0.7464775
v5_borderline_obscure_0010,mixtral-8x7b,0,epistemic_humility,0,4,4,already_correct,borderline_obscure_real,0.847139835357666,0.4673326,1.8425782,0.72834164
v5_borderline_obscure_0011,mixtral-8x7b,0,epistemic_humility,0,4,4,already_correct,borderline_obscure_real,5.960464477539064e-08,0.4623654,1.6366435,0.84461
v5_borderline_obscure_0012,mixtral-8x7b,0,epistemic_humility,0,4,4,already_correct,borderline_obscure_real,0.8485722243785858,0.51625407,1.6735818,0.77708876
v5_borderline_obscure_0013,mixtral-8x7b,0,epistemic_humility,0,4,4,already_correct,borderline_obscure_real,0.3175773024559021,0.4564908,1.7504754,0.6918785
v5_borderline_obscure_0014,mixtral-8x7b,0,epistemic_humility,0,4,4,already_correct,borderline_obscure_real,5.960464477539064e-08,0.47760868,1.8227288,0.71745694
v5_borderline_obscure_0015,mixtral-8x7b,0,epistemic_humility,0,4,4,already_correct,borderline_obscure_real,0.6247406899929047,0.44938576,1.8121567,0.76350963
v5_borderline_obscure_0016,mixtral-8x7b,0,epistemic_humility,0,4,4,already_correct,borderline_obscure_real,0.6650841236114502,0.441835,1.6016989,0.74891317
v5_borderline_obscure_0017,mixtral-8x7b,0,epistemic_humility,0,4,4,already_correct,borderline_obscure_real,5.960464477539064e-08,0.4197827,1.5884551,0.7877054
v5_borderline_obscure_0018,mixtral-8x7b,0,epistemic_humility,0,4,4,already_correct,borderline_obscure_real,0.0,0.4622528,1.7660844,0.74782115
v5_borderline_obscure_0019,mixtral-8x7b,0,epistemic_humility,0,4,4,already_correct,borderline_obscure_real,0.0,0.51495314,1.5944314,0.76439214
v5_borderline_obscure_0020,mixtral-8x7b,0,epistemic_humility,0,4,4,already_correct,borderline_obscure_real,0.3561732769012451,0.4784913,1.9909211,0.7759688
v5_borderline_obscure_0021,mixtral-8x7b,0,epistemic_humility,0,4,4,already_correct,borderline_obscure_real,1.1920928955078125e-07,0.5242578,1.5959893,0.7713027
v5_borderline_obscure_0022,mixtral-8x7b,2,epistemic_humility,0,4,4,fixed,borderline_obscure_real,0.0,0.546945,1.7336638,0.6245799
v5_borderline_obscure_0023,mixtral-8x7b,0,epistemic_humility,0,4,4,already_correct,borderline_obscure_real,0.4188733100891113,0.45535225,1.6939172,0.78515285
v5_borderline_obscure_0024,mixtral-8x7b,0,epistemic_humility,0,4,4,already_correct,borderline_obscure_real,0.0,0.44498116,1.6484592,0.7659398
v5_borderline_obscure_0025,mixtral-8x7b,0,epistemic_humility,0,4,4,already_correct,borderline_obscure_real,0.0,0.49235022,1.6649421,0.67864996
v5_borderline_obscure_0026,mixtral-8x7b,1,epistemic_humility,0,4,4,other,borderline_obscure_real,0.6634461581707001,0.4868688,1.5092492,0.8402075
v5_borderline_obscure_0027,mixtral-8x7b,0,entity_aware,0,4,2,regressed,borderline_obscure_real,0.1664222478866577,0.4959398,1.8894776,0.73428833
v5_borderline_obscure_0028,mixtral-8x7b,0,epistemic_humility,0,4,4,already_correct,borderline_obscure_real,0.5864200592041016,0.45404124,1.6655588,0.8519436
v5_borderline_obscure_0029,mixtral-8x7b,0,fact_grounded,0,4,2,regressed,borderline_obscure_real,0.02455735206604,0.44847775,1.7298402,0.7014967
v5_borderline_obscure_0030,mixtral-8x7b,0,epistemic_humility,0,4,4,already_correct,borderline_obscure_real,0.6494566202163696,0.48911744,1.6324518,0.5996076
v5_borderline_obscure_0031,mixtral-8x7b,1,entity_aware,0,4,3,other,borderline_obscure_real,0.3455712795257568,0.47320324,1.8024662,0.69913757
v5_borderline_obscure_0032,mixtral-8x7b,0,epistemic_humility,0,4,4,already_correct,borderline_obscure_real,0.0081925988197326,0.4929244,1.9738647,0.743876
v5_borderline_obscure_0033,mixtral-8x7b,1,epistemic_humility,0,4,2,other,borderline_obscure_real,0.2564482688903808,0.5022969,1.6722127,0.7197161
v5_borderline_obscure_0034,mixtral-8x7b,0,epistemic_humility,0,4,4,already_correct,borderline_obscure_real,0.6476704478263855,0.4927281,1.9935583,0.66912985
v5_borderline_obscure_0035,mixtral-8x7b,0,epistemic_humility,0,4,4,already_correct,borderline_obscure_real,0.1036110520362854,0.49620616,1.9464239,0.7625543
v5_borderline_obscure_0036,mixtral-8x7b,0,epistemic_humility,0,4,4,already_correct,borderline_obscure_real,0.1893306374549865,0.45553076,1.6851434,0.7224195
v5_borderline_obscure_0037,mixtral-8x7b,0,epistemic_humility,0,4,4,already_correct,borderline_obscure_real,0.5716051757335663,0.49403572,1.6986029,0.7840322
v5_borderline_obscure_0038,mixtral-8x7b,0,epistemic_humility,0,4,4,already_correct,borderline_obscure_real,0.3350645303726196,0.45796448,1.7031637,0.78464985
v5_borderline_obscure_0039,mixtral-8x7b,0,epistemic_humility,0,4,4,already_correct,borderline_obscure_real,0.6496972143650055,0.47945386,1.5452751,0.77897644
v5_borderline_obscure_0040,mixtral-8x7b,0,epistemic_humility,0,4,4,already_correct,borderline_obscure_real,0.2298429608345031,0.47979128,1.8979496,0.73638785
v5_borderline_obscure_0041,mixtral-8x7b,2,fact_grounded,1,4,1,fixed,borderline_obscure_real,0.0,0.5036973,1.8592199,0.7659955
v5_borderline_obscure_0042,mixtral-8x7b,0,epistemic_humility,0,4,4,already_correct,borderline_obscure_real,0.8505973517894745,0.47817302,1.5593914,0.7971449
v5_borderline_obscure_0043,mixtral-8x7b,2,epistemic_humility,0,4,4,fixed,borderline_obscure_real,0.6877661049365997,0.47681677,1.8006053,0.6480782
v5_borderline_obscure_0044,mixtral-8x7b,0,epistemic_humility,0,4,4,already_correct,borderline_obscure_real,0.3181743621826172,0.48358887,1.934637,0.7067406
v5_borderline_obscure_0045,mixtral-8x7b,0,epistemic_humility,0,4,4,already_correct,borderline_obscure_real,1.1920928955078125e-07,0.48382676,1.8563365,0.67228913
v5_borderline_obscure_0046,mixtral-8x7b,1,epistemic_humility,0,4,4,other,borderline_obscure_real,0.182330846786499,0.49697292,1.9187998,0.73005164
v5_borderline_obscure_0047,mixtral-8x7b,0,epistemic_humility,0,4,4,already_correct,borderline_obscure_real,0.8161222040653229,0.48554575,1.5931594,0.762771
v5_borderline_obscure_0048,mixtral-8x7b,0,epistemic_humility,0,4,4,already_correct,borderline_obscure_real,0.6863225102424622,0.49898553,1.6580944,0.75700694
v5_borderline_obscure_0049,mixtral-8x7b,0,epistemic_humility,0,4,4,already_correct,borderline_obscure_real,-1.1920928955078125e-07,0.4978794,1.8326856,0.701288
v5_borderline_obscure_0050,mixtral-8x7b,0,epistemic_humility,0,4,4,already_correct,borderline_obscure_real,0.0051040053367614,0.49322343,2.0305424,0.71494055
v5_borderline_obscure_0051,mixtral-8x7b,1,epistemic_humility,0,4,3,other,borderline_obscure_real,0.1672185063362121,0.49963844,1.6674365,0.6845982
v5_borderline_obscure_0052,mixtral-8x7b,0,epistemic_humility,0,4,4,already_correct,borderline_obscure_real,0.8606378138065338,0.4391579,1.8851767,0.70689297
v5_borderline_obscure_0053,mixtral-8x7b,2,epistemic_humility,0,4,3,fixed,borderline_obscure_real,0.0707822442054748,0.4518426,1.7653162,0.7718828
v5_borderline_obscure_0054,mixtral-8x7b,0,entity_aware,0,4,2,regressed,borderline_obscure_real,0.5624226033687592,0.5141543,1.647201,0.67812276
v5_borderline_obscure_0055,mixtral-8x7b,0,epistemic_humility,0,4,4,already_correct,borderline_obscure_real,0.2843105792999267,0.47643209,1.8102301,0.77025974
v5_borderline_obscure_0056,mixtral-8x7b,1,fact_grounded,0,4,2,other,borderline_obscure_real,0.0,0.41395086,1.6809366,0.8068759
v5_borderline_obscure_0057,mixtral-8x7b,0,epistemic_humility,0,4,4,already_correct,borderline_obscure_real,0.665473997592926,0.5362394,1.6465967,0.7130873
v5_borderline_obscure_0058,mixtral-8x7b,0,epistemic_humility,0,4,4,already_correct,borderline_obscure_real,0.8260233104228973,0.45825875,1.6701964,0.824396
v5_borderline_obscure_0059,mixtral-8x7b,0,epistemic_humility,1,4,1,regressed,borderline_obscure_real,0.4759364724159241,0.48680997,1.6908376,0.7963073
v5_borderline_obscure_0060,mixtral-8x7b,0,epistemic_humility,0,4,4,already_correct,borderline_obscure_real,0.0810097455978393,0.46372366,2.0404596,0.7283789
v5_borderline_obscure_0061,mixtral-8x7b,0,epistemic_humility,0,4,4,already_correct,borderline_obscure_real,0.7027108371257782,0.4683681,1.7377634,0.6606631
v5_borderline_obscure_0062,mixtral-8x7b,2,structured_caution,0,4,1,fixed,borderline_obscure_real,0.4511294960975647,0.43645447,1.5772417,0.8188232
v5_borderline_obscure_0063,mixtral-8x7b,0,epistemic_humility,0,4,4,already_correct,borderline_obscure_real,0.3349462151527405,0.51701695,1.5568583,0.7178949
v5_borderline_obscure_0064,mixtral-8x7b,0,epistemic_humility,0,4,4,already_correct,borderline_obscure_real,0.8726782649755478,0.41365802,1.4798175,0.77913237
v5_borderline_obscure_0065,mixtral-8x7b,0,epistemic_humility,0,4,4,already_correct,borderline_obscure_real,0.0,0.47796196,1.9526073,0.76143897
v5_borderline_obscure_0066,mixtral-8x7b,0,epistemic_humility,0,4,3,regressed,borderline_obscure_real,0.0,0.4705643,1.7424027,0.67095566
v5_borderline_obscure_0067,mixtral-8x7b,0,epistemic_humility,0,4,4,already_correct,borderline_obscure_real,0.7249953150749207,0.4693129,1.6419848,0.7222074
v5_borderline_obscure_0068,mixtral-8x7b,0,epistemic_humility,0,4,4,already_correct,borderline_obscure_real,0.2178782224655151,0.4581957,1.6570258,0.7969356
v5_borderline_obscure_0069,mixtral-8x7b,1,entity_aware,0,4,4,other,borderline_obscure_real,0.1561086773872375,0.5360286,1.6546702,0.7351823
v5_borderline_obscure_0070,mixtral-8x7b,0,epistemic_humility,0,4,4,already_correct,borderline_obscure_real,0.840747058391571,0.45967788,1.7382486,0.7379993
v5_borderline_obscure_0071,mixtral-8x7b,2,fact_grounded,0,4,4,fixed,borderline_obscure_real,0.1552290916442871,0.45892715,1.7555363,0.7494654
v5_borderline_obscure_0072,mixtral-8x7b,0,epistemic_humility,0,4,4,already_correct,borderline_obscure_real,0.6302436590194702,0.49452108,1.6380854,0.80060625
v5_borderline_obscure_0073,mixtral-8x7b,0,epistemic_humility,0,4,4,already_correct,borderline_obscure_real,5.960464477539064e-08,0.50690866,1.44802,0.82337546
v5_borderline_obscure_0074,mixtral-8x7b,0,epistemic_humility,0,4,4,already_correct,borderline_obscure_real,1.788139343261719e-07,0.47591293,1.8130808,0.7191676
v5_borderline_obscure_0075,mixtral-8x7b,0,epistemic_humility,0,4,4,already_correct,borderline_obscure_real,0.4614946842193603,0.5380572,1.6836225,0.7855641
v5_borderline_obscure_0076,mixtral-8x7b,0,epistemic_humility,0,4,4,already_correct,borderline_obscure_real,0.8180216550827026,0.37032795,1.6992867,0.72557247
v5_borderline_obscure_0077,mixtral-8x7b,0,epistemic_humility,0,4,4,already_correct,borderline_obscure_real,0.2577977180480957,0.4332075,1.9426578,0.6556275
v5_borderline_obscure_0078,mixtral-8x7b,0,epistemic_humility,0,4,4,already_correct,borderline_obscure_real,0.0762277245521545,0.47791147,1.6867803,0.62173176
v5_borderline_obscure_0079,mixtral-8x7b,0,epistemic_humility,0,4,4,already_correct,borderline_obscure_real,0.0,0.46628082,2.05195,0.75984013
v5_borderline_obscure_0080,mixtral-8x7b,0,epistemic_humility,0,4,4,already_correct,borderline_obscure_real,0.839666023850441,0.50858307,1.7306993,0.78317666
v5_borderline_obscure_0081,mixtral-8x7b,0,epistemic_humility,0,4,4,already_correct,borderline_obscure_real,0.7103278040885925,0.45938027,1.8199004,0.75223464
v5_borderline_obscure_0082,mixtral-8x7b,0,epistemic_humility,0,4,3,regressed,borderline_obscure_real,0.6141177713871002,0.45376927,1.6470445,0.81676793
v5_borderline_obscure_0083,mixtral-8x7b,0,epistemic_humility,0,4,4,already_correct,borderline_obscure_real,0.7384410500526428,0.46330965,1.6337173,0.7531926
v5_borderline_obscure_0084,mixtral-8x7b,0,structured_caution,0,4,3,regressed,borderline_obscure_real,0.4609901905059814,0.44517964,1.7141255,0.7717266
v5_borderline_obscure_0085,mixtral-8x7b,0,entity_aware,0,4,4,already_correct,borderline_obscure_real,5.960464477539064e-08,0.5023172,1.7609417,0.7853875
v5_borderline_obscure_0086,mixtral-8x7b,0,epistemic_humility,0,4,4,already_correct,borderline_obscure_real,5.960464477539064e-08,0.4696772,1.5609037,0.78900576
v5_borderline_obscure_0087,mixtral-8x7b,1,fact_grounded,0,4,3,other,borderline_obscure_real,-1.1920928955078125e-07,0.50857526,1.7054707,0.7652538
v5_borderline_obscure_0088,mixtral-8x7b,0,epistemic_humility,0,4,4,already_correct,borderline_obscure_real,0.0,0.49095762,1.6862006,0.8300318
v5_borderline_obscure_0089,mixtral-8x7b,1,entity_aware,0,4,4,other,borderline_obscure_real,0.0667811632156372,0.56319827,1.8069042,0.68639266
v5_borderline_obscure_0090,mixtral-8x7b,0,epistemic_humility,0,4,4,already_correct,borderline_obscure_real,0.3239087462425232,0.48277223,1.8745773,0.6941002
v5_borderline_obscure_0091,mixtral-8x7b,0,epistemic_humility,0,4,3,regressed,borderline_obscure_real,0.1620402336120605,0.47573465,1.7881291,0.7761785
v5_borderline_obscure_0092,mixtral-8x7b,1,epistemic_humility,0,4,2,other,borderline_obscure_real,0.7021263539791107,0.50976616,1.6354719,0.6695013
v5_borderline_obscure_0093,mixtral-8x7b,2,epistemic_humility,2,4,0,still_broken,borderline_obscure_real,0.236072838306427,0.50363714,2.1635962,0.7607641
v5_borderline_obscure_0094,mixtral-8x7b,0,epistemic_humility,0,4,4,already_correct,borderline_obscure_real,0.2845561504364013,0.49564677,1.9093589,0.7317558
v5_borderline_obscure_0095,mixtral-8x7b,0,epistemic_humility,0,4,4,already_correct,borderline_obscure_real,0.6352540254592896,0.4570853,1.5750817,0.7293287
v5_borderline_obscure_0096,mixtral-8x7b,0,epistemic_humility,0,4,4,already_correct,borderline_obscure_real,0.1117286682128906,0.49135184,1.9276137,0.7193164
v5_borderline_obscure_0097,mixtral-8x7b,2,epistemic_humility,0,4,4,fixed,borderline_obscure_real,0.1424754858016967,0.45068604,1.4483877,0.8408248
v5_borderline_obscure_0098,mixtral-8x7b,1,epistemic_humility,0,4,4,other,borderline_obscure_real,0.7015466094017029,0.51133007,1.8927664,0.6864177
v5_borderline_obscure_0099,mixtral-8x7b,0,epistemic_humility,0,4,4,already_correct,borderline_obscure_real,0.0,0.5192934,1.507762,0.79460216
v5_borderline_obscure_0100,mixtral-8x7b,0,epistemic_humility,2,4,0,regressed,borderline_obscure_real,0.269266664981842,0.49663186,1.9662423,0.7186696
v5_borderline_obscure_0101,mixtral-8x7b,0,fact_grounded,0,4,3,regressed,borderline_obscure_real,0.3140336275100708,0.5636755,1.6306014,0.72424996
v5_borderline_obscure_0102,mixtral-8x7b,0,epistemic_humility,0,4,4,already_correct,borderline_obscure_real,0.8172876089811325,0.41090328,1.641036,0.73972607
v5_borderline_obscure_0103,mixtral-8x7b,0,epistemic_humility,0,4,4,already_correct,borderline_obscure_real,0.2451448440551757,0.47396523,1.5584686,0.81654245
v5_borderline_obscure_0104,mixtral-8x7b,0,epistemic_humility,0,4,4,already_correct,borderline_obscure_real,0.8845172673463821,0.48529065,1.534233,0.7457483
v5_borderline_obscure_0105,mixtral-8x7b,1,epistemic_humility,0,4,3,other,borderline_obscure_real,0.5053333640098572,0.46207178,1.8120768,0.7298209
v5_borderline_obscure_0106,mixtral-8x7b,0,epistemic_humility,0,4,4,already_correct,borderline_obscure_real,0.0,0.47935063,1.8219986,0.8178801
v5_borderline_obscure_0107,mixtral-8x7b,0,epistemic_humility,0,4,4,already_correct,borderline_obscure_real,0.6902163624763489,0.47651422,1.7018917,0.7232404
v5_borderline_obscure_0108,mixtral-8x7b,1,epistemic_humility,0,4,3,other,borderline_obscure_real,0.7412211894989014,0.45759457,1.5945166,0.7208876
v5_borderline_obscure_0109,mixtral-8x7b,0,epistemic_humility,0,4,4,already_correct,borderline_obscure_real,0.5815531611442566,0.4512658,1.4642665,0.83524257
v5_borderline_obscure_0110,mixtral-8x7b,2,epistemic_humility,0,4,4,fixed,borderline_obscure_real,0.7343935966491699,0.4439972,1.4901899,0.7067605
v5_borderline_obscure_0111,mixtral-8x7b,0,epistemic_humility,0,4,4,already_correct,borderline_obscure_real,0.5389372706413269,0.5018865,1.8436584,0.6974267
v5_borderline_obscure_0112,mixtral-8x7b,0,epistemic_humility,0,4,4,already_correct,borderline_obscure_real,0.3629971146583557,0.48327845,1.7431203,0.8067323
v5_borderline_obscure_0113,mixtral-8x7b,0,epistemic_humility,0,4,4,already_correct,borderline_obscure_real,0.6884599328041077,0.46208298,1.8830667,0.7468588
v5_borderline_obscure_0114,mixtral-8x7b,0,epistemic_humility,0,4,4,already_correct,borderline_obscure_real,5.960464477539064e-08,0.4989227,1.7647445,0.71454024
v5_borderline_obscure_0115,mixtral-8x7b,0,epistemic_humility,0,4,4,already_correct,borderline_obscure_real,0.7443433105945587,0.4694525,1.5407761,0.73809886
v5_borderline_obscure_0116,mixtral-8x7b,0,epistemic_humility,0,4,4,already_correct,borderline_obscure_real,0.7387124001979828,0.43523556,1.5871522,0.7468285
v5_borderline_obscure_0117,mixtral-8x7b,0,epistemic_humility,0,4,4,already_correct,borderline_obscure_real,0.672453910112381,0.4478073,1.6277262,0.741805
v5_borderline_obscure_0118,mixtral-8x7b,2,fact_grounded,0,4,3,fixed,borderline_obscure_real,5.960464477539064e-08,0.47427398,1.559772,0.8280482
v5_borderline_obscure_0119,mixtral-8x7b,0,epistemic_humility,0,4,4,already_correct,borderline_obscure_real,0.8542274087667465,0.4675184,1.4822739,0.76923054
v5_borderline_obscure_0120,mixtral-8x7b,2,epistemic_humility,0,4,4,fixed,borderline_obscure_real,0.2072088718414306,0.47670275,1.8526777,0.7485028
v5_borderline_obscure_0121,mixtral-8x7b,0,epistemic_humility,0,4,4,already_correct,borderline_obscure_real,0.7550997138023376,0.4840122,1.6996121,0.68252707
v5_borderline_obscure_0122,mixtral-8x7b,2,epistemic_humility,0,4,3,fixed,borderline_obscure_real,0.0437800288200378,0.4759946,1.711684,0.75636363
v5_borderline_obscure_0123,mixtral-8x7b,0,epistemic_humility,0,4,4,already_correct,borderline_obscure_real,0.3646000623703003,0.4506963,1.7628819,0.81460655
v5_borderline_obscure_0124,mixtral-8x7b,2,fact_grounded,0,4,2,fixed,borderline_obscure_real,0.4256113171577453,0.5040448,1.7651346,0.7565073
v5_borderline_obscure_0125,mixtral-8x7b,2,epistemic_humility,1,4,4,fixed,borderline_obscure_real,0.7497094571590424,0.4611178,1.6800559,0.7329579
v5_borderline_obscure_0126,mixtral-8x7b,0,epistemic_humility,0,4,4,already_correct,borderline_obscure_real,-1.1920928955078125e-07,0.48666435,1.8555489,0.7621869
v5_borderline_obscure_0127,mixtral-8x7b,2,fact_grounded,0,4,1,fixed,borderline_obscure_real,0.0335595607757568,0.5480763,1.6121126,0.7235518
v5_borderline_obscure_0128,mixtral-8x7b,0,epistemic_humility,0,4,4,already_correct,borderline_obscure_real,0.3938405513763428,0.48603344,1.6348096,0.6821923
v5_borderline_obscure_0129,mixtral-8x7b,1,epistemic_humility,1,4,2,other,borderline_obscure_real,0.1960887908935547,0.46259928,1.5352654,0.8705781
v5_borderline_obscure_0130,mixtral-8x7b,0,epistemic_humility,0,4,4,already_correct,borderline_obscure_real,0.8762394189834595,0.5006671,1.6017476,0.68056774
v5_borderline_obscure_0131,mixtral-8x7b,0,epistemic_humility,0,4,4,already_correct,borderline_obscure_real,0.5640728175640106,0.47692817,1.6427097,0.8136604
v5_borderline_obscure_0132,mixtral-8x7b,0,epistemic_humility,0,4,4,already_correct,borderline_obscure_real,0.4473485350608825,0.4075995,1.702118,0.7543076
v5_borderline_obscure_0133,mixtral-8x7b,0,entity_aware,0,4,3,regressed,borderline_obscure_real,0.6601657271385193,0.5009117,1.744007,0.6873678
v5_borderline_obscure_0134,mixtral-8x7b,0,epistemic_humility,0,4,3,regressed,borderline_obscure_real,0.8502336740493774,0.4314003,1.6417844,0.74288
v5_borderline_obscure_0135,mixtral-8x7b,0,epistemic_humility,0,4,4,already_correct,borderline_obscure_real,0.2092490792274475,0.48979455,1.7279443,0.6636758
v5_borderline_obscure_0136,mixtral-8x7b,0,epistemic_humility,0,4,3,regressed,borderline_obscure_real,0.6359598636627197,0.48345172,2.0316088,0.6970372
v5_borderline_obscure_0137,mixtral-8x7b,0,epistemic_humility,0,4,4,already_correct,borderline_obscure_real,0.7243109941482544,0.49176908,1.7088134,0.7608651
v5_borderline_obscure_0138,mixtral-8x7b,2,fact_grounded,1,4,2,fixed,borderline_obscure_real,0.4954464435577392,0.4699049,1.6099002,0.7222589
v5_borderline_obscure_0139,mixtral-8x7b,1,epistemic_humility,0,4,4,other,borderline_obscure_real,0.0090188980102539,0.44285494,1.7638285,0.74117094
v5_borderline_obscure_0140,mixtral-8x7b,0,epistemic_humility,0,4,4,already_correct,borderline_obscure_real,0.2481904625892639,0.48594463,1.8879198,0.7809486
v5_borderline_obscure_0141,mixtral-8x7b,1,entity_aware,0,4,4,other,borderline_obscure_real,0.5877574980258942,0.45374972,1.8707117,0.74638426
v5_borderline_obscure_0142,mixtral-8x7b,0,epistemic_humility,0,4,4,already_correct,borderline_obscure_real,0.5241800546646118,0.4550308,1.6857115,0.8010763
v5_borderline_obscure_0143,mixtral-8x7b,0,epistemic_humility,0,4,4,already_correct,borderline_obscure_real,0.2782567739486694,0.4688332,1.4692653,0.8042706
v5_borderline_obscure_0144,mixtral-8x7b,0,epistemic_humility,0,4,4,already_correct,borderline_obscure_real,0.7628540098667145,0.45821238,1.6274271,0.7242888
v5_borderline_obscure_0145,mixtral-8x7b,0,epistemic_humility,0,4,4,already_correct,borderline_obscure_real,0.8008290380239487,0.4551614,1.7506717,0.7323367
v5_borderline_obscure_0146,mixtral-8x7b,0,epistemic_humility,0,4,3,regressed,borderline_obscure_real,0.4476428627967834,0.50235283,1.9459195,0.7236755
v5_borderline_obscure_0147,mixtral-8x7b,2,epistemic_humility,0,4,4,fixed,borderline_obscure_real,0.0,0.47647923,1.6717278,0.73481363
v5_borderline_obscure_0148,mixtral-8x7b,0,epistemic_humility,0,4,4,already_correct,borderline_obscure_real,0.7786814123392105,0.47519594,1.7698305,0.6489495
v5_borderline_obscure_0149,mixtral-8x7b,0,epistemic_humility,0,4,4,already_correct,borderline_obscure_real,0.6073014140129089,0.4650318,1.670883,0.7347568
v5_borderline_obscure_0150,mixtral-8x7b,0,epistemic_humility,0,4,4,already_correct,borderline_obscure_real,0.4680010676383972,0.48527825,1.5900888,0.81827193
v5_borderline_obscure_0151,mixtral-8x7b,0,epistemic_humility,0,4,4,already_correct,borderline_obscure_real,0.2802417278289795,0.4635418,1.8783382,0.73609364
v5_borderline_obscure_0152,mixtral-8x7b,0,epistemic_humility,0,4,4,already_correct,borderline_obscure_real,0.3593554496765136,0.4528467,1.9722369,0.7995666
v5_borderline_obscure_0153,mixtral-8x7b,2,entity_aware,0,4,1,fixed,borderline_obscure_real,0.6139974892139435,0.5393075,1.8567194,0.7189444
v5_borderline_obscure_0154,mixtral-8x7b,0,epistemic_humility,0,4,4,already_correct,borderline_obscure_real,0.743981271982193,0.45810294,1.8088219,0.71430457
v5_borderline_obscure_0155,mixtral-8x7b,0,entity_aware,0,4,3,regressed,borderline_obscure_real,0.5820356607437134,0.43077445,1.5537219,0.89082354
v5_borderline_obscure_0156,mixtral-8x7b,0,epistemic_humility,0,4,4,already_correct,borderline_obscure_real,0.7728721052408218,0.45886225,1.5428958,0.74964666
v5_borderline_obscure_0157,mixtral-8x7b,0,epistemic_humility,0,4,4,already_correct,borderline_obscure_real,0.4307671785354614,0.47795492,1.5856394,0.71837026
v5_borderline_obscure_0158,mixtral-8x7b,0,epistemic_humility,0,4,4,already_correct,borderline_obscure_real,-1.1920928955078125e-07,0.5129024,1.8285359,0.7408775
v5_borderline_obscure_0159,mixtral-8x7b,0,epistemic_humility,0,4,4,already_correct,borderline_obscure_real,0.8642853945493698,0.49474144,1.7971936,0.73792374
v5_borderline_obscure_0160,mixtral-8x7b,0,epistemic_humility,0,4,4,already_correct,borderline_obscure_real,0.4181802272796631,0.4753936,2.0391018,0.7546623
v5_borderline_obscure_0161,mixtral-8x7b,0,epistemic_humility,0,4,4,already_correct,borderline_obscure_real,5.960464477539064e-08,0.45055914,1.7316309,0.6856822
v5_borderline_obscure_0162,mixtral-8x7b,0,epistemic_humility,0,4,3,regressed,borderline_obscure_real,0.0,0.5346289,1.7927521,0.7754821
v5_borderline_obscure_0163,mixtral-8x7b,2,epistemic_humility,0,4,4,fixed,borderline_obscure_real,-1.1920928955078125e-07,0.52647924,1.7917619,0.72692263
v5_borderline_obscure_0164,mixtral-8x7b,0,fact_grounded,0,4,4,already_correct,borderline_obscure_real,0.5108098983764648,0.48490876,1.7411926,0.73584235
v5_borderline_obscure_0165,mixtral-8x7b,2,epistemic_humility,0,4,4,fixed,borderline_obscure_real,0.8688246458768845,0.43776673,1.8240758,0.7449286
v5_borderline_obscure_0166,mixtral-8x7b,0,epistemic_humility,0,4,4,already_correct,borderline_obscure_real,0.5788944363594055,0.4205333,1.6619263,0.76909506
v5_borderline_obscure_0167,mixtral-8x7b,0,epistemic_humility,0,4,3,regressed,borderline_obscure_real,0.0,0.49713707,1.5696112,0.75798655
v5_borderline_obscure_0168,mixtral-8x7b,0,epistemic_humility,0,4,4,already_correct,borderline_obscure_real,0.5768622159957886,0.4667244,1.7821165,0.7413453
v5_borderline_obscure_0169,mixtral-8x7b,0,epistemic_humility,0,4,4,already_correct,borderline_obscure_real,0.3380950093269348,0.48441768,1.7461994,0.7760408
v5_borderline_obscure_0170,mixtral-8x7b,0,epistemic_humility,0,4,4,already_correct,borderline_obscure_real,0.5959860682487488,0.4522022,1.4775681,0.86666834
v5_borderline_obscure_0171,mixtral-8x7b,2,entity_aware,0,4,3,fixed,borderline_obscure_real,0.6880761682987213,0.44079882,1.6028153,0.73087853
v5_borderline_obscure_0172,mixtral-8x7b,0,epistemic_humility,0,4,4,already_correct,borderline_obscure_real,0.7750116288661957,0.42789125,1.6582322,0.7886542
v5_borderline_obscure_0173,mixtral-8x7b,0,epistemic_humility,0,4,3,regressed,borderline_obscure_real,0.4159701466560364,0.54213846,1.6423168,0.7070372
v5_borderline_obscure_0174,mixtral-8x7b,0,epistemic_humility,0,4,4,already_correct,borderline_obscure_real,1.1920928955078125e-07,0.50565934,1.555044,0.7550412
v5_borderline_obscure_0175,mixtral-8x7b,0,epistemic_humility,0,4,4,already_correct,borderline_obscure_real,0.7723996192216873,0.45983547,1.6563597,0.8067974
v5_borderline_obscure_0176,mixtral-8x7b,0,epistemic_humility,0,4,4,already_correct,borderline_obscure_real,0.2887930870056152,0.516477,1.8540488,0.68363976
v5_borderline_obscure_0177,mixtral-8x7b,0,epistemic_humility,0,4,4,already_correct,borderline_obscure_real,0.2542918920516968,0.4965046,1.8729676,0.70014644
v5_borderline_obscure_0178,mixtral-8x7b,0,epistemic_humility,0,4,4,already_correct,borderline_obscure_real,5.960464477539064e-08,0.48047304,1.7314867,0.74087256
v5_borderline_obscure_0179,mixtral-8x7b,1,epistemic_humility,0,4,3,other,borderline_obscure_real,0.5756059885025024,0.49515152,1.7266347,0.713076
v5_borderline_obscure_0180,mixtral-8x7b,0,epistemic_humility,0,4,4,already_correct,borderline_obscure_real,0.200681984424591,0.44572848,1.7534778,0.7362126
v5_borderline_obscure_0181,mixtral-8x7b,0,epistemic_humility,0,4,4,already_correct,borderline_obscure_real,0.4299994707107544,0.4989255,1.9295763,0.73168933
v5_borderline_obscure_0182,mixtral-8x7b,0,epistemic_humility,0,4,4,already_correct,borderline_obscure_real,0.1208888888359069,0.5050898,1.6832777,0.78910756
v5_borderline_obscure_0183,mixtral-8x7b,0,epistemic_humility,0,4,4,already_correct,borderline_obscure_real,1.1920928955078125e-07,0.48140883,1.8428899,0.77780044
v5_borderline_obscure_0184,mixtral-8x7b,0,epistemic_humility,0,4,4,already_correct,borderline_obscure_real,0.8667102307081223,0.47044826,1.7564958,0.70876205
v5_borderline_obscure_0185,mixtral-8x7b,0,epistemic_humility,0,4,4,already_correct,borderline_obscure_real,0.0,0.4833557,1.8850044,0.72939825
v5_borderline_obscure_0186,mixtral-8x7b,0,entity_aware,0,4,3,regressed,borderline_obscure_real,0.3217949271202087,0.5018599,1.727054,0.7361176
v5_borderline_obscure_0187,mixtral-8x7b,0,epistemic_humility,0,4,4,already_correct,borderline_obscure_real,0.3057746887207031,0.49506563,1.8022015,0.7814213
v5_borderline_obscure_0188,mixtral-8x7b,0,epistemic_humility,0,4,4,already_correct,borderline_obscure_real,0.28198903799057,0.45547587,1.61398,0.8476895
v5_borderline_obscure_0189,mixtral-8x7b,0,epistemic_humility,0,4,4,already_correct,borderline_obscure_real,0.5129769444465637,0.47579354,1.6226897,0.7100723
v5_borderline_obscure_0190,mixtral-8x7b,0,epistemic_humility,0,4,4,already_correct,borderline_obscure_real,0.5170129835605621,0.42816287,1.7577178,0.7107815
v5_borderline_obscure_0191,mixtral-8x7b,0,epistemic_humility,0,4,3,regressed,borderline_obscure_real,0.0635877847671508,0.5000054,1.8741574,0.733042
v5_borderline_obscure_0192,mixtral-8x7b,1,structured_caution,1,4,3,other,borderline_obscure_real,-1.1920928955078125e-07,0.5128765,1.6626134,0.76926696
v5_borderline_obscure_0193,mixtral-8x7b,0,entity_aware,0,4,4,already_correct,borderline_obscure_real,0.126463770866394,0.49470663,1.7454468,0.7541177
v5_borderline_obscure_0194,mixtral-8x7b,0,epistemic_humility,0,4,4,already_correct,borderline_obscure_real,0.5851606130599976,0.43657446,1.7407618,0.87307906
v5_borderline_obscure_0195,mixtral-8x7b,0,epistemic_humility,0,4,4,already_correct,borderline_obscure_real,0.0475226640701293,0.5484966,1.9057552,0.6270542
v5_borderline_obscure_0196,mixtral-8x7b,0,epistemic_humility,0,4,4,already_correct,borderline_obscure_real,0.0,0.46014577,1.8061876,0.7090947
v5_borderline_obscure_0197,mixtral-8x7b,0,epistemic_humility,0,4,4,already_correct,borderline_obscure_real,0.4332311153411865,0.46356452,1.7816272,0.78930855
v5_borderline_obscure_0198,mixtral-8x7b,0,epistemic_humility,0,4,4,already_correct,borderline_obscure_real,0.6545782089233398,0.4904093,1.5643135,0.7710236
v5_borderline_obscure_0199,mixtral-8x7b,0,epistemic_humility,0,4,4,already_correct,borderline_obscure_real,0.0,0.48112762,1.5546557,0.82563823
v5_borderline_obscure_0200,mixtral-8x7b,0,epistemic_humility,0,4,4,already_correct,borderline_obscure_real,0.5900108516216278,0.4615208,1.6912777,0.76410747
v5_factual_0001,mixtral-8x7b,2,epistemic_humility,0,4,4,fixed,factual,0.5532735586166382,0.4051773,1.8726248,0.7595631
v5_factual_0002,mixtral-8x7b,0,epistemic_humility,0,4,3,regressed,factual,5.960464477539064e-08,0.3837906,1.9816434,0.7711306
v5_factual_0003,mixtral-8x7b,2,epistemic_humility,0,4,4,fixed,factual,5.960464477539064e-08,0.47090822,1.8275712,0.7185727
v5_factual_0004,mixtral-8x7b,2,entity_aware,0,4,4,fixed,factual,0.0,0.44671428,1.5165222,0.770058
v5_factual_0005,mixtral-8x7b,0,epistemic_humility,0,4,4,already_correct,factual,0.6382942795753479,0.4468726,2.2923427,0.78705573
v5_factual_0006,mixtral-8x7b,0,epistemic_humility,0,4,4,already_correct,factual,0.1216450333595275,0.41608763,2.2738867,0.7882829
v5_factual_0007,mixtral-8x7b,0,epistemic_humility,0,4,4,already_correct,factual,0.459399938583374,0.4429614,1.7913017,0.8154068
v5_factual_0008,mixtral-8x7b,0,epistemic_humility,0,4,4,already_correct,factual,0.1038987040519714,0.46579212,1.8032576,0.7828235
v5_factual_0009,mixtral-8x7b,1,structured_caution,1,4,2,other,factual,0.0,0.48556453,1.7000401,0.800251
v5_factual_0010,mixtral-8x7b,0,epistemic_humility,0,4,4,already_correct,factual,0.746345728635788,0.41609144,1.7716781,0.766321
v5_factual_0011,mixtral-8x7b,0,epistemic_humility,0,4,4,already_correct,factual,0.2318643927574157,0.3798244,1.871009,0.8170058
v5_factual_0012,mixtral-8x7b,2,epistemic_humility,1,4,2,fixed,factual,0.6940163969993591,0.4716118,1.7352403,0.78723705
v5_factual_0013,mixtral-8x7b,0,epistemic_humility,0,4,4,already_correct,factual,0.2763792872428894,0.46100074,2.0528877,0.8071472
v5_factual_0014,mixtral-8x7b,0,epistemic_humility,0,4,4,already_correct,factual,0.2592376470565796,0.43431175,1.7372297,0.8108015
v5_factual_0015,mixtral-8x7b,0,epistemic_humility,0,4,4,already_correct,factual,0.0640791058540344,0.48655742,2.121318,0.7629962
v5_factual_0016,mixtral-8x7b,0,epistemic_humility,0,4,4,already_correct,factual,0.4519913792610168,0.44037074,2.4356115,0.7773738
v5_factual_0017,mixtral-8x7b,0,epistemic_humility,0,4,4,already_correct,factual,0.0,0.41490036,1.9962869,0.8527617
v5_factual_0018,mixtral-8x7b,0,epistemic_humility,0,4,4,already_correct,factual,0.4063207507133484,0.32213944,1.9889942,0.8145763
v5_factual_0019,mixtral-8x7b,0,epistemic_humility,0,4,4,already_correct,factual,0.3466972112655639,0.45869863,2.256564,0.786063
v5_factual_0020,mixtral-8x7b,0,epistemic_humility,0,4,4,already_correct,factual,0.32472825050354,0.45719552,1.7793812,0.7142401
v5_factual_0021,mixtral-8x7b,0,epistemic_humility,0,4,4,already_correct,factual,0.6537177562713623,0.5413871,1.961512,0.71610755
v5_factual_0022,mixtral-8x7b,0,epistemic_humility,0,4,4,already_correct,factual,5.960464477539064e-08,0.47128373,1.7567817,0.7677507
v5_factual_0023,mixtral-8x7b,0,epistemic_humility,0,4,4,already_correct,factual,0.0923974514007568,0.4986533,2.317831,0.7493236
v5_factual_0024,mixtral-8x7b,0,epistemic_humility,0,4,4,already_correct,factual,0.3690502643585205,0.49573326,2.239306,0.7605926
v5_factual_0025,mixtral-8x7b,0,epistemic_humility,0,4,4,already_correct,factual,0.5415039658546448,0.47201878,2.1582847,0.76246065
v5_factual_0026,mixtral-8x7b,0,epistemic_humility,0,4,4,already_correct,factual,0.5938850045204163,0.47040445,1.8577659,0.7655722
v5_factual_0027,mixtral-8x7b,0,epistemic_humility,0,4,4,already_correct,factual,0.0,0.44925827,1.9999077,0.76107174
v5_factual_0028,mixtral-8x7b,2,epistemic_humility,0,4,4,fixed,factual,0.2233713269233703,0.5168922,1.7140341,0.8820478
v5_factual_0029,mixtral-8x7b,0,entity_aware,0,4,4,already_correct,factual,0.4820750951766968,0.35586488,2.207428,0.78660315
v5_factual_0030,mixtral-8x7b,0,epistemic_humility,0,4,4,already_correct,factual,0.8742218613624573,0.46404803,1.697418,0.80458325
v5_factual_0031,mixtral-8x7b,2,fact_grounded,0,4,2,fixed,factual,0.0297954082489013,0.4632591,2.2066636,0.7725414
v5_factual_0032,mixtral-8x7b,1,epistemic_humility,0,4,4,other,factual,0.3412582278251648,0.40059817,2.1443114,0.82773423
v5_factual_0033,mixtral-8x7b,0,fact_grounded,0,4,3,regressed,factual,0.0137722492218017,0.45629615,1.932141,0.833187
v5_factual_0034,mixtral-8x7b,0,epistemic_humility,0,4,4,already_correct,factual,0.2528634071350097,0.42412782,2.2251809,0.8005184
v5_factual_0035,mixtral-8x7b,0,epistemic_humility,0,4,4,already_correct,factual,0.0,0.45062816,2.0304573,0.7434715
v5_factual_0036,mixtral-8x7b,0,epistemic_humility,0,4,4,already_correct,factual,0.2329250574111938,0.4496106,1.7545818,0.82832944
v5_factual_0037,mixtral-8x7b,0,epistemic_humility,0,4,4,already_correct,factual,0.1800630092620849,0.44602197,1.8525448,0.81749487
v5_factual_0038,mixtral-8x7b,0,epistemic_humility,0,4,4,already_correct,factual,0.347265362739563,0.39224702,2.0789452,0.8549404
v5_factual_0039,mixtral-8x7b,0,epistemic_humility,0,4,3,regressed,factual,0.4109384417533874,0.45240217,2.2873385,0.8156382
v5_factual_0040,mixtral-8x7b,0,epistemic_humility,0,4,4,already_correct,factual,0.4637516736984253,0.49094385,2.0264037,0.69774735
v5_factual_0041,mixtral-8x7b,0,epistemic_humility,0,4,4,already_correct,factual,0.0,0.48978376,1.8620222,0.89353025
v5_factual_0042,mixtral-8x7b,0,epistemic_humility,0,4,4,already_correct,factual,0.2807177305221557,0.53621554,2.0975673,0.72955805
v5_factual_0043,mixtral-8x7b,0,entity_aware,0,4,3,regressed,factual,0.2178414463996887,0.47483873,2.0392432,0.7480368
v5_factual_0044,mixtral-8x7b,0,epistemic_humility,0,4,3,regressed,factual,0.5578005313873291,0.49904037,2.5038366,0.77608925
v5_factual_0045,mixtral-8x7b,0,epistemic_humility,0,4,4,already_correct,factual,0.4508630037307739,0.4279228,1.8364716,0.7849592
v5_factual_0046,mixtral-8x7b,0,epistemic_humility,0,4,4,already_correct,factual,0.7151761054992676,0.4767213,1.7885529,0.8560847
v5_factual_0047,mixtral-8x7b,0,epistemic_humility,0,4,4,already_correct,factual,0.5051325261592865,0.4515406,2.365846,0.7660552
v5_factual_0048,mixtral-8x7b,0,epistemic_humility,0,4,4,already_correct,factual,0.0,0.46236527,1.705834,0.7941074
v5_factual_0049,mixtral-8x7b,0,epistemic_humility,0,4,4,already_correct,factual,0.0229033231735229,0.41945082,1.9690702,0.8233196
v5_factual_0050,mixtral-8x7b,0,epistemic_humility,0,4,4,already_correct,factual,0.2096790075302124,0.52922225,1.813459,0.7502363
v5_factual_0051,mixtral-8x7b,0,epistemic_humility,0,4,4,already_correct,factual,0.6213817000389099,0.46527344,1.8975973,0.8292731
v5_factual_0052,mixtral-8x7b,0,epistemic_humility,0,4,4,already_correct,factual,0.1775193214416504,0.36590934,1.7780102,0.87742025
v5_factual_0053,mixtral-8x7b,0,epistemic_humility,0,4,4,already_correct,factual,0.0362293124198913,0.53456783,2.164005,0.67603654
v5_factual_0054,mixtral-8x7b,0,epistemic_humility,0,4,4,already_correct,factual,5.960464477539064e-08,0.4344409,1.9083784,0.8628134
v5_factual_0055,mixtral-8x7b,0,epistemic_humility,0,4,4,already_correct,factual,0.7199174463748932,0.49442583,1.8480468,0.79695064
v5_factual_0056,mixtral-8x7b,0,epistemic_humility,0,4,4,already_correct,factual,0.2755611538887024,0.38808352,1.9651773,0.7791805
v5_factual_0057,mixtral-8x7b,0,epistemic_humility,0,4,4,already_correct,factual,0.6728745698928833,0.45490414,2.3251238,0.7647679
v5_factual_0058,mixtral-8x7b,0,epistemic_humility,0,4,4,already_correct,factual,1.1920928955078125e-07,0.45608854,1.6160306,0.8207481
v5_factual_0059,mixtral-8x7b,0,epistemic_humility,0,4,4,already_correct,factual,-1.1920928955078125e-07,0.43327773,2.0661423,0.80307066
v5_factual_0060,mixtral-8x7b,0,epistemic_humility,0,4,4,already_correct,factual,0.3521121144294739,0.3807884,1.7269305,0.8887555
v5_factual_0061,mixtral-8x7b,0,epistemic_humility,0,4,4,already_correct,factual,0.4803754687309265,0.4600339,1.9932693,0.81457543
v5_factual_0062,mixtral-8x7b,0,epistemic_humility,0,4,4,already_correct,factual,5.960464477539064e-08,0.41546398,1.950399,0.80942583
v5_factual_0063,mixtral-8x7b,0,epistemic_humility,0,4,4,already_correct,factual,0.710631251335144,0.462911,1.673466,0.7451446
v5_factual_0064,mixtral-8x7b,2,entity_aware,0,4,2,fixed,factual,0.5067594349384308,0.40647036,1.863576,0.8551771
v5_factual_0065,mixtral-8x7b,0,epistemic_humility,0,4,4,already_correct,factual,5.960464477539064e-08,0.5254574,1.8627014,0.7839949
v5_factual_0066,mixtral-8x7b,0,epistemic_humility,0,4,4,already_correct,factual,-1.1920928955078125e-07,0.44907725,2.1504529,0.80380094
v5_factual_0067,mixtral-8x7b,0,epistemic_humility,0,4,3,regressed,factual,0.1668351888656616,0.43166167,2.277023,0.851744
v5_factual_0068,mixtral-8x7b,0,fact_grounded,0,4,2,regressed,factual,5.960464477539064e-08,0.44562805,1.9301968,0.8531401
v5_factual_0069,mixtral-8x7b,0,epistemic_humility,0,4,4,already_correct,factual,5.960464477539064e-08,0.4584658,1.9194806,0.74896264
v5_factual_0070,mixtral-8x7b,0,epistemic_humility,0,4,4,already_correct,factual,0.0,0.45142198,1.6806177,0.80063856
v5_factual_0071,mixtral-8x7b,0,fact_grounded,0,4,4,already_correct,factual,0.0,0.5028733,1.7570643,0.744787
v5_factual_0072,mixtral-8x7b,0,epistemic_humility,0,4,4,already_correct,factual,0.0,0.43978179,1.6180352,0.78349453
v5_factual_0073,mixtral-8x7b,0,fact_grounded,0,4,4,already_correct,factual,0.2228735089302063,0.40871483,2.1454456,0.7669228
v5_factual_0074,mixtral-8x7b,2,structured_caution,0,4,2,fixed,factual,5.960464477539064e-08,0.45809376,1.8934151,0.7480559
v5_factual_0075,mixtral-8x7b,0,epistemic_humility,0,4,4,already_correct,factual,5.960464477539064e-08,0.41951752,1.7228836,0.82868284
v5_factual_0076,mixtral-8x7b,0,epistemic_humility,0,4,4,already_correct,factual,0.7471692860126495,0.47398525,1.8864071,0.76895565
v5_factual_0077,mixtral-8x7b,0,epistemic_humility,0,4,4,already_correct,factual,5.960464477539064e-08,0.4126407,2.0461104,0.801599
v5_factual_0078,mixtral-8x7b,0,epistemic_humility,0,4,4,already_correct,factual,0.3276816606521606,0.44151783,2.1532986,0.795629
v5_factual_0079,mixtral-8x7b,0,epistemic_humility,0,4,3,regressed,factual,0.740123838186264,0.46528715,1.7424612,0.7682212
v5_factual_0080,mixtral-8x7b,0,epistemic_humility,0,4,4,already_correct,factual,5.960464477539064e-08,0.4536662,1.8208214,0.78172696
v5_factual_0081,mixtral-8x7b,0,epistemic_humility,0,4,4,already_correct,factual,0.0,0.31194943,1.9542183,0.8085748
v5_factual_0082,mixtral-8x7b,0,epistemic_humility,0,4,4,already_correct,factual,0.6230833530426025,0.4590389,2.0682058,0.79070234
v5_factual_0083,mixtral-8x7b,0,epistemic_humility,0,4,4,already_correct,factual,-1.1920928955078125e-07,0.44955665,1.8287898,0.8070942
v5_factual_0084,mixtral-8x7b,0,epistemic_humility,0,4,4,already_correct,factual,0.5601869821548462,0.40147454,2.030883,0.77806616
v5_factual_0085,mixtral-8x7b,0,epistemic_humility,0,4,4,already_correct,factual,0.0492457151412963,0.46053118,2.1954882,0.76952976
v5_factual_0086,mixtral-8x7b,0,fact_grounded,0,4,3,regressed,factual,0.4578074812889099,0.4536745,2.3083606,0.86502445
v5_factual_0087,mixtral-8x7b,0,epistemic_humility,0,4,4,already_correct,factual,0.7036145925521851,0.4300477,1.9046435,0.6859803
v5_factual_0088,mixtral-8x7b,0,fact_grounded,0,4,3,regressed,factual,0.4789002537727356,0.42230004,2.2575212,0.7808157
v5_factual_0089,mixtral-8x7b,0,epistemic_humility,0,4,4,already_correct,factual,0.7478420436382294,0.5009705,2.1217937,0.7676916
v5_factual_0090,mixtral-8x7b,0,epistemic_humility,0,4,4,already_correct,factual,0.1767134666442871,0.50151646,1.842848,0.76040566
v5_factual_0091,mixtral-8x7b,0,epistemic_humility,0,4,4,already_correct,factual,0.2644367814064026,0.37568653,2.1737676,0.7979437
v5_factual_0092,mixtral-8x7b,0,epistemic_humility,0,4,4,already_correct,factual,5.960464477539064e-08,0.3498537,2.2585301,0.79174423
v5_factual_0093,mixtral-8x7b,0,epistemic_humility,0,4,4,already_correct,factual,1.1920928955078125e-07,0.45664835,2.0752547,0.7411095
v5_factual_0094,mixtral-8x7b,2,epistemic_humility,0,4,1,fixed,factual,0.4003229141235351,0.44733346,2.370003,0.80291253
v5_factual_0095,mixtral-8x7b,0,epistemic_humility,0,4,4,already_correct,factual,0.8114726543426514,0.44887757,2.2187576,0.78893673
v5_factual_0096,mixtral-8x7b,0,epistemic_humility,0,4,4,already_correct,factual,0.1790827512741089,0.48835182,1.6922839,0.750667
v5_factual_0097,mixtral-8x7b,0,epistemic_humility,0,4,4,already_correct,factual,0.1895657777786255,0.40170187,2.006122,0.8330252
v5_factual_0098,mixtral-8x7b,0,epistemic_humility,0,4,4,already_correct,factual,0.7238498330116272,0.48428524,1.9259228,0.8688463
v5_factual_0099,mixtral-8x7b,0,epistemic_humility,2,4,0,regressed,factual,-1.1920928955078125e-07,0.48332173,1.6852083,0.8045357
v5_factual_0100,mixtral-8x7b,0,epistemic_humility,2,4,0,regressed,factual,0.1554758548736572,0.5007825,2.3212507,0.8022583
v5_factual_0101,mixtral-8x7b,1,epistemic_humility,0,4,4,other,factual,0.4865735173225403,0.40633297,2.1206245,0.7883442
v5_factual_0102,mixtral-8x7b,0,epistemic_humility,0,4,4,already_correct,factual,0.3106422424316406,0.49667525,2.2888758,0.7135022
v5_factual_0103,mixtral-8x7b,0,epistemic_humility,0,4,4,already_correct,factual,0.5416425168514252,0.4519711,2.0446174,0.80125284
v5_factual_0104,mixtral-8x7b,1,entity_aware,1,4,2,other,factual,0.5735998749732971,0.49996275,1.8620335,0.7797368
v5_factual_0105,mixtral-8x7b,0,epistemic_humility,0,4,4,already_correct,factual,0.0244009494781494,0.45498037,1.8599554,0.73622805
v5_factual_0106,mixtral-8x7b,2,epistemic_humility,1,4,1,fixed,factual,0.6878427565097809,0.4278468,2.2602348,0.77819073
v5_factual_0107,mixtral-8x7b,0,epistemic_humility,0,4,4,already_correct,factual,-2.384185791015625e-07,0.4888143,2.1401248,0.7935575
v5_factual_0108,mixtral-8x7b,0,epistemic_humility,0,4,4,already_correct,factual,0.2055909633636474,0.41216892,2.1556385,0.8305458
v5_factual_0109,mixtral-8x7b,0,epistemic_humility,0,4,4,already_correct,factual,0.8385557681322098,0.5233276,2.1070838,0.75329214
v5_factual_0110,mixtral-8x7b,0,epistemic_humility,0,4,4,already_correct,factual,0.2461990118026733,0.44234073,1.8749377,0.8733475
v5_factual_0111,mixtral-8x7b,0,epistemic_humility,0,4,4,already_correct,factual,0.2449498772621154,0.46163887,1.8658928,0.7756839
v5_factual_0112,mixtral-8x7b,2,entity_aware,0,4,1,fixed,factual,0.6464140713214874,0.49143696,2.3520775,0.8335513
v5_factual_0113,mixtral-8x7b,0,epistemic_humility,0,4,4,already_correct,factual,0.6994116604328156,0.4950245,1.8476058,0.8407401
v5_factual_0114,mixtral-8x7b,0,epistemic_humility,0,4,4,already_correct,factual,0.069449782371521,0.46378165,1.8757519,0.8919845
v5_factual_0115,mixtral-8x7b,0,epistemic_humility,0,4,4,already_correct,factual,-1.1920928955078125e-07,0.4890601,2.246453,0.7460771
v5_factual_0116,mixtral-8x7b,0,epistemic_humility,0,4,4,already_correct,factual,0.4302998781204223,0.323393,2.1071236,0.7880819
v5_factual_0117,mixtral-8x7b,1,fact_grounded,0,4,3,other,factual,-1.1920928955078125e-07,0.39727587,1.8968791,0.8454074
v5_factual_0118,mixtral-8x7b,0,epistemic_humility,0,4,4,already_correct,factual,0.0,0.456936,2.3873146,0.7556689
v5_factual_0119,mixtral-8x7b,0,epistemic_humility,0,4,4,already_correct,factual,5.960464477539064e-08,0.3993867,2.0391119,0.82557565
v5_factual_0120,mixtral-8x7b,0,epistemic_humility,0,4,4,already_correct,factual,0.8746742606163025,0.46288973,1.7052484,0.82714605
v5_factual_0121,mixtral-8x7b,0,epistemic_humility,0,4,4,already_correct,factual,0.2470713853836059,0.4222105,2.0986774,0.84071267
v5_factual_0122,mixtral-8x7b,0,epistemic_humility,0,4,4,already_correct,factual,1.788139343261719e-07,0.43555164,2.2630618,0.75461626
v5_factual_0123,mixtral-8x7b,0,epistemic_humility,0,4,3,regressed,factual,5.960464477539064e-08,0.4279372,2.1557906,0.80356973
v5_factual_0124,mixtral-8x7b,0,epistemic_humility,0,4,4,already_correct,factual,0.740807980298996,0.4617507,1.8556919,0.76522624
v5_factual_0125,mixtral-8x7b,0,epistemic_humility,0,4,4,already_correct,factual,0.8224220722913742,0.35255075,1.5374877,0.8433601
v5_factual_0126,mixtral-8x7b,0,epistemic_humility,0,4,4,already_correct,factual,0.6795784831047058,0.44760895,1.7568017,0.80064666
v5_factual_0127,mixtral-8x7b,0,epistemic_humility,0,4,4,already_correct,factual,0.7179884910583496,0.47616613,1.8387501,0.6739995
v5_factual_0128,mixtral-8x7b,0,epistemic_humility,0,4,4,already_correct,factual,5.960464477539064e-08,0.44749868,2.1173954,0.80592126
v5_factual_0129,mixtral-8x7b,0,epistemic_humility,0,4,4,already_correct,factual,0.2103416323661804,0.44523126,1.7950644,0.7971756
v5_factual_0130,mixtral-8x7b,0,epistemic_humility,0,4,3,regressed,factual,0.3974021673202514,0.47180772,2.0656376,0.77139705
v5_factual_0131,mixtral-8x7b,0,epistemic_humility,0,4,4,already_correct,factual,0.4663829803466797,0.48867375,1.9445275,0.7994897
v5_factual_0132,mixtral-8x7b,0,epistemic_humility,0,4,4,already_correct,factual,0.1566947698593139,0.41438425,2.1758788,0.8007153
v5_factual_0133,mixtral-8x7b,0,epistemic_humility,0,4,4,already_correct,factual,5.960464477539064e-08,0.3992319,1.6957763,0.8488208
v5_factual_0134,mixtral-8x7b,0,epistemic_humility,0,4,4,already_correct,factual,0.7821267396211624,0.46342474,1.7905737,0.8051599
v5_factual_0135,mixtral-8x7b,0,epistemic_humility,0,4,4,already_correct,factual,0.7063415050506592,0.45423186,2.4638188,0.7555378
v5_factual_0136,mixtral-8x7b,0,epistemic_humility,0,4,4,already_correct,factual,-2.384185791015625e-07,0.36287338,1.7246301,0.87888956
v5_factual_0137,mixtral-8x7b,0,fact_grounded,0,4,4,already_correct,factual,-1.1920928955078125e-07,0.45553088,2.18922,0.7784388
v5_factual_0138,mixtral-8x7b,0,epistemic_humility,0,4,4,already_correct,factual,0.0118863582611083,0.3958664,2.2533457,0.7824694
v5_factual_0139,mixtral-8x7b,0,epistemic_humility,0,4,4,already_correct,factual,0.5030747056007385,0.44878185,1.6145715,0.80492955
v5_factual_0140,mixtral-8x7b,0,epistemic_humility,0,4,4,already_correct,factual,0.0,0.41595846,2.0323591,0.8054284
v5_factual_0141,mixtral-8x7b,0,epistemic_humility,0,4,4,already_correct,factual,5.960464477539064e-08,0.41534472,1.9465476,0.77766895
v5_factual_0142,mixtral-8x7b,0,epistemic_humility,0,4,4,already_correct,factual,0.3293708562850952,0.4506508,2.096177,0.7557636
v5_factual_0143,mixtral-8x7b,0,epistemic_humility,0,4,4,already_correct,factual,0.7251738905906677,0.49133795,1.9319916,0.84703124
v5_factual_0144,mixtral-8x7b,0,epistemic_humility,0,4,4,already_correct,factual,0.0,0.4445994,2.2518249,0.8647779
v5_factual_0145,mixtral-8x7b,0,epistemic_humility,0,4,4,already_correct,factual,0.3730350732803345,0.4199437,2.1168764,0.8197332
v5_factual_0146,mixtral-8x7b,0,epistemic_humility,0,4,4,already_correct,factual,0.4042173624038696,0.4816574,1.7856237,0.79055357
v5_factual_0147,mixtral-8x7b,0,epistemic_humility,0,4,4,already_correct,factual,0.5488241314888,0.42712528,1.7972347,0.72002745
v5_factual_0148,mixtral-8x7b,0,epistemic_humility,0,4,4,already_correct,factual,0.858131930232048,0.49728268,1.8683884,0.7868949
v5_factual_0149,mixtral-8x7b,2,structured_caution,0,4,3,fixed,factual,5.960464477539064e-08,0.47709805,2.3115733,0.72955215
v5_factual_0150,mixtral-8x7b,0,epistemic_humility,0,4,4,already_correct,factual,-1.1920928955078125e-07,0.51551896,2.011779,0.7392481
v5_factual_0151,mixtral-8x7b,2,epistemic_humility,0,4,4,fixed,factual,0.0,0.35504425,2.1476116,0.7959324
v5_factual_0152,mixtral-8x7b,0,epistemic_humility,0,4,4,already_correct,factual,0.4520657062530517,0.47278005,1.8982159,0.84359664
v5_factual_0153,mixtral-8x7b,0,epistemic_humility,0,4,3,regressed,factual,0.4559000730514526,0.42127907,1.9460881,0.80179256
v5_factual_0154,mixtral-8x7b,0,epistemic_humility,0,4,4,already_correct,factual,0.0,0.44101208,2.0031931,0.7851947
v5_factual_0155,mixtral-8x7b,0,epistemic_humility,0,4,4,already_correct,factual,-1.1920928955078125e-07,0.45852774,2.0385637,0.814453
v5_factual_0156,mixtral-8x7b,0,epistemic_humility,0,4,4,already_correct,factual,0.3487117290496826,0.3288288,2.1174653,0.7914163
v5_factual_0157,mixtral-8x7b,2,epistemic_humility,2,4,0,still_broken,factual,0.5441081523895264,0.4257375,2.2603965,0.80687386
v5_factual_0158,mixtral-8x7b,0,epistemic_humility,0,4,4,already_correct,factual,0.0,0.48567146,1.7440923,0.7870548
v5_factual_0159,mixtral-8x7b,0,fact_grounded,1,4,1,regressed,factual,0.2422787547111511,0.5024556,2.363539,0.7616259
v5_factual_0160,mixtral-8x7b,0,epistemic_humility,0,4,3,regressed,factual,0.1105715632438659,0.4386732,2.226657,0.7998047
v5_factual_0161,mixtral-8x7b,0,epistemic_humility,0,4,4,already_correct,factual,0.5085049271583557,0.44635034,2.2286732,0.7792427
v5_factual_0162,mixtral-8x7b,0,epistemic_humility,0,4,4,already_correct,factual,0.2957853674888611,0.524377,2.0468981,0.73830557
v5_factual_0163,mixtral-8x7b,0,epistemic_humility,0,4,4,already_correct,factual,0.0,0.4081952,1.7920834,0.7933164
v5_factual_0164,mixtral-8x7b,1,epistemic_humility,0,4,4,other,factual,0.4720737934112549,0.45068377,1.9073241,0.7995961
v5_factual_0165,mixtral-8x7b,0,epistemic_humility,0,4,4,already_correct,factual,0.1031827330589294,0.46781957,1.7414984,0.7597998
v5_factual_0166,mixtral-8x7b,0,epistemic_humility,0,4,4,already_correct,factual,0.5772571861743927,0.47419357,1.9811584,0.8259159
v5_factual_0167,mixtral-8x7b,0,epistemic_humility,0,4,4,already_correct,factual,0.2505821585655212,0.39932013,1.9460574,0.84342366
v5_factual_0168,mixtral-8x7b,0,epistemic_humility,0,4,4,already_correct,factual,0.8623421490192413,0.46884125,1.8030374,0.775516
v5_factual_0169,mixtral-8x7b,0,epistemic_humility,0,4,4,already_correct,factual,0.2999115586280823,0.44403404,1.7511154,0.7638376
v5_factual_0170,mixtral-8x7b,2,epistemic_humility,0,4,4,fixed,factual,-1.1920928955078125e-07,0.3977487,2.0175657,0.8468292
v5_factual_0171,mixtral-8x7b,0,fact_grounded,0,4,4,already_correct,factual,0.7923899590969086,0.48016602,2.2539015,0.7341318
v5_factual_0172,mixtral-8x7b,1,epistemic_humility,0,4,4,other,factual,0.5431180000305176,0.35585988,2.1451473,0.8022132
v5_factual_0173,mixtral-8x7b,0,epistemic_humility,0,4,4,already_correct,factual,0.0,0.3923958,1.6141196,0.9122459
v5_factual_0174,mixtral-8x7b,0,epistemic_humility,0,4,4,already_correct,factual,-1.1920928955078125e-07,0.39395124,2.0091176,0.79076827
v5_factual_0175,mixtral-8x7b,1,structured_caution,0,4,3,other,factual,-1.1920928955078125e-07,0.4221394,1.9243307,0.8100446
v5_factual_0176,mixtral-8x7b,0,epistemic_humility,0,4,4,already_correct,factual,0.3775457739830017,0.48014432,2.3032086,0.713755
v5_factual_0177,mixtral-8x7b,0,fact_grounded,0,4,4,already_correct,factual,0.2578941583633423,0.47281855,2.2629702,0.7147575
v5_factual_0178,mixtral-8x7b,0,epistemic_humility,0,4,4,already_correct,factual,0.394950807094574,0.46532,1.7796104,0.78447056
v5_factual_0179,mixtral-8x7b,0,epistemic_humility,0,4,4,already_correct,factual,0.4625847339630127,0.4468313,2.2730317,0.77681947
v5_factual_0180,mixtral-8x7b,0,epistemic_humility,0,4,4,already_correct,factual,0.0,0.47660398,1.8188826,0.7732739
v5_factual_0181,mixtral-8x7b,0,epistemic_humility,0,4,4,already_correct,factual,0.288797914981842,0.4399795,2.3263452,0.8279654
v5_factual_0182,mixtral-8x7b,0,epistemic_humility,0,4,4,already_correct,factual,0.7723507285118103,0.45562136,1.7157592,0.80225575
v5_factual_0183,mixtral-8x7b,0,epistemic_humility,0,4,2,regressed,factual,0.0,0.47247124,1.8456956,0.79111683
v5_factual_0184,mixtral-8x7b,2,epistemic_humility,2,4,0,still_broken,factual,0.5558671951293945,0.45659786,2.3222687,0.8039959
v5_factual_0185,mixtral-8x7b,0,epistemic_humility,0,4,4,already_correct,factual,0.6398299932479858,0.43952972,1.8554865,0.7301662
v5_factual_0186,mixtral-8x7b,0,epistemic_humility,0,4,4,already_correct,factual,0.2949057817459106,0.47461665,1.7055008,0.8242698
v5_factual_0187,mixtral-8x7b,1,epistemic_humility,0,4,3,other,factual,0.0,0.4342593,2.0192695,0.7640855
v5_factual_0188,mixtral-8x7b,2,epistemic_humility,0,4,4,fixed,factual,0.2371317148208618,0.4679851,2.2524643,0.7668977
v5_factual_0189,mixtral-8x7b,0,epistemic_humility,0,4,4,already_correct,factual,0.0,0.47179133,1.899783,0.82921195
v5_factual_0190,mixtral-8x7b,0,epistemic_humility,0,4,4,already_correct,factual,0.3542109727859497,0.48470938,2.1788793,0.79903495
v5_factual_0191,mixtral-8x7b,0,epistemic_humility,0,4,4,already_correct,factual,0.0,0.41146344,2.0126245,0.81957906
v5_factual_0192,mixtral-8x7b,0,epistemic_humility,0,4,3,regressed,factual,0.861733540892601,0.4555738,1.7200742,0.7663151
v5_factual_0193,mixtral-8x7b,0,epistemic_humility,0,4,4,already_correct,factual,0.2573989629745483,0.4681245,2.0176847,0.7842132
v5_factual_0194,mixtral-8x7b,0,epistemic_humility,0,4,3,regressed,factual,0.0,0.46494657,1.8208052,0.818044
v5_factual_0195,mixtral-8x7b,0,epistemic_humility,0,4,4,already_correct,factual,0.4980690479278564,0.424219,1.6444697,0.77695614
v5_factual_0196,mixtral-8x7b,0,epistemic_humility,0,4,4,already_correct,factual,0.3763390183448791,0.43253577,2.4004085,0.82681394
v5_factual_0197,mixtral-8x7b,0,epistemic_humility,0,4,4,already_correct,factual,0.3090044856071472,0.4641024,1.7078079,0.7922123
v5_factual_0198,mixtral-8x7b,2,epistemic_humility,0,4,4,fixed,factual,0.7821678817272186,0.46931952,1.7919617,0.7580152
v5_factual_0199,mixtral-8x7b,1,epistemic_humility,0,4,4,other,factual,-1.1920928955078125e-07,0.40458232,1.9092788,0.8616783
v5_factual_0200,mixtral-8x7b,0,epistemic_humility,0,4,4,already_correct,factual,0.8728037774562836,0.44427425,1.7999393,0.7422418
v5_factual_0201,mixtral-8x7b,0,epistemic_humility,0,4,4,already_correct,factual,0.2174269556999206,0.45878768,2.04717,0.828125
v5_factual_0202,mixtral-8x7b,0,epistemic_humility,0,4,4,already_correct,factual,0.0,0.4040149,1.6964238,0.8387262
v5_factual_0203,mixtral-8x7b,0,epistemic_humility,0,4,4,already_correct,factual,0.5485343039035797,0.40855497,2.0177507,0.8631891
v5_factual_0204,mixtral-8x7b,2,epistemic_humility,0,4,4,fixed,factual,0.2375274896621704,0.43333554,2.117595,0.774909
v5_factual_0205,mixtral-8x7b,0,epistemic_humility,0,4,4,already_correct,factual,0.7044177651405334,0.4570179,1.831109,0.68502843
v5_factual_0206,mixtral-8x7b,0,epistemic_humility,0,4,4,already_correct,factual,5.960464477539064e-08,0.45339787,1.9284374,0.75984645
v5_factual_0207,mixtral-8x7b,0,fact_grounded,0,4,4,already_correct,factual,0.3908575177192688,0.45732456,1.9235865,0.77624935
v5_factual_0208,mixtral-8x7b,0,epistemic_humility,0,4,4,already_correct,factual,0.8661839067935944,0.50970817,1.8348923,0.7713518
v5_factual_0209,mixtral-8x7b,0,epistemic_humility,0,4,4,already_correct,factual,0.0,0.46952403,2.0411727,0.8246139
v5_factual_0210,mixtral-8x7b,0,epistemic_humility,0,4,4,already_correct,factual,-1.1920928955078125e-07,0.44155103,1.6934307,0.8171241
v5_factual_0211,mixtral-8x7b,1,epistemic_humility,1,4,4,other,factual,0.0,0.47723985,1.7002158,0.8313832
v5_factual_0212,mixtral-8x7b,2,entity_aware,0,4,1,fixed,factual,0.0,0.43674618,2.2555847,0.8518759
v5_factual_0213,mixtral-8x7b,0,epistemic_humility,0,4,4,already_correct,factual,0.7929818630218506,0.54405403,2.1458879,0.72827303
v5_factual_0214,mixtral-8x7b,2,epistemic_humility,0,4,3,fixed,factual,0.4539591670036316,0.47727436,2.077349,0.82459784
v5_factual_0215,mixtral-8x7b,0,epistemic_humility,0,4,4,already_correct,factual,0.0717926025390625,0.4400862,1.9197567,0.8219453
v5_factual_0216,mixtral-8x7b,0,epistemic_humility,0,4,4,already_correct,factual,0.0,0.33797652,2.0662878,0.8113215
v5_factual_0217,mixtral-8x7b,0,epistemic_humility,0,4,4,already_correct,factual,0.7078587412834167,0.5021937,1.8578477,0.8663901
v5_factual_0218,mixtral-8x7b,0,epistemic_humility,0,4,4,already_correct,factual,0.349336564540863,0.3704129,1.6539422,0.90143204
v5_factual_0219,mixtral-8x7b,0,epistemic_humility,0,4,4,already_correct,factual,0.0010362863540649,0.4873044,1.843774,0.78048223
v5_factual_0220,mixtral-8x7b,0,epistemic_humility,0,4,4,already_correct,factual,0.8489869385957718,0.4650424,1.737492,0.8041363
v5_factual_0221,mixtral-8x7b,0,entity_aware,0,4,3,regressed,factual,0.5004985332489014,0.48663008,2.3290596,0.7219818
v5_factual_0222,mixtral-8x7b,0,epistemic_humility,0,4,4,already_correct,factual,0.5478184223175049,0.48910618,1.8972765,0.8935916
v5_factual_0223,mixtral-8x7b,0,epistemic_humility,0,4,4,already_correct,factual,0.1550578474998474,0.46093524,1.845885,0.7646186
v5_factual_0224,mixtral-8x7b,0,epistemic_humility,0,4,4,already_correct,factual,0.0,0.40862954,2.032738,0.7561532
v5_factual_0225,mixtral-8x7b,0,epistemic_humility,0,4,4,already_correct,factual,0.8596498370170593,0.43416166,1.7142674,0.7582666
v5_factual_0226,mixtral-8x7b,0,epistemic_humility,0,4,4,already_correct,factual,0.5080552697181702,0.42232823,2.1862817,0.78576255
v5_factual_0227,mixtral-8x7b,0,epistemic_humility,0,4,4,already_correct,factual,0.6728288233280182,0.5183003,2.2492373,0.7639375
v5_factual_0228,mixtral-8x7b,0,structured_caution,0,4,2,regressed,factual,0.5438619256019592,0.4470092,2.2877536,0.75404227
v5_factual_0229,mixtral-8x7b,0,epistemic_humility,0,4,4,already_correct,factual,0.2615968585014343,0.4724083,2.0314145,0.7567452
v5_factual_0230,mixtral-8x7b,2,entity_aware,0,4,4,fixed,factual,5.960464477539064e-08,0.36425507,2.232163,0.8141843
v5_factual_0231,mixtral-8x7b,0,epistemic_humility,0,4,4,already_correct,factual,0.0,0.37263656,1.9341251,0.7961756
v5_factual_0232,mixtral-8x7b,0,epistemic_humility,0,4,4,already_correct,factual,0.1847887635231018,0.441198,2.2497015,0.79071087
v5_factual_0233,mixtral-8x7b,2,fact_grounded,0,4,1,fixed,factual,0.375772476196289,0.48828048,2.3786213,0.80134445
v5_factual_0234,mixtral-8x7b,0,epistemic_humility,0,4,4,already_correct,factual,1.1920928955078125e-07,0.42313492,1.7987262,0.8225
v5_factual_0235,mixtral-8x7b,1,epistemic_humility,0,4,4,other,factual,0.0,0.43483865,2.2412918,0.7560557
v5_factual_0236,mixtral-8x7b,0,epistemic_humility,0,4,4,already_correct,factual,0.4169212579727173,0.40455043,1.987725,0.8183498
v5_factual_0237,mixtral-8x7b,0,epistemic_humility,0,4,4,already_correct,factual,0.8490578234195709,0.4561882,2.3534782,0.7850026
v5_factual_0238,mixtral-8x7b,0,epistemic_humility,0,4,4,already_correct,factual,0.4615046381950378,0.38494754,2.1128438,0.8035445
v5_factual_0239,mixtral-8x7b,0,epistemic_humility,0,4,4,already_correct,factual,0.4575627446174621,0.40021932,2.2124162,0.7771307
v5_factual_0240,mixtral-8x7b,0,epistemic_humility,0,4,4,already_correct,factual,0.3477775454521179,0.4347552,1.7851714,0.7656591
v5_factual_0241,mixtral-8x7b,0,epistemic_humility,0,4,4,already_correct,factual,0.2894973754882812,0.46141577,2.051467,0.79083455
v5_factual_0242,mixtral-8x7b,0,epistemic_humility,0,4,4,already_correct,factual,0.5014593005180359,0.3966105,1.9765152,0.784443
v5_factual_0243,mixtral-8x7b,0,epistemic_humility,0,4,4,already_correct,factual,0.5123184025287628,0.44838232,1.7194455,0.7580716
v5_factual_0244,mixtral-8x7b,2,epistemic_humility,2,4,0,still_broken,factual,0.542178601026535,0.43708068,2.415483,0.7716152
v5_factual_0245,mixtral-8x7b,0,epistemic_humility,0,4,4,already_correct,factual,0.6330645382404327,0.41692114,2.000013,0.72964656
v5_factual_0246,mixtral-8x7b,0,epistemic_humility,0,4,4,already_correct,factual,0.2078325152397155,0.46225077,1.8796959,0.71724206
v5_factual_0247,mixtral-8x7b,0,epistemic_humility,0,4,4,already_correct,factual,0.625752329826355,0.46654356,2.1846938,0.7754115
v5_factual_0248,mixtral-8x7b,0,epistemic_humility,0,4,4,already_correct,factual,0.7133767008781433,0.42831558,2.1216629,0.7672889
v5_factual_0249,mixtral-8x7b,0,epistemic_humility,0,4,3,regressed,factual,0.0,0.45138824,1.891066,0.8040463
v5_factual_0250,mixtral-8x7b,0,epistemic_humility,0,4,4,already_correct,factual,0.5381356775760651,0.41664732,1.706408,0.7222635
v5_factual_0251,mixtral-8x7b,0,epistemic_humility,0,4,4,already_correct,factual,0.2242515683174133,0.4376275,2.2387626,0.8052671
v5_factual_0252,mixtral-8x7b,0,epistemic_humility,0,4,4,already_correct,factual,0.0,0.46647584,2.2363782,0.7578838
v5_factual_0253,mixtral-8x7b,0,epistemic_humility,0,4,4,already_correct,factual,0.0,0.42659986,2.2753406,0.77900934
v5_factual_0254,mixtral-8x7b,0,epistemic_humility,0,4,4,already_correct,factual,0.8196627646684647,0.47174567,1.8274654,0.7641217
v5_factual_0255,mixtral-8x7b,0,epistemic_humility,0,4,4,already_correct,factual,0.8635891228914261,0.44373482,1.8060373,0.7809997
v5_factual_0256,mixtral-8x7b,0,epistemic_humility,0,4,3,regressed,factual,-1.1920928955078125e-07,0.47987407,1.9764917,0.86753166
v5_factual_0257,mixtral-8x7b,0,fact_grounded,0,4,3,regressed,factual,0.0271777510643005,0.49238455,2.4979522,0.7905218
v5_factual_0258,mixtral-8x7b,1,epistemic_humility,0,4,4,other,factual,0.0,0.36466622,2.1911159,0.76658267
v5_factual_0259,mixtral-8x7b,0,epistemic_humility,0,4,3,regressed,factual,0.8911370635032654,0.458597,1.5851005,0.8323503
v5_factual_0260,mixtral-8x7b,0,epistemic_humility,0,4,4,already_correct,factual,0.594123899936676,0.52902704,2.251309,0.6782964
v5_factual_0261,mixtral-8x7b,0,epistemic_humility,0,4,4,already_correct,factual,0.0,0.3953672,1.9228085,0.7743688
v5_factual_0262,mixtral-8x7b,0,epistemic_humility,0,4,4,already_correct,factual,0.8222676515579224,0.482947,1.8331271,0.69753826
v5_factual_0263,mixtral-8x7b,0,epistemic_humility,0,4,4,already_correct,factual,0.0333780050277709,0.49027324,2.339939,0.7485827
v5_factual_0264,mixtral-8x7b,2,epistemic_humility,1,4,3,fixed,factual,-2.384185791015625e-07,0.46175295,1.6601416,0.8017286
v5_factual_0265,mixtral-8x7b,0,epistemic_humility,0,4,4,already_correct,factual,0.4837944507598877,0.5675964,1.8316312,0.7108586
v5_factual_0266,mixtral-8x7b,0,epistemic_humility,0,4,4,already_correct,factual,0.0446829795837402,0.3734495,1.7437586,0.9058353
v5_factual_0267,mixtral-8x7b,0,epistemic_humility,0,4,4,already_correct,factual,0.2046809196472168,0.49308485,1.8434004,0.7464721
v5_factual_0268,mixtral-8x7b,0,epistemic_humility,0,4,4,already_correct,factual,0.3851774930953979,0.47950393,2.000435,0.7605857
v5_factual_0269,mixtral-8x7b,0,epistemic_humility,0,4,4,already_correct,factual,0.0,0.40096086,1.97895,0.8327334
v5_factual_0270,mixtral-8x7b,0,epistemic_humility,0,4,4,already_correct,factual,0.7960876524448395,0.38587278,2.046766,0.85484254
v5_factual_0271,mixtral-8x7b,0,epistemic_humility,0,4,4,already_correct,factual,0.7360972464084625,0.4569503,1.8509429,0.74046624
v5_factual_0272,mixtral-8x7b,2,epistemic_humility,1,4,3,fixed,factual,0.5935248732566833,0.44990802,1.7389421,0.76341295
v5_factual_0273,mixtral-8x7b,0,epistemic_humility,0,4,4,already_correct,factual,5.960464477539064e-08,0.40465814,2.0393972,0.76200664
v5_factual_0274,mixtral-8x7b,2,epistemic_humility,2,4,0,still_broken,factual,0.0021038055419921,0.41992003,2.2298543,0.84514403
v5_factual_0275,mixtral-8x7b,0,epistemic_humility,0,4,4,already_correct,factual,0.2922410368919372,0.40094656,2.1109552,0.81584173
v5_factual_0276,mixtral-8x7b,0,epistemic_humility,0,4,4,already_correct,factual,0.3002116084098816,0.43006855,1.7859623,0.7882271
v5_factual_0277,mixtral-8x7b,0,epistemic_humility,0,4,4,already_correct,factual,0.7033223509788513,0.45618075,2.3517296,0.7535485
v5_factual_0278,mixtral-8x7b,0,epistemic_humility,0,4,4,already_correct,factual,0.7377327084541321,0.4913488,1.8755841,0.83299136
v5_factual_0279,mixtral-8x7b,0,epistemic_humility,0,4,1,regressed,factual,0.4000315070152282,0.47164524,1.8892525,0.86607206
v5_factual_0280,mixtral-8x7b,0,epistemic_humility,0,4,4,already_correct,factual,0.4163227081298828,0.37866622,2.2111862,0.79783547
v5_factual_0281,mixtral-8x7b,0,epistemic_humility,0,4,4,already_correct,factual,0.6137993335723877,0.4450735,2.0794168,0.77159417
v5_factual_0282,mixtral-8x7b,0,epistemic_humility,0,4,4,already_correct,factual,0.0244359374046325,0.44300175,1.9458715,0.77116585
v5_factual_0283,mixtral-8x7b,0,entity_aware,0,4,3,regressed,factual,0.1745170354843139,0.44453466,1.9990913,0.8177953
v5_factual_0284,mixtral-8x7b,0,epistemic_humility,0,4,4,already_correct,factual,1.1920928955078125e-07,0.4346307,2.2563837,0.83316875
v5_factual_0285,mixtral-8x7b,0,epistemic_humility,0,4,3,regressed,factual,0.6462782919406891,0.4584719,2.2445009,0.7652198
v5_factual_0286,mixtral-8x7b,1,epistemic_humility,1,4,3,other,factual,-1.1920928955078125e-07,0.42784566,2.2841604,0.7844671
v5_factual_0287,mixtral-8x7b,0,epistemic_humility,0,4,4,already_correct,factual,0.1575754284858703,0.42164487,2.2069461,0.76663315
v5_factual_0288,mixtral-8x7b,0,epistemic_humility,0,4,4,already_correct,factual,0.0,0.4216888,1.7643809,0.83653104
v5_factual_0289,mixtral-8x7b,0,epistemic_humility,0,4,4,already_correct,factual,0.7698216438293457,0.45142788,1.8367372,0.777707
v5_factual_0290,mixtral-8x7b,1,entity_aware,0,4,2,other,factual,0.0,0.44300658,2.0230591,0.792977
v5_factual_0291,mixtral-8x7b,0,epistemic_humility,0,4,4,already_correct,factual,0.6193087100982666,0.46957028,1.665381,0.80023205
v5_factual_0292,mixtral-8x7b,0,epistemic_humility,0,4,4,already_correct,factual,0.6812037229537964,0.4792986,2.2402208,0.7563514
v5_factual_0293,mixtral-8x7b,1,structured_caution,0,4,3,other,factual,0.5862284302711487,0.4466864,1.8095142,0.6624309
v5_factual_0294,mixtral-8x7b,0,epistemic_humility,0,4,4,already_correct,factual,0.873453676700592,0.47672355,1.7810478,0.7793298
v5_factual_0295,mixtral-8x7b,0,epistemic_humility,0,4,4,already_correct,factual,0.261279821395874,0.38247347,1.9503452,0.8692824
v5_factual_0296,mixtral-8x7b,0,epistemic_humility,0,4,4,already_correct,factual,0.8225476294755936,0.43301654,2.135846,0.8616642
v5_factual_0297,mixtral-8x7b,0,epistemic_humility,0,4,4,already_correct,factual,0.8005900382995605,0.39289194,2.2794907,0.71081066
v5_factual_0298,mixtral-8x7b,0,epistemic_humility,0,4,4,already_correct,factual,0.2740342617034912,0.39437097,2.2133927,0.8273861
v5_factual_0299,mixtral-8x7b,0,epistemic_humility,0,4,4,already_correct,factual,0.5245095491409302,0.4207415,1.7793423,0.78216624
v5_factual_0300,mixtral-8x7b,0,epistemic_humility,0,4,4,already_correct,factual,0.8582671880722046,0.44483358,1.8932837,0.722475
v5_factual_0301,mixtral-8x7b,0,epistemic_humility,0,4,4,already_correct,factual,0.0,0.42833954,2.0499203,0.79415506
v5_factual_0302,mixtral-8x7b,2,epistemic_humility,1,4,2,fixed,factual,0.7787255942821503,0.47677112,1.8223679,0.7477798
v5_factual_0303,mixtral-8x7b,0,epistemic_humility,0,4,4,already_correct,factual,0.4514216780662536,0.43077672,1.8725194,0.6933111
v5_factual_0304,mixtral-8x7b,0,epistemic_humility,0,4,4,already_correct,factual,0.5164462924003601,0.42934352,1.7946293,0.7492782
v5_factual_0305,mixtral-8x7b,0,epistemic_humility,0,4,4,already_correct,factual,0.0,0.51663464,1.6713767,0.6889645
v5_factual_0306,mixtral-8x7b,0,epistemic_humility,0,4,4,already_correct,factual,0.0721681714057922,0.47266316,2.2472908,0.74873674
v5_factual_0307,mixtral-8x7b,0,epistemic_humility,0,4,4,already_correct,factual,0.8550262004137039,0.45666903,1.8099022,0.7546966
v5_factual_0308,mixtral-8x7b,0,epistemic_humility,0,4,4,already_correct,factual,0.6720582842826843,0.41403794,1.9385581,0.8397973
v5_factual_0309,mixtral-8x7b,0,epistemic_humility,0,4,3,regressed,factual,5.960464477539064e-08,0.45292425,2.0810359,0.811058
v5_factual_0310,mixtral-8x7b,0,epistemic_humility,0,4,4,already_correct,factual,0.4205185174942016,0.45881122,1.8679619,0.87084335
v5_factual_0311,mixtral-8x7b,0,epistemic_humility,0,4,4,already_correct,factual,0.0,0.4403137,2.3293204,0.774191
v5_factual_0312,mixtral-8x7b,0,epistemic_humility,0,4,4,already_correct,factual,0.3507150411605835,0.4633361,1.7947966,0.8686106
v5_factual_0313,mixtral-8x7b,0,epistemic_humility,0,4,4,already_correct,factual,1.788139343261719e-07,0.35620487,2.1609175,0.7918099
v5_factual_0314,mixtral-8x7b,1,fact_grounded,1,4,2,other,factual,0.4685099124908447,0.46661597,1.7910281,0.81868595
v5_factual_0315,mixtral-8x7b,0,epistemic_humility,0,4,4,already_correct,factual,0.0,0.33100933,2.082996,0.8053572
v5_factual_0316,mixtral-8x7b,0,epistemic_humility,0,4,4,already_correct,factual,-1.1920928955078125e-07,0.5060008,2.340007,0.7120547
v5_factual_0317,mixtral-8x7b,0,epistemic_humility,0,4,4,already_correct,factual,0.3777059316635132,0.44369942,2.0631993,0.8417108
v5_factual_0318,mixtral-8x7b,0,epistemic_humility,0,4,4,already_correct,factual,0.0,0.4690969,1.6729571,0.7665714
v5_factual_0319,mixtral-8x7b,2,epistemic_humility,1,4,1,fixed,factual,5.960464477539064e-08,0.4878806,2.2526917,0.7512678
v5_factual_0320,mixtral-8x7b,0,epistemic_humility,0,4,4,already_correct,factual,0.3896710872650146,0.48051977,1.8310724,0.7598959
v5_factual_0321,mixtral-8x7b,0,epistemic_humility,0,4,4,already_correct,factual,0.1104310750961303,0.40196908,1.8165307,0.8506099
v5_factual_0322,mixtral-8x7b,0,epistemic_humility,0,4,4,already_correct,factual,0.0,0.40275103,2.0268474,0.7860544
v5_factual_0323,mixtral-8x7b,0,epistemic_humility,0,4,4,already_correct,factual,0.6058112382888794,0.4360578,1.7098033,0.7476877
v5_factual_0324,mixtral-8x7b,1,epistemic_humility,1,4,2,other,factual,0.1604142189025879,0.5082311,1.6673739,0.7335667
v5_factual_0325,mixtral-8x7b,0,epistemic_humility,0,4,4,already_correct,factual,0.1668958067893982,0.38909334,2.1642048,0.7799869
v5_factual_0326,mixtral-8x7b,0,epistemic_humility,0,4,4,already_correct,factual,0.4089690446853637,0.39111304,1.9563444,0.8349285
v5_factual_0327,mixtral-8x7b,0,epistemic_humility,0,4,4,already_correct,factual,0.0,0.42565227,1.8957008,0.8467231
v5_factual_0328,mixtral-8x7b,0,epistemic_humility,0,4,4,already_correct,factual,0.5594887137413025,0.4410581,2.200495,0.80242985
v5_factual_0329,mixtral-8x7b,0,epistemic_humility,0,4,4,already_correct,factual,0.3604606389999389,0.3829785,1.6838639,0.8730618
v5_factual_0330,mixtral-8x7b,0,epistemic_humility,0,4,3,regressed,factual,5.960464477539064e-08,0.4107985,2.082563,0.8023235
v5_factual_0331,mixtral-8x7b,0,epistemic_humility,0,4,4,already_correct,factual,1.1920928955078125e-07,0.45025676,1.8300664,0.8335094
v5_factual_0332,mixtral-8x7b,0,epistemic_humility,0,4,4,already_correct,factual,0.4953961968421936,0.47263455,1.7739267,0.70586365
v5_factual_0333,mixtral-8x7b,0,epistemic_humility,0,4,4,already_correct,factual,0.3678231835365295,0.32453734,2.1144745,0.8164458
v5_factual_0334,mixtral-8x7b,0,epistemic_humility,0,4,4,already_correct,factual,0.572053462266922,0.46874183,1.9178871,0.82106376
v5_factual_0335,mixtral-8x7b,0,epistemic_humility,0,4,4,already_correct,factual,0.8629930019378662,0.46683693,1.9478174,0.7650769
v5_factual_0336,mixtral-8x7b,0,epistemic_humility,0,4,4,already_correct,factual,-1.1920928955078125e-07,0.41904372,2.244985,0.8138349
v5_factual_0337,mixtral-8x7b,0,epistemic_humility,0,4,4,already_correct,factual,0.0,0.4240023,2.0372477,0.84171426
v5_factual_0338,mixtral-8x7b,0,epistemic_humility,0,4,4,already_correct,factual,0.8528431355953217,0.5535525,2.0444312,0.7006823
v5_factual_0339,mixtral-8x7b,0,epistemic_humility,0,4,4,already_correct,factual,0.4219856858253479,0.4301541,1.830897,0.7693163
v5_factual_0340,mixtral-8x7b,0,epistemic_humility,0,4,4,already_correct,factual,1.1920928955078125e-07,0.418217,2.0698476,0.8146672
v5_factual_0341,mixtral-8x7b,0,fact_grounded,0,4,2,regressed,factual,-1.1920928955078125e-07,0.4485852,2.4809034,0.8163659
v5_factual_0342,mixtral-8x7b,0,epistemic_humility,0,4,4,already_correct,factual,0.5052555799484253,0.43142444,1.8939364,0.74855673
v5_factual_0343,mixtral-8x7b,0,epistemic_humility,0,4,4,already_correct,factual,0.77977454662323,0.5163213,2.1728024,0.74297297
v5_factual_0344,mixtral-8x7b,1,epistemic_humility,0,4,4,other,factual,0.0,0.3411945,2.0800903,0.8185384
v5_factual_0345,mixtral-8x7b,0,epistemic_humility,0,4,4,already_correct,factual,0.3583908081054687,0.4591419,2.2739694,0.7784757
v5_factual_0346,mixtral-8x7b,0,epistemic_humility,0,4,4,already_correct,factual,1.1920928955078125e-07,0.47084916,1.9419888,0.83164036
v5_factual_0347,mixtral-8x7b,0,epistemic_humility,0,4,4,already_correct,factual,0.6845724582672119,0.48345912,2.227537,0.7759776
v5_factual_0348,mixtral-8x7b,0,epistemic_humility,0,4,3,regressed,factual,0.371290385723114,0.4756136,2.2676814,0.72763526
v5_factual_0349,mixtral-8x7b,0,epistemic_humility,0,4,4,already_correct,factual,-1.1920928955078125e-07,0.48886377,1.901061,0.74832225
v5_factual_0350,mixtral-8x7b,0,epistemic_humility,0,4,4,already_correct,factual,0.1983212828636169,0.47318524,1.9245484,0.74420583
v5_factual_0351,mixtral-8x7b,0,epistemic_humility,0,4,4,already_correct,factual,0.6170616447925568,0.40494454,2.0136838,0.75819534
v5_factual_0352,mixtral-8x7b,0,fact_grounded,0,4,3,regressed,factual,0.1965877413749694,0.4089749,2.215057,0.75970197
v5_factual_0353,mixtral-8x7b,2,epistemic_humility,1,4,3,fixed,factual,0.6296669840812683,0.46000028,2.2457912,0.7604333
v5_factual_0354,mixtral-8x7b,0,epistemic_humility,0,4,4,already_correct,factual,0.4083191156387329,0.46857786,1.9986774,0.7818133
v5_factual_0355,mixtral-8x7b,0,epistemic_humility,0,4,4,already_correct,factual,0.3681437969207763,0.5076921,1.7655997,0.76398855
v5_factual_0356,mixtral-8x7b,0,epistemic_humility,0,4,4,already_correct,factual,0.2929080724716186,0.4673283,2.3236864,0.76714313
v5_factual_0357,mixtral-8x7b,2,epistemic_humility,0,4,2,fixed,factual,0.4123253226280212,0.4638031,2.1035032,0.76722276
v5_factual_0358,mixtral-8x7b,0,epistemic_humility,0,4,4,already_correct,factual,0.6097155213356018,0.39452964,1.8172741,0.80578667
v5_factual_0359,mixtral-8x7b,0,epistemic_humility,0,4,4,already_correct,factual,5.960464477539064e-08,0.33851695,2.261486,0.82999194
v5_factual_0360,mixtral-8x7b,0,fact_grounded,0,4,1,regressed,factual,-1.1920928955078125e-07,0.5105779,2.4477491,0.7448504
v5_factual_0361,mixtral-8x7b,0,epistemic_humility,0,4,4,already_correct,factual,0.1126859784126281,0.47696376,2.4428341,0.7629974
v5_factual_0362,mixtral-8x7b,2,epistemic_humility,1,4,1,fixed,factual,0.4123942852020263,0.43396276,2.0810163,0.77986246
v5_factual_0363,mixtral-8x7b,0,epistemic_humility,0,4,4,already_correct,factual,-1.1920928955078125e-07,0.3905586,1.9597725,0.8298974
v5_factual_0364,mixtral-8x7b,0,epistemic_humility,0,4,4,already_correct,factual,0.4378582835197449,0.4533677,1.9746257,0.81901425
v5_factual_0365,mixtral-8x7b,0,epistemic_humility,0,4,4,already_correct,factual,0.8469610214233398,0.4024768,2.1567242,0.75197804
v5_factual_0366,mixtral-8x7b,0,epistemic_humility,0,4,4,already_correct,factual,1.1920928955078125e-07,0.43670237,1.7739537,0.73629797
v5_factual_0367,mixtral-8x7b,0,epistemic_humility,0,4,4,already_correct,factual,0.1601408720016479,0.45058155,2.2097623,0.7669729
v5_factual_0368,mixtral-8x7b,0,epistemic_humility,0,4,4,already_correct,factual,0.5133819580078125,0.31241053,2.0347667,0.81316817
v5_factual_0369,mixtral-8x7b,0,epistemic_humility,0,4,4,already_correct,factual,5.960464477539064e-08,0.38937908,1.949872,0.78001636
v5_factual_0370,mixtral-8x7b,0,epistemic_humility,0,4,4,already_correct,factual,0.0,0.5145491,1.855039,0.7839838
v5_factual_0371,mixtral-8x7b,0,epistemic_humility,0,4,4,already_correct,factual,0.3515137434005737,0.3994769,1.9502084,0.8883355
v5_factual_0372,mixtral-8x7b,2,epistemic_humility,1,4,1,fixed,factual,5.960464477539064e-08,0.4613222,1.646987,0.76850915
v5_factual_0373,mixtral-8x7b,0,fact_grounded,0,4,4,already_correct,factual,0.4075906276702881,0.4655949,1.8639736,0.8114651
v5_factual_0374,mixtral-8x7b,0,epistemic_humility,0,4,4,already_correct,factual,-1.1920928955078125e-07,0.44687903,2.0956907,0.7875857
v5_factual_0375,mixtral-8x7b,0,epistemic_humility,1,4,2,regressed,factual,0.0809189677238464,0.49802,2.1111488,0.8008677
v5_factual_0376,mixtral-8x7b,0,epistemic_humility,0,4,4,already_correct,factual,0.8696437478065491,0.45713353,1.7694722,0.79608387
v5_factual_0377,mixtral-8x7b,0,epistemic_humility,0,4,4,already_correct,factual,0.7025063931941986,0.46330017,2.2814097,0.78246474
v5_factual_0378,mixtral-8x7b,0,epistemic_humility,0,4,4,already_correct,factual,1.1920928955078125e-07,0.46336836,1.8230124,0.81351304
v5_factual_0379,mixtral-8x7b,0,epistemic_humility,0,4,4,already_correct,factual,0.0587607622146606,0.47450227,1.9807621,0.8068599
v5_factual_0380,mixtral-8x7b,0,epistemic_humility,0,4,2,regressed,factual,0.0298266410827636,0.49197698,2.2819374,0.8514396
v5_factual_0381,mixtral-8x7b,0,fact_grounded,0,4,4,already_correct,factual,0.0,0.42564774,1.8585697,0.81041247
v5_factual_0382,mixtral-8x7b,0,epistemic_humility,0,4,4,already_correct,factual,-1.1920928955078125e-07,0.40485364,2.1333508,0.83854043
v5_factual_0383,mixtral-8x7b,0,epistemic_humility,0,4,4,already_correct,factual,0.4514621496200561,0.46755016,1.6979531,0.7838971
v5_factual_0384,mixtral-8x7b,2,epistemic_humility,0,4,4,fixed,factual,0.0,0.47186327,2.2098417,0.7717623
v5_factual_0385,mixtral-8x7b,0,epistemic_humility,0,4,4,already_correct,factual,0.0,0.45884418,2.165366,0.76948667
v5_factual_0386,mixtral-8x7b,0,epistemic_humility,0,4,4,already_correct,factual,0.6423543393611908,0.46267724,2.1711364,0.79594314
v5_factual_0387,mixtral-8x7b,0,epistemic_humility,0,4,4,already_correct,factual,0.4537843465805053,0.43733472,1.5764354,0.82069856
v5_factual_0388,mixtral-8x7b,0,epistemic_humility,0,4,4,already_correct,factual,0.836870089173317,0.50547767,1.9456061,0.8742846
v5_factual_0389,mixtral-8x7b,2,entity_aware,0,4,1,fixed,factual,0.1336980462074279,0.43284965,2.2750702,0.76824903
v5_factual_0390,mixtral-8x7b,0,entity_aware,0,4,1,regressed,factual,-1.1920928955078125e-07,0.43438905,2.3395817,0.8800017
v5_factual_0391,mixtral-8x7b,0,epistemic_humility,0,4,4,already_correct,factual,0.6513856649398804,0.50077224,2.3375552,0.76725477
v5_factual_0392,mixtral-8x7b,2,epistemic_humility,1,4,2,fixed,factual,0.2699143886566162,0.42058522,2.176538,0.8503554
v5_factual_0393,mixtral-8x7b,0,epistemic_humility,0,4,4,already_correct,factual,0.0,0.40280807,1.9653603,0.8087747
v5_factual_0394,mixtral-8x7b,0,fact_grounded,0,4,3,regressed,factual,0.0,0.45954013,1.8132993,0.7678653
v5_factual_0395,mixtral-8x7b,0,epistemic_humility,0,4,4,already_correct,factual,0.0,0.42690635,1.6954076,0.78140974
v5_factual_0396,mixtral-8x7b,2,epistemic_humility,0,4,4,fixed,factual,0.020761489868164,0.33427554,2.0897534,0.7897735
v5_factual_0397,mixtral-8x7b,0,epistemic_humility,0,4,4,already_correct,factual,-1.1920928955078125e-07,0.46580577,1.8181123,0.8306184
v5_factual_0398,mixtral-8x7b,2,entity_aware,0,4,3,fixed,factual,0.3586782217025757,0.43389273,2.074063,0.80570626
v5_factual_0399,mixtral-8x7b,0,epistemic_humility,0,4,4,already_correct,factual,0.1929412484169006,0.44418263,2.1152802,0.7709354
v5_factual_0400,mixtral-8x7b,0,epistemic_humility,0,4,4,already_correct,factual,1.1920928955078125e-07,0.3843438,2.022242,0.8980436
v5_factual_0401,mixtral-8x7b,2,entity_aware,0,4,3,fixed,factual,0.0,0.507771,1.7809662,0.7812164
v5_factual_0402,mixtral-8x7b,0,epistemic_humility,0,4,4,already_correct,factual,0.0632047653198242,0.4619226,2.2087936,0.7905909
v5_factual_0403,mixtral-8x7b,1,epistemic_humility,0,4,4,other,factual,0.0,0.42842472,1.8079717,0.8946009
v5_factual_0404,mixtral-8x7b,0,entity_aware,0,4,3,regressed,factual,0.3777419328689575,0.489264,1.886894,0.8147026
v5_factual_0405,mixtral-8x7b,1,fact_grounded,0,4,2,other,factual,-1.1920928955078125e-07,0.47311282,1.8175178,0.80301136
v5_factual_0406,mixtral-8x7b,0,epistemic_humility,0,4,4,already_correct,factual,0.7665490806102753,0.4636649,1.7975056,0.78357345
v5_factual_0407,mixtral-8x7b,0,epistemic_humility,0,4,4,already_correct,factual,0.5888278186321259,0.37556607,1.674303,0.86889476
v5_factual_0408,mixtral-8x7b,0,epistemic_humility,0,4,4,already_correct,factual,0.3146514296531677,0.44467252,2.022267,0.8443263
v5_factual_0409,mixtral-8x7b,0,epistemic_humility,0,4,4,already_correct,factual,0.6300213932991028,0.4554718,2.3965032,0.76531106
v5_factual_0410,mixtral-8x7b,0,epistemic_humility,0,4,4,already_correct,factual,-1.1920928955078125e-07,0.4437906,2.102865,0.80998147
v5_factual_0411,mixtral-8x7b,0,epistemic_humility,0,4,4,already_correct,factual,0.810320571064949,0.39342332,2.0263844,0.8177122
v5_factual_0412,mixtral-8x7b,0,epistemic_humility,0,4,4,already_correct,factual,0.066227376461029,0.37668657,2.1648128,0.8098387
v5_factual_0413,mixtral-8x7b,0,epistemic_humility,0,4,4,already_correct,factual,0.410934567451477,0.47347885,2.0026622,0.8156571
v5_factual_0414,mixtral-8x7b,0,epistemic_humility,0,4,4,already_correct,factual,0.5067823827266693,0.4555124,1.9577807,0.9122923
v5_factual_0415,mixtral-8x7b,0,epistemic_humility,0,4,4,already_correct,factual,0.0,0.5247055,2.104278,0.74048615
v5_factual_0416,mixtral-8x7b,0,epistemic_humility,0,4,4,already_correct,factual,-1.1920928955078125e-07,0.40720493,1.9843135,0.80884516
v5_factual_0417,mixtral-8x7b,0,epistemic_humility,0,4,4,already_correct,factual,0.0,0.464208,1.8135874,0.7986161
v5_factual_0418,mixtral-8x7b,0,epistemic_humility,0,4,3,regressed,factual,0.0,0.39027393,2.013815,0.8206475
v5_factual_0419,mixtral-8x7b,0,epistemic_humility,0,4,4,already_correct,factual,0.0,0.35335082,2.231906,0.79622805
v5_factual_0420,mixtral-8x7b,0,epistemic_humility,0,4,4,already_correct,factual,0.4894703030586242,0.44331628,2.2082727,0.7481533
v5_factual_0421,mixtral-8x7b,0,epistemic_humility,0,4,4,already_correct,factual,0.3618914484977722,0.47743976,2.0237715,0.83021766
v5_factual_0422,mixtral-8x7b,0,epistemic_humility,0,4,4,already_correct,factual,0.0,0.41907775,1.669697,0.82215035
v5_factual_0423,mixtral-8x7b,0,epistemic_humility,0,4,4,already_correct,factual,0.8534251153469086,0.5499385,2.0493486,0.71324265
v5_factual_0424,mixtral-8x7b,0,epistemic_humility,0,4,4,already_correct,factual,-1.1920928955078125e-07,0.4176908,1.8710555,0.8064953
v5_factual_0425,mixtral-8x7b,0,epistemic_humility,0,4,4,already_correct,factual,0.4342750310897827,0.48489165,2.0723612,0.7634735
v5_factual_0426,mixtral-8x7b,0,epistemic_humility,0,4,4,already_correct,factual,0.8398357778787613,0.47926307,1.9116812,0.789416
v5_factual_0427,mixtral-8x7b,0,epistemic_humility,0,4,4,already_correct,factual,0.0,0.46438015,1.8517958,0.81839293
v5_factual_0428,mixtral-8x7b,0,epistemic_humility,0,4,4,already_correct,factual,0.5358072817325592,0.4448158,1.7470665,0.8173084
v5_factual_0429,mixtral-8x7b,0,epistemic_humility,0,4,4,already_correct,factual,0.3787541389465332,0.47205526,1.8007791,0.8768164
v5_factual_0430,mixtral-8x7b,0,fact_grounded,0,4,4,already_correct,factual,0.0081728100776672,0.4195426,2.1860104,0.77758485
v5_factual_0431,mixtral-8x7b,0,epistemic_humility,0,4,4,already_correct,factual,0.0257526636123657,0.41312885,1.685341,0.858437
v5_factual_0432,mixtral-8x7b,2,fact_grounded,0,4,3,fixed,factual,0.8006475567817688,0.43833852,2.0813189,0.8268104
v5_factual_0433,mixtral-8x7b,0,epistemic_humility,0,4,4,already_correct,factual,-1.1920928955078125e-07,0.42744517,1.9892553,0.76275754
v5_factual_0434,mixtral-8x7b,0,epistemic_humility,0,4,4,already_correct,factual,0.8236639201641083,0.4107985,2.111781,0.8413404
v5_factual_0435,mixtral-8x7b,0,epistemic_humility,0,4,4,already_correct,factual,0.1822597980499267,0.45641732,1.7888814,0.78389764
v5_factual_0436,mixtral-8x7b,1,epistemic_humility,0,4,4,other,factual,0.0038954615592956,0.35003847,2.0903661,0.8099059
v5_factual_0437,mixtral-8x7b,0,fact_grounded,0,4,3,regressed,factual,0.0,0.42094564,2.2921376,0.8302605
v5_factual_0438,mixtral-8x7b,0,epistemic_humility,0,4,4,already_correct,factual,0.5907433032989502,0.33770853,1.9976282,0.80553186
v5_factual_0439,mixtral-8x7b,0,epistemic_humility,0,4,4,already_correct,factual,0.5214489698410034,0.42716867,1.8806341,0.77273005
v5_factual_0440,mixtral-8x7b,0,epistemic_humility,0,4,4,already_correct,factual,0.0,0.43329734,2.2304966,0.7826294
v5_factual_0441,mixtral-8x7b,2,entity_aware,0,4,3,fixed,factual,0.4541671276092529,0.45821327,1.9215382,0.7892087
v5_factual_0442,mixtral-8x7b,0,epistemic_humility,0,4,4,already_correct,factual,0.7072013020515442,0.49113488,1.8303493,0.83221734
v5_factual_0443,mixtral-8x7b,0,epistemic_humility,0,4,4,already_correct,factual,-1.1920928955078125e-07,0.49623263,1.7820859,0.83333385
v5_factual_0444,mixtral-8x7b,0,epistemic_humility,0,4,4,already_correct,factual,0.0,0.44693333,1.9572161,0.8329171
v5_factual_0445,mixtral-8x7b,0,epistemic_humility,0,4,4,already_correct,factual,0.0,0.46195304,2.0673172,0.8341464
v5_factual_0446,mixtral-8x7b,0,epistemic_humility,0,4,4,already_correct,factual,0.1143993735313415,0.45121014,1.6838806,0.77999806
v5_factual_0447,mixtral-8x7b,0,epistemic_humility,0,4,4,already_correct,factual,0.5038744807243347,0.4472875,1.7559401,0.77478606
v5_factual_0448,mixtral-8x7b,0,epistemic_humility,0,4,4,already_correct,factual,5.960464477539064e-08,0.44642282,2.0915797,0.78676903
v5_factual_0449,mixtral-8x7b,0,epistemic_humility,0,4,4,already_correct,factual,0.7950739860534668,0.46584493,1.7678151,0.7850876
v5_factual_0450,mixtral-8x7b,0,epistemic_humility,0,4,4,already_correct,factual,0.5310864150524139,0.43626904,1.5422457,0.82497245
v5_factual_0451,mixtral-8x7b,0,epistemic_humility,0,4,4,already_correct,factual,0.7183105945587158,0.4962994,1.9987686,0.7482824
v5_factual_0452,mixtral-8x7b,0,epistemic_humility,0,4,4,already_correct,factual,0.7165623903274536,0.4459144,2.2127953,0.77125084
v5_factual_0453,mixtral-8x7b,0,epistemic_humility,0,4,4,already_correct,factual,0.5114775896072388,0.38721848,2.0394812,0.7744176
v5_factual_0454,mixtral-8x7b,0,epistemic_humility,0,4,4,already_correct,factual,0.2009386420249939,0.37695062,2.3238158,0.8251924
v5_factual_0455,mixtral-8x7b,2,fact_grounded,0,4,2,fixed,factual,0.1822677254676818,0.485124,1.7812068,0.77877295
v5_factual_0456,mixtral-8x7b,0,epistemic_humility,0,4,4,already_correct,factual,0.0133070945739746,0.38540632,2.29361,0.82087517
v5_factual_0457,mixtral-8x7b,0,epistemic_humility,0,4,4,already_correct,factual,0.2896995544433594,0.4482249,2.12689,0.7483665
v5_factual_0458,mixtral-8x7b,0,entity_aware,0,4,3,regressed,factual,0.2201358079910278,0.49339283,2.5191545,0.8054008
v5_factual_0459,mixtral-8x7b,0,epistemic_humility,0,4,4,already_correct,factual,0.1575966477394104,0.4663726,1.9109652,0.758003
v5_factual_0460,mixtral-8x7b,2,fact_grounded,0,4,3,fixed,factual,0.2210810184478759,0.46894628,2.03509,0.848449
v5_factual_0461,mixtral-8x7b,1,epistemic_humility,0,4,2,other,factual,0.2478852868080139,0.4046597,1.8818171,0.848907
v5_factual_0462,mixtral-8x7b,1,epistemic_humility,0,4,4,other,factual,0.143399178981781,0.4067598,2.2700992,0.83429307
v5_factual_0463,mixtral-8x7b,0,epistemic_humility,0,4,4,already_correct,factual,0.6585473716259003,0.40447575,2.0734825,0.7652763
v5_factual_0464,mixtral-8x7b,0,epistemic_humility,0,4,4,already_correct,factual,0.3127829432487488,0.50830615,2.3769863,0.68225586
v5_factual_0465,mixtral-8x7b,0,epistemic_humility,0,4,4,already_correct,factual,0.4700947403907776,0.38855696,1.9386827,0.7921201
v5_factual_0466,mixtral-8x7b,0,epistemic_humility,0,4,4,already_correct,factual,0.6865447759628296,0.46091592,1.7687774,0.77795476
v5_factual_0467,mixtral-8x7b,0,epistemic_humility,0,4,4,already_correct,factual,0.5543586015701294,0.44475627,1.7687595,0.79450977
v5_factual_0468,mixtral-8x7b,2,epistemic_humility,0,4,3,fixed,factual,0.4890649318695068,0.48352152,2.01945,0.7897074
v5_factual_0469,mixtral-8x7b,0,epistemic_humility,0,4,3,regressed,factual,0.72088223695755,0.5123185,1.8135449,0.8581368
v5_factual_0470,mixtral-8x7b,0,epistemic_humility,0,4,4,already_correct,factual,5.960464477539064e-08,0.42767924,2.2886817,0.7908009
v5_factual_0471,mixtral-8x7b,2,structured_caution,0,4,2,fixed,factual,0.2017292976379394,0.49336267,1.9863697,0.79293823
v5_factual_0472,mixtral-8x7b,0,epistemic_humility,0,4,4,already_correct,factual,0.8615423887968063,0.46075475,1.7949293,0.77222455
v5_factual_0473,mixtral-8x7b,0,epistemic_humility,0,4,4,already_correct,factual,0.8409247398376465,0.40585458,2.074393,0.81785387
v5_factual_0474,mixtral-8x7b,0,epistemic_humility,0,4,4,already_correct,factual,0.693056583404541,0.46758133,1.8588101,0.6693564
v5_factual_0475,mixtral-8x7b,0,epistemic_humility,0,4,4,already_correct,factual,0.1752036809921264,0.39998996,2.062113,0.8382557
v5_factual_0476,mixtral-8x7b,1,structured_caution,0,4,1,other,factual,0.6581890285015106,0.5048226,1.8015037,0.7830464
v5_factual_0477,mixtral-8x7b,0,epistemic_humility,0,4,4,already_correct,factual,1.1920928955078125e-07,0.46064532,2.226246,0.800327
v5_factual_0478,mixtral-8x7b,0,epistemic_humility,0,4,4,already_correct,factual,0.5995665788650513,0.45012933,1.8977854,0.77300787
v5_factual_0479,mixtral-8x7b,0,epistemic_humility,0,4,4,already_correct,factual,1.1920928955078125e-07,0.3171894,2.0023315,0.8352885
v5_factual_0480,mixtral-8x7b,0,epistemic_humility,0,4,4,already_correct,factual,-1.1920928955078125e-07,0.41561782,2.042642,0.87748134
v5_factual_0481,mixtral-8x7b,0,epistemic_humility,0,4,4,already_correct,factual,0.0,0.47532105,1.9021463,0.8191968
v5_factual_0482,mixtral-8x7b,0,epistemic_humility,0,4,4,already_correct,factual,5.960464477539064e-08,0.46527153,1.96676,0.82747316
v5_factual_0483,mixtral-8x7b,0,epistemic_humility,0,4,4,already_correct,factual,0.096393346786499,0.48977596,2.1881266,0.7590171
v5_factual_0484,mixtral-8x7b,0,structured_caution,0,4,1,regressed,factual,0.0,0.46005797,1.6013277,0.78932464
v5_factual_0485,mixtral-8x7b,0,epistemic_humility,0,4,4,already_correct,factual,0.8385554850101471,0.5078411,2.1260037,0.7721683
v5_factual_0486,mixtral-8x7b,0,epistemic_humility,0,4,4,already_correct,factual,0.5598730444908142,0.38679403,1.8058789,0.7930667
v5_factual_0487,mixtral-8x7b,0,epistemic_humility,0,4,4,already_correct,factual,5.960464477539064e-08,0.4048323,1.8423815,0.796926
v5_factual_0488,mixtral-8x7b,0,epistemic_humility,0,4,4,already_correct,factual,0.1111040711402893,0.43379974,1.9912463,0.8352816
v5_factual_0489,mixtral-8x7b,0,epistemic_humility,0,4,4,already_correct,factual,0.2609122991561889,0.45311683,1.859312,0.7563264
v5_factual_0490,mixtral-8x7b,0,epistemic_humility,0,4,3,regressed,factual,1.1920928955078125e-07,0.41901517,1.9044913,0.81637365
v5_factual_0491,mixtral-8x7b,0,epistemic_humility,0,4,4,already_correct,factual,5.960464477539064e-08,0.4403084,1.9420183,0.7478603
v5_factual_0492,mixtral-8x7b,0,epistemic_humility,0,4,4,already_correct,factual,0.7086734771728516,0.49546927,1.8368393,0.69921577
v5_factual_0493,mixtral-8x7b,1,epistemic_humility,0,4,4,other,factual,0.0,0.4442494,2.0197816,0.7331434
v5_factual_0494,mixtral-8x7b,0,structured_caution,0,4,2,regressed,factual,0.5783247947692871,0.42861372,1.8634788,0.8380983
v5_factual_0495,mixtral-8x7b,0,fact_grounded,0,4,1,regressed,factual,-2.384185791015625e-07,0.4715737,2.27216,0.7817606
v5_factual_0496,mixtral-8x7b,2,epistemic_humility,2,4,0,still_broken,factual,1.1920928955078125e-07,0.48296535,1.6883699,0.78929234
v5_factual_0497,mixtral-8x7b,0,epistemic_humility,0,4,4,already_correct,factual,0.5358141958713531,0.4490645,2.147952,0.75186455
v5_factual_0498,mixtral-8x7b,0,epistemic_humility,0,4,4,already_correct,factual,0.4744014143943786,0.45070553,2.3197198,0.80296165
v5_factual_0499,mixtral-8x7b,0,epistemic_humility,0,4,4,already_correct,factual,0.2660653591156006,0.41804087,2.066282,0.79884577
v5_factual_0500,mixtral-8x7b,0,epistemic_humility,0,4,4,already_correct,factual,1.1920928955078125e-07,0.47041756,1.9608064,0.7937436
v5_impossible_0001,mixtral-8x7b,0,epistemic_humility,0,4,4,already_correct,impossible,0.2322331666946411,0.5553931,2.0794902,0.786106
v5_impossible_0002,mixtral-8x7b,0,epistemic_humility,0,4,4,already_correct,impossible,0.1983261108398437,0.53074896,1.8159605,0.6734248
v5_impossible_0003,mixtral-8x7b,0,epistemic_humility,0,4,4,already_correct,impossible,0.8131871074438095,0.51007044,1.9763669,0.73012424
v5_impossible_0004,mixtral-8x7b,0,epistemic_humility,0,4,4,already_correct,impossible,1.1920928955078125e-07,0.5530914,2.251458,0.6642318
v5_impossible_0005,mixtral-8x7b,0,epistemic_humility,0,4,4,already_correct,impossible,0.2237384915351867,0.52729595,2.1214528,0.6519563
v5_impossible_0006,mixtral-8x7b,0,epistemic_humility,0,4,4,already_correct,impossible,0.1010387539863586,0.52367115,1.6756554,0.7350826
v5_impossible_0007,mixtral-8x7b,0,epistemic_humility,0,4,4,already_correct,impossible,0.2238031029701233,0.5772369,2.0075476,0.82240963
v5_impossible_0008,mixtral-8x7b,0,epistemic_humility,0,4,4,already_correct,impossible,0.6996063590049744,0.42088735,2.1239119,0.69963133
v5_impossible_0009,mixtral-8x7b,0,epistemic_humility,0,4,4,already_correct,impossible,0.7954349368810654,0.60586977,2.1377523,0.7626461
v5_impossible_0010,mixtral-8x7b,1,epistemic_humility,0,4,4,other,impossible,0.4533162117004394,0.5480929,2.0165997,0.7636962
v5_impossible_0011,mixtral-8x7b,0,epistemic_humility,0,4,4,already_correct,impossible,0.222025990486145,0.48852366,1.9584563,0.6708198
v5_impossible_0012,mixtral-8x7b,0,epistemic_humility,0,4,4,already_correct,impossible,0.6935185790061951,0.5114173,2.3110287,0.6811614
v5_impossible_0013,mixtral-8x7b,0,epistemic_humility,0,4,4,already_correct,impossible,0.4056057929992676,0.5700097,1.7525122,0.8020906
v5_impossible_0014,mixtral-8x7b,0,epistemic_humility,0,4,4,already_correct,impossible,0.8369081914424896,0.46343565,1.9383849,0.6940619
v5_impossible_0015,mixtral-8x7b,0,epistemic_humility,0,4,4,already_correct,impossible,0.6287404894828796,0.5673177,1.9838703,0.7250656
v5_impossible_0016,mixtral-8x7b,0,epistemic_humility,0,4,4,already_correct,impossible,0.4540066719055176,0.5389445,2.2935326,0.71912855
v5_impossible_0017,mixtral-8x7b,0,epistemic_humility,0,4,4,already_correct,impossible,0.5447070300579071,0.5808466,2.026449,0.7033918
v5_impossible_0018,mixtral-8x7b,0,epistemic_humility,0,4,4,already_correct,impossible,0.1527435779571533,0.48688656,1.7021515,0.8035562
v5_impossible_0019,mixtral-8x7b,0,epistemic_humility,0,4,4,already_correct,impossible,0.8453826606273651,0.55445933,1.8305192,0.71887326
v5_impossible_0020,mixtral-8x7b,0,epistemic_humility,0,4,4,already_correct,impossible,0.8551939874887466,0.49819398,2.0130012,0.7555662
v5_impossible_0021,mixtral-8x7b,0,epistemic_humility,0,4,4,already_correct,impossible,0.5879805684089661,0.48398572,1.9616117,0.698568
v5_impossible_0022,mixtral-8x7b,0,epistemic_humility,0,4,4,already_correct,impossible,0.8054146468639374,0.5013097,2.1422324,0.75252765
v5_impossible_0023,mixtral-8x7b,1,epistemic_humility,0,4,4,other,impossible,0.3836156129837036,0.5364563,2.064696,0.7463451
v5_impossible_0024,mixtral-8x7b,0,epistemic_humility,0,4,4,already_correct,impossible,0.0,0.5190846,1.7704799,0.7479967
v5_impossible_0025,mixtral-8x7b,0,epistemic_humility,0,4,4,already_correct,impossible,0.685299813747406,0.59356225,2.3604074,0.71548355
v5_impossible_0026,mixtral-8x7b,0,epistemic_humility,0,4,4,already_correct,impossible,0.0584882497787475,0.4102105,2.0368407,0.6636443
v5_impossible_0027,mixtral-8x7b,0,epistemic_humility,0,4,4,already_correct,impossible,0.8285308182239532,0.5617551,1.9726344,0.77147216
v5_impossible_0028,mixtral-8x7b,0,epistemic_humility,0,4,4,already_correct,impossible,0.7103495299816132,0.56387305,1.9544607,0.74639785
v5_impossible_0029,mixtral-8x7b,2,epistemic_humility,0,4,4,fixed,impossible,0.5641884803771973,0.5235273,1.9622782,0.7392614
v5_impossible_0030,mixtral-8x7b,0,epistemic_humility,0,4,4,already_correct,impossible,0.6979282200336456,0.49363607,1.7783155,0.60732996
v5_impossible_0031,mixtral-8x7b,0,epistemic_humility,0,4,4,already_correct,impossible,0.4161866903305053,0.4464411,2.2541378,0.7166369
v5_impossible_0032,mixtral-8x7b,0,epistemic_humility,0,4,4,already_correct,impossible,-1.1920928955078125e-07,0.5174327,2.306976,0.71369827
v5_impossible_0033,mixtral-8x7b,0,epistemic_humility,0,4,4,already_correct,impossible,0.8189418911933899,0.53485894,2.131976,0.7019608
v5_impossible_0034,mixtral-8x7b,0,epistemic_humility,0,4,4,already_correct,impossible,0.8302779793739319,0.54260427,2.174156,0.6369301
v5_impossible_0035,mixtral-8x7b,0,epistemic_humility,0,4,4,already_correct,impossible,0.0815951824188232,0.5186217,2.0107834,0.7123109
v5_impossible_0036,mixtral-8x7b,0,epistemic_humility,0,4,4,already_correct,impossible,0.6316162943840027,0.5713563,2.0943167,0.8052881
v5_impossible_0037,mixtral-8x7b,0,epistemic_humility,0,4,4,already_correct,impossible,0.0265354514122009,0.5724883,2.1725996,0.7871344
v5_impossible_0038,mixtral-8x7b,0,epistemic_humility,0,4,3,regressed,impossible,0.866695299744606,0.52748346,1.9205768,0.62580764
v5_impossible_0039,mixtral-8x7b,0,epistemic_humility,0,4,4,already_correct,impossible,0.8376963883638382,0.58460224,2.2915409,0.7916782
v5_impossible_0040,mixtral-8x7b,2,epistemic_humility,0,4,4,fixed,impossible,0.0,0.51483285,2.0039601,0.7214514
v5_impossible_0041,mixtral-8x7b,1,fact_grounded,0,4,4,other,impossible,-1.1920928955078125e-07,0.59273577,1.9529885,0.87914264
v5_impossible_0042,mixtral-8x7b,0,epistemic_humility,0,4,4,already_correct,impossible,0.2553712725639343,0.5436245,2.1328619,0.74596614
v5_impossible_0043,mixtral-8x7b,0,epistemic_humility,0,4,4,already_correct,impossible,0.0978727340698242,0.52003574,1.9142399,0.6966676
v5_impossible_0044,mixtral-8x7b,0,epistemic_humility,0,4,4,already_correct,impossible,0.5530026257038116,0.42641944,1.8860396,0.7197923
v5_impossible_0045,mixtral-8x7b,1,epistemic_humility,0,4,4,other,impossible,0.0822274684906005,0.5252727,1.6613861,0.8307115
v5_impossible_0046,mixtral-8x7b,0,epistemic_humility,0,4,4,already_correct,impossible,0.395082950592041,0.45823157,1.7358435,0.6650561
v5_impossible_0047,mixtral-8x7b,0,epistemic_humility,0,4,4,already_correct,impossible,0.0885370969772338,0.5027325,2.046724,0.70932454
v5_impossible_0048,mixtral-8x7b,0,epistemic_humility,0,4,4,already_correct,impossible,0.6849111616611481,0.5851922,2.0355244,0.79005855
v5_impossible_0049,mixtral-8x7b,0,epistemic_humility,0,4,4,already_correct,impossible,0.2709655165672302,0.50268877,1.5890404,0.8306422
v5_impossible_0050,mixtral-8x7b,0,epistemic_humility,0,4,4,already_correct,impossible,0.0,0.48486543,1.8764313,0.70517164
v5_impossible_0051,mixtral-8x7b,0,epistemic_humility,0,4,4,already_correct,impossible,1.788139343261719e-07,0.5315405,2.0989838,0.6781906
v5_impossible_0052,mixtral-8x7b,1,epistemic_humility,0,4,3,other,impossible,0.5204137563705444,0.49819762,2.1313205,0.71302086
v5_impossible_0053,mixtral-8x7b,0,epistemic_humility,0,4,4,already_correct,impossible,0.648711621761322,0.52368474,1.8762778,0.6899515
v5_impossible_0054,mixtral-8x7b,0,epistemic_humility,0,4,4,already_correct,impossible,0.0128219127655029,0.45151085,1.901043,0.75251025
v5_impossible_0055,mixtral-8x7b,0,epistemic_humility,0,4,4,already_correct,impossible,0.530849039554596,0.52119863,1.9859457,0.67169344
v5_impossible_0056,mixtral-8x7b,2,epistemic_humility,0,4,3,fixed,impossible,-1.1920928955078125e-07,0.47584772,1.5819973,0.8051269
v5_impossible_0057,mixtral-8x7b,0,epistemic_humility,0,4,4,already_correct,impossible,0.8349652737379074,0.5430363,1.8220505,0.875203
v5_impossible_0058,mixtral-8x7b,0,epistemic_humility,0,4,4,already_correct,impossible,5.960464477539064e-08,0.4521945,1.7105875,0.7970147
v5_impossible_0059,mixtral-8x7b,2,epistemic_humility,0,4,4,fixed,impossible,0.7316543161869049,0.48081732,1.8835,0.67193615
v5_impossible_0060,mixtral-8x7b,0,epistemic_humility,0,4,4,already_correct,impossible,0.1561903357505798,0.5391284,1.6452177,0.7400625
v5_impossible_0061,mixtral-8x7b,0,epistemic_humility,0,4,4,already_correct,impossible,0.5760164558887482,0.4872706,1.8913431,0.6812035
v5_impossible_0062,mixtral-8x7b,0,epistemic_humility,0,4,4,already_correct,impossible,5.960464477539064e-08,0.5725837,2.1330624,0.7292066
v5_impossible_0063,mixtral-8x7b,0,epistemic_humility,0,4,4,already_correct,impossible,0.0362821221351623,0.5175104,2.1584501,0.7229882
v5_impossible_0064,mixtral-8x7b,0,epistemic_humility,0,4,4,already_correct,impossible,0.8495573401451111,0.59430885,1.880974,0.7088287
v5_impossible_0065,mixtral-8x7b,1,epistemic_humility,0,4,4,other,impossible,0.4729133248329162,0.50469506,2.1007998,0.7174478
v5_impossible_0066,mixtral-8x7b,0,epistemic_humility,0,4,4,already_correct,impossible,0.4495410919189453,0.52753717,1.7406131,0.67800546
v5_impossible_0067,mixtral-8x7b,0,epistemic_humility,0,4,4,already_correct,impossible,0.4672402143478393,0.59206235,2.1581166,0.75303715
v5_impossible_0068,mixtral-8x7b,0,epistemic_humility,0,4,4,already_correct,impossible,0.7046710252761841,0.46852446,2.0792582,0.7548064
v5_impossible_0069,mixtral-8x7b,2,fact_grounded,0,4,4,fixed,impossible,0.0,0.54577315,1.8908768,0.72326493
v5_impossible_0070,mixtral-8x7b,0,epistemic_humility,0,4,4,already_correct,impossible,0.2857892513275146,0.51584584,1.970433,0.64928955
v5_impossible_0071,mixtral-8x7b,0,epistemic_humility,0,4,4,already_correct,impossible,0.0,0.5258802,1.8268874,0.76840127
v5_impossible_0072,mixtral-8x7b,0,epistemic_humility,0,4,4,already_correct,impossible,0.7278483808040619,0.579067,1.7494814,0.7892318
v5_impossible_0073,mixtral-8x7b,0,epistemic_humility,0,4,4,already_correct,impossible,0.69941645860672,0.48667574,2.0042148,0.67695093
v5_impossible_0074,mixtral-8x7b,2,fact_grounded,0,4,4,fixed,impossible,0.0,0.53551054,1.8213259,0.7774598
v5_impossible_0075,mixtral-8x7b,2,epistemic_humility,2,4,0,still_broken,impossible,0.5142276287078857,0.5181891,1.8912244,0.8134618
v5_impossible_0076,mixtral-8x7b,0,epistemic_humility,0,4,4,already_correct,impossible,0.4992193579673767,0.5340073,2.5142124,0.66706437
v5_impossible_0077,mixtral-8x7b,2,epistemic_humility,0,4,3,fixed,impossible,5.960464477539064e-08,0.53658164,1.9582607,0.8601357
v5_impossible_0078,mixtral-8x7b,0,epistemic_humility,0,4,4,already_correct,impossible,0.1285669803619384,0.60846823,2.1581447,0.7865525
v5_impossible_0079,mixtral-8x7b,0,epistemic_humility,0,4,4,already_correct,impossible,0.0373276472091674,0.51370895,1.8511748,0.7153052
v5_impossible_0080,mixtral-8x7b,0,epistemic_humility,0,4,4,already_correct,impossible,0.1637194752693176,0.56357276,1.8362225,0.832212
v5_impossible_0081,mixtral-8x7b,0,epistemic_humility,0,4,4,already_correct,impossible,0.5836676955223083,0.45562357,1.7095909,0.7514181
v5_impossible_0082,mixtral-8x7b,1,fact_grounded,0,4,4,other,impossible,0.4659147262573242,0.5603386,1.9269874,0.7217978
v5_impossible_0083,mixtral-8x7b,0,epistemic_humility,0,4,4,already_correct,impossible,0.5599317848682404,0.5316801,2.4618988,0.61724854
v5_impossible_0084,mixtral-8x7b,0,epistemic_humility,0,4,4,already_correct,impossible,0.5335108041763306,0.56883967,2.0052402,0.6865458
v5_impossible_0085,mixtral-8x7b,0,epistemic_humility,0,4,4,already_correct,impossible,0.5205314457416534,0.53709066,2.0044265,0.72210747
v5_impossible_0086,mixtral-8x7b,0,epistemic_humility,0,4,4,already_correct,impossible,0.5590618550777435,0.4858759,1.7714742,0.71013427
v5_impossible_0087,mixtral-8x7b,0,epistemic_humility,0,4,4,already_correct,impossible,0.8360323160886765,0.5150604,2.1474926,0.6958804
v5_impossible_0088,mixtral-8x7b,0,epistemic_humility,0,4,4,already_correct,impossible,5.960464477539064e-08,0.44576102,1.7142135,0.76584095
v5_impossible_0089,mixtral-8x7b,0,epistemic_humility,0,4,4,already_correct,impossible,0.1311935782432556,0.5100781,1.7987165,0.6833958
v5_impossible_0090,mixtral-8x7b,0,epistemic_humility,0,4,4,already_correct,impossible,0.0120249390602111,0.5105139,2.1750216,0.8155759
v5_impossible_0091,mixtral-8x7b,0,epistemic_humility,0,4,4,already_correct,impossible,0.8413865119218826,0.54640865,1.8996209,0.71909344
v5_impossible_0092,mixtral-8x7b,0,epistemic_humility,0,4,4,already_correct,impossible,0.3405949473381042,0.5949182,1.8929831,0.8601948
v5_impossible_0093,mixtral-8x7b,0,epistemic_humility,0,4,4,already_correct,impossible,0.3725548982620239,0.51634026,2.1549966,0.7082758
v5_impossible_0094,mixtral-8x7b,0,epistemic_humility,0,4,4,already_correct,impossible,0.7019835114479065,0.58835995,2.0324528,0.6800887
v5_impossible_0095,mixtral-8x7b,0,epistemic_humility,0,4,4,already_correct,impossible,0.6026630103588104,0.50672126,2.0099757,0.67468756
v5_impossible_0096,mixtral-8x7b,0,epistemic_humility,0,4,4,already_correct,impossible,0.6806187033653259,0.5190606,2.14494,0.71274596
v5_impossible_0097,mixtral-8x7b,0,epistemic_humility,0,4,4,already_correct,impossible,0.139236569404602,0.53733075,1.8851758,0.7827622
v5_impossible_0098,mixtral-8x7b,0,epistemic_humility,0,4,4,already_correct,impossible,0.3936091661453247,0.5446118,2.1053066,0.7191508
v5_impossible_0099,mixtral-8x7b,0,epistemic_humility,0,4,4,already_correct,impossible,0.6552041172981262,0.5711585,1.7916511,0.72567904
v5_impossible_0100,mixtral-8x7b,0,epistemic_humility,0,4,4,already_correct,impossible,0.8406743854284286,0.57989883,2.3512547,0.7578904
v5_impossible_0101,mixtral-8x7b,0,epistemic_humility,0,4,4,already_correct,impossible,0.8179812729358673,0.4212293,1.902517,0.7065893
v5_impossible_0102,mixtral-8x7b,0,epistemic_humility,0,4,4,already_correct,impossible,5.960464477539064e-08,0.5181078,2.0274613,0.75909406
v5_impossible_0103,mixtral-8x7b,0,epistemic_humility,0,4,4,already_correct,impossible,0.1741294860839843,0.5441085,1.9710506,0.7941565
v5_impossible_0104,mixtral-8x7b,0,epistemic_humility,0,4,4,already_correct,impossible,0.8473782688379288,0.5370071,1.8141173,0.7038151
v5_impossible_0105,mixtral-8x7b,2,epistemic_humility,0,4,3,fixed,impossible,0.6636210680007935,0.5546186,2.0666795,0.6875321
v5_impossible_0106,mixtral-8x7b,0,epistemic_humility,0,4,4,already_correct,impossible,0.0646622776985168,0.57706594,1.9844806,0.73988056
v5_impossible_0107,mixtral-8x7b,0,epistemic_humility,0,4,4,already_correct,impossible,0.3696467876434326,0.5313471,2.2749286,0.70255435
v5_impossible_0108,mixtral-8x7b,0,epistemic_humility,0,4,4,already_correct,impossible,0.6666516661643982,0.44227362,2.1211627,0.6656762
v5_impossible_0109,mixtral-8x7b,2,epistemic_humility,0,4,4,fixed,impossible,0.3331350088119507,0.5490078,2.0719676,0.7357787
v5_impossible_0110,mixtral-8x7b,0,epistemic_humility,0,4,4,already_correct,impossible,0.6820800602436066,0.4650045,2.1567342,0.74663776
v5_impossible_0111,mixtral-8x7b,2,fact_grounded,0,4,3,fixed,impossible,0.6377832889556885,0.5093588,1.7566615,0.70970553
v5_impossible_0112,mixtral-8x7b,0,epistemic_humility,0,4,4,already_correct,impossible,0.4130501747131347,0.55032533,1.9816313,0.7833658
v5_impossible_0113,mixtral-8x7b,0,epistemic_humility,0,4,4,already_correct,impossible,0.0,0.54106045,1.9252772,0.83486515
v5_impossible_0114,mixtral-8x7b,0,epistemic_humility,0,4,4,already_correct,impossible,0.7171690464019775,0.5388603,1.9257033,0.66498554
v5_impossible_0115,mixtral-8x7b,0,epistemic_humility,0,4,4,already_correct,impossible,0.0,0.5700138,2.2554898,0.6704423
v5_impossible_0116,mixtral-8x7b,2,epistemic_humility,0,4,4,fixed,impossible,0.7200987637042999,0.4940446,1.871284,0.8075954
v5_impossible_0117,mixtral-8x7b,0,epistemic_humility,0,4,4,already_correct,impossible,0.5402437448501587,0.46694392,1.7869031,0.7126605
v5_impossible_0118,mixtral-8x7b,0,epistemic_humility,0,4,4,already_correct,impossible,0.4570416212081909,0.4674561,1.7468492,0.7410767
v5_impossible_0119,mixtral-8x7b,0,epistemic_humility,0,4,4,already_correct,impossible,0.8368503153324127,0.45776546,1.721145,0.7170512
v5_impossible_0120,mixtral-8x7b,2,fact_grounded,0,4,3,fixed,impossible,0.8083619624376297,0.573612,1.9344321,0.76579285
v5_impossible_0121,mixtral-8x7b,0,epistemic_humility,0,4,4,already_correct,impossible,0.3538017868995666,0.54129124,1.987308,0.80878055
v5_impossible_0122,mixtral-8x7b,0,epistemic_humility,0,4,4,already_correct,impossible,0.4438815116882324,0.5372908,2.1403358,0.70693797
v5_impossible_0123,mixtral-8x7b,0,epistemic_humility,0,4,4,already_correct,impossible,0.2292705178260803,0.48598415,1.9052924,0.6836885
v5_impossible_0124,mixtral-8x7b,0,epistemic_humility,0,4,4,already_correct,impossible,0.7807841002941132,0.58733886,2.101428,0.77705383
v5_impossible_0125,mixtral-8x7b,0,epistemic_humility,0,4,4,already_correct,impossible,0.0549371838569641,0.4802848,2.087666,0.71926665
v5_impossible_0126,mixtral-8x7b,0,epistemic_humility,0,4,4,already_correct,impossible,0.6897765100002289,0.4187991,1.9541594,0.72631806
v5_impossible_0127,mixtral-8x7b,0,epistemic_humility,0,4,4,already_correct,impossible,0.4086933135986328,0.47410828,1.6421124,0.76613086
v5_impossible_0128,mixtral-8x7b,0,epistemic_humility,0,4,4,already_correct,impossible,0.2291099429130554,0.47295183,1.9030585,0.735101
v5_impossible_0129,mixtral-8x7b,2,epistemic_humility,0,4,4,fixed,impossible,0.0281544923782348,0.5390952,1.8145303,0.77264875
v5_impossible_0130,mixtral-8x7b,0,epistemic_humility,0,4,4,already_correct,impossible,0.813451811671257,0.5401441,2.0090325,0.74332273
v5_impossible_0131,mixtral-8x7b,0,epistemic_humility,0,4,4,already_correct,impossible,0.8673134297132492,0.5425062,1.9532033,0.68302286
v5_impossible_0132,mixtral-8x7b,0,epistemic_humility,0,4,4,already_correct,impossible,5.960464477539064e-08,0.61014605,2.154498,0.76093525
v5_impossible_0133,mixtral-8x7b,0,epistemic_humility,0,4,4,already_correct,impossible,0.0,0.58017313,1.910651,0.8004914
v5_impossible_0134,mixtral-8x7b,0,epistemic_humility,0,4,4,already_correct,impossible,0.4308310151100158,0.48559827,1.9824605,0.6477579
v5_impossible_0135,mixtral-8x7b,0,epistemic_humility,0,4,4,already_correct,impossible,0.2556880116462707,0.5856413,2.2252934,0.74628943
v5_impossible_0136,mixtral-8x7b,0,epistemic_humility,0,4,4,already_correct,impossible,0.7108056545257568,0.5904978,2.0719593,0.7231294
v5_impossible_0137,mixtral-8x7b,0,epistemic_humility,0,4,4,already_correct,impossible,0.410617470741272,0.5896819,2.2494297,0.79995406
v5_impossible_0138,mixtral-8x7b,0,epistemic_humility,0,4,4,already_correct,impossible,0.8172926157712936,0.46635503,2.2578273,0.6491877
v5_impossible_0139,mixtral-8x7b,0,epistemic_humility,0,4,4,already_correct,impossible,0.0165753960609436,0.592731,1.9290172,0.820317
v5_impossible_0140,mixtral-8x7b,0,epistemic_humility,0,4,4,already_correct,impossible,0.4693159461021423,0.4596311,1.9350187,0.6731545
v5_impossible_0141,mixtral-8x7b,0,epistemic_humility,0,4,4,already_correct,impossible,0.83254374563694,0.525706,2.2425447,0.71202445
v5_impossible_0142,mixtral-8x7b,2,epistemic_humility,0,4,4,fixed,impossible,0.6965807676315308,0.5643088,1.9082084,0.7398485
v5_impossible_0143,mixtral-8x7b,0,epistemic_humility,0,4,4,already_correct,impossible,0.350506842136383,0.5381096,1.9640048,0.7866563
v5_impossible_0144,mixtral-8x7b,0,epistemic_humility,0,4,4,already_correct,impossible,0.6966003179550171,0.571957,2.1424296,0.7487389
v5_impossible_0145,mixtral-8x7b,0,epistemic_humility,0,4,4,already_correct,impossible,0.830010175704956,0.48932135,2.1089597,0.7568427
v5_impossible_0146,mixtral-8x7b,0,epistemic_humility,0,4,4,already_correct,impossible,-1.1920928955078125e-07,0.51188564,2.0153058,0.80574524
v5_impossible_0147,mixtral-8x7b,0,epistemic_humility,0,4,4,already_correct,impossible,0.2727124691009521,0.52078795,2.0394793,0.6785052
v5_impossible_0148,mixtral-8x7b,2,epistemic_humility,0,4,4,fixed,impossible,5.960464477539064e-08,0.5335582,2.031457,0.6959694
v5_impossible_0149,mixtral-8x7b,0,epistemic_humility,0,4,4,already_correct,impossible,0.5804763734340668,0.5525732,2.51881,0.6798934
v5_impossible_0150,mixtral-8x7b,0,epistemic_humility,0,4,4,already_correct,impossible,5.960464477539064e-08,0.46332794,1.598654,0.71935844
v5_impossible_0151,mixtral-8x7b,0,epistemic_humility,0,4,4,already_correct,impossible,0.7113150954246521,0.51302177,2.2215462,0.6922324
v5_impossible_0152,mixtral-8x7b,0,epistemic_humility,0,4,4,already_correct,impossible,0.8055126368999481,0.5156268,2.1711004,0.72152126
v5_impossible_0153,mixtral-8x7b,2,epistemic_humility,0,4,4,fixed,impossible,0.2693489193916321,0.54292285,2.0148444,0.6833473
v5_impossible_0154,mixtral-8x7b,0,epistemic_humility,0,4,4,already_correct,impossible,0.1297855973243713,0.5552777,2.0343335,0.73253715
v5_impossible_0155,mixtral-8x7b,0,epistemic_humility,0,4,4,already_correct,impossible,5.960464477539064e-08,0.43423653,1.9240196,0.7220482
v5_impossible_0156,mixtral-8x7b,0,epistemic_humility,0,4,4,already_correct,impossible,0.3334788084030151,0.498887,1.7755889,0.6697125
v5_impossible_0157,mixtral-8x7b,2,epistemic_humility,0,4,4,fixed,impossible,0.0,0.518026,1.9764888,0.8089115
v5_impossible_0158,mixtral-8x7b,0,epistemic_humility,0,4,4,already_correct,impossible,0.5525643527507782,0.5351454,1.8692485,0.7028353
v5_impossible_0159,mixtral-8x7b,0,epistemic_humility,0,4,4,already_correct,impossible,5.960464477539064e-08,0.55223596,2.0016172,0.8662146
v5_impossible_0160,mixtral-8x7b,0,epistemic_humility,0,4,4,already_correct,impossible,0.0,0.51077485,2.5082176,0.63263255
v5_impossible_0161,mixtral-8x7b,0,epistemic_humility,0,4,4,already_correct,impossible,0.5375562310218811,0.4536196,1.8915174,0.7596175
v5_impossible_0162,mixtral-8x7b,0,epistemic_humility,0,4,4,already_correct,impossible,0.2962871789932251,0.5865241,1.8952826,0.7233666
v5_impossible_0163,mixtral-8x7b,0,epistemic_humility,0,4,4,already_correct,impossible,0.5425692796707153,0.55933297,2.133155,0.6555344
v5_impossible_0164,mixtral-8x7b,0,epistemic_humility,0,4,4,already_correct,impossible,0.0387267470359802,0.48922133,1.9493914,0.64416075
v5_impossible_0165,mixtral-8x7b,0,epistemic_humility,0,4,4,already_correct,impossible,0.0117852091789245,0.5504917,1.7655039,0.70726746
v5_impossible_0166,mixtral-8x7b,0,epistemic_humility,0,4,4,already_correct,impossible,0.6963152885437012,0.532446,2.215867,0.686485
v5_impossible_0167,mixtral-8x7b,0,epistemic_humility,0,4,4,already_correct,impossible,5.960464477539064e-08,0.56093013,2.0756404,0.7131273
v5_impossible_0168,mixtral-8x7b,0,epistemic_humility,0,4,4,already_correct,impossible,5.960464477539064e-08,0.50933635,2.0008109,0.74257565
v5_impossible_0169,mixtral-8x7b,0,epistemic_humility,0,4,4,already_correct,impossible,0.0751817226409912,0.5266798,2.2983327,0.70709777
v5_impossible_0170,mixtral-8x7b,0,epistemic_humility,0,4,4,already_correct,impossible,0.8259361386299133,0.5413014,1.8528621,0.7384694
v5_impossible_0171,mixtral-8x7b,0,epistemic_humility,0,4,4,already_correct,impossible,0.3958044648170471,0.555938,1.9642229,0.6558916
v5_impossible_0172,mixtral-8x7b,0,epistemic_humility,0,4,4,already_correct,impossible,0.4999072551727295,0.5675945,1.9268761,0.7846749
v5_impossible_0173,mixtral-8x7b,0,epistemic_humility,0,4,4,already_correct,impossible,0.8641609698534012,0.5602602,1.7654754,0.73233193
v5_impossible_0174,mixtral-8x7b,0,epistemic_humility,0,4,4,already_correct,impossible,0.3221744298934936,0.4905231,2.0724764,0.6652672
v5_impossible_0175,mixtral-8x7b,0,epistemic_humility,0,4,4,already_correct,impossible,0.8384104520082474,0.50711113,1.8977199,0.6732991
v5_impossible_0176,mixtral-8x7b,0,epistemic_humility,0,4,4,already_correct,impossible,0.7044046819210052,0.4701023,1.8084295,0.7524618
v5_impossible_0177,mixtral-8x7b,0,epistemic_humility,0,4,4,already_correct,impossible,0.3787010908126831,0.53160024,2.0820973,0.7992414
v5_impossible_0178,mixtral-8x7b,0,epistemic_humility,0,4,4,already_correct,impossible,0.1462244391441345,0.57223696,2.1232133,0.7541774
v5_impossible_0179,mixtral-8x7b,0,epistemic_humility,0,4,4,already_correct,impossible,0.727985143661499,0.5659077,2.1287115,0.7409765
v5_impossible_0180,mixtral-8x7b,0,epistemic_humility,0,4,4,already_correct,impossible,0.2052956223487854,0.53395855,1.7146828,0.67787606
v5_impossible_0181,mixtral-8x7b,0,epistemic_humility,0,4,4,already_correct,impossible,0.6945934891700745,0.5830267,1.8769711,0.7558214
v5_impossible_0182,mixtral-8x7b,0,epistemic_humility,0,4,4,already_correct,impossible,0.4445492029190063,0.56745803,2.0489948,0.68795645
v5_impossible_0183,mixtral-8x7b,0,epistemic_humility,0,4,4,already_correct,impossible,0.0748178362846374,0.53810763,1.8978944,0.77978915
v5_impossible_0184,mixtral-8x7b,0,epistemic_humility,0,4,4,already_correct,impossible,0.5916885733604431,0.5133995,2.2938612,0.7065457
v5_impossible_0185,mixtral-8x7b,0,epistemic_humility,0,4,4,already_correct,impossible,0.5968250632286072,0.57269216,2.2256289,0.73318964
v5_impossible_0186,mixtral-8x7b,0,epistemic_humility,0,4,4,already_correct,impossible,0.8299400806427002,0.54255223,2.1669133,0.6558165
v5_impossible_0187,mixtral-8x7b,0,epistemic_humility,0,4,4,already_correct,impossible,1.1920928955078125e-07,0.5292653,2.403495,0.72164905
v5_impossible_0188,mixtral-8x7b,0,epistemic_humility,0,4,4,already_correct,impossible,0.3890588879585266,0.5393643,1.9158746,0.6954794
v5_impossible_0189,mixtral-8x7b,0,epistemic_humility,0,4,4,already_correct,impossible,0.8461781889200211,0.52432483,2.0675519,0.72220147
v5_impossible_0190,mixtral-8x7b,0,epistemic_humility,0,4,4,already_correct,impossible,0.4945152997970581,0.5199752,2.1100729,0.6654856
v5_impossible_0191,mixtral-8x7b,2,epistemic_humility,0,4,4,fixed,impossible,0.5218669772148132,0.39456195,1.8471695,0.714805
v5_impossible_0192,mixtral-8x7b,0,epistemic_humility,0,4,4,already_correct,impossible,0.3936556577682495,0.54350597,2.4422886,0.6391096
v5_impossible_0193,mixtral-8x7b,0,epistemic_humility,0,4,4,already_correct,impossible,0.556560754776001,0.5041845,2.1202412,0.6805341
v5_impossible_0194,mixtral-8x7b,0,epistemic_humility,0,4,4,already_correct,impossible,-1.1920928955078125e-07,0.42305875,2.1216161,0.6976643
v5_impossible_0195,mixtral-8x7b,0,epistemic_humility,0,4,4,already_correct,impossible,0.0228330492973327,0.58476907,2.0648808,0.7353968
v5_impossible_0196,mixtral-8x7b,0,epistemic_humility,0,4,4,already_correct,impossible,0.0056663751602172,0.55646455,2.3265607,0.79537475
v5_impossible_0197,mixtral-8x7b,0,epistemic_humility,0,4,4,already_correct,impossible,0.8540288060903549,0.5749991,1.9765482,0.732626
v5_impossible_0198,mixtral-8x7b,0,epistemic_humility,0,4,4,already_correct,impossible,0.0,0.5471597,1.9743158,0.71513486
v5_impossible_0199,mixtral-8x7b,0,epistemic_humility,0,4,4,already_correct,impossible,0.3005803227424621,0.5207025,1.8553156,0.82676023
v5_impossible_0200,mixtral-8x7b,0,epistemic_humility,0,4,4,already_correct,impossible,0.0,0.54735625,2.1665316,0.8055227
v5_nonexistent_0001,mixtral-8x7b,0,epistemic_humility,0,4,4,already_correct,nonexistent,0.8182089030742645,0.50833666,1.960746,0.6991813
v5_nonexistent_0002,mixtral-8x7b,0,epistemic_humility,0,4,4,already_correct,nonexistent,0.3982901573181152,0.50608444,2.2826746,0.6933764
v5_nonexistent_0003,mixtral-8x7b,0,epistemic_humility,0,4,4,already_correct,nonexistent,0.6194284558296204,0.50605786,2.8729556,0.6861943
v5_nonexistent_0004,mixtral-8x7b,0,entity_aware,0,4,1,regressed,nonexistent,0.4091461300849914,0.63071406,2.4871304,0.67754245
v5_nonexistent_0005,mixtral-8x7b,0,epistemic_humility,0,4,4,already_correct,nonexistent,0.4162487387657165,0.5206244,2.5033484,0.66096944
v5_nonexistent_0006,mixtral-8x7b,0,epistemic_humility,0,4,4,already_correct,nonexistent,0.6288606524467468,0.39421427,2.14836,0.6654786
v5_nonexistent_0007,mixtral-8x7b,0,epistemic_humility,0,4,4,already_correct,nonexistent,0.7290169894695282,0.48971295,2.4366746,0.7195865
v5_nonexistent_0008,mixtral-8x7b,0,fact_grounded,0,4,3,regressed,nonexistent,0.7055011987686157,0.5129645,3.5376089,0.63233423
v5_nonexistent_0009,mixtral-8x7b,0,epistemic_humility,0,4,4,already_correct,nonexistent,0.4113177061080932,0.58951104,2.9105837,0.6984217
v5_nonexistent_0010,mixtral-8x7b,0,epistemic_humility,0,4,4,already_correct,nonexistent,0.6767550110816956,0.5270301,2.0389903,0.6175436
v5_nonexistent_0011,mixtral-8x7b,0,epistemic_humility,0,4,4,already_correct,nonexistent,0.1940225958824157,0.52977717,2.1185834,0.6924111
v5_nonexistent_0012,mixtral-8x7b,2,epistemic_humility,0,4,4,fixed,nonexistent,0.0,0.5346204,1.8227272,0.63965124
v5_nonexistent_0013,mixtral-8x7b,2,fact_grounded,0,4,3,fixed,nonexistent,0.0,0.58480144,2.1671338,0.77419734
v5_nonexistent_0014,mixtral-8x7b,0,epistemic_humility,0,4,4,already_correct,nonexistent,1.1920928955078125e-07,0.5797584,2.5065084,0.68167204
v5_nonexistent_0015,mixtral-8x7b,0,epistemic_humility,0,4,4,already_correct,nonexistent,0.3501012921333313,0.5606282,1.9939262,0.6632601
v5_nonexistent_0016,mixtral-8x7b,0,epistemic_humility,0,4,4,already_correct,nonexistent,0.8523635864257812,0.47495228,1.9596401,0.71581393
v5_nonexistent_0017,mixtral-8x7b,0,epistemic_humility,0,4,4,already_correct,nonexistent,0.0,0.46877807,1.7516274,0.6642
v5_nonexistent_0018,mixtral-8x7b,0,epistemic_humility,0,4,4,already_correct,nonexistent,0.8198835700750351,0.5484861,1.9632471,0.6472643
v5_nonexistent_0019,mixtral-8x7b,2,epistemic_humility,2,4,0,still_broken,nonexistent,0.2632525563240051,0.44937885,1.7847984,0.6913615
v5_nonexistent_0020,mixtral-8x7b,0,epistemic_humility,0,4,4,already_correct,nonexistent,0.0,0.4224655,2.078995,0.70720553
v5_nonexistent_0021,mixtral-8x7b,0,epistemic_humility,0,4,4,already_correct,nonexistent,0.4018611907958984,0.49234968,2.4027576,0.76161176
v5_nonexistent_0022,mixtral-8x7b,0,epistemic_humility,0,4,4,already_correct,nonexistent,0.8155632615089417,0.4515794,1.933763,0.66142416
v5_nonexistent_0023,mixtral-8x7b,0,epistemic_humility,0,4,4,already_correct,nonexistent,0.6305869817733765,0.5085364,2.154731,0.70769083
v5_nonexistent_0024,mixtral-8x7b,0,epistemic_humility,0,4,4,already_correct,nonexistent,0.1408328413963318,0.51502234,2.0282261,0.717728
v5_nonexistent_0025,mixtral-8x7b,0,epistemic_humility,0,4,4,already_correct,nonexistent,0.3989070653915405,0.48863947,2.184624,0.6951693
v5_nonexistent_0026,mixtral-8x7b,0,epistemic_humility,0,4,4,already_correct,nonexistent,0.6936153769493103,0.5163614,2.4246519,0.71197164
v5_nonexistent_0027,mixtral-8x7b,0,epistemic_humility,0,4,4,already_correct,nonexistent,5.960464477539064e-08,0.51409316,2.783732,0.6908676
v5_nonexistent_0028,mixtral-8x7b,0,epistemic_humility,0,4,4,already_correct,nonexistent,0.3612613081932068,0.49694353,1.846884,0.70522726
v5_nonexistent_0029,mixtral-8x7b,0,epistemic_humility,0,4,4,already_correct,nonexistent,0.6125694811344147,0.4916008,2.0617323,0.7201854
v5_nonexistent_0030,mixtral-8x7b,0,epistemic_humility,0,4,4,already_correct,nonexistent,0.853576123714447,0.5392851,2.2893443,0.62421656
v5_nonexistent_0031,mixtral-8x7b,2,entity_aware,0,4,1,fixed,nonexistent,0.6495879888534546,0.5420571,1.6355017,0.7677281
v5_nonexistent_0032,mixtral-8x7b,2,epistemic_humility,2,4,0,still_broken,nonexistent,0.1029084324836731,0.54216295,1.985186,0.6767435
v5_nonexistent_0033,mixtral-8x7b,0,epistemic_humility,0,4,4,already_correct,nonexistent,-1.1920928955078125e-07,0.50622964,1.8504006,0.7744578
v5_nonexistent_0034,mixtral-8x7b,0,epistemic_humility,0,4,4,already_correct,nonexistent,0.7106853723526001,0.6375124,2.981931,0.58528364
v5_nonexistent_0035,mixtral-8x7b,0,epistemic_humility,0,4,4,already_correct,nonexistent,0.512229859828949,0.4465832,1.8355752,0.7657618
v5_nonexistent_0036,mixtral-8x7b,0,epistemic_humility,0,4,4,already_correct,nonexistent,0.7963525652885437,0.5863221,2.3719916,0.6849077
v5_nonexistent_0037,mixtral-8x7b,2,epistemic_humility,0,4,4,fixed,nonexistent,0.4537979364395141,0.55055916,2.497384,0.59410113
v5_nonexistent_0038,mixtral-8x7b,0,epistemic_humility,0,4,4,already_correct,nonexistent,0.7561225593090057,0.49552768,2.4046423,0.71705914
v5_nonexistent_0039,mixtral-8x7b,0,epistemic_humility,0,4,4,already_correct,nonexistent,0.8129004687070847,0.48106253,1.9751067,0.7184231
v5_nonexistent_0040,mixtral-8x7b,2,epistemic_humility,0,4,4,fixed,nonexistent,0.3471198081970215,0.5223291,2.1241958,0.692322
v5_nonexistent_0041,mixtral-8x7b,2,entity_aware,0,4,1,fixed,nonexistent,0.489881157875061,0.5352949,1.8447716,0.726074
v5_nonexistent_0042,mixtral-8x7b,2,fact_grounded,0,4,2,fixed,nonexistent,0.2724899649620056,0.6065586,2.5057971,0.67287177
v5_nonexistent_0043,mixtral-8x7b,0,epistemic_humility,0,4,4,already_correct,nonexistent,0.8368571847677231,0.5837394,2.3528569,0.6641042
v5_nonexistent_0044,mixtral-8x7b,0,epistemic_humility,0,4,4,already_correct,nonexistent,0.0721883177757263,0.5195375,2.6868916,0.6381035
v5_nonexistent_0045,mixtral-8x7b,2,fact_grounded,0,4,3,fixed,nonexistent,0.0,0.5186398,2.101618,0.6132755
v5_nonexistent_0046,mixtral-8x7b,0,epistemic_humility,0,4,4,already_correct,nonexistent,0.3331305980682373,0.514472,1.9820696,0.6415507
v5_nonexistent_0047,mixtral-8x7b,2,entity_aware,0,4,2,fixed,nonexistent,0.3887104988098144,0.42486805,1.9406767,0.6898805
v5_nonexistent_0048,mixtral-8x7b,0,fact_grounded,0,4,3,regressed,nonexistent,0.0629626512527465,0.5935076,2.356276,0.5362563
v5_nonexistent_0049,mixtral-8x7b,2,epistemic_humility,0,4,3,fixed,nonexistent,-1.1920928955078125e-07,0.48484385,1.793715,0.74234307
v5_nonexistent_0050,mixtral-8x7b,0,epistemic_humility,0,4,4,already_correct,nonexistent,5.960464477539064e-08,0.43035996,2.1574497,0.6932255
v5_nonexistent_0051,mixtral-8x7b,2,fact_grounded,0,4,3,fixed,nonexistent,5.960464477539064e-08,0.6132644,2.662671,0.5326164
v5_nonexistent_0052,mixtral-8x7b,0,epistemic_humility,0,4,4,already_correct,nonexistent,0.5276817083358765,0.49713677,1.9918985,0.6811587
v5_nonexistent_0053,mixtral-8x7b,0,epistemic_humility,0,4,4,already_correct,nonexistent,0.5277085602283478,0.44094688,2.1766617,0.6304656
v5_nonexistent_0054,mixtral-8x7b,0,epistemic_humility,0,4,4,already_correct,nonexistent,0.4428139925003052,0.60997546,2.7665968,0.62773025
v5_nonexistent_0055,mixtral-8x7b,0,epistemic_humility,0,4,4,already_correct,nonexistent,0.035581350326538,0.5115601,2.3959172,0.724944
v5_nonexistent_0056,mixtral-8x7b,2,epistemic_humility,0,4,4,fixed,nonexistent,0.5438029766082764,0.44543415,2.0495706,0.77167493
v5_nonexistent_0057,mixtral-8x7b,0,epistemic_humility,0,4,4,already_correct,nonexistent,5.960464477539064e-08,0.49739176,2.0067215,0.68626064
v5_nonexistent_0058,mixtral-8x7b,2,epistemic_humility,2,4,0,still_broken,nonexistent,1.1920928955078125e-07,0.56562227,2.1205573,0.84961617
v5_nonexistent_0059,mixtral-8x7b,0,fact_grounded,0,4,2,regressed,nonexistent,0.770812064409256,0.6436149,3.2615187,0.541915
v5_nonexistent_0060,mixtral-8x7b,0,epistemic_humility,0,4,4,already_correct,nonexistent,0.4360241889953613,0.4495468,1.9830528,0.69529426
v5_nonexistent_0061,mixtral-8x7b,2,epistemic_humility,0,4,4,fixed,nonexistent,0.6597239077091217,0.55326116,3.030329,0.67320406
v5_nonexistent_0062,mixtral-8x7b,0,epistemic_humility,0,4,4,already_correct,nonexistent,0.3628139495849609,0.47539634,1.8641914,0.67998815
v5_nonexistent_0063,mixtral-8x7b,2,entity_aware,0,4,2,fixed,nonexistent,0.5135181546211243,0.5197587,2.4116468,0.73786676
v5_nonexistent_0064,mixtral-8x7b,0,epistemic_humility,0,4,4,already_correct,nonexistent,0.1902669668197631,0.48504865,2.189413,0.7018442
v5_nonexistent_0065,mixtral-8x7b,0,epistemic_humility,0,4,4,already_correct,nonexistent,0.0,0.5388606,2.5850074,0.69247174
v5_nonexistent_0066,mixtral-8x7b,0,epistemic_humility,0,4,4,already_correct,nonexistent,0.8353123068809509,0.52246726,3.2229943,0.6345234
v5_nonexistent_0067,mixtral-8x7b,0,epistemic_humility,0,4,4,already_correct,nonexistent,-1.1920928955078125e-07,0.49809158,2.1998951,0.7568221
v5_nonexistent_0068,mixtral-8x7b,2,epistemic_humility,2,4,0,still_broken,nonexistent,0.2536166310310364,0.536793,2.0498219,0.6664611
v5_nonexistent_0069,mixtral-8x7b,2,epistemic_humility,0,4,4,fixed,nonexistent,0.0427192449569702,0.4519288,2.1180952,0.7262198
v5_nonexistent_0070,mixtral-8x7b,0,epistemic_humility,0,4,4,already_correct,nonexistent,0.0650434494018554,0.5623732,2.4907804,0.5701764
v5_nonexistent_0071,mixtral-8x7b,0,epistemic_humility,0,4,3,regressed,nonexistent,0.6434761583805084,0.58493704,2.6079764,0.5547782
v5_nonexistent_0072,mixtral-8x7b,2,fact_grounded,0,4,3,fixed,nonexistent,5.960464477539064e-08,0.6271489,2.3401878,0.6545975
v5_nonexistent_0073,mixtral-8x7b,0,epistemic_humility,0,4,4,already_correct,nonexistent,0.0107796192169189,0.4957143,2.5610886,0.6901115
v5_nonexistent_0074,mixtral-8x7b,0,epistemic_humility,0,4,4,already_correct,nonexistent,5.960464477539064e-08,0.4582491,1.869822,0.7248303
v5_nonexistent_0075,mixtral-8x7b,0,epistemic_humility,0,4,4,already_correct,nonexistent,0.7859493643045425,0.53308654,2.2728953,0.57836884
v5_nonexistent_0076,mixtral-8x7b,0,epistemic_humility,0,4,4,already_correct,nonexistent,0.3273463249206543,0.41542923,1.9692377,0.6526647
v5_nonexistent_0077,mixtral-8x7b,0,epistemic_humility,0,4,4,already_correct,nonexistent,0.0,0.5329442,1.790619,0.6932717
v5_nonexistent_0078,mixtral-8x7b,0,epistemic_humility,0,4,4,already_correct,nonexistent,0.865157425403595,0.4682477,1.8216726,0.7673011
v5_nonexistent_0079,mixtral-8x7b,0,epistemic_humility,0,4,4,already_correct,nonexistent,0.1375256776809692,0.44286323,2.7124088,0.69344383
v5_nonexistent_0080,mixtral-8x7b,2,entity_aware,0,4,1,fixed,nonexistent,0.2923573851585388,0.5305127,1.9119394,0.76500404
v5_nonexistent_0081,mixtral-8x7b,0,epistemic_humility,0,4,4,already_correct,nonexistent,0.1072348356246948,0.55933106,2.4093816,0.5904423
v5_nonexistent_0082,mixtral-8x7b,0,epistemic_humility,0,4,4,already_correct,nonexistent,0.0841263532638549,0.46639043,2.643884,0.6906249
v5_nonexistent_0083,mixtral-8x7b,0,epistemic_humility,0,4,4,already_correct,nonexistent,5.960464477539064e-08,0.47493714,1.9719718,0.73555523
v5_nonexistent_0084,mixtral-8x7b,0,epistemic_humility,0,4,4,already_correct,nonexistent,5.960464477539064e-08,0.48867685,2.095776,0.66007847
v5_nonexistent_0085,mixtral-8x7b,0,epistemic_humility,0,4,4,already_correct,nonexistent,0.0,0.42962974,2.065177,0.67992425
v5_nonexistent_0086,mixtral-8x7b,0,epistemic_humility,0,4,4,already_correct,nonexistent,1.1920928955078125e-07,0.5002887,2.1223338,0.66787446
v5_nonexistent_0087,mixtral-8x7b,2,fact_grounded,0,4,2,fixed,nonexistent,0.8124494850635529,0.5634543,2.4117413,0.6444857
v5_nonexistent_0088,mixtral-8x7b,2,epistemic_humility,0,4,4,fixed,nonexistent,0.852231577038765,0.5116328,2.0008304,0.6943824
v5_nonexistent_0089,mixtral-8x7b,0,epistemic_humility,0,4,4,already_correct,nonexistent,0.1768940091133117,0.5834465,2.6293554,0.6247071
v5_nonexistent_0090,mixtral-8x7b,0,epistemic_humility,0,4,4,already_correct,nonexistent,5.960464477539064e-08,0.5328771,2.502735,0.5570452
v5_nonexistent_0091,mixtral-8x7b,0,epistemic_humility,0,4,4,already_correct,nonexistent,0.2447019219398498,0.4911551,2.6320627,0.670328
v5_nonexistent_0092,mixtral-8x7b,2,fact_grounded,0,4,2,fixed,nonexistent,0.3612530827522278,0.57284576,1.6613069,0.737695
v5_nonexistent_0093,mixtral-8x7b,2,fact_grounded,0,4,4,fixed,nonexistent,0.0,0.54708517,1.8497983,0.7169328
v5_nonexistent_0094,mixtral-8x7b,2,fact_grounded,0,4,2,fixed,nonexistent,0.5518990755081177,0.5043715,2.2054548,0.68170404
v5_nonexistent_0095,mixtral-8x7b,0,epistemic_humility,0,4,4,already_correct,nonexistent,-1.1920928955078125e-07,0.50276434,1.9088799,0.69887054
v5_nonexistent_0096,mixtral-8x7b,2,epistemic_humility,0,4,4,fixed,nonexistent,0.0261485576629638,0.5147124,1.9384595,0.6740146
v5_nonexistent_0097,mixtral-8x7b,0,epistemic_humility,0,4,4,already_correct,nonexistent,0.8145100623369217,0.48486775,1.8507123,0.7078332
v5_nonexistent_0098,mixtral-8x7b,2,epistemic_humility,2,4,0,still_broken,nonexistent,1.788139343261719e-07,0.5726603,2.0250275,0.7262532
v5_nonexistent_0099,mixtral-8x7b,2,epistemic_humility,0,4,4,fixed,nonexistent,0.2933424115180969,0.54884034,1.9430456,0.7286209
v5_nonexistent_0100,mixtral-8x7b,0,epistemic_humility,0,4,4,already_correct,nonexistent,0.7040325403213501,0.4799316,1.9380027,0.697633
v5_nonexistent_0101,mixtral-8x7b,0,epistemic_humility,0,4,4,already_correct,nonexistent,0.5051945447921753,0.44625813,2.3240728,0.5981165
v5_nonexistent_0102,mixtral-8x7b,0,epistemic_humility,0,4,4,already_correct,nonexistent,0.7029502987861633,0.4938497,2.1114392,0.7093921
v5_nonexistent_0103,mixtral-8x7b,2,entity_aware,0,4,2,fixed,nonexistent,0.4357927441596985,0.55861485,1.707491,0.6989211
v5_nonexistent_0104,mixtral-8x7b,0,epistemic_humility,0,4,4,already_correct,nonexistent,0.5754915475845337,0.504074,2.274408,0.7018254
v5_nonexistent_0105,mixtral-8x7b,2,fact_grounded,0,4,2,fixed,nonexistent,0.6332409083843231,0.53685045,2.2509682,0.70414364
v5_nonexistent_0106,mixtral-8x7b,0,fact_grounded,0,4,3,regressed,nonexistent,0.7829851508140564,0.5970662,2.1721585,0.62569684
v5_nonexistent_0107,mixtral-8x7b,0,epistemic_humility,0,4,4,already_correct,nonexistent,0.6709343791007996,0.5186542,2.4134176,0.73227227
v5_nonexistent_0108,mixtral-8x7b,0,epistemic_humility,0,4,4,already_correct,nonexistent,0.0,0.5284921,2.972708,0.595941
v5_nonexistent_0109,mixtral-8x7b,0,epistemic_humility,0,4,4,already_correct,nonexistent,0.6741321682929993,0.5898564,2.4244103,0.6103258
v5_nonexistent_0110,mixtral-8x7b,1,epistemic_humility,0,4,4,other,nonexistent,0.4558393359184265,0.48559046,2.1505804,0.7123416
v5_nonexistent_0111,mixtral-8x7b,0,epistemic_humility,0,4,4,already_correct,nonexistent,0.8394480794668198,0.50064045,2.090381,0.6668229
v5_nonexistent_0112,mixtral-8x7b,2,epistemic_humility,0,4,4,fixed,nonexistent,0.0921475887298584,0.55212975,1.8390349,0.6395523
v5_nonexistent_0113,mixtral-8x7b,2,fact_grounded,0,4,3,fixed,nonexistent,0.5846827328205109,0.5264857,2.3130412,0.69404745
v5_nonexistent_0114,mixtral-8x7b,2,entity_aware,0,4,2,fixed,nonexistent,0.5398117899894714,0.54426056,2.2311893,0.6113778
v5_nonexistent_0115,mixtral-8x7b,2,fact_grounded,0,4,3,fixed,nonexistent,0.5739517211914062,0.5362245,2.2220578,0.6305928
v5_nonexistent_0116,mixtral-8x7b,0,epistemic_humility,0,4,4,already_correct,nonexistent,0.2636921405792236,0.53544545,2.0513275,0.6555003
v5_nonexistent_0117,mixtral-8x7b,0,epistemic_humility,0,4,4,already_correct,nonexistent,0.1335203051567077,0.47751635,1.7165939,0.70112604
v5_nonexistent_0118,mixtral-8x7b,2,entity_aware,0,4,2,fixed,nonexistent,0.0,0.5480118,1.7554057,0.7108067
v5_nonexistent_0119,mixtral-8x7b,0,epistemic_humility,0,4,4,already_correct,nonexistent,0.1766539216041565,0.45058477,2.1012757,0.6883217
v5_nonexistent_0120,mixtral-8x7b,0,epistemic_humility,0,4,3,regressed,nonexistent,0.8287192583084106,0.5384904,2.2390208,0.6171508
v5_nonexistent_0121,mixtral-8x7b,0,epistemic_humility,0,4,4,already_correct,nonexistent,0.727785587310791,0.64457643,2.966823,0.55545306
v5_nonexistent_0122,mixtral-8x7b,0,epistemic_humility,0,4,4,already_correct,nonexistent,-1.1920928955078125e-07,0.48573923,2.1599221,0.6614709
v5_nonexistent_0123,mixtral-8x7b,0,epistemic_humility,0,4,4,already_correct,nonexistent,0.550455778837204,0.4502449,2.368779,0.6944641
v5_nonexistent_0124,mixtral-8x7b,0,epistemic_humility,0,4,4,already_correct,nonexistent,0.3339872360229492,0.5691681,2.5208364,0.6623264
v5_nonexistent_0125,mixtral-8x7b,2,entity_aware,0,4,1,fixed,nonexistent,0.0,0.48919296,1.8071223,0.71994865
v5_nonexistent_0126,mixtral-8x7b,0,epistemic_humility,0,4,4,already_correct,nonexistent,0.7958306670188904,0.46701658,1.9837302,0.7288396
v5_nonexistent_0127,mixtral-8x7b,0,epistemic_humility,0,4,4,already_correct,nonexistent,0.4846087694168091,0.413805,2.320014,0.62441987
v5_nonexistent_0128,mixtral-8x7b,0,fact_grounded,0,4,3,regressed,nonexistent,0.6679494976997375,0.45380402,2.1287546,0.7384534
v5_nonexistent_0129,mixtral-8x7b,0,epistemic_humility,0,4,4,already_correct,nonexistent,0.3084635138511657,0.45081866,2.0386255,0.6725666
v5_nonexistent_0130,mixtral-8x7b,0,epistemic_humility,0,4,4,already_correct,nonexistent,0.7658749371767044,0.48180437,1.8327734,0.7770239
v5_nonexistent_0131,mixtral-8x7b,2,epistemic_humility,0,4,4,fixed,nonexistent,0.4678255319595337,0.53562903,2.2066581,0.750228
v5_nonexistent_0132,mixtral-8x7b,2,epistemic_humility,0,4,4,fixed,nonexistent,0.8298838287591934,0.5660293,2.5772316,0.59430534
v5_nonexistent_0133,mixtral-8x7b,2,epistemic_humility,0,4,4,fixed,nonexistent,0.4277421236038208,0.524281,1.8841137,0.7255635
v5_nonexistent_0134,mixtral-8x7b,0,epistemic_humility,0,4,4,already_correct,nonexistent,0.5837391018867493,0.5431095,1.9023646,0.6950252
v5_nonexistent_0135,mixtral-8x7b,0,epistemic_humility,0,4,4,already_correct,nonexistent,0.4670035243034363,0.5596928,2.4869378,0.64415735
v5_nonexistent_0136,mixtral-8x7b,0,epistemic_humility,0,4,4,already_correct,nonexistent,0.138565719127655,0.5696069,2.5745535,0.66839945
v5_nonexistent_0137,mixtral-8x7b,0,epistemic_humility,0,4,4,already_correct,nonexistent,0.0018568038940429,0.5035546,2.7068968,0.6922919
v5_nonexistent_0138,mixtral-8x7b,0,epistemic_humility,0,4,4,already_correct,nonexistent,0.0,0.54401,2.632788,0.63398224
v5_nonexistent_0139,mixtral-8x7b,0,epistemic_humility,0,4,4,already_correct,nonexistent,0.4740471243858337,0.47563416,2.1488774,0.6304354
v5_nonexistent_0140,mixtral-8x7b,2,entity_aware,0,4,1,fixed,nonexistent,0.0830456614494323,0.54618526,1.9825622,0.65052426
v5_nonexistent_0141,mixtral-8x7b,2,entity_aware,0,4,1,fixed,nonexistent,1.1920928955078125e-07,0.4935525,1.865331,0.7391364
v5_nonexistent_0142,mixtral-8x7b,0,epistemic_humility,0,4,4,already_correct,nonexistent,0.4513212442398071,0.44128126,1.9689275,0.6407214
v5_nonexistent_0143,mixtral-8x7b,0,epistemic_humility,0,4,4,already_correct,nonexistent,0.6638956665992737,0.45104802,1.9876866,0.68549806
v5_nonexistent_0144,mixtral-8x7b,0,entity_aware,0,4,2,regressed,nonexistent,0.8064387440681458,0.6006042,2.6231167,0.58801985
v5_nonexistent_0145,mixtral-8x7b,2,entity_aware,0,4,1,fixed,nonexistent,0.8336951732635498,0.5345187,1.7921569,0.6956966
v5_nonexistent_0146,mixtral-8x7b,0,epistemic_humility,0,4,4,already_correct,nonexistent,0.1605997085571289,0.5787303,2.2927535,0.6768204
v5_nonexistent_0147,mixtral-8x7b,0,epistemic_humility,0,4,4,already_correct,nonexistent,0.5675052106380463,0.6002128,2.0985177,0.64646494
v5_nonexistent_0148,mixtral-8x7b,2,entity_aware,0,4,2,fixed,nonexistent,0.0855845808982849,0.45814323,1.7464211,0.7595205
v5_nonexistent_0149,mixtral-8x7b,2,epistemic_humility,0,4,4,fixed,nonexistent,0.3381898403167724,0.52224755,3.0036588,0.5898019
v5_nonexistent_0150,mixtral-8x7b,2,epistemic_humility,0,4,4,fixed,nonexistent,0.8144044727087021,0.5578579,2.147518,0.5759951
v5_nonexistent_0151,mixtral-8x7b,0,epistemic_humility,0,4,3,regressed,nonexistent,0.3611968755722046,0.4311306,1.8196328,0.7423887
v5_nonexistent_0152,mixtral-8x7b,2,entity_aware,0,4,1,fixed,nonexistent,0.5398224294185638,0.49999356,1.8356961,0.7869055
v5_nonexistent_0153,mixtral-8x7b,0,epistemic_humility,0,4,4,already_correct,nonexistent,5.960464477539064e-08,0.5203758,2.0214574,0.63461584
v5_nonexistent_0154,mixtral-8x7b,2,epistemic_humility,0,4,4,fixed,nonexistent,-1.1920928955078125e-07,0.57450056,2.269214,0.55105865
v5_nonexistent_0155,mixtral-8x7b,2,entity_aware,0,4,2,fixed,nonexistent,0.3203510642051697,0.47756016,2.3533926,0.7052512
v5_nonexistent_0156,mixtral-8x7b,0,epistemic_humility,0,4,4,already_correct,nonexistent,0.2244650721549987,0.56487304,2.4801924,0.559059
v5_nonexistent_0157,mixtral-8x7b,0,epistemic_humility,0,4,4,already_correct,nonexistent,0.1726452112197876,0.44928306,3.242132,0.6927559
v5_nonexistent_0158,mixtral-8x7b,2,fact_grounded,0,4,3,fixed,nonexistent,0.4936261773109436,0.44015425,2.0947554,0.6715335
v5_nonexistent_0159,mixtral-8x7b,0,epistemic_humility,0,4,4,already_correct,nonexistent,0.3235757350921631,0.41533065,2.2333915,0.65480405
v5_nonexistent_0160,mixtral-8x7b,2,epistemic_humility,0,4,4,fixed,nonexistent,0.0,0.49645042,1.7414261,0.702183
v5_nonexistent_0161,mixtral-8x7b,2,fact_grounded,0,4,3,fixed,nonexistent,0.0,0.61677074,2.2403622,0.61792296
v5_nonexistent_0162,mixtral-8x7b,0,epistemic_humility,0,4,4,already_correct,nonexistent,0.0,0.51680726,2.2070022,0.67194605
v5_nonexistent_0163,mixtral-8x7b,0,epistemic_humility,0,4,4,already_correct,nonexistent,0.687897264957428,0.5147318,2.1782022,0.7775516
v5_nonexistent_0164,mixtral-8x7b,0,epistemic_humility,0,4,4,already_correct,nonexistent,0.0,0.464347,1.542691,0.74163234
v5_nonexistent_0165,mixtral-8x7b,0,epistemic_humility,0,4,4,already_correct,nonexistent,0.3824991583824157,0.49258822,2.1387324,0.6653365
v5_nonexistent_0166,mixtral-8x7b,0,epistemic_humility,0,4,4,already_correct,nonexistent,0.3996676802635193,0.4527704,1.934457,0.73730975
v5_nonexistent_0167,mixtral-8x7b,2,fact_grounded,0,4,2,fixed,nonexistent,0.2805376648902893,0.47087753,2.094202,0.6559078
v5_nonexistent_0168,mixtral-8x7b,2,epistemic_humility,0,4,4,fixed,nonexistent,0.2547658085823059,0.5895753,2.2802129,0.63302743
v5_nonexistent_0169,mixtral-8x7b,0,epistemic_humility,0,4,4,already_correct,nonexistent,0.8687151223421097,0.53304386,1.9214282,0.64847153
v5_nonexistent_0170,mixtral-8x7b,2,epistemic_humility,2,4,0,still_broken,nonexistent,0.323358952999115,0.5507588,2.2644715,0.668764
v5_nonexistent_0171,mixtral-8x7b,0,epistemic_humility,0,4,4,already_correct,nonexistent,0.0357330441474914,0.541579,2.370705,0.7324541
v5_nonexistent_0172,mixtral-8x7b,0,epistemic_humility,0,4,4,already_correct,nonexistent,0.408794641494751,0.50019157,2.0560768,0.6881182
v5_nonexistent_0173,mixtral-8x7b,0,epistemic_humility,0,4,3,regressed,nonexistent,0.1087317466735839,0.5738845,2.5868134,0.57419735
v5_nonexistent_0174,mixtral-8x7b,0,epistemic_humility,0,4,4,already_correct,nonexistent,0.7617906033992767,0.4678265,2.379808,0.7000785
v5_nonexistent_0175,mixtral-8x7b,0,epistemic_humility,0,4,4,already_correct,nonexistent,0.3593230843544006,0.5266111,2.2733154,0.7050156
v5_nonexistent_0176,mixtral-8x7b,0,epistemic_humility,0,4,4,already_correct,nonexistent,0.2984223365783691,0.44262153,2.0596516,0.6846539
v5_nonexistent_0177,mixtral-8x7b,0,epistemic_humility,0,4,4,already_correct,nonexistent,0.4683424234390259,0.52076876,2.202793,0.6246907
v5_nonexistent_0178,mixtral-8x7b,0,epistemic_humility,0,4,4,already_correct,nonexistent,0.0,0.4511401,2.0102565,0.73690253
v5_nonexistent_0179,mixtral-8x7b,0,epistemic_humility,0,4,4,already_correct,nonexistent,0.4540635347366333,0.5210314,2.5250547,0.61665714
v5_nonexistent_0180,mixtral-8x7b,0,epistemic_humility,0,4,4,already_correct,nonexistent,0.0,0.44909072,1.7580204,0.7165325
v5_nonexistent_0181,mixtral-8x7b,0,epistemic_humility,0,4,4,already_correct,nonexistent,0.785803347826004,0.5971551,2.8066075,0.6383361
v5_nonexistent_0182,mixtral-8x7b,0,epistemic_humility,0,4,4,already_correct,nonexistent,-1.1920928955078125e-07,0.58582044,2.578753,0.6872868
v5_nonexistent_0183,mixtral-8x7b,0,epistemic_humility,0,4,4,already_correct,nonexistent,0.0030950903892517,0.51996076,3.9050183,0.61683375
v5_nonexistent_0184,mixtral-8x7b,0,epistemic_humility,0,4,4,already_correct,nonexistent,0.0888440012931823,0.65037024,3.4337554,0.60224795
v5_nonexistent_0185,mixtral-8x7b,2,entity_aware,0,4,1,fixed,nonexistent,0.7506604194641113,0.55852735,1.8973492,0.6945744
v5_nonexistent_0186,mixtral-8x7b,0,epistemic_humility,0,4,4,already_correct,nonexistent,0.0,0.6087207,2.2324028,0.724473
v5_nonexistent_0187,mixtral-8x7b,0,fact_grounded,0,4,4,already_correct,nonexistent,0.3355070352554321,0.48760134,2.6591833,0.6867726
v5_nonexistent_0188,mixtral-8x7b,0,epistemic_humility,0,4,3,regressed,nonexistent,0.8092138320207596,0.58913934,2.734132,0.51812947
v5_nonexistent_0189,mixtral-8x7b,0,epistemic_humility,0,4,4,already_correct,nonexistent,0.6005780100822449,0.5395011,2.1726165,0.70000505
v5_nonexistent_0190,mixtral-8x7b,0,epistemic_humility,0,4,4,already_correct,nonexistent,0.4888262748718261,0.5038595,2.0969636,0.60598856
v5_nonexistent_0191,mixtral-8x7b,0,epistemic_humility,0,4,4,already_correct,nonexistent,0.6770617961883545,0.52633804,2.2605517,0.6662562
v5_nonexistent_0192,mixtral-8x7b,0,epistemic_humility,0,4,4,already_correct,nonexistent,0.0395483374595642,0.5232527,2.918395,0.68527305
v5_nonexistent_0193,mixtral-8x7b,2,fact_grounded,0,4,3,fixed,nonexistent,5.960464477539064e-08,0.49795002,1.8371786,0.7063884
v5_nonexistent_0194,mixtral-8x7b,0,epistemic_humility,0,4,4,already_correct,nonexistent,0.0,0.6069045,2.4919333,0.61157787
v5_nonexistent_0195,mixtral-8x7b,0,epistemic_humility,0,4,4,already_correct,nonexistent,0.0210008025169372,0.47254115,1.6945835,0.7228585
v5_nonexistent_0196,mixtral-8x7b,0,epistemic_humility,0,4,4,already_correct,nonexistent,0.0922120809555053,0.42987382,2.0542798,0.68390906
v5_nonexistent_0197,mixtral-8x7b,0,epistemic_humility,0,4,4,already_correct,nonexistent,0.0,0.5901211,2.3868043,0.66400504
v5_nonexistent_0198,mixtral-8x7b,2,epistemic_humility,0,4,2,fixed,nonexistent,0.2190183401107788,0.5248344,1.9898597,0.6824133
v5_nonexistent_0199,mixtral-8x7b,0,epistemic_humility,0,4,4,already_correct,nonexistent,0.8305154144763947,0.53688836,2.2258492,0.5520537
v5_nonexistent_0200,mixtral-8x7b,2,entity_aware,0,4,1,fixed,nonexistent,0.4409136176109314,0.5787171,2.337644,0.5962954
v5_nonexistent_0201,mixtral-8x7b,0,epistemic_humility,0,4,4,already_correct,nonexistent,0.3159092664718628,0.5594548,2.1828408,0.75819635
v5_nonexistent_0202,mixtral-8x7b,0,epistemic_humility,0,4,4,already_correct,nonexistent,0.2034773230552673,0.4916637,2.3598168,0.7412338
v5_nonexistent_0203,mixtral-8x7b,2,entity_aware,0,4,2,fixed,nonexistent,0.5095624923706055,0.49031508,1.7684526,0.7697634
v5_nonexistent_0204,mixtral-8x7b,0,epistemic_humility,0,4,4,already_correct,nonexistent,0.4425278902053833,0.45548356,2.6311073,0.6917007
v5_nonexistent_0205,mixtral-8x7b,0,epistemic_humility,0,4,4,already_correct,nonexistent,5.960464477539064e-08,0.5640449,1.9434787,0.65071344
v5_nonexistent_0206,mixtral-8x7b,0,epistemic_humility,0,4,4,already_correct,nonexistent,0.0209337472915649,0.5806446,2.2675648,0.59244883
v5_nonexistent_0207,mixtral-8x7b,0,epistemic_humility,0,4,4,already_correct,nonexistent,0.785775750875473,0.57643276,2.9156985,0.69272244
v5_nonexistent_0208,mixtral-8x7b,0,epistemic_humility,0,4,4,already_correct,nonexistent,0.7484683990478516,0.46644473,2.0883532,0.69667524
v5_nonexistent_0209,mixtral-8x7b,0,epistemic_humility,0,4,4,already_correct,nonexistent,0.68451789021492,0.545032,2.5631144,0.689702
v5_nonexistent_0210,mixtral-8x7b,0,epistemic_humility,0,4,4,already_correct,nonexistent,0.6417296826839447,0.530261,1.8517575,0.7383325
v5_nonexistent_0211,mixtral-8x7b,0,epistemic_humility,0,4,4,already_correct,nonexistent,0.8069168478250504,0.56457424,1.8051506,0.6633433
v5_nonexistent_0212,mixtral-8x7b,0,epistemic_humility,0,4,4,already_correct,nonexistent,0.4875401258468628,0.52205634,2.0004535,0.6404798
v5_nonexistent_0213,mixtral-8x7b,0,epistemic_humility,0,4,4,already_correct,nonexistent,0.8376413732767105,0.61977273,3.213564,0.5562987
v5_nonexistent_0214,mixtral-8x7b,0,epistemic_humility,0,4,4,already_correct,nonexistent,0.5501187145709991,0.42978114,2.0587504,0.7182088
v5_nonexistent_0215,mixtral-8x7b,0,fact_grounded,0,4,3,regressed,nonexistent,0.8353127241134644,0.48570305,3.3102849,0.641711
v5_nonexistent_0216,mixtral-8x7b,0,epistemic_humility,0,4,4,already_correct,nonexistent,-2.384185791015625e-07,0.47925168,1.856744,0.64601797
v5_nonexistent_0217,mixtral-8x7b,0,epistemic_humility,0,4,4,already_correct,nonexistent,0.0,0.5225555,2.1172001,0.6228957
v5_nonexistent_0218,mixtral-8x7b,0,epistemic_humility,0,4,4,already_correct,nonexistent,0.0192711353302001,0.58356476,2.0807347,0.72611165
v5_nonexistent_0219,mixtral-8x7b,0,epistemic_humility,0,4,4,already_correct,nonexistent,0.7400694191455841,0.4827839,1.8491812,0.75815505
v5_nonexistent_0220,mixtral-8x7b,0,fact_grounded,0,4,3,regressed,nonexistent,0.8113152980804443,0.5857471,2.78392,0.5773165
v5_nonexistent_0221,mixtral-8x7b,0,epistemic_humility,0,4,4,already_correct,nonexistent,0.1251482963562011,0.5024423,2.3837945,0.5816721
v5_nonexistent_0222,mixtral-8x7b,2,epistemic_humility,0,4,4,fixed,nonexistent,0.8276381641626358,0.5545093,2.2462995,0.6737704
v5_nonexistent_0223,mixtral-8x7b,2,epistemic_humility,0,4,1,fixed,nonexistent,0.0121013522148132,0.49459392,2.2050552,0.6662061
v5_nonexistent_0224,mixtral-8x7b,0,epistemic_humility,0,4,4,already_correct,nonexistent,5.960464477539064e-08,0.5606844,1.7567,0.6651143
v5_nonexistent_0225,mixtral-8x7b,0,epistemic_humility,0,4,4,already_correct,nonexistent,0.627919614315033,0.48511982,1.8259379,0.73571616
v5_nonexistent_0226,mixtral-8x7b,2,epistemic_humility,0,4,4,fixed,nonexistent,0.1758082509040832,0.51431584,1.5895803,0.7360102
v5_nonexistent_0227,mixtral-8x7b,2,epistemic_humility,2,4,0,still_broken,nonexistent,5.960464477539064e-08,0.5602585,1.7425728,0.6644172
v5_nonexistent_0228,mixtral-8x7b,0,epistemic_humility,0,4,2,regressed,nonexistent,0.3769418001174927,0.49136007,1.6059248,0.7157182
v5_nonexistent_0229,mixtral-8x7b,0,epistemic_humility,0,4,4,already_correct,nonexistent,0.2490647435188293,0.6247318,2.4775088,0.5559812
v5_nonexistent_0230,mixtral-8x7b,0,epistemic_humility,0,4,4,already_correct,nonexistent,0.1840795278549194,0.5328564,3.360561,0.608045
v5_nonexistent_0231,mixtral-8x7b,0,epistemic_humility,0,4,3,regressed,nonexistent,0.7403049767017365,0.5572741,2.2071514,0.63103944
v5_nonexistent_0232,mixtral-8x7b,2,fact_grounded,0,4,3,fixed,nonexistent,0.7397699952125549,0.63490963,2.4812706,0.66625154
v5_nonexistent_0233,mixtral-8x7b,0,epistemic_humility,0,4,4,already_correct,nonexistent,0.2233366966247558,0.43677038,2.1900811,0.6192463
v5_nonexistent_0234,mixtral-8x7b,0,epistemic_humility,0,4,4,already_correct,nonexistent,0.7017233967781067,0.5021751,2.3469448,0.7087915
v5_nonexistent_0235,mixtral-8x7b,0,epistemic_humility,0,4,4,already_correct,nonexistent,0.8043154329061508,0.5410167,2.1687114,0.59774834
v5_nonexistent_0236,mixtral-8x7b,0,epistemic_humility,0,4,4,already_correct,nonexistent,0.1163223981857299,0.49743658,2.0861306,0.67964226
v5_nonexistent_0237,mixtral-8x7b,0,epistemic_humility,0,4,4,already_correct,nonexistent,0.4621697664260864,0.47061205,2.6703014,0.69720256
v5_nonexistent_0238,mixtral-8x7b,0,epistemic_humility,0,4,4,already_correct,nonexistent,0.4827126860618591,0.4987023,2.6779785,0.64382243
v5_nonexistent_0239,mixtral-8x7b,2,fact_grounded,0,4,3,fixed,nonexistent,0.0,0.4909972,1.8213214,0.6873658
v5_nonexistent_0240,mixtral-8x7b,2,epistemic_humility,0,4,4,fixed,nonexistent,0.7057327032089233,0.47325563,1.8591233,0.76597136
v5_nonexistent_0241,mixtral-8x7b,2,epistemic_humility,0,4,4,fixed,nonexistent,1.1920928955078125e-07,0.54160815,2.3462021,0.68606144
v5_nonexistent_0242,mixtral-8x7b,0,epistemic_humility,0,4,4,already_correct,nonexistent,-1.1920928955078125e-07,0.55760884,2.1039505,0.70315146
v5_nonexistent_0243,mixtral-8x7b,0,epistemic_humility,0,4,4,already_correct,nonexistent,0.5400939583778381,0.53973556,1.8960031,0.7262653
v5_nonexistent_0244,mixtral-8x7b,0,epistemic_humility,0,4,4,already_correct,nonexistent,-1.1920928955078125e-07,0.43749756,2.1798131,0.62259305
v5_nonexistent_0245,mixtral-8x7b,0,epistemic_humility,0,4,4,already_correct,nonexistent,0.0,0.42226464,2.163144,0.60299796
v5_nonexistent_0246,mixtral-8x7b,0,epistemic_humility,0,4,4,already_correct,nonexistent,0.6468524932861328,0.5067797,1.9362335,0.7706881
v5_nonexistent_0247,mixtral-8x7b,2,entity_aware,0,4,2,fixed,nonexistent,1.1920928955078125e-07,0.52356875,2.0534954,0.65190244
v5_nonexistent_0248,mixtral-8x7b,0,fact_grounded,0,4,3,regressed,nonexistent,0.8704555332660675,0.62643653,2.6945546,0.6118685
v5_nonexistent_0249,mixtral-8x7b,0,fact_grounded,0,4,3,regressed,nonexistent,0.3246321678161621,0.52243066,1.8473176,0.6567204
v5_nonexistent_0250,mixtral-8x7b,0,epistemic_humility,0,4,4,already_correct,nonexistent,0.841220960021019,0.5473954,2.180746,0.60241836
v5_nonexistent_0251,mixtral-8x7b,0,epistemic_humility,0,4,4,already_correct,nonexistent,0.22697114944458,0.5469549,2.0645478,0.6688094
v5_nonexistent_0252,mixtral-8x7b,0,epistemic_humility,0,4,4,already_correct,nonexistent,0.0079005360603332,0.48647177,2.1151397,0.7003689
v5_nonexistent_0253,mixtral-8x7b,2,epistemic_humility,0,4,4,fixed,nonexistent,0.4992707371711731,0.4514411,2.554291,0.676177
v5_nonexistent_0254,mixtral-8x7b,2,fact_grounded,0,4,2,fixed,nonexistent,0.8387173116207123,0.44082308,1.7363572,0.80939126
v5_nonexistent_0255,mixtral-8x7b,0,epistemic_humility,0,4,4,already_correct,nonexistent,0.4941664338111877,0.5683943,1.9134773,0.66442144
v5_nonexistent_0256,mixtral-8x7b,2,epistemic_humility,0,4,3,fixed,nonexistent,0.463336169719696,0.5200601,2.0401018,0.6988604
v5_nonexistent_0257,mixtral-8x7b,0,fact_grounded,0,4,3,regressed,nonexistent,0.3015425205230713,0.5958481,2.2858188,0.6177871
v5_nonexistent_0258,mixtral-8x7b,0,epistemic_humility,0,4,4,already_correct,nonexistent,0.5953190326690674,0.5253202,1.9480413,0.75657594
v5_nonexistent_0259,mixtral-8x7b,0,fact_grounded,0,4,3,regressed,nonexistent,0.2490836381912231,0.60665286,2.3505433,0.57177335
v5_nonexistent_0260,mixtral-8x7b,2,entity_aware,0,4,1,fixed,nonexistent,0.0,0.49389267,2.2597735,0.7241039
v5_nonexistent_0261,mixtral-8x7b,0,epistemic_humility,0,4,4,already_correct,nonexistent,5.960464477539064e-08,0.4062754,2.0621505,0.667163
v5_nonexistent_0262,mixtral-8x7b,0,fact_grounded,0,4,3,regressed,nonexistent,-1.1920928955078125e-07,0.58036214,2.6084528,0.59030735
v5_nonexistent_0263,mixtral-8x7b,0,epistemic_humility,0,4,4,already_correct,nonexistent,0.0,0.45569998,1.9101591,0.7832251
v5_nonexistent_0264,mixtral-8x7b,0,entity_aware,0,4,2,regressed,nonexistent,0.0,0.5831301,2.4712317,0.6309382
v5_nonexistent_0265,mixtral-8x7b,0,epistemic_humility,0,4,4,already_correct,nonexistent,5.960464477539064e-08,0.5711398,2.0206654,0.6375948
v5_nonexistent_0266,mixtral-8x7b,0,epistemic_humility,0,4,4,already_correct,nonexistent,-1.1920928955078125e-07,0.52463007,2.764201,0.6401618
v5_nonexistent_0267,mixtral-8x7b,2,fact_grounded,0,4,2,fixed,nonexistent,0.6212424039840698,0.4557178,1.8424113,0.71766204
v5_nonexistent_0268,mixtral-8x7b,0,epistemic_humility,0,4,4,already_correct,nonexistent,0.0913689136505127,0.45964384,2.2116814,0.6745709
v5_nonexistent_0269,mixtral-8x7b,0,epistemic_humility,0,4,4,already_correct,nonexistent,0.1347021460533142,0.49444705,2.175639,0.6999713
v5_nonexistent_0270,mixtral-8x7b,0,epistemic_humility,0,4,4,already_correct,nonexistent,-1.1920928955078125e-07,0.49000168,2.428548,0.7018476
v5_nonexistent_0271,mixtral-8x7b,2,epistemic_humility,2,4,0,still_broken,nonexistent,0.1101113557815551,0.5233129,1.8457736,0.6997454
v5_nonexistent_0272,mixtral-8x7b,0,epistemic_humility,0,4,4,already_correct,nonexistent,0.0763286352157592,0.5181593,2.2529776,0.5664806
v5_nonexistent_0273,mixtral-8x7b,0,epistemic_humility,0,4,4,already_correct,nonexistent,0.8026145398616791,0.5273118,2.2624114,0.68274236
v5_nonexistent_0274,mixtral-8x7b,0,epistemic_humility,0,4,4,already_correct,nonexistent,5.960464477539064e-08,0.51622236,2.6816711,0.68543416
v5_nonexistent_0275,mixtral-8x7b,0,epistemic_humility,0,4,4,already_correct,nonexistent,0.7697526961565018,0.5981593,2.632601,0.6974473
v5_nonexistent_0276,mixtral-8x7b,0,epistemic_humility,0,4,4,already_correct,nonexistent,0.2049569487571716,0.50694335,2.320041,0.6196831
v5_nonexistent_0277,mixtral-8x7b,2,epistemic_humility,0,4,4,fixed,nonexistent,0.4905321598052978,0.5094069,3.7436345,0.6211431
v5_nonexistent_0278,mixtral-8x7b,2,entity_aware,0,4,1,fixed,nonexistent,0.1662991642951965,0.50978625,1.9461464,0.70722884
v5_nonexistent_0279,mixtral-8x7b,0,epistemic_humility,0,4,4,already_correct,nonexistent,0.0,0.4391023,1.7016996,0.7161901
v5_nonexistent_0280,mixtral-8x7b,2,epistemic_humility,0,4,4,fixed,nonexistent,0.6677132248878479,0.59299564,3.016292,0.5935266
v5_nonexistent_0281,mixtral-8x7b,0,epistemic_humility,0,4,4,already_correct,nonexistent,0.4969837665557861,0.45686066,1.7993748,0.7703926
v5_nonexistent_0282,mixtral-8x7b,0,epistemic_humility,0,4,4,already_correct,nonexistent,0.0736662745475769,0.4761902,2.3689878,0.6768551
v5_nonexistent_0283,mixtral-8x7b,0,epistemic_humility,0,4,4,already_correct,nonexistent,0.8103121966123581,0.61203384,2.6846187,0.6544457
v5_nonexistent_0284,mixtral-8x7b,0,epistemic_humility,0,4,4,already_correct,nonexistent,0.0835751295089721,0.54333,2.3671405,0.70389533
v5_nonexistent_0285,mixtral-8x7b,2,fact_grounded,0,4,2,fixed,nonexistent,0.8383868932723999,0.624637,2.4331276,0.7296827
v5_nonexistent_0286,mixtral-8x7b,0,entity_aware,0,4,2,regressed,nonexistent,0.3533910512924194,0.46527058,1.9328281,0.64413226
v5_nonexistent_0287,mixtral-8x7b,2,fact_grounded,0,4,3,fixed,nonexistent,0.6487380862236023,0.5689925,2.2120821,0.59742963
v5_nonexistent_0288,mixtral-8x7b,0,epistemic_humility,0,4,4,already_correct,nonexistent,0.0,0.54859066,1.7548504,0.6358494
v5_nonexistent_0289,mixtral-8x7b,2,epistemic_humility,0,4,4,fixed,nonexistent,0.7682901918888092,0.5704853,2.304569,0.65769136
v5_nonexistent_0290,mixtral-8x7b,0,epistemic_humility,0,4,4,already_correct,nonexistent,0.6949661374092102,0.5576774,2.3049884,0.7273311
v5_nonexistent_0291,mixtral-8x7b,0,epistemic_humility,0,4,4,already_correct,nonexistent,0.2939064502716064,0.57368577,2.1857343,0.723378
v5_nonexistent_0292,mixtral-8x7b,0,epistemic_humility,0,4,4,already_correct,nonexistent,0.0821367502212524,0.50656384,2.211889,0.73234797
v5_nonexistent_0293,mixtral-8x7b,0,epistemic_humility,0,4,4,already_correct,nonexistent,0.0677453279495239,0.45666796,2.1776533,0.65815055
v5_nonexistent_0294,mixtral-8x7b,0,epistemic_humility,0,4,4,already_correct,nonexistent,0.4446039795875549,0.64107895,3.1016088,0.5792043
v5_nonexistent_0295,mixtral-8x7b,0,epistemic_humility,0,4,4,already_correct,nonexistent,0.6922093033790588,0.47472137,2.1657925,0.71996087
v5_nonexistent_0296,mixtral-8x7b,2,epistemic_humility,2,4,0,still_broken,nonexistent,5.960464477539064e-08,0.504987,1.8695219,0.73207664
v5_nonexistent_0297,mixtral-8x7b,0,epistemic_humility,0,4,4,already_correct,nonexistent,0.2616884708404541,0.4464081,2.124215,0.6823772
v5_nonexistent_0298,mixtral-8x7b,2,fact_grounded,0,4,3,fixed,nonexistent,0.231485366821289,0.54216635,1.9693413,0.74531883
v5_nonexistent_0299,mixtral-8x7b,0,epistemic_humility,0,4,4,already_correct,nonexistent,0.5718168020248413,0.4671864,2.0175915,0.64284223
v5_nonexistent_0300,mixtral-8x7b,0,fact_grounded,0,4,3,regressed,nonexistent,0.0,0.64792943,2.731077,0.5696288
v5_nonexistent_0301,mixtral-8x7b,0,epistemic_humility,0,4,4,already_correct,nonexistent,0.8237294703722,0.47385746,1.7848938,0.80678034
v5_nonexistent_0302,mixtral-8x7b,0,epistemic_humility,0,4,4,already_correct,nonexistent,0.0922061800956726,0.4277928,2.6824546,0.69650024
v5_nonexistent_0303,mixtral-8x7b,0,epistemic_humility,0,4,4,already_correct,nonexistent,0.0442379713058471,0.53471434,2.162573,0.69778585
v5_nonexistent_0304,mixtral-8x7b,0,epistemic_humility,0,4,4,already_correct,nonexistent,-1.1920928955078125e-07,0.4822821,1.9254856,0.65920717
v5_nonexistent_0305,mixtral-8x7b,0,epistemic_humility,0,4,4,already_correct,nonexistent,0.2970977425575256,0.4201662,2.1943336,0.67881465
v5_nonexistent_0306,mixtral-8x7b,0,epistemic_humility,0,4,4,already_correct,nonexistent,0.7658169269561768,0.46905643,2.674169,0.6416153
v5_nonexistent_0307,mixtral-8x7b,2,epistemic_humility,2,4,0,still_broken,nonexistent,0.4316498041152954,0.56374025,1.8134125,0.65933836
v5_nonexistent_0308,mixtral-8x7b,0,epistemic_humility,0,4,4,already_correct,nonexistent,0.3719263076782226,0.52909285,2.4856691,0.63470364
v5_nonexistent_0309,mixtral-8x7b,0,epistemic_humility,0,4,4,already_correct,nonexistent,0.2468804717063903,0.4676416,2.2344077,0.59927696
v5_nonexistent_0310,mixtral-8x7b,2,epistemic_humility,0,4,4,fixed,nonexistent,0.6864332258701324,0.58262575,1.9996886,0.57907444
v5_nonexistent_0311,mixtral-8x7b,0,epistemic_humility,0,4,4,already_correct,nonexistent,0.0018337368965148,0.60738057,2.5777283,0.6542975
v5_nonexistent_0312,mixtral-8x7b,0,epistemic_humility,0,4,4,already_correct,nonexistent,0.4699985980987549,0.6278242,2.498977,0.54110575
v5_nonexistent_0313,mixtral-8x7b,0,epistemic_humility,0,4,4,already_correct,nonexistent,5.960464477539064e-08,0.5362136,2.1955879,0.65428376
v5_nonexistent_0314,mixtral-8x7b,0,epistemic_humility,0,4,4,already_correct,nonexistent,0.0096809267997741,0.44525784,2.489518,0.6986859
v5_nonexistent_0315,mixtral-8x7b,0,epistemic_humility,0,4,4,already_correct,nonexistent,0.4033925533294678,0.49184936,1.9915816,0.5998588
v5_nonexistent_0316,mixtral-8x7b,2,epistemic_humility,0,4,4,fixed,nonexistent,-1.1920928955078125e-07,0.5667654,3.032493,0.63937986
v5_nonexistent_0317,mixtral-8x7b,2,epistemic_humility,0,4,4,fixed,nonexistent,0.692753255367279,0.58055824,2.950109,0.52494323
v5_nonexistent_0318,mixtral-8x7b,0,epistemic_humility,0,4,4,already_correct,nonexistent,0.7013692855834961,0.57494074,2.262324,0.6072611
v5_nonexistent_0319,mixtral-8x7b,1,epistemic_humility,0,4,3,other,nonexistent,0.496957004070282,0.52395403,2.081043,0.72693133
v5_nonexistent_0320,mixtral-8x7b,0,epistemic_humility,0,4,4,already_correct,nonexistent,0.6590254902839661,0.51882064,2.1497002,0.7135842
v5_nonexistent_0321,mixtral-8x7b,0,entity_aware,0,4,2,regressed,nonexistent,0.1706969141960144,0.50608116,3.7919981,0.58245575
v5_nonexistent_0322,mixtral-8x7b,2,epistemic_humility,0,4,4,fixed,nonexistent,0.6929197311401367,0.54405206,2.2555192,0.66465724
v5_nonexistent_0323,mixtral-8x7b,0,entity_aware,0,4,2,regressed,nonexistent,0.0,0.4231714,1.9375175,0.71058273
v5_nonexistent_0324,mixtral-8x7b,0,epistemic_humility,0,4,4,already_correct,nonexistent,1.1920928955078125e-07,0.51390564,2.2966635,0.6679501
v5_nonexistent_0325,mixtral-8x7b,0,epistemic_humility,0,4,4,already_correct,nonexistent,0.2343424558639526,0.5518347,2.2312217,0.66653633
v5_nonexistent_0326,mixtral-8x7b,0,epistemic_humility,0,4,4,already_correct,nonexistent,0.0093899965286254,0.52087116,1.9098406,0.6821333
v5_nonexistent_0327,mixtral-8x7b,2,epistemic_humility,0,4,4,fixed,nonexistent,0.6699342727661133,0.55464435,2.9321074,0.6706772
v5_nonexistent_0328,mixtral-8x7b,0,epistemic_humility,0,4,4,already_correct,nonexistent,0.5735601186752319,0.46686667,1.9113997,0.67180777
v5_nonexistent_0329,mixtral-8x7b,2,entity_aware,0,4,2,fixed,nonexistent,0.2856528759002685,0.59215933,2.3123367,0.67529565
v5_nonexistent_0330,mixtral-8x7b,0,epistemic_humility,0,4,4,already_correct,nonexistent,0.0297368764877319,0.54798985,2.5117354,0.6741098
v5_nonexistent_0331,mixtral-8x7b,0,epistemic_humility,0,4,4,already_correct,nonexistent,0.7623479515314102,0.4976346,2.023885,0.7309818
v5_nonexistent_0332,mixtral-8x7b,0,fact_grounded,0,4,3,regressed,nonexistent,0.4835056662559509,0.5387596,2.3436916,0.72180974
v5_nonexistent_0333,mixtral-8x7b,2,epistemic_humility,0,4,4,fixed,nonexistent,0.1628820300102234,0.41588706,2.3722174,0.7195366
v5_nonexistent_0334,mixtral-8x7b,0,epistemic_humility,0,4,4,already_correct,nonexistent,0.0,0.45634574,2.0827315,0.68898726
v5_nonexistent_0335,mixtral-8x7b,0,epistemic_humility,0,4,4,already_correct,nonexistent,-1.1920928955078125e-07,0.54456514,2.3915424,0.61581504
v5_nonexistent_0336,mixtral-8x7b,2,epistemic_humility,0,4,4,fixed,nonexistent,0.416964054107666,0.54802597,2.248146,0.6101154
v5_nonexistent_0337,mixtral-8x7b,0,epistemic_humility,0,4,4,already_correct,nonexistent,0.7535470724105835,0.45925707,2.612044,0.66478497
v5_nonexistent_0338,mixtral-8x7b,1,epistemic_humility,0,4,4,other,nonexistent,0.2975890636444092,0.51304746,2.375133,0.6441292
v5_nonexistent_0339,mixtral-8x7b,2,entity_aware,0,4,1,fixed,nonexistent,0.3259658813476562,0.4568925,1.8859895,0.826144
v5_nonexistent_0340,mixtral-8x7b,0,epistemic_humility,0,4,4,already_correct,nonexistent,0.802249476313591,0.5388452,2.1697905,0.6044282
v5_nonexistent_0341,mixtral-8x7b,2,fact_grounded,0,4,1,fixed,nonexistent,0.0,0.5377544,1.9831152,0.66119844
v5_nonexistent_0342,mixtral-8x7b,2,epistemic_humility,0,4,3,fixed,nonexistent,1.1920928955078125e-07,0.46232063,1.7918333,0.68924356
v5_nonexistent_0343,mixtral-8x7b,2,entity_aware,0,4,2,fixed,nonexistent,0.4535627365112304,0.5184207,2.2449691,0.6876203
v5_nonexistent_0344,mixtral-8x7b,0,epistemic_humility,0,4,4,already_correct,nonexistent,0.4800695776939392,0.48536032,2.3405194,0.72174644
v5_nonexistent_0345,mixtral-8x7b,0,epistemic_humility,0,4,4,already_correct,nonexistent,0.8508521616458893,0.6472589,3.009195,0.62493426
v5_nonexistent_0346,mixtral-8x7b,2,epistemic_humility,2,4,0,still_broken,nonexistent,0.8024722635746002,0.54439497,1.8075994,0.766173
v5_nonexistent_0347,mixtral-8x7b,0,epistemic_humility,0,4,4,already_correct,nonexistent,0.0,0.5819242,2.2754612,0.5656413
v5_nonexistent_0348,mixtral-8x7b,0,epistemic_humility,0,4,4,already_correct,nonexistent,0.7679430097341537,0.58044535,2.8093472,0.6662371
v5_nonexistent_0349,mixtral-8x7b,0,epistemic_humility,0,4,4,already_correct,nonexistent,0.0,0.535462,1.960555,0.6460562
v5_nonexistent_0350,mixtral-8x7b,2,epistemic_humility,0,4,4,fixed,nonexistent,0.1670969724655151,0.47979754,2.289331,0.777192
v5_nonexistent_0351,mixtral-8x7b,0,epistemic_humility,0,4,4,already_correct,nonexistent,0.7143674492835999,0.58271617,1.8908408,0.6759639
v5_nonexistent_0352,mixtral-8x7b,2,fact_grounded,0,4,3,fixed,nonexistent,0.0,0.48347622,1.7082874,0.75225514
v5_nonexistent_0353,mixtral-8x7b,0,epistemic_humility,0,4,4,already_correct,nonexistent,0.4057003855705261,0.5641469,2.269388,0.6918099
v5_nonexistent_0354,mixtral-8x7b,0,epistemic_humility,0,4,4,already_correct,nonexistent,0.1162458658218383,0.48897743,2.1531796,0.69619715
v5_nonexistent_0355,mixtral-8x7b,0,epistemic_humility,0,4,4,already_correct,nonexistent,-1.1920928955078125e-07,0.4696793,2.2943373,0.6872657
v5_nonexistent_0356,mixtral-8x7b,0,epistemic_humility,0,4,4,already_correct,nonexistent,0.0330891013145446,0.442518,2.5983582,0.6971271
v5_nonexistent_0357,mixtral-8x7b,0,epistemic_humility,0,4,4,already_correct,nonexistent,0.7907152473926544,0.5924717,2.2703953,0.7112205
v5_nonexistent_0358,mixtral-8x7b,2,epistemic_humility,0,4,4,fixed,nonexistent,0.6625432372093201,0.503107,1.9480327,0.6848128
v5_nonexistent_0359,mixtral-8x7b,2,epistemic_humility,0,4,4,fixed,nonexistent,0.4353160262107849,0.419177,2.0576506,0.6914198
v5_nonexistent_0360,mixtral-8x7b,0,epistemic_humility,0,4,4,already_correct,nonexistent,0.0,0.5076529,1.8377681,0.621838
v5_nonexistent_0361,mixtral-8x7b,0,epistemic_humility,0,4,4,already_correct,nonexistent,0.0,0.4810444,2.125836,0.67299145
v5_nonexistent_0362,mixtral-8x7b,0,epistemic_humility,0,4,4,already_correct,nonexistent,5.960464477539064e-08,0.58308536,2.6493654,0.57304347
v5_nonexistent_0363,mixtral-8x7b,2,fact_grounded,0,4,3,fixed,nonexistent,0.3233291506767273,0.5802291,2.2463431,0.6487688
v5_nonexistent_0364,mixtral-8x7b,0,epistemic_humility,0,4,4,already_correct,nonexistent,0.8683380782604218,0.46818435,1.7509553,0.735814
v5_nonexistent_0365,mixtral-8x7b,0,epistemic_humility,0,4,4,already_correct,nonexistent,0.6979034543037415,0.5124779,1.9823508,0.69838
v5_nonexistent_0366,mixtral-8x7b,0,epistemic_humility,0,4,4,already_correct,nonexistent,0.8691926896572113,0.47012997,1.674645,0.7794441
v5_nonexistent_0367,mixtral-8x7b,2,epistemic_humility,0,4,4,fixed,nonexistent,0.3429586291313171,0.56640196,2.1473997,0.6274808
v5_nonexistent_0368,mixtral-8x7b,0,epistemic_humility,0,4,4,already_correct,nonexistent,0.6104618906974792,0.57723457,2.4322236,0.5818032
v5_nonexistent_0369,mixtral-8x7b,0,epistemic_humility,0,4,4,already_correct,nonexistent,0.3605586886405945,0.5180141,2.0587113,0.66227096
v5_nonexistent_0370,mixtral-8x7b,2,epistemic_humility,0,4,3,fixed,nonexistent,0.4700419902801513,0.56897473,2.2468357,0.6172983
v5_nonexistent_0371,mixtral-8x7b,2,epistemic_humility,0,4,4,fixed,nonexistent,0.1709831357002258,0.5217962,1.7822292,0.7251775
v5_nonexistent_0372,mixtral-8x7b,0,epistemic_humility,0,4,4,already_correct,nonexistent,0.6961569488048553,0.53937423,3.2289336,0.6591347
v5_nonexistent_0373,mixtral-8x7b,0,epistemic_humility,0,4,4,already_correct,nonexistent,0.2608489394187927,0.47318375,2.290284,0.7255259
v5_nonexistent_0374,mixtral-8x7b,2,entity_aware,0,4,2,fixed,nonexistent,0.7029721140861511,0.46456409,2.2643294,0.75909615
v5_nonexistent_0375,mixtral-8x7b,2,entity_aware,0,4,2,fixed,nonexistent,0.6829098463058472,0.50694275,1.9416443,0.66084766
v5_nonexistent_0376,mixtral-8x7b,0,epistemic_humility,0,4,4,already_correct,nonexistent,0.0,0.54233474,1.8931897,0.7302871
v5_nonexistent_0377,mixtral-8x7b,0,epistemic_humility,0,4,3,regressed,nonexistent,0.3580925464630127,0.63340855,3.100522,0.56524146
v5_nonexistent_0378,mixtral-8x7b,0,epistemic_humility,0,4,4,already_correct,nonexistent,-1.1920928955078125e-07,0.49708927,2.7659492,0.6930231
v5_nonexistent_0379,mixtral-8x7b,0,epistemic_humility,0,4,4,already_correct,nonexistent,-1.1920928955078125e-07,0.43566173,2.1421528,0.65408164
v5_nonexistent_0380,mixtral-8x7b,0,fact_grounded,0,4,3,regressed,nonexistent,0.7971266359090805,0.58520275,2.154886,0.63595307
v5_nonexistent_0381,mixtral-8x7b,2,epistemic_humility,0,4,3,fixed,nonexistent,0.0,0.5347245,1.8455559,0.6787268
v5_nonexistent_0382,mixtral-8x7b,0,epistemic_humility,0,4,4,already_correct,nonexistent,0.7696599513292313,0.45436096,1.833004,0.75015646
v5_nonexistent_0383,mixtral-8x7b,0,epistemic_humility,0,4,4,already_correct,nonexistent,0.0076820254325866,0.5029949,2.2133255,0.6733333
v5_nonexistent_0384,mixtral-8x7b,0,epistemic_humility,0,4,4,already_correct,nonexistent,0.2359985113143921,0.58380413,2.7394657,0.6560479
v5_nonexistent_0385,mixtral-8x7b,0,epistemic_humility,0,4,4,already_correct,nonexistent,0.4302855730056762,0.54834884,2.3945024,0.61391735
v5_nonexistent_0386,mixtral-8x7b,0,epistemic_humility,0,4,4,already_correct,nonexistent,-1.1920928955078125e-07,0.5246359,2.2167275,0.5691929
v5_nonexistent_0387,mixtral-8x7b,0,epistemic_humility,0,4,4,already_correct,nonexistent,0.2534442543983459,0.5122235,2.0746036,0.6417939
v5_nonexistent_0388,mixtral-8x7b,0,epistemic_humility,0,4,4,already_correct,nonexistent,0.8273335844278336,0.55044985,2.509748,0.6478262
v5_nonexistent_0389,mixtral-8x7b,2,fact_grounded,0,4,1,fixed,nonexistent,0.0,0.4040689,2.004797,0.66055673
v5_nonexistent_0390,mixtral-8x7b,2,fact_grounded,0,4,3,fixed,nonexistent,0.013656198978424,0.5692537,2.1734812,0.7011876
v5_nonexistent_0391,mixtral-8x7b,2,epistemic_humility,0,4,4,fixed,nonexistent,0.0,0.58590996,3.1179638,0.573948
v5_nonexistent_0392,mixtral-8x7b,0,epistemic_humility,0,4,4,already_correct,nonexistent,1.1920928955078125e-07,0.5326812,2.15242,0.73001605
v5_nonexistent_0393,mixtral-8x7b,2,fact_grounded,0,4,3,fixed,nonexistent,0.3139976263046264,0.6038108,2.5063906,0.6452434
v5_nonexistent_0394,mixtral-8x7b,2,entity_aware,0,4,2,fixed,nonexistent,0.8243248611688614,0.4732942,1.9391527,0.68747777
v5_nonexistent_0395,mixtral-8x7b,0,epistemic_humility,0,4,4,already_correct,nonexistent,0.5363626778125763,0.48887372,2.7481456,0.65181386
v5_nonexistent_0396,mixtral-8x7b,2,epistemic_humility,0,4,4,fixed,nonexistent,0.7955850958824158,0.46744484,1.870554,0.73094106
v5_nonexistent_0397,mixtral-8x7b,0,epistemic_humility,0,4,4,already_correct,nonexistent,0.4864961504936218,0.50669897,2.3465827,0.6974748
v5_nonexistent_0398,mixtral-8x7b,2,epistemic_humility,0,4,4,fixed,nonexistent,0.0861792564392089,0.5413382,3.110225,0.66966444
v5_nonexistent_0399,mixtral-8x7b,0,epistemic_humility,0,4,4,already_correct,nonexistent,0.4265788197517395,0.5921917,2.7575278,0.59828126
v5_nonexistent_0400,mixtral-8x7b,0,epistemic_humility,0,4,4,already_correct,nonexistent,0.3331754803657532,0.4453643,2.611257,0.68603593
v5_nonexistent_0401,mixtral-8x7b,2,fact_grounded,0,4,3,fixed,nonexistent,-1.1920928955078125e-07,0.52391255,1.6940353,0.675925
v5_nonexistent_0402,mixtral-8x7b,0,epistemic_humility,0,4,4,already_correct,nonexistent,0.7009482979774475,0.44476098,1.9876664,0.68633676
v5_nonexistent_0403,mixtral-8x7b,0,epistemic_humility,0,4,4,already_correct,nonexistent,0.6290453374385834,0.48514253,2.6874523,0.6466806
v5_nonexistent_0404,mixtral-8x7b,0,epistemic_humility,0,4,4,already_correct,nonexistent,1.1920928955078125e-07,0.5725653,2.0706563,0.63033736
v5_nonexistent_0405,mixtral-8x7b,0,epistemic_humility,0,4,4,already_correct,nonexistent,0.3241233825683594,0.41102707,2.3584538,0.6930052
v5_nonexistent_0406,mixtral-8x7b,0,epistemic_humility,0,4,4,already_correct,nonexistent,-1.1920928955078125e-07,0.50744,1.8954731,0.64353025
v5_nonexistent_0407,mixtral-8x7b,2,epistemic_humility,0,4,4,fixed,nonexistent,0.0387899279594421,0.5992569,2.1323855,0.68305117
v5_nonexistent_0408,mixtral-8x7b,0,epistemic_humility,0,4,4,already_correct,nonexistent,0.7141392529010773,0.44909662,1.9236684,0.7351862
v5_nonexistent_0409,mixtral-8x7b,0,epistemic_humility,0,4,4,already_correct,nonexistent,0.8248581737279892,0.46980423,1.8531334,0.75918055
v5_nonexistent_0410,mixtral-8x7b,0,epistemic_humility,0,4,4,already_correct,nonexistent,0.24351167678833,0.5882603,2.426042,0.608529
v5_nonexistent_0411,mixtral-8x7b,0,epistemic_humility,0,4,4,already_correct,nonexistent,0.0,0.59517676,2.5888038,0.6077167
v5_nonexistent_0412,mixtral-8x7b,2,epistemic_humility,0,4,4,fixed,nonexistent,0.5289674401283264,0.5770867,2.966697,0.6828811
v5_nonexistent_0413,mixtral-8x7b,2,fact_grounded,0,4,3,fixed,nonexistent,-1.1920928955078125e-07,0.50228786,1.8401725,0.6287915
v5_nonexistent_0414,mixtral-8x7b,0,fact_grounded,0,4,3,regressed,nonexistent,0.7093889713287354,0.525728,1.8071303,0.6925586
v5_nonexistent_0415,mixtral-8x7b,2,epistemic_humility,0,4,4,fixed,nonexistent,0.0864185094833374,0.4212296,2.263699,0.65292203
v5_nonexistent_0416,mixtral-8x7b,0,epistemic_humility,0,4,4,already_correct,nonexistent,0.0,0.5625872,2.1227553,0.73622835
v5_nonexistent_0417,mixtral-8x7b,0,epistemic_humility,0,4,4,already_correct,nonexistent,0.3711926937103271,0.4937392,2.1962852,0.61035144
v5_nonexistent_0418,mixtral-8x7b,0,epistemic_humility,0,4,4,already_correct,nonexistent,0.2403691411018371,0.4428649,1.9219048,0.7478688
v5_nonexistent_0419,mixtral-8x7b,2,fact_grounded,0,4,3,fixed,nonexistent,0.5590018630027771,0.56476533,1.7778463,0.65828985
v5_nonexistent_0420,mixtral-8x7b,0,epistemic_humility,0,4,4,already_correct,nonexistent,0.8213133811950684,0.50594616,2.091654,0.6748558
v5_nonexistent_0421,mixtral-8x7b,2,epistemic_humility,0,4,4,fixed,nonexistent,0.0,0.51956284,1.7727073,0.6856067
v5_nonexistent_0422,mixtral-8x7b,0,epistemic_humility,0,4,4,already_correct,nonexistent,0.0067595839500427,0.5259925,3.8505251,0.65228784
v5_nonexistent_0423,mixtral-8x7b,2,entity_aware,0,4,2,fixed,nonexistent,0.7349467277526855,0.51400363,1.6957759,0.70543534
v5_nonexistent_0424,mixtral-8x7b,2,fact_grounded,0,4,3,fixed,nonexistent,0.6575350165367126,0.49340367,1.625347,0.74065346
v5_nonexistent_0425,mixtral-8x7b,0,epistemic_humility,0,4,4,already_correct,nonexistent,5.960464477539064e-08,0.57811904,2.4698312,0.6507339
v5_nonexistent_0426,mixtral-8x7b,0,epistemic_humility,0,4,4,already_correct,nonexistent,0.7992537617683411,0.52057064,2.1017528,0.6316899
v5_nonexistent_0427,mixtral-8x7b,2,epistemic_humility,0,4,4,fixed,nonexistent,0.0314520597457885,0.54832476,3.020714,0.66001016
v5_nonexistent_0428,mixtral-8x7b,0,epistemic_humility,0,4,4,already_correct,nonexistent,0.5519862771034241,0.4929878,2.2355134,0.7284846
v5_nonexistent_0429,mixtral-8x7b,2,epistemic_humility,0,4,4,fixed,nonexistent,0.8634004443883896,0.5648179,1.8744131,0.6704445
v5_nonexistent_0430,mixtral-8x7b,2,fact_grounded,0,4,3,fixed,nonexistent,0.5972752869129181,0.51977766,2.1731157,0.6961539
v5_nonexistent_0431,mixtral-8x7b,0,epistemic_humility,0,4,4,already_correct,nonexistent,0.8403759896755219,0.6293831,2.831235,0.58123183
v5_nonexistent_0432,mixtral-8x7b,0,epistemic_humility,0,4,4,already_correct,nonexistent,0.4239459633827209,0.53843415,2.344462,0.59980756
v5_nonexistent_0433,mixtral-8x7b,0,epistemic_humility,0,4,4,already_correct,nonexistent,0.6252482235431671,0.51698756,2.1517217,0.7539977
v5_nonexistent_0434,mixtral-8x7b,0,epistemic_humility,0,4,4,already_correct,nonexistent,0.5284348726272583,0.5657549,2.9145827,0.5774544
v5_nonexistent_0435,mixtral-8x7b,0,epistemic_humility,0,4,4,already_correct,nonexistent,0.5969650447368622,0.64696026,2.520249,0.5485064
v5_nonexistent_0436,mixtral-8x7b,0,epistemic_humility,0,4,4,already_correct,nonexistent,5.960464477539064e-08,0.5149783,2.264123,0.64173204
v5_nonexistent_0437,mixtral-8x7b,2,epistemic_humility,0,4,3,fixed,nonexistent,0.4785821437835693,0.64585835,2.6191905,0.67079663
v5_nonexistent_0438,mixtral-8x7b,0,epistemic_humility,0,4,4,already_correct,nonexistent,0.0,0.51739967,2.5063415,0.70164126
v5_nonexistent_0439,mixtral-8x7b,0,epistemic_humility,0,4,4,already_correct,nonexistent,0.3687679767608642,0.4811052,1.849861,0.67638016
v5_nonexistent_0440,mixtral-8x7b,0,epistemic_humility,0,4,3,regressed,nonexistent,0.0836331248283386,0.51518536,2.358699,0.7450869
v5_nonexistent_0441,mixtral-8x7b,0,epistemic_humility,0,4,3,regressed,nonexistent,0.3606310486793518,0.5206995,2.2068603,0.57553047
v5_nonexistent_0442,mixtral-8x7b,0,epistemic_humility,0,4,4,already_correct,nonexistent,0.4414160251617431,0.45850635,3.0613854,0.71176696
v5_nonexistent_0443,mixtral-8x7b,2,entity_aware,0,4,1,fixed,nonexistent,0.4600799083709717,0.49370766,1.7885917,0.6833751
v5_nonexistent_0444,mixtral-8x7b,0,epistemic_humility,0,4,4,already_correct,nonexistent,1.1920928955078125e-07,0.47845972,2.485477,0.71577805
v5_nonexistent_0445,mixtral-8x7b,2,entity_aware,0,4,2,fixed,nonexistent,0.4700328111648559,0.5937638,2.3399346,0.63301
v5_nonexistent_0446,mixtral-8x7b,2,epistemic_humility,0,4,4,fixed,nonexistent,0.0671490430831909,0.47432816,1.7480774,0.72729236
v5_nonexistent_0447,mixtral-8x7b,2,epistemic_humility,0,4,4,fixed,nonexistent,0.0,0.52067673,2.718355,0.6754037
v5_nonexistent_0448,mixtral-8x7b,0,epistemic_humility,0,4,4,already_correct,nonexistent,0.4316510558128357,0.510615,2.5472386,0.7123488
v5_nonexistent_0449,mixtral-8x7b,0,epistemic_humility,0,4,4,already_correct,nonexistent,0.5353866219520569,0.5124825,2.56853,0.70801544
v5_nonexistent_0450,mixtral-8x7b,0,epistemic_humility,0,4,4,already_correct,nonexistent,0.0152302980422973,0.59414726,2.9475563,0.65896374
v5_nonexistent_0451,mixtral-8x7b,0,epistemic_humility,0,4,4,already_correct,nonexistent,0.5489615499973297,0.50090635,1.9352949,0.74192286
v5_nonexistent_0452,mixtral-8x7b,0,epistemic_humility,0,4,4,already_correct,nonexistent,0.1413283944129943,0.51750255,2.363318,0.61296916
v5_nonexistent_0453,mixtral-8x7b,0,epistemic_humility,0,4,4,already_correct,nonexistent,0.3581265807151794,0.5145664,2.6060777,0.64876467
v5_nonexistent_0454,mixtral-8x7b,0,epistemic_humility,0,4,4,already_correct,nonexistent,0.6603308022022247,0.53865945,2.0191522,0.6272677
v5_nonexistent_0455,mixtral-8x7b,0,epistemic_humility,0,4,4,already_correct,nonexistent,0.2563152313232422,0.5824665,2.8812459,0.49031317
v5_nonexistent_0456,mixtral-8x7b,0,epistemic_humility,0,4,4,already_correct,nonexistent,0.0,0.55937934,1.9174167,0.6475871
v5_nonexistent_0457,mixtral-8x7b,2,epistemic_humility,0,4,4,fixed,nonexistent,0.5138200521469116,0.601937,2.5366905,0.5828182
v5_nonexistent_0458,mixtral-8x7b,2,fact_grounded,0,4,3,fixed,nonexistent,0.0,0.46815264,2.1118438,0.70126164
v5_nonexistent_0459,mixtral-8x7b,0,epistemic_humility,0,4,4,already_correct,nonexistent,0.6569057106971741,0.5493534,2.498004,0.7393151
v5_nonexistent_0460,mixtral-8x7b,0,epistemic_humility,0,4,4,already_correct,nonexistent,0.6805902123451233,0.5293654,2.020506,0.6288578
v5_nonexistent_0461,mixtral-8x7b,2,epistemic_humility,0,4,4,fixed,nonexistent,0.0,0.57243526,1.7531927,0.75319
v5_nonexistent_0462,mixtral-8x7b,2,entity_aware,0,4,1,fixed,nonexistent,5.960464477539064e-08,0.5377358,1.9328879,0.6334489
v5_nonexistent_0463,mixtral-8x7b,0,epistemic_humility,0,4,4,already_correct,nonexistent,0.2716165781021118,0.53879815,2.20635,0.79512423
v5_nonexistent_0464,mixtral-8x7b,0,epistemic_humility,0,4,4,already_correct,nonexistent,0.5377830862998962,0.6100879,2.5226068,0.6064863
v5_nonexistent_0465,mixtral-8x7b,2,entity_aware,0,4,1,fixed,nonexistent,2.384185791015625e-07,0.57094026,2.3026185,0.6587512
v5_nonexistent_0466,mixtral-8x7b,0,epistemic_humility,0,4,4,already_correct,nonexistent,0.70530965924263,0.50789523,3.6473165,0.61952895
v5_nonexistent_0467,mixtral-8x7b,0,epistemic_humility,0,4,4,already_correct,nonexistent,0.7883328497409821,0.46636713,1.7673646,0.7279624
v5_nonexistent_0468,mixtral-8x7b,0,epistemic_humility,0,4,4,already_correct,nonexistent,0.1271876096725464,0.44135976,2.3043296,0.69330144
v5_nonexistent_0469,mixtral-8x7b,2,epistemic_humility,0,4,4,fixed,nonexistent,0.8372649252414703,0.6521015,2.405668,0.65966165
v5_nonexistent_0470,mixtral-8x7b,2,epistemic_humility,0,4,4,fixed,nonexistent,0.4096885919570923,0.50631326,2.2910957,0.6478266
v5_nonexistent_0471,mixtral-8x7b,0,epistemic_humility,0,4,4,already_correct,nonexistent,5.960464477539064e-08,0.55374,2.1174927,0.62234473
v5_nonexistent_0472,mixtral-8x7b,0,epistemic_humility,0,4,4,already_correct,nonexistent,-1.1920928955078125e-07,0.55983865,2.2178388,0.6993856
v5_nonexistent_0473,mixtral-8x7b,0,epistemic_humility,0,4,4,already_correct,nonexistent,0.5893408060073853,0.52580774,1.8113718,0.62340707
v5_nonexistent_0474,mixtral-8x7b,0,fact_grounded,0,4,3,regressed,nonexistent,5.960464477539064e-08,0.51851714,1.743045,0.655331
v5_nonexistent_0475,mixtral-8x7b,0,epistemic_humility,0,4,4,already_correct,nonexistent,0.0,0.5165646,2.3711958,0.64467126
v5_nonexistent_0476,mixtral-8x7b,0,epistemic_humility,0,4,4,already_correct,nonexistent,0.2104875445365905,0.4842546,1.936539,0.70765334
v5_nonexistent_0477,mixtral-8x7b,2,epistemic_humility,0,4,4,fixed,nonexistent,0.7565692961215973,0.5791657,2.983551,0.5333858
v5_nonexistent_0478,mixtral-8x7b,0,epistemic_humility,0,4,4,already_correct,nonexistent,-2.384185791015625e-07,0.5694123,2.1513882,0.7225377
v5_nonexistent_0479,mixtral-8x7b,0,epistemic_humility,0,4,4,already_correct,nonexistent,0.0,0.5276801,2.3450937,0.7292886
v5_nonexistent_0480,mixtral-8x7b,0,epistemic_humility,0,4,4,already_correct,nonexistent,0.3243756890296936,0.47987235,2.73344,0.65849125
v5_nonexistent_0481,mixtral-8x7b,0,epistemic_humility,0,4,4,already_correct,nonexistent,0.4266058802604675,0.53421414,2.4501762,0.685814
v5_nonexistent_0482,mixtral-8x7b,2,entity_aware,0,4,1,fixed,nonexistent,0.0772969722747802,0.59363127,2.1516824,0.5978858
v5_nonexistent_0483,mixtral-8x7b,2,epistemic_humility,0,4,4,fixed,nonexistent,0.6550024449825287,0.5230937,1.8727117,0.7415035
v5_nonexistent_0484,mixtral-8x7b,0,epistemic_humility,0,4,4,already_correct,nonexistent,0.0030689239501953,0.44999945,1.9941473,0.6675898
v5_nonexistent_0485,mixtral-8x7b,2,epistemic_humility,0,4,4,fixed,nonexistent,0.7421577274799347,0.6403291,2.6491728,0.60893977
v5_nonexistent_0486,mixtral-8x7b,0,entity_aware,0,4,1,regressed,nonexistent,0.0,0.6196688,2.1008284,0.6617518
v5_nonexistent_0487,mixtral-8x7b,2,fact_grounded,0,4,3,fixed,nonexistent,0.8314222395420074,0.5850655,2.2555406,0.62622017
v5_nonexistent_0488,mixtral-8x7b,2,epistemic_humility,0,4,4,fixed,nonexistent,0.5969270169734955,0.53277546,2.4178588,0.6973862
v5_nonexistent_0489,mixtral-8x7b,0,epistemic_humility,0,4,4,already_correct,nonexistent,0.8089142143726349,0.6236713,2.6634922,0.67045575
v5_nonexistent_0490,mixtral-8x7b,0,epistemic_humility,0,4,4,already_correct,nonexistent,0.6636190116405487,0.54721284,2.7959046,0.66496974
v5_nonexistent_0491,mixtral-8x7b,0,epistemic_humility,0,4,4,already_correct,nonexistent,0.4472307562828064,0.46226603,2.7765777,0.66557914
v5_nonexistent_0492,mixtral-8x7b,0,epistemic_humility,0,4,4,already_correct,nonexistent,0.0610366463661193,0.51701903,3.2583046,0.6424204
v5_nonexistent_0493,mixtral-8x7b,0,epistemic_humility,0,4,4,already_correct,nonexistent,0.0270346999168396,0.4993428,2.370857,0.601827
v5_nonexistent_0494,mixtral-8x7b,0,epistemic_humility,0,4,4,already_correct,nonexistent,0.0,0.39959568,2.3629732,0.67631984
v5_nonexistent_0495,mixtral-8x7b,2,fact_grounded,0,4,3,fixed,nonexistent,0.063686728477478,0.5156691,1.6837579,0.65949196
v5_nonexistent_0496,mixtral-8x7b,0,epistemic_humility,0,4,4,already_correct,nonexistent,0.2164547443389892,0.48303264,1.8148724,0.7759867
v5_nonexistent_0497,mixtral-8x7b,0,epistemic_humility,0,4,4,already_correct,nonexistent,1.1920928955078125e-07,0.5325198,1.8286088,0.65554863
v5_nonexistent_0498,mixtral-8x7b,0,epistemic_humility,0,4,4,already_correct,nonexistent,0.6737933456897736,0.5918002,2.5711274,0.5443263
v5_nonexistent_0499,mixtral-8x7b,0,epistemic_humility,0,4,4,already_correct,nonexistent,0.0016392469406127,0.5445216,2.6924853,0.6667634
v5_nonexistent_0500,mixtral-8x7b,0,epistemic_humility,0,4,4,already_correct,nonexistent,0.7141047716140747,0.49078268,1.9805644,0.6951904
v5_nonexistent_0501,mixtral-8x7b,2,epistemic_humility,0,4,4,fixed,nonexistent,0.8444830179214478,0.6242606,3.1480975,0.6010884
v5_nonexistent_0502,mixtral-8x7b,0,epistemic_humility,0,4,4,already_correct,nonexistent,0.8325052559375763,0.55013305,2.1625087,0.6190601
v5_nonexistent_0503,mixtral-8x7b,0,epistemic_humility,0,4,4,already_correct,nonexistent,0.8594510108232498,0.52436996,1.855292,0.7050819
v5_nonexistent_0504,mixtral-8x7b,2,entity_aware,0,4,2,fixed,nonexistent,0.7453981935977936,0.5468743,1.8285766,0.7225845
v5_nonexistent_0505,mixtral-8x7b,2,epistemic_humility,2,4,0,still_broken,nonexistent,1.1920928955078125e-07,0.52126956,2.099593,0.67581785
v5_nonexistent_0506,mixtral-8x7b,0,epistemic_humility,0,4,3,regressed,nonexistent,0.55445197224617,0.44957632,1.9836632,0.7239818
v5_nonexistent_0507,mixtral-8x7b,0,epistemic_humility,0,4,4,already_correct,nonexistent,1.1920928955078125e-07,0.51468384,1.8302822,0.6357988
v5_nonexistent_0508,mixtral-8x7b,0,fact_grounded,0,4,3,regressed,nonexistent,5.960464477539064e-08,0.4403051,2.0485702,0.6305953
v5_nonexistent_0509,mixtral-8x7b,0,epistemic_humility,0,4,4,already_correct,nonexistent,0.0,0.5017741,2.117635,0.74246335
v5_nonexistent_0510,mixtral-8x7b,0,epistemic_humility,0,4,4,already_correct,nonexistent,0.4873967170715332,0.5041733,2.040315,0.76057523
v5_nonexistent_0511,mixtral-8x7b,2,entity_aware,0,4,2,fixed,nonexistent,0.38575279712677,0.5751318,2.3935218,0.604605
v5_nonexistent_0512,mixtral-8x7b,0,epistemic_humility,0,4,4,already_correct,nonexistent,0.1807697415351867,0.45673728,2.5213006,0.70700073
v5_nonexistent_0513,mixtral-8x7b,0,epistemic_humility,0,4,4,already_correct,nonexistent,0.2194540500640869,0.506933,3.6664093,0.61249834
v5_nonexistent_0514,mixtral-8x7b,0,epistemic_humility,0,4,4,already_correct,nonexistent,0.199786901473999,0.50209033,1.760121,0.8321705
v5_nonexistent_0515,mixtral-8x7b,0,epistemic_humility,0,4,4,already_correct,nonexistent,0.6734438538551331,0.5506413,2.45791,0.61831766
v5_nonexistent_0516,mixtral-8x7b,0,epistemic_humility,0,4,4,already_correct,nonexistent,-1.1920928955078125e-07,0.52270603,2.5594614,0.6872572
v5_nonexistent_0517,mixtral-8x7b,0,epistemic_humility,0,4,4,already_correct,nonexistent,0.4086630344390869,0.54078025,3.076808,0.5681941
v5_nonexistent_0518,mixtral-8x7b,0,epistemic_humility,0,4,4,already_correct,nonexistent,-1.1920928955078125e-07,0.4398281,2.215347,0.69302535
v5_nonexistent_0519,mixtral-8x7b,2,epistemic_humility,0,4,4,fixed,nonexistent,0.3350368738174438,0.56564784,3.122856,0.6765655
v5_nonexistent_0520,mixtral-8x7b,0,epistemic_humility,0,4,4,already_correct,nonexistent,0.0316784977912902,0.531138,2.1076574,0.6556221
v5_nonexistent_0521,mixtral-8x7b,0,epistemic_humility,0,4,4,already_correct,nonexistent,0.239976704120636,0.5752872,1.9867724,0.7035488
v5_nonexistent_0522,mixtral-8x7b,0,epistemic_humility,0,4,4,already_correct,nonexistent,0.8339467793703079,0.6119221,3.0148556,0.54670614
v5_nonexistent_0523,mixtral-8x7b,0,epistemic_humility,0,4,4,already_correct,nonexistent,0.6967669129371643,0.50156367,2.2330978,0.5939702
v5_nonexistent_0524,mixtral-8x7b,0,epistemic_humility,0,4,4,already_correct,nonexistent,0.7857758104801178,0.57510954,2.9089818,0.69881916
v5_nonexistent_0525,mixtral-8x7b,0,epistemic_humility,0,4,4,already_correct,nonexistent,0.0,0.51244366,2.1009257,0.6044987
v5_nonexistent_0526,mixtral-8x7b,0,epistemic_humility,0,4,4,already_correct,nonexistent,0.6990043818950653,0.51179206,1.8669062,0.7401757
v5_nonexistent_0527,mixtral-8x7b,0,epistemic_humility,0,4,4,already_correct,nonexistent,0.829436793923378,0.5477058,2.458373,0.5861012
v5_nonexistent_0528,mixtral-8x7b,0,epistemic_humility,0,4,4,already_correct,nonexistent,0.230045199394226,0.4960792,2.4457974,0.7038284
v5_nonexistent_0529,mixtral-8x7b,2,entity_aware,0,4,1,fixed,nonexistent,0.1888027191162109,0.4949767,1.9350557,0.6164722
v5_nonexistent_0530,mixtral-8x7b,2,epistemic_humility,0,4,4,fixed,nonexistent,0.0,0.5374229,2.5065515,0.64529645
v5_nonexistent_0531,mixtral-8x7b,0,fact_grounded,0,4,3,regressed,nonexistent,0.2806612849235534,0.53754115,2.4359126,0.51247823
v5_nonexistent_0532,mixtral-8x7b,2,fact_grounded,0,4,3,fixed,nonexistent,0.2053248286247253,0.5057694,2.0140378,0.6805465
v5_nonexistent_0533,mixtral-8x7b,0,fact_grounded,0,4,3,regressed,nonexistent,5.960464477539064e-08,0.6535007,2.2813509,0.6891209
v5_nonexistent_0534,mixtral-8x7b,0,epistemic_humility,0,4,4,already_correct,nonexistent,0.6906920373439789,0.60114765,2.3272946,0.65046847
v5_nonexistent_0535,mixtral-8x7b,0,epistemic_humility,0,4,4,already_correct,nonexistent,1.1920928955078125e-07,0.44337475,2.362516,0.6631485
v5_nonexistent_0536,mixtral-8x7b,2,fact_grounded,0,4,3,fixed,nonexistent,0.0,0.62470806,2.0022547,0.5785621
v5_nonexistent_0537,mixtral-8x7b,2,epistemic_humility,0,4,4,fixed,nonexistent,0.3929829597473144,0.544784,2.2173955,0.722365
v5_nonexistent_0538,mixtral-8x7b,2,epistemic_humility,0,4,4,fixed,nonexistent,0.7549083232879639,0.57539415,2.918046,0.52941084
v5_nonexistent_0539,mixtral-8x7b,0,epistemic_humility,0,4,4,already_correct,nonexistent,0.5287777781486511,0.52748,2.2930987,0.7389761
v5_nonexistent_0540,mixtral-8x7b,0,epistemic_humility,0,4,4,already_correct,nonexistent,0.1286765933036804,0.49431634,2.6269703,0.6614159
v5_nonexistent_0541,mixtral-8x7b,0,epistemic_humility,0,4,4,already_correct,nonexistent,0.5735840201377869,0.51464045,2.0608387,0.64988923
v5_nonexistent_0542,mixtral-8x7b,0,epistemic_humility,0,4,4,already_correct,nonexistent,5.960464477539064e-08,0.6147878,2.3569896,0.667266
v5_nonexistent_0543,mixtral-8x7b,0,epistemic_humility,0,4,3,regressed,nonexistent,0.1103513836860656,0.43025196,2.0953424,0.68799853
v5_nonexistent_0544,mixtral-8x7b,2,fact_grounded,0,4,3,fixed,nonexistent,0.0167617797851562,0.62259734,2.2969818,0.60842276
v5_nonexistent_0545,mixtral-8x7b,0,epistemic_humility,0,4,4,already_correct,nonexistent,0.669689416885376,0.5670225,1.873581,0.6929654
v5_nonexistent_0546,mixtral-8x7b,2,entity_aware,0,4,2,fixed,nonexistent,0.0,0.51419544,1.6160724,0.7470347
v5_nonexistent_0547,mixtral-8x7b,0,epistemic_humility,0,4,4,already_correct,nonexistent,-1.1920928955078125e-07,0.42993385,2.6108642,0.69911027
v5_nonexistent_0548,mixtral-8x7b,0,epistemic_humility,0,4,4,already_correct,nonexistent,0.3336837887763977,0.48012072,2.067568,0.6923058
v5_nonexistent_0549,mixtral-8x7b,0,fact_grounded,0,4,3,regressed,nonexistent,1.1920928955078125e-07,0.6289797,2.73591,0.61406624
v5_nonexistent_0550,mixtral-8x7b,0,epistemic_humility,0,4,4,already_correct,nonexistent,0.8008379489183426,0.57354456,2.3239663,0.6816581
v5_nonexistent_0551,mixtral-8x7b,0,epistemic_humility,0,4,2,regressed,nonexistent,0.8217902332544327,0.58446085,2.4487278,0.5872295
v5_nonexistent_0552,mixtral-8x7b,0,epistemic_humility,0,4,4,already_correct,nonexistent,0.0,0.5112499,2.113207,0.74202955
v5_nonexistent_0553,mixtral-8x7b,2,fact_grounded,0,4,3,fixed,nonexistent,5.960464477539064e-08,0.459014,1.9524889,0.711488
v5_nonexistent_0554,mixtral-8x7b,2,epistemic_humility,0,4,4,fixed,nonexistent,0.5537073612213135,0.54567075,2.7547095,0.71833885
v5_nonexistent_0555,mixtral-8x7b,0,epistemic_humility,0,4,4,already_correct,nonexistent,0.0,0.5690096,2.0082476,0.5847945
v5_nonexistent_0556,mixtral-8x7b,2,epistemic_humility,0,4,3,fixed,nonexistent,0.0,0.5721786,2.13671,0.7873559
v5_nonexistent_0557,mixtral-8x7b,2,epistemic_humility,2,4,0,still_broken,nonexistent,0.0,0.5269163,2.05731,0.67953295
v5_nonexistent_0558,mixtral-8x7b,2,epistemic_humility,0,4,4,fixed,nonexistent,0.7967231273651123,0.44886845,1.8025723,0.7775692
v5_nonexistent_0559,mixtral-8x7b,0,epistemic_humility,0,4,4,already_correct,nonexistent,0.0,0.6080866,2.6046805,0.6358212
v5_nonexistent_0560,mixtral-8x7b,0,epistemic_humility,0,4,4,already_correct,nonexistent,0.743448942899704,0.4836049,2.575504,0.6795109
v5_nonexistent_0561,mixtral-8x7b,1,epistemic_humility,0,4,4,other,nonexistent,0.4213711619377136,0.5513385,1.8625164,0.6861764
v5_nonexistent_0562,mixtral-8x7b,0,epistemic_humility,0,4,4,already_correct,nonexistent,0.0,0.4738055,2.2527437,0.6429173
v5_nonexistent_0563,mixtral-8x7b,0,epistemic_humility,0,4,4,already_correct,nonexistent,0.4837561249732971,0.59210074,2.3493912,0.5813704
v5_nonexistent_0564,mixtral-8x7b,2,epistemic_humility,0,4,4,fixed,nonexistent,0.3443235754966736,0.5594839,1.8844213,0.66993916
v5_nonexistent_0565,mixtral-8x7b,0,epistemic_humility,0,4,4,already_correct,nonexistent,0.6263169944286346,0.46173978,1.9316139,0.78734803
v5_nonexistent_0566,mixtral-8x7b,0,epistemic_humility,0,4,2,regressed,nonexistent,0.3440438508987427,0.5242183,2.1563435,0.64408326
v5_nonexistent_0567,mixtral-8x7b,0,epistemic_humility,0,4,4,already_correct,nonexistent,1.788139343261719e-07,0.5119499,2.4444995,0.66987175
v5_nonexistent_0568,mixtral-8x7b,0,epistemic_humility,0,4,4,already_correct,nonexistent,0.0647894740104675,0.4901585,2.33916,0.58961976
v5_nonexistent_0569,mixtral-8x7b,2,entity_aware,0,4,2,fixed,nonexistent,0.5042110085487366,0.6073061,2.4259148,0.6067085
v5_nonexistent_0570,mixtral-8x7b,2,entity_aware,0,4,1,fixed,nonexistent,0.8412355035543442,0.4692111,2.0171058,0.6817598
v5_nonexistent_0571,mixtral-8x7b,0,epistemic_humility,0,4,4,already_correct,nonexistent,0.677051842212677,0.47901732,2.060336,0.7182401
v5_nonexistent_0572,mixtral-8x7b,0,epistemic_humility,0,4,4,already_correct,nonexistent,0.7692990750074387,0.58877516,2.7640378,0.65596306
v5_nonexistent_0573,mixtral-8x7b,0,epistemic_humility,0,4,4,already_correct,nonexistent,0.0,0.5474256,3.1030917,0.6523469
v5_nonexistent_0574,mixtral-8x7b,0,epistemic_humility,0,4,4,already_correct,nonexistent,0.8271685540676117,0.5746882,2.2028394,0.6637031
v5_nonexistent_0575,mixtral-8x7b,0,epistemic_humility,0,4,4,already_correct,nonexistent,0.7674718201160431,0.55874074,2.5756168,0.60692674
v5_nonexistent_0576,mixtral-8x7b,0,epistemic_humility,0,4,4,already_correct,nonexistent,0.0,0.5295818,2.2283182,0.7135608
v5_nonexistent_0577,mixtral-8x7b,0,epistemic_humility,0,4,4,already_correct,nonexistent,0.0,0.46678257,2.1464367,0.64730847
v5_nonexistent_0578,mixtral-8x7b,2,epistemic_humility,0,4,4,fixed,nonexistent,0.6011294722557068,0.47501975,2.628329,0.6731235
v5_nonexistent_0579,mixtral-8x7b,0,epistemic_humility,0,4,4,already_correct,nonexistent,0.0074097514152526,0.52109003,3.0946622,0.57872725
v5_nonexistent_0580,mixtral-8x7b,2,epistemic_humility,0,4,4,fixed,nonexistent,0.8326540440320969,0.5180708,3.4805856,0.61347806
v5_nonexistent_0581,mixtral-8x7b,2,epistemic_humility,0,4,4,fixed,nonexistent,0.1131006479263305,0.50736654,1.9147596,0.7306802
v5_nonexistent_0582,mixtral-8x7b,0,epistemic_humility,0,4,4,already_correct,nonexistent,0.5350656509399414,0.593431,2.9208658,0.65430367
v5_nonexistent_0583,mixtral-8x7b,2,epistemic_humility,0,4,3,fixed,nonexistent,0.8282879590988159,0.54361176,2.226655,0.60219485
v5_nonexistent_0584,mixtral-8x7b,0,epistemic_humility,0,4,4,already_correct,nonexistent,0.409977376461029,0.48537672,1.8520856,0.62339413
v5_nonexistent_0585,mixtral-8x7b,2,entity_aware,0,4,2,fixed,nonexistent,0.8616342842578888,0.52719533,1.9442319,0.64648604
v5_nonexistent_0586,mixtral-8x7b,0,fact_grounded,0,4,2,regressed,nonexistent,0.4983531236648559,0.60227984,2.4192371,0.5684455
v5_nonexistent_0587,mixtral-8x7b,0,epistemic_humility,0,4,4,already_correct,nonexistent,0.006180465221405,0.5294894,2.1480296,0.5546391
v5_nonexistent_0588,mixtral-8x7b,2,fact_grounded,0,4,3,fixed,nonexistent,0.7531206607818604,0.4009145,1.9111211,0.7068387
v5_nonexistent_0589,mixtral-8x7b,0,epistemic_humility,0,4,4,already_correct,nonexistent,-1.1920928955078125e-07,0.5166062,2.7427983,0.7033643
v5_nonexistent_0590,mixtral-8x7b,0,epistemic_humility,0,4,4,already_correct,nonexistent,0.805008128285408,0.57707024,2.9937692,0.5701902
v5_nonexistent_0591,mixtral-8x7b,2,entity_aware,0,4,1,fixed,nonexistent,-1.1920928955078125e-07,0.5561671,2.144099,0.683227
v5_nonexistent_0592,mixtral-8x7b,2,epistemic_humility,0,4,4,fixed,nonexistent,0.2266687154769897,0.56298745,2.1434085,0.7271776
v5_nonexistent_0593,mixtral-8x7b,0,epistemic_humility,0,4,4,already_correct,nonexistent,0.2003593444824218,0.42492175,2.2956767,0.6094574
v5_nonexistent_0594,mixtral-8x7b,0,epistemic_humility,0,4,4,already_correct,nonexistent,0.6058907210826874,0.5053337,2.9141014,0.66495186
v5_nonexistent_0595,mixtral-8x7b,0,epistemic_humility,0,4,4,already_correct,nonexistent,0.3590465188026428,0.56990653,2.2216506,0.65313345
v5_nonexistent_0596,mixtral-8x7b,2,epistemic_humility,0,4,4,fixed,nonexistent,5.960464477539064e-08,0.49663687,2.1559277,0.6888917
v5_nonexistent_0597,mixtral-8x7b,0,epistemic_humility,0,4,4,already_correct,nonexistent,0.4452287554740906,0.54713184,2.3088298,0.73455805
v5_nonexistent_0598,mixtral-8x7b,2,fact_grounded,0,4,3,fixed,nonexistent,0.6837135553359985,0.46355468,1.8717983,0.76302624
v5_nonexistent_0599,mixtral-8x7b,0,epistemic_humility,0,4,4,already_correct,nonexistent,0.0416145920753479,0.635621,3.2565098,0.5880507
v5_nonexistent_0600,mixtral-8x7b,0,epistemic_humility,0,4,4,already_correct,nonexistent,0.7333524227142334,0.63804936,2.8686454,0.60412556
v5_ambiguous_0001,llama-4-maverick-17b,0,epistemic_humility,0,4,4,already_correct,ambiguous,5.960464477539064e-08,0.4508115,2.0282297,0.7250496
v5_ambiguous_0002,llama-4-maverick-17b,0,epistemic_humility,0,4,4,already_correct,ambiguous,0.5731041431427002,0.50070465,2.3288462,0.60865027
v5_ambiguous_0003,llama-4-maverick-17b,0,fact_grounded,0,4,4,already_correct,ambiguous,0.6191680133342743,0.58854866,2.5436323,0.6291196
v5_ambiguous_0004,llama-4-maverick-17b,0,epistemic_humility,0,4,4,already_correct,ambiguous,0.4938249588012695,0.52438873,2.1841402,0.6166783
v5_ambiguous_0005,llama-4-maverick-17b,0,epistemic_humility,0,4,4,already_correct,ambiguous,0.0841984152793884,0.48874855,2.618219,0.62854373
v5_ambiguous_0006,llama-4-maverick-17b,0,epistemic_humility,0,4,4,already_correct,ambiguous,0.0,0.51480794,2.2689254,0.70627725
v5_ambiguous_0007,llama-4-maverick-17b,0,epistemic_humility,0,4,4,already_correct,ambiguous,-1.1920928955078125e-07,0.53527415,2.1108003,0.69554883
v5_ambiguous_0008,llama-4-maverick-17b,0,epistemic_humility,0,4,4,already_correct,ambiguous,0.3905267119407654,0.5485468,2.2323565,0.5561246
v5_ambiguous_0009,llama-4-maverick-17b,0,epistemic_humility,0,4,4,already_correct,ambiguous,0.7824097573757172,0.5906201,2.437556,0.7314966
v5_ambiguous_0010,llama-4-maverick-17b,0,epistemic_humility,0,4,4,already_correct,ambiguous,5.960464477539064e-08,0.44101435,1.879424,0.6462002
v5_ambiguous_0011,llama-4-maverick-17b,2,epistemic_humility,0,4,4,fixed,ambiguous,0.3436890840530395,0.51331127,2.4376824,0.6403057
v5_ambiguous_0012,llama-4-maverick-17b,0,epistemic_humility,0,4,4,already_correct,ambiguous,0.1344903707504272,0.5303751,2.2129915,0.6581882
v5_ambiguous_0013,llama-4-maverick-17b,0,epistemic_humility,0,4,4,already_correct,ambiguous,1.1920928955078125e-07,0.43586725,2.321328,0.64289826
v5_ambiguous_0014,llama-4-maverick-17b,0,epistemic_humility,0,4,4,already_correct,ambiguous,0.595039576292038,0.50776654,2.3779657,0.6424444
v5_ambiguous_0015,llama-4-maverick-17b,0,epistemic_humility,0,4,4,already_correct,ambiguous,0.7523236870765686,0.49019182,1.8986464,0.7203912
v5_ambiguous_0016,llama-4-maverick-17b,0,epistemic_humility,0,4,4,already_correct,ambiguous,0.7786960303783417,0.50134563,2.1866117,0.6054154
v5_ambiguous_0017,llama-4-maverick-17b,0,epistemic_humility,0,4,4,already_correct,ambiguous,0.8168146014213562,0.52471447,2.5241497,0.6068728
v5_ambiguous_0018,llama-4-maverick-17b,0,epistemic_humility,0,4,4,already_correct,ambiguous,0.4991307258605957,0.48918718,2.2309883,0.73831713
v5_ambiguous_0019,llama-4-maverick-17b,0,epistemic_humility,0,4,4,already_correct,ambiguous,0.3490257263183594,0.5073497,1.8140001,0.66117024
v5_ambiguous_0020,llama-4-maverick-17b,0,epistemic_humility,0,4,4,already_correct,ambiguous,0.6083578169345856,0.533793,3.420984,0.6616168
v5_ambiguous_0021,llama-4-maverick-17b,0,epistemic_humility,0,4,4,already_correct,ambiguous,0.2009980678558349,0.50835717,2.28958,0.595525
v5_ambiguous_0022,llama-4-maverick-17b,0,epistemic_humility,0,4,4,already_correct,ambiguous,0.0,0.5762702,2.3573284,0.62558794
v5_ambiguous_0023,llama-4-maverick-17b,0,epistemic_humility,0,4,4,already_correct,ambiguous,0.532338559627533,0.5304104,1.7745336,0.7435301
v5_ambiguous_0024,llama-4-maverick-17b,0,epistemic_humility,0,4,4,already_correct,ambiguous,0.0370734930038452,0.55931866,2.2627091,0.6581464
v5_ambiguous_0025,llama-4-maverick-17b,0,epistemic_humility,0,4,4,already_correct,ambiguous,1.1920928955078125e-07,0.6016401,2.2023337,0.62320834
v5_ambiguous_0026,llama-4-maverick-17b,0,epistemic_humility,0,4,4,already_correct,ambiguous,0.167402446269989,0.54267126,2.6096473,0.5284358
v5_ambiguous_0027,llama-4-maverick-17b,0,epistemic_humility,0,4,4,already_correct,ambiguous,0.2338992357254028,0.5510603,2.38388,0.6196516
v5_ambiguous_0028,llama-4-maverick-17b,0,epistemic_humility,0,4,4,already_correct,ambiguous,0.4397621750831604,0.4443251,1.8831044,0.62491405
v5_ambiguous_0029,llama-4-maverick-17b,0,epistemic_humility,0,4,4,already_correct,ambiguous,0.638820081949234,0.5108931,2.3201506,0.7123717
v5_ambiguous_0030,llama-4-maverick-17b,0,epistemic_humility,0,4,4,already_correct,ambiguous,5.960464477539064e-08,0.49357742,2.217852,0.6128087
v5_ambiguous_0031,llama-4-maverick-17b,0,epistemic_humility,0,4,4,already_correct,ambiguous,-1.1920928955078125e-07,0.52176195,1.8832093,0.64071923
v5_ambiguous_0032,llama-4-maverick-17b,0,epistemic_humility,0,4,4,already_correct,ambiguous,0.8653832226991653,0.50349617,2.390961,0.675852
v5_ambiguous_0033,llama-4-maverick-17b,0,epistemic_humility,0,4,4,already_correct,ambiguous,0.4747477769851684,0.5030153,1.9080272,0.6550509
v5_ambiguous_0034,llama-4-maverick-17b,0,epistemic_humility,0,4,4,already_correct,ambiguous,0.0,0.59466875,2.2953308,0.6559632
v5_ambiguous_0035,llama-4-maverick-17b,0,epistemic_humility,0,4,4,already_correct,ambiguous,0.0,0.5345754,2.5803578,0.68080753
v5_ambiguous_0036,llama-4-maverick-17b,0,epistemic_humility,0,4,4,already_correct,ambiguous,0.1552692055702209,0.5737005,2.1720726,0.64421093
v5_ambiguous_0037,llama-4-maverick-17b,0,epistemic_humility,0,4,4,already_correct,ambiguous,5.960464477539064e-08,0.5144439,2.280666,0.61854464
v5_ambiguous_0038,llama-4-maverick-17b,0,epistemic_humility,0,4,4,already_correct,ambiguous,0.8081886023283005,0.4853387,1.7565811,0.681544
v5_ambiguous_0039,llama-4-maverick-17b,0,epistemic_humility,0,4,4,already_correct,ambiguous,-1.1920928955078125e-07,0.5029915,2.170203,0.5787823
v5_ambiguous_0040,llama-4-maverick-17b,0,epistemic_humility,0,4,4,already_correct,ambiguous,0.013832151889801,0.58539516,2.7578027,0.6576085
v5_ambiguous_0041,llama-4-maverick-17b,0,epistemic_humility,0,4,4,already_correct,ambiguous,0.8018044829368591,0.4765125,2.1486623,0.74156183
v5_ambiguous_0042,llama-4-maverick-17b,0,epistemic_humility,0,4,4,already_correct,ambiguous,0.5359519720077515,0.4937874,1.8665205,0.7313689
v5_ambiguous_0043,llama-4-maverick-17b,0,epistemic_humility,0,4,4,already_correct,ambiguous,0.2621759176254272,0.457816,1.8314649,0.7206717
v5_ambiguous_0044,llama-4-maverick-17b,0,epistemic_humility,0,4,4,already_correct,ambiguous,0.1789475679397583,0.62712187,1.8790333,0.6655879
v5_ambiguous_0045,llama-4-maverick-17b,0,epistemic_humility,0,4,4,already_correct,ambiguous,0.6968715190887451,0.48265237,2.0781786,0.5657625
v5_ambiguous_0046,llama-4-maverick-17b,0,epistemic_humility,0,4,4,already_correct,ambiguous,0.1830011010169983,0.5905571,1.9608412,0.72548306
v5_ambiguous_0047,llama-4-maverick-17b,0,epistemic_humility,0,4,4,already_correct,ambiguous,0.691798061132431,0.539356,2.1261654,0.6556387
v5_ambiguous_0048,llama-4-maverick-17b,0,epistemic_humility,0,4,4,already_correct,ambiguous,0.6553901135921478,0.5542939,2.82037,0.66494244
v5_ambiguous_0049,llama-4-maverick-17b,0,epistemic_humility,0,4,4,already_correct,ambiguous,0.0,0.49481803,2.2560408,0.63235885
v5_ambiguous_0050,llama-4-maverick-17b,0,epistemic_humility,0,4,4,already_correct,ambiguous,0.1542907953262329,0.5520924,2.3277988,0.70447135
v5_ambiguous_0051,llama-4-maverick-17b,0,epistemic_humility,0,4,4,already_correct,ambiguous,0.5702798962593079,0.5378768,2.1752968,0.7178223
v5_ambiguous_0052,llama-4-maverick-17b,0,epistemic_humility,0,4,4,already_correct,ambiguous,-1.1920928955078125e-07,0.43108296,2.094862,0.7011739
v5_ambiguous_0053,llama-4-maverick-17b,0,epistemic_humility,0,4,4,already_correct,ambiguous,0.5427616834640503,0.4153728,1.7842928,0.7639415
v5_ambiguous_0054,llama-4-maverick-17b,0,epistemic_humility,0,4,4,already_correct,ambiguous,0.3795582056045532,0.5433445,2.1671865,0.6461778
v5_ambiguous_0055,llama-4-maverick-17b,0,epistemic_humility,0,4,3,regressed,ambiguous,0.0,0.5210911,2.3733873,0.6322988
v5_ambiguous_0056,llama-4-maverick-17b,0,epistemic_humility,0,4,4,already_correct,ambiguous,0.3710250854492187,0.4398948,1.8535315,0.67684805
v5_ambiguous_0057,llama-4-maverick-17b,0,epistemic_humility,0,4,4,already_correct,ambiguous,0.3763999342918396,0.5489794,1.9016408,0.7541723
v5_ambiguous_0058,llama-4-maverick-17b,0,epistemic_humility,0,4,4,already_correct,ambiguous,0.0390995144844055,0.45509094,2.1889215,0.63176167
v5_ambiguous_0059,llama-4-maverick-17b,0,epistemic_humility,0,4,4,already_correct,ambiguous,-1.1920928955078125e-07,0.45019674,2.292876,0.6292122
v5_ambiguous_0060,llama-4-maverick-17b,0,epistemic_humility,0,4,4,already_correct,ambiguous,1.1920928955078125e-07,0.5177181,2.4009988,0.6140565
v5_ambiguous_0061,llama-4-maverick-17b,0,epistemic_humility,0,4,4,already_correct,ambiguous,0.0028833746910095,0.5572133,1.8445789,0.68229973
v5_ambiguous_0062,llama-4-maverick-17b,0,epistemic_humility,0,4,4,already_correct,ambiguous,0.3492421507835388,0.48932248,1.9192542,0.69483066
v5_ambiguous_0063,llama-4-maverick-17b,0,epistemic_humility,0,4,4,already_correct,ambiguous,0.231951355934143,0.5308131,2.1000059,0.66079783
v5_ambiguous_0064,llama-4-maverick-17b,0,epistemic_humility,0,4,4,already_correct,ambiguous,0.2486984729766845,0.4587298,2.02792,0.64159065
v5_ambiguous_0065,llama-4-maverick-17b,0,epistemic_humility,0,4,4,already_correct,ambiguous,0.0,0.39712876,1.9357448,0.76473147
v5_ambiguous_0066,llama-4-maverick-17b,0,epistemic_humility,0,4,4,already_correct,ambiguous,0.4243708848953247,0.48970222,2.2159882,0.63967884
v5_ambiguous_0067,llama-4-maverick-17b,0,epistemic_humility,0,4,4,already_correct,ambiguous,0.6806033849716187,0.49019313,2.3372748,0.6202276
v5_ambiguous_0068,llama-4-maverick-17b,0,epistemic_humility,0,4,4,already_correct,ambiguous,0.6964805722236633,0.5310006,2.0104175,0.63995016
v5_ambiguous_0069,llama-4-maverick-17b,0,epistemic_humility,0,4,4,already_correct,ambiguous,-1.1920928955078125e-07,0.47202712,2.1494217,0.65518636
v5_ambiguous_0070,llama-4-maverick-17b,0,epistemic_humility,0,4,4,already_correct,ambiguous,0.1844944357872009,0.5363005,2.337495,0.6213646
v5_ambiguous_0071,llama-4-maverick-17b,0,epistemic_humility,0,4,4,already_correct,ambiguous,0.4341751337051391,0.4082005,2.3754869,0.5081506
v5_ambiguous_0072,llama-4-maverick-17b,0,epistemic_humility,0,4,4,already_correct,ambiguous,-1.1920928955078125e-07,0.5495925,2.421143,0.5399618
v5_ambiguous_0073,llama-4-maverick-17b,0,epistemic_humility,0,4,4,already_correct,ambiguous,0.5683151483535767,0.50279593,2.0181005,0.71548915
v5_ambiguous_0074,llama-4-maverick-17b,0,epistemic_humility,0,4,4,already_correct,ambiguous,0.5172089636325836,0.5854729,2.762326,0.6779773
v5_ambiguous_0075,llama-4-maverick-17b,0,epistemic_humility,0,4,4,already_correct,ambiguous,0.7996969223022461,0.5072465,2.3742976,0.6317176
v5_ambiguous_0076,llama-4-maverick-17b,0,epistemic_humility,0,4,4,already_correct,ambiguous,0.4439067840576172,0.49380875,2.5783818,0.59799695
v5_ambiguous_0077,llama-4-maverick-17b,0,epistemic_humility,0,4,4,already_correct,ambiguous,0.7491640448570251,0.56723833,2.1810956,0.65017253
v5_ambiguous_0078,llama-4-maverick-17b,0,epistemic_humility,0,4,4,already_correct,ambiguous,0.7738855481147766,0.528723,2.2923703,0.7255812
v5_ambiguous_0079,llama-4-maverick-17b,0,epistemic_humility,0,4,4,already_correct,ambiguous,0.2485038638114929,0.60314673,2.4580376,0.6834518
v5_ambiguous_0080,llama-4-maverick-17b,0,epistemic_humility,0,4,4,already_correct,ambiguous,0.8288308680057526,0.48548037,2.2527187,0.70329976
v5_ambiguous_0081,llama-4-maverick-17b,0,epistemic_humility,0,4,4,already_correct,ambiguous,0.545151561498642,0.51243126,3.0139842,0.6508485
v5_ambiguous_0082,llama-4-maverick-17b,0,epistemic_humility,0,4,4,already_correct,ambiguous,0.0661728382110595,0.57328725,2.3332653,0.680984
v5_ambiguous_0083,llama-4-maverick-17b,0,epistemic_humility,0,4,4,already_correct,ambiguous,5.960464477539064e-08,0.4861557,2.261914,0.5661104
v5_ambiguous_0084,llama-4-maverick-17b,0,epistemic_humility,0,4,4,already_correct,ambiguous,0.2641637921333313,0.5094608,1.8986582,0.6947912
v5_ambiguous_0085,llama-4-maverick-17b,0,epistemic_humility,0,4,4,already_correct,ambiguous,0.681110680103302,0.47188836,1.9576889,0.721373
v5_ambiguous_0086,llama-4-maverick-17b,0,epistemic_humility,0,4,4,already_correct,ambiguous,0.0,0.44663364,1.823748,0.7346687
v5_ambiguous_0087,llama-4-maverick-17b,2,epistemic_humility,0,4,4,fixed,ambiguous,0.4782050251960754,0.5380361,2.3474517,0.7160439
v5_ambiguous_0088,llama-4-maverick-17b,0,epistemic_humility,0,4,4,already_correct,ambiguous,0.6795254349708557,0.5587287,2.6533961,0.6534663
v5_ambiguous_0089,llama-4-maverick-17b,0,epistemic_humility,0,4,4,already_correct,ambiguous,0.69281405210495,0.4693268,1.9511002,0.778238
v5_ambiguous_0090,llama-4-maverick-17b,0,epistemic_humility,0,4,4,already_correct,ambiguous,0.6645384430885315,0.56752634,2.8083563,0.638459
v5_ambiguous_0091,llama-4-maverick-17b,0,epistemic_humility,0,4,4,already_correct,ambiguous,0.1646545529365539,0.42884856,2.1759737,0.764121
v5_ambiguous_0092,llama-4-maverick-17b,0,epistemic_humility,0,4,4,already_correct,ambiguous,0.1010493636131286,0.5072453,3.3166988,0.69182396
v5_ambiguous_0093,llama-4-maverick-17b,0,epistemic_humility,0,4,4,already_correct,ambiguous,0.5704613327980042,0.5249113,2.0028472,0.68036944
v5_ambiguous_0094,llama-4-maverick-17b,0,epistemic_humility,0,4,4,already_correct,ambiguous,0.7238602936267853,0.48566222,1.8965575,0.60903835
v5_ambiguous_0095,llama-4-maverick-17b,0,epistemic_humility,0,4,4,already_correct,ambiguous,0.676081120967865,0.52906835,2.4546185,0.66122425
v5_ambiguous_0096,llama-4-maverick-17b,0,epistemic_humility,0,4,4,already_correct,ambiguous,0.5298016369342804,0.5791731,2.2050683,0.6434432
v5_ambiguous_0097,llama-4-maverick-17b,0,epistemic_humility,0,4,4,already_correct,ambiguous,0.0,0.5145469,1.8786668,0.7420254
v5_ambiguous_0098,llama-4-maverick-17b,0,epistemic_humility,0,4,4,already_correct,ambiguous,0.5176481902599335,0.5144469,2.399088,0.60556614
v5_ambiguous_0099,llama-4-maverick-17b,0,epistemic_humility,0,4,4,already_correct,ambiguous,0.0,0.4645028,2.468127,0.6782376
v5_ambiguous_0100,llama-4-maverick-17b,0,epistemic_humility,0,4,4,already_correct,ambiguous,0.5049356818199158,0.53651404,2.2173991,0.6392648
v5_ambiguous_0101,llama-4-maverick-17b,0,epistemic_humility,0,4,4,already_correct,ambiguous,0.8324688673019409,0.53938144,2.3221104,0.6831987
v5_ambiguous_0102,llama-4-maverick-17b,0,epistemic_humility,0,4,4,already_correct,ambiguous,0.375612735748291,0.47336018,2.0082235,0.65725845
v5_ambiguous_0103,llama-4-maverick-17b,0,epistemic_humility,0,4,4,already_correct,ambiguous,-1.1920928955078125e-07,0.50413847,2.624177,0.62882215
v5_ambiguous_0104,llama-4-maverick-17b,0,epistemic_humility,0,4,4,already_correct,ambiguous,0.4064774513244629,0.5696453,2.1369271,0.6452623
v5_ambiguous_0105,llama-4-maverick-17b,0,epistemic_humility,0,4,4,already_correct,ambiguous,0.4662457108497619,0.40022403,1.715083,0.708857
v5_ambiguous_0106,llama-4-maverick-17b,0,epistemic_humility,0,4,4,already_correct,ambiguous,5.960464477539064e-08,0.5044913,2.2693517,0.6426177
v5_ambiguous_0107,llama-4-maverick-17b,0,epistemic_humility,0,4,4,already_correct,ambiguous,0.0264604091644287,0.54143125,2.3072815,0.6369343
v5_ambiguous_0108,llama-4-maverick-17b,0,epistemic_humility,0,4,4,already_correct,ambiguous,0.6791050136089325,0.5116335,2.2978003,0.6758319
v5_ambiguous_0109,llama-4-maverick-17b,0,epistemic_humility,0,4,4,already_correct,ambiguous,0.0653115510940551,0.57235205,2.2664306,0.6784494
v5_ambiguous_0110,llama-4-maverick-17b,0,epistemic_humility,0,4,4,already_correct,ambiguous,0.8446952104568481,0.55932564,1.9303677,0.72971666
v5_ambiguous_0111,llama-4-maverick-17b,0,epistemic_humility,0,4,4,already_correct,ambiguous,0.636053204536438,0.49063206,2.1613393,0.6398624
v5_ambiguous_0112,llama-4-maverick-17b,0,epistemic_humility,0,4,4,already_correct,ambiguous,0.0,0.5563573,2.2880995,0.64301586
v5_ambiguous_0113,llama-4-maverick-17b,0,epistemic_humility,0,4,4,already_correct,ambiguous,0.1535729169845581,0.49403346,2.465021,0.67571163
v5_ambiguous_0114,llama-4-maverick-17b,0,epistemic_humility,0,4,4,already_correct,ambiguous,-1.1920928955078125e-07,0.5713076,2.3981109,0.69141805
v5_ambiguous_0115,llama-4-maverick-17b,0,epistemic_humility,0,4,4,already_correct,ambiguous,0.0,0.43823314,1.9251248,0.78121734
v5_ambiguous_0116,llama-4-maverick-17b,0,epistemic_humility,0,4,4,already_correct,ambiguous,0.6853431761264801,0.49627292,2.024885,0.7166891
v5_ambiguous_0117,llama-4-maverick-17b,0,epistemic_humility,0,4,4,already_correct,ambiguous,0.4855735301971435,0.52198553,2.249789,0.70684135
v5_ambiguous_0118,llama-4-maverick-17b,0,epistemic_humility,0,4,4,already_correct,ambiguous,0.09378182888031,0.4848054,2.0440161,0.75787497
v5_ambiguous_0119,llama-4-maverick-17b,0,epistemic_humility,0,4,4,already_correct,ambiguous,0.4225873947143554,0.4805293,1.8769766,0.6495763
v5_ambiguous_0120,llama-4-maverick-17b,0,epistemic_humility,0,4,4,already_correct,ambiguous,0.2452747225761413,0.4715867,2.212013,0.7007528
v5_ambiguous_0121,llama-4-maverick-17b,0,epistemic_humility,0,4,4,already_correct,ambiguous,-1.1920928955078125e-07,0.48652703,2.0428822,0.7196678
v5_ambiguous_0122,llama-4-maverick-17b,0,epistemic_humility,0,4,4,already_correct,ambiguous,0.5814600586891174,0.49972546,3.104367,0.64363647
v5_ambiguous_0123,llama-4-maverick-17b,0,epistemic_humility,0,4,4,already_correct,ambiguous,0.6417378783226013,0.53196716,2.8280332,0.6365872
v5_ambiguous_0124,llama-4-maverick-17b,0,epistemic_humility,0,4,4,already_correct,ambiguous,0.3493863344192505,0.5074316,2.6159973,0.67082
v5_ambiguous_0125,llama-4-maverick-17b,0,epistemic_humility,0,4,4,already_correct,ambiguous,0.4292613267898559,0.4918089,2.4083571,0.69748926
v5_ambiguous_0126,llama-4-maverick-17b,0,epistemic_humility,0,4,4,already_correct,ambiguous,0.0267318487167358,0.4494825,2.2015133,0.61035836
v5_ambiguous_0127,llama-4-maverick-17b,0,epistemic_humility,0,4,4,already_correct,ambiguous,0.8702852576971054,0.544356,1.8533586,0.64231604
v5_ambiguous_0128,llama-4-maverick-17b,0,epistemic_humility,0,4,4,already_correct,ambiguous,0.0,0.5225853,2.204184,0.69657075
v5_ambiguous_0129,llama-4-maverick-17b,0,epistemic_humility,0,4,4,already_correct,ambiguous,0.1071997284889221,0.58678836,1.78529,0.6252607
v5_ambiguous_0130,llama-4-maverick-17b,0,epistemic_humility,0,4,4,already_correct,ambiguous,0.4713380932807922,0.6217166,2.19224,0.71772945
v5_ambiguous_0131,llama-4-maverick-17b,0,epistemic_humility,0,4,4,already_correct,ambiguous,0.2243365049362182,0.5174371,2.4020607,0.577298
v5_ambiguous_0132,llama-4-maverick-17b,0,epistemic_humility,0,4,4,already_correct,ambiguous,0.6633664965629578,0.41404444,1.9863205,0.6881414
v5_ambiguous_0133,llama-4-maverick-17b,0,epistemic_humility,0,4,4,already_correct,ambiguous,0.6671017408370972,0.55215776,2.1578367,0.6431911
v5_ambiguous_0134,llama-4-maverick-17b,0,epistemic_humility,0,4,4,already_correct,ambiguous,-1.1920928955078125e-07,0.5767707,1.9627987,0.6650347
v5_ambiguous_0135,llama-4-maverick-17b,0,epistemic_humility,0,4,4,already_correct,ambiguous,0.3280707597732544,0.43357223,2.173981,0.6158528
v5_ambiguous_0136,llama-4-maverick-17b,0,epistemic_humility,0,4,4,already_correct,ambiguous,0.7956800311803818,0.5372293,2.0259616,0.67232746
v5_ambiguous_0137,llama-4-maverick-17b,0,epistemic_humility,0,4,4,already_correct,ambiguous,0.0,0.52909243,2.0603473,0.67271745
v5_ambiguous_0138,llama-4-maverick-17b,0,epistemic_humility,0,4,4,already_correct,ambiguous,0.0053934454917907,0.60821223,2.381278,0.6629262
v5_ambiguous_0139,llama-4-maverick-17b,0,epistemic_humility,0,4,4,already_correct,ambiguous,0.6730486750602722,0.4145469,2.3745615,0.69387394
v5_ambiguous_0140,llama-4-maverick-17b,0,epistemic_humility,0,4,4,already_correct,ambiguous,5.960464477539064e-08,0.535866,2.046225,0.6911396
v5_ambiguous_0141,llama-4-maverick-17b,0,epistemic_humility,0,4,4,already_correct,ambiguous,0.5114174485206604,0.5992358,2.1271281,0.61425924
v5_ambiguous_0142,llama-4-maverick-17b,0,epistemic_humility,0,4,4,already_correct,ambiguous,5.960464477539064e-08,0.55805135,1.8269312,0.66516685
v5_ambiguous_0143,llama-4-maverick-17b,0,epistemic_humility,0,4,4,already_correct,ambiguous,-1.1920928955078125e-07,0.5698286,1.9564066,0.6143689
v5_ambiguous_0144,llama-4-maverick-17b,0,epistemic_humility,0,4,4,already_correct,ambiguous,0.6865330338478088,0.49792826,2.5230246,0.63518035
v5_ambiguous_0145,llama-4-maverick-17b,0,epistemic_humility,0,4,4,already_correct,ambiguous,-1.1920928955078125e-07,0.511854,2.168741,0.61658037
v5_ambiguous_0146,llama-4-maverick-17b,0,epistemic_humility,0,4,4,already_correct,ambiguous,0.5282905101776123,0.4593538,2.0310616,0.65573275
v5_ambiguous_0147,llama-4-maverick-17b,0,epistemic_humility,0,4,4,already_correct,ambiguous,0.6449107229709625,0.47217768,2.1810334,0.66415274
v5_ambiguous_0148,llama-4-maverick-17b,0,epistemic_humility,0,4,4,already_correct,ambiguous,0.0621426105499267,0.53601694,2.87184,0.5257317
v5_ambiguous_0149,llama-4-maverick-17b,1,epistemic_humility,0,4,4,other,ambiguous,0.4205251336097717,0.58148277,2.49425,0.6689382
v5_ambiguous_0150,llama-4-maverick-17b,0,epistemic_humility,0,4,4,already_correct,ambiguous,0.6425480246543884,0.47819716,2.1082766,0.64071894
v5_ambiguous_0151,llama-4-maverick-17b,0,epistemic_humility,0,4,4,already_correct,ambiguous,0.6841219663619995,0.4730518,2.1971238,0.6558366
v5_ambiguous_0152,llama-4-maverick-17b,0,epistemic_humility,0,4,4,already_correct,ambiguous,0.2498344182968139,0.48210442,2.1502428,0.5692571
v5_ambiguous_0153,llama-4-maverick-17b,0,epistemic_humility,0,4,4,already_correct,ambiguous,-1.1920928955078125e-07,0.49196184,2.3561537,0.76168704
v5_ambiguous_0154,llama-4-maverick-17b,0,epistemic_humility,0,4,4,already_correct,ambiguous,0.8407764881849289,0.54479754,1.9799545,0.7241969
v5_ambiguous_0155,llama-4-maverick-17b,0,epistemic_humility,0,4,4,already_correct,ambiguous,0.0037227869033813,0.59117585,2.1328614,0.60889214
v5_ambiguous_0156,llama-4-maverick-17b,0,epistemic_humility,0,4,4,already_correct,ambiguous,0.0,0.507629,2.8574173,0.624293
v5_ambiguous_0157,llama-4-maverick-17b,0,epistemic_humility,0,4,4,already_correct,ambiguous,0.2163229584693908,0.53333795,2.5678668,0.67963386
v5_ambiguous_0158,llama-4-maverick-17b,0,epistemic_humility,0,4,4,already_correct,ambiguous,0.2137979865074157,0.51314795,2.660617,0.58812547
v5_ambiguous_0159,llama-4-maverick-17b,0,epistemic_humility,0,4,4,already_correct,ambiguous,0.691349983215332,0.52836466,2.346079,0.62049675
v5_ambiguous_0160,llama-4-maverick-17b,0,epistemic_humility,0,4,4,already_correct,ambiguous,0.4872077703475952,0.51463777,3.737084,0.67690927
v5_ambiguous_0161,llama-4-maverick-17b,0,epistemic_humility,0,4,4,already_correct,ambiguous,0.0,0.4734441,2.0240796,0.6667387
v5_ambiguous_0162,llama-4-maverick-17b,0,epistemic_humility,0,4,4,already_correct,ambiguous,0.6983873546123505,0.49498117,2.6777172,0.66490924
v5_ambiguous_0163,llama-4-maverick-17b,0,epistemic_humility,0,4,4,already_correct,ambiguous,5.960464477539064e-08,0.5550475,2.3940005,0.6680554
v5_ambiguous_0164,llama-4-maverick-17b,0,epistemic_humility,0,4,4,already_correct,ambiguous,0.513106495141983,0.5087355,2.3281462,0.6277071
v5_ambiguous_0165,llama-4-maverick-17b,0,epistemic_humility,0,4,4,already_correct,ambiguous,5.960464477539064e-08,0.53783095,2.4158733,0.5593286
v5_ambiguous_0166,llama-4-maverick-17b,0,epistemic_humility,0,4,4,already_correct,ambiguous,0.6291393637657166,0.5126126,1.828468,0.665798
v5_ambiguous_0167,llama-4-maverick-17b,0,epistemic_humility,0,4,4,already_correct,ambiguous,0.7585208714008331,0.5040697,1.7197243,0.70875096
v5_ambiguous_0168,llama-4-maverick-17b,0,epistemic_humility,0,4,4,already_correct,ambiguous,5.960464477539064e-08,0.46862376,2.1157086,0.666533
v5_ambiguous_0169,llama-4-maverick-17b,0,epistemic_humility,0,4,4,already_correct,ambiguous,5.960464477539064e-08,0.53980446,2.2096837,0.62390584
v5_ambiguous_0170,llama-4-maverick-17b,0,epistemic_humility,0,4,4,already_correct,ambiguous,0.7073127627372742,0.4824623,2.1471808,0.6671244
v5_ambiguous_0171,llama-4-maverick-17b,0,epistemic_humility,0,4,4,already_correct,ambiguous,0.0,0.5243659,2.0209045,0.69538194
v5_ambiguous_0172,llama-4-maverick-17b,0,epistemic_humility,0,4,4,already_correct,ambiguous,0.0,0.58259904,2.855771,0.7057843
v5_ambiguous_0173,llama-4-maverick-17b,0,epistemic_humility,0,4,4,already_correct,ambiguous,0.6181624233722687,0.5094125,1.9992454,0.7024527
v5_ambiguous_0174,llama-4-maverick-17b,0,epistemic_humility,0,4,4,already_correct,ambiguous,-1.1920928955078125e-07,0.5106814,1.9440423,0.6392385
v5_ambiguous_0175,llama-4-maverick-17b,0,epistemic_humility,0,4,4,already_correct,ambiguous,0.7809257358312607,0.43451834,1.794565,0.6933537
v5_ambiguous_0176,llama-4-maverick-17b,0,epistemic_humility,0,4,4,already_correct,ambiguous,0.0354630947113037,0.5133985,2.2573254,0.6216035
v5_ambiguous_0177,llama-4-maverick-17b,0,epistemic_humility,0,4,4,already_correct,ambiguous,5.960464477539064e-08,0.4351039,2.088077,0.6505867
v5_ambiguous_0178,llama-4-maverick-17b,0,epistemic_humility,0,4,4,already_correct,ambiguous,0.8128213733434677,0.57999396,2.2099643,0.66932774
v5_ambiguous_0179,llama-4-maverick-17b,0,epistemic_humility,0,4,4,already_correct,ambiguous,0.5157024562358856,0.45086187,1.9375331,0.75438654
v5_ambiguous_0180,llama-4-maverick-17b,0,epistemic_humility,0,4,4,already_correct,ambiguous,0.1668251156806945,0.6042142,2.762668,0.6551999
v5_ambiguous_0181,llama-4-maverick-17b,0,epistemic_humility,0,4,4,already_correct,ambiguous,0.8298789411783218,0.47119516,2.2184803,0.751164
v5_ambiguous_0182,llama-4-maverick-17b,0,epistemic_humility,0,4,4,already_correct,ambiguous,0.0116329193115234,0.45998806,1.9669424,0.79156446
v5_ambiguous_0183,llama-4-maverick-17b,0,epistemic_humility,0,4,4,already_correct,ambiguous,5.960464477539064e-08,0.55343115,2.1614635,0.6947384
v5_ambiguous_0184,llama-4-maverick-17b,0,epistemic_humility,0,4,4,already_correct,ambiguous,0.2755424976348877,0.551259,1.8453263,0.6765697
v5_ambiguous_0185,llama-4-maverick-17b,0,epistemic_humility,0,4,4,already_correct,ambiguous,1.1920928955078125e-07,0.4836679,1.8954593,0.7075085
v5_ambiguous_0186,llama-4-maverick-17b,0,epistemic_humility,0,4,4,already_correct,ambiguous,0.4865643978118896,0.4902743,1.8384666,0.6919855
v5_ambiguous_0187,llama-4-maverick-17b,0,epistemic_humility,0,4,4,already_correct,ambiguous,0.3274098634719848,0.5687938,2.6446648,0.6651759
v5_ambiguous_0188,llama-4-maverick-17b,0,epistemic_humility,0,4,4,already_correct,ambiguous,0.3848521113395691,0.54972917,2.077774,0.6713792
v5_ambiguous_0189,llama-4-maverick-17b,0,epistemic_humility,0,4,4,already_correct,ambiguous,0.4615509510040283,0.51628935,2.3198323,0.61716694
v5_ambiguous_0190,llama-4-maverick-17b,0,epistemic_humility,0,4,4,already_correct,ambiguous,0.8026895374059677,0.57652664,2.2791104,0.74998367
v5_ambiguous_0191,llama-4-maverick-17b,0,epistemic_humility,0,4,3,regressed,ambiguous,0.0,0.52403533,2.4447675,0.6091684
v5_ambiguous_0192,llama-4-maverick-17b,0,epistemic_humility,0,4,4,already_correct,ambiguous,0.7209056913852692,0.51531804,1.7715131,0.70698905
v5_ambiguous_0193,llama-4-maverick-17b,0,epistemic_humility,0,4,4,already_correct,ambiguous,0.1800795793533325,0.46202826,2.4490318,0.7094724
v5_ambiguous_0194,llama-4-maverick-17b,0,epistemic_humility,0,4,4,already_correct,ambiguous,0.0284402966499328,0.544197,2.1590323,0.66628623
v5_ambiguous_0195,llama-4-maverick-17b,0,epistemic_humility,0,4,4,already_correct,ambiguous,1.1920928955078125e-07,0.50149924,2.061631,0.58959377
v5_ambiguous_0196,llama-4-maverick-17b,0,epistemic_humility,0,4,4,already_correct,ambiguous,0.8179212212562561,0.52422225,2.96328,0.6532773
v5_ambiguous_0197,llama-4-maverick-17b,0,epistemic_humility,0,4,4,already_correct,ambiguous,0.2588832378387451,0.45071065,1.8243675,0.73530436
v5_ambiguous_0198,llama-4-maverick-17b,0,epistemic_humility,0,4,4,already_correct,ambiguous,0.0,0.5253781,2.0356147,0.69827586
v5_ambiguous_0199,llama-4-maverick-17b,0,epistemic_humility,0,4,4,already_correct,ambiguous,0.219631016254425,0.47035342,2.1673713,0.6763243
v5_ambiguous_0200,llama-4-maverick-17b,0,epistemic_humility,0,4,4,already_correct,ambiguous,0.2676029205322265,0.4591815,2.062005,0.6706757
v5_ambiguous_0201,llama-4-maverick-17b,0,epistemic_humility,0,4,4,already_correct,ambiguous,0.6168726086616516,0.54468536,2.0014026,0.7213948
v5_ambiguous_0202,llama-4-maverick-17b,0,epistemic_humility,0,4,4,already_correct,ambiguous,0.0496282577514648,0.53618854,2.8277273,0.5370308
v5_ambiguous_0203,llama-4-maverick-17b,0,epistemic_humility,0,4,4,already_correct,ambiguous,0.6227689981460571,0.4987334,2.2499726,0.6616502
v5_ambiguous_0204,llama-4-maverick-17b,0,epistemic_humility,0,4,4,already_correct,ambiguous,0.1316754817962646,0.5006509,2.6632657,0.6304929
v5_ambiguous_0205,llama-4-maverick-17b,0,epistemic_humility,0,4,4,already_correct,ambiguous,5.960464477539064e-08,0.4881639,3.036398,0.7032305
v5_ambiguous_0206,llama-4-maverick-17b,0,epistemic_humility,0,4,4,already_correct,ambiguous,0.1549727916717529,0.5737077,2.18602,0.7275766
v5_ambiguous_0207,llama-4-maverick-17b,0,epistemic_humility,0,4,4,already_correct,ambiguous,0.4738165736198425,0.49359173,2.4970684,0.6368798
v5_ambiguous_0208,llama-4-maverick-17b,0,epistemic_humility,0,4,4,already_correct,ambiguous,0.0740180015563964,0.47385395,2.0670087,0.7244778
v5_ambiguous_0209,llama-4-maverick-17b,0,epistemic_humility,0,4,4,already_correct,ambiguous,0.0130573511123657,0.4522664,2.0518348,0.62803686
v5_ambiguous_0210,llama-4-maverick-17b,0,epistemic_humility,0,4,4,already_correct,ambiguous,0.763454332947731,0.49624932,2.2930725,0.65531635
v5_ambiguous_0211,llama-4-maverick-17b,0,epistemic_humility,0,4,4,already_correct,ambiguous,0.0777351260185241,0.5119113,2.0554256,0.68660265
v5_ambiguous_0212,llama-4-maverick-17b,0,epistemic_humility,0,4,4,already_correct,ambiguous,0.7109373211860657,0.47699827,1.8751743,0.6753818
v5_ambiguous_0213,llama-4-maverick-17b,0,epistemic_humility,0,4,4,already_correct,ambiguous,0.3475823402404785,0.48812538,2.1557422,0.77017075
v5_ambiguous_0214,llama-4-maverick-17b,0,epistemic_humility,0,4,4,already_correct,ambiguous,0.2305586338043213,0.4723652,2.2632797,0.6528647
v5_ambiguous_0215,llama-4-maverick-17b,0,epistemic_humility,0,4,4,already_correct,ambiguous,0.5513550937175751,0.5623336,2.37282,0.6904486
v5_ambiguous_0216,llama-4-maverick-17b,0,epistemic_humility,0,4,4,already_correct,ambiguous,-1.1920928955078125e-07,0.5056139,2.2198746,0.6392157
v5_ambiguous_0217,llama-4-maverick-17b,0,epistemic_humility,0,4,4,already_correct,ambiguous,-1.1920928955078125e-07,0.55536395,2.2574923,0.6593274
v5_ambiguous_0218,llama-4-maverick-17b,0,epistemic_humility,0,4,4,already_correct,ambiguous,0.7698314338922501,0.5423825,1.8880632,0.71719825
v5_ambiguous_0219,llama-4-maverick-17b,0,epistemic_humility,0,4,4,already_correct,ambiguous,0.1092972159385681,0.51676965,2.2554312,0.6815576
v5_ambiguous_0220,llama-4-maverick-17b,0,epistemic_humility,0,4,4,already_correct,ambiguous,0.3856663107872009,0.4648189,1.6502545,0.7996242
v5_ambiguous_0221,llama-4-maverick-17b,0,epistemic_humility,0,4,4,already_correct,ambiguous,0.551278293132782,0.55228114,1.8865783,0.67457044
v5_ambiguous_0222,llama-4-maverick-17b,0,epistemic_humility,0,4,4,already_correct,ambiguous,1.788139343261719e-07,0.5553781,2.2429633,0.6371198
v5_ambiguous_0223,llama-4-maverick-17b,0,epistemic_humility,0,4,4,already_correct,ambiguous,0.4348530173301697,0.5514785,2.2814953,0.6419736
v5_ambiguous_0224,llama-4-maverick-17b,0,epistemic_humility,0,4,4,already_correct,ambiguous,0.0,0.47243434,2.150757,0.6677458
v5_ambiguous_0225,llama-4-maverick-17b,0,epistemic_humility,0,4,4,already_correct,ambiguous,0.7194541692733765,0.5267227,2.4323678,0.6333028
v5_ambiguous_0226,llama-4-maverick-17b,0,epistemic_humility,0,4,4,already_correct,ambiguous,0.2597613334655761,0.48801094,2.015482,0.6845844
v5_ambiguous_0227,llama-4-maverick-17b,0,epistemic_humility,0,4,4,already_correct,ambiguous,0.1665155887603759,0.5481143,2.7418432,0.69614124
v5_ambiguous_0228,llama-4-maverick-17b,0,epistemic_humility,0,4,4,already_correct,ambiguous,0.6872237920761108,0.5632745,2.4287002,0.5977068
v5_ambiguous_0229,llama-4-maverick-17b,0,epistemic_humility,0,4,4,already_correct,ambiguous,-1.1920928955078125e-07,0.50195843,1.9020046,0.67270637
v5_ambiguous_0230,llama-4-maverick-17b,0,epistemic_humility,0,4,4,already_correct,ambiguous,0.5793671607971191,0.5031289,2.390651,0.7102694
v5_ambiguous_0231,llama-4-maverick-17b,0,epistemic_humility,0,4,4,already_correct,ambiguous,0.1311441659927368,0.58085674,2.6771197,0.6519979
v5_ambiguous_0232,llama-4-maverick-17b,0,epistemic_humility,0,4,4,already_correct,ambiguous,0.7699826061725616,0.5264262,2.3046212,0.6224972
v5_ambiguous_0233,llama-4-maverick-17b,0,epistemic_humility,0,4,4,already_correct,ambiguous,5.960464477539064e-08,0.46300817,2.2377717,0.6819842
v5_ambiguous_0234,llama-4-maverick-17b,0,epistemic_humility,0,4,4,already_correct,ambiguous,0.6873448491096497,0.486116,2.179014,0.6437162
v5_ambiguous_0235,llama-4-maverick-17b,0,epistemic_humility,0,4,4,already_correct,ambiguous,1.788139343261719e-07,0.47077322,1.7800851,0.7343187
v5_ambiguous_0236,llama-4-maverick-17b,0,epistemic_humility,0,4,4,already_correct,ambiguous,0.3110061883926391,0.5485089,2.3082855,0.61655164
v5_ambiguous_0237,llama-4-maverick-17b,0,epistemic_humility,0,4,4,already_correct,ambiguous,0.7177979350090027,0.5539134,3.5766122,0.6526716
v5_ambiguous_0238,llama-4-maverick-17b,0,epistemic_humility,0,4,4,already_correct,ambiguous,0.3033946752548218,0.5011159,2.1123214,0.61824715
v5_ambiguous_0239,llama-4-maverick-17b,0,epistemic_humility,0,4,4,already_correct,ambiguous,0.0478505492210388,0.5950836,2.5414584,0.63637817
v5_ambiguous_0240,llama-4-maverick-17b,0,epistemic_humility,0,4,4,already_correct,ambiguous,0.6270090937614441,0.47948533,1.8975796,0.70393455
v5_ambiguous_0241,llama-4-maverick-17b,0,epistemic_humility,0,4,4,already_correct,ambiguous,5.960464477539064e-08,0.4930315,2.2765164,0.6192992
v5_ambiguous_0242,llama-4-maverick-17b,0,epistemic_humility,0,4,4,already_correct,ambiguous,0.3396175503730774,0.5667263,2.3948042,0.65759945
v5_ambiguous_0243,llama-4-maverick-17b,0,epistemic_humility,0,4,4,already_correct,ambiguous,0.6775211989879608,0.54683405,2.2206345,0.6787021
v5_ambiguous_0244,llama-4-maverick-17b,0,epistemic_humility,0,4,4,already_correct,ambiguous,0.5404117405414581,0.55973625,2.291307,0.6832172
v5_ambiguous_0245,llama-4-maverick-17b,0,epistemic_humility,0,4,4,already_correct,ambiguous,0.1230161190032959,0.5660855,2.072167,0.6358224
v5_ambiguous_0246,llama-4-maverick-17b,0,epistemic_humility,0,4,4,already_correct,ambiguous,0.5464721322059631,0.47045654,1.8094077,0.76894695
v5_ambiguous_0247,llama-4-maverick-17b,0,epistemic_humility,0,4,4,already_correct,ambiguous,0.1840383410453796,0.55152273,2.587691,0.6910752
v5_ambiguous_0248,llama-4-maverick-17b,2,structured_caution,0,4,1,fixed,ambiguous,0.0,0.54042846,2.3795922,0.62172455
v5_ambiguous_0249,llama-4-maverick-17b,0,epistemic_humility,0,4,4,already_correct,ambiguous,0.6567403972148895,0.49229497,2.5008078,0.6420258
v5_ambiguous_0250,llama-4-maverick-17b,0,epistemic_humility,0,4,4,already_correct,ambiguous,0.0,0.5239643,1.9405869,0.73369163
v5_ambiguous_0251,llama-4-maverick-17b,0,epistemic_humility,0,4,4,already_correct,ambiguous,0.5379509627819061,0.52411026,2.1077113,0.53549767
v5_ambiguous_0252,llama-4-maverick-17b,0,epistemic_humility,0,4,4,already_correct,ambiguous,0.631421685218811,0.5298618,2.4555209,0.6725329
v5_ambiguous_0253,llama-4-maverick-17b,0,epistemic_humility,0,4,4,already_correct,ambiguous,0.1369825601577758,0.531972,2.2038689,0.61915314
v5_ambiguous_0254,llama-4-maverick-17b,0,epistemic_humility,0,4,4,already_correct,ambiguous,0.5134457945823669,0.5226611,2.184752,0.7201277
v5_ambiguous_0255,llama-4-maverick-17b,0,epistemic_humility,0,4,4,already_correct,ambiguous,0.3008084297180176,0.48590052,2.309133,0.6669291
v5_ambiguous_0256,llama-4-maverick-17b,0,epistemic_humility,0,4,4,already_correct,ambiguous,0.0,0.5192493,2.004192,0.71119523
v5_ambiguous_0257,llama-4-maverick-17b,0,epistemic_humility,0,4,4,already_correct,ambiguous,0.2020873427391052,0.55497015,2.548148,0.5450141
v5_ambiguous_0258,llama-4-maverick-17b,0,epistemic_humility,0,4,4,already_correct,ambiguous,0.828246220946312,0.52653205,2.3449464,0.67136633
v5_ambiguous_0259,llama-4-maverick-17b,0,epistemic_humility,0,4,4,already_correct,ambiguous,0.8481160253286362,0.5240159,2.4655862,0.5971931
v5_ambiguous_0260,llama-4-maverick-17b,0,epistemic_humility,0,4,4,already_correct,ambiguous,5.960464477539064e-08,0.49244297,2.1080287,0.59858716
v5_ambiguous_0261,llama-4-maverick-17b,0,epistemic_humility,0,4,4,already_correct,ambiguous,0.0600744485855102,0.5027652,2.1227596,0.7514399
v5_ambiguous_0262,llama-4-maverick-17b,0,epistemic_humility,0,4,4,already_correct,ambiguous,0.3116896152496338,0.48743534,2.440688,0.6174627
v5_ambiguous_0263,llama-4-maverick-17b,0,epistemic_humility,0,4,4,already_correct,ambiguous,5.960464477539064e-08,0.5217029,3.1053019,0.5964364
v5_ambiguous_0264,llama-4-maverick-17b,0,epistemic_humility,0,4,4,already_correct,ambiguous,0.5257363617420197,0.46774566,2.173962,0.61548257
v5_ambiguous_0265,llama-4-maverick-17b,0,epistemic_humility,0,4,4,already_correct,ambiguous,0.4423496127128601,0.5313964,2.1595583,0.64127487
v5_ambiguous_0266,llama-4-maverick-17b,0,epistemic_humility,0,4,4,already_correct,ambiguous,0.0052029490470886,0.49587756,2.1945796,0.61554563
v5_ambiguous_0267,llama-4-maverick-17b,0,epistemic_humility,0,4,4,already_correct,ambiguous,0.0111011862754821,0.50132835,2.3702576,0.6797928
v5_ambiguous_0268,llama-4-maverick-17b,0,epistemic_humility,0,4,4,already_correct,ambiguous,0.2695242166519165,0.50271714,2.1718416,0.6762693
v5_ambiguous_0269,llama-4-maverick-17b,0,epistemic_humility,0,4,4,already_correct,ambiguous,0.553223043680191,0.44957483,1.6878471,0.77937925
v5_ambiguous_0270,llama-4-maverick-17b,2,epistemic_humility,0,4,4,fixed,ambiguous,0.1383559107780456,0.56140816,2.7062132,0.674171
v5_ambiguous_0271,llama-4-maverick-17b,0,epistemic_humility,0,4,4,already_correct,ambiguous,0.4375663995742798,0.5088335,2.150698,0.75055313
v5_ambiguous_0272,llama-4-maverick-17b,0,epistemic_humility,0,4,4,already_correct,ambiguous,0.8244129568338394,0.59905386,1.9939734,0.6540503
v5_ambiguous_0273,llama-4-maverick-17b,0,epistemic_humility,0,4,4,already_correct,ambiguous,0.5645248591899872,0.50128555,2.3911414,0.60446143
v5_ambiguous_0274,llama-4-maverick-17b,0,epistemic_humility,0,4,4,already_correct,ambiguous,0.2079955339431762,0.43773466,2.0290577,0.6977561
v5_ambiguous_0275,llama-4-maverick-17b,0,epistemic_humility,0,4,4,already_correct,ambiguous,0.779861107468605,0.53980577,1.9824246,0.58323157
v5_ambiguous_0276,llama-4-maverick-17b,0,epistemic_humility,0,4,4,already_correct,ambiguous,0.4158406257629394,0.55444163,2.3556197,0.69927543
v5_ambiguous_0277,llama-4-maverick-17b,0,epistemic_humility,0,4,4,already_correct,ambiguous,0.0,0.47688454,1.9180818,0.7654971
v5_ambiguous_0278,llama-4-maverick-17b,0,epistemic_humility,0,4,4,already_correct,ambiguous,0.3377088904380798,0.5171078,1.8575411,0.7003455
v5_ambiguous_0279,llama-4-maverick-17b,0,epistemic_humility,0,4,4,already_correct,ambiguous,0.5622952580451965,0.52147007,2.2408297,0.6429028
v5_ambiguous_0280,llama-4-maverick-17b,0,epistemic_humility,0,4,4,already_correct,ambiguous,0.573764443397522,0.50503916,2.3914711,0.70765096
v5_ambiguous_0281,llama-4-maverick-17b,0,epistemic_humility,0,4,4,already_correct,ambiguous,0.1738917231559753,0.480214,2.1437242,0.63076854
v5_ambiguous_0282,llama-4-maverick-17b,0,epistemic_humility,0,4,4,already_correct,ambiguous,0.8122079521417618,0.5285469,2.8002777,0.64488816
v5_ambiguous_0283,llama-4-maverick-17b,0,epistemic_humility,0,4,4,already_correct,ambiguous,0.2929290533065796,0.45582002,2.1039224,0.6798722
v5_ambiguous_0284,llama-4-maverick-17b,0,epistemic_humility,0,4,4,already_correct,ambiguous,0.3029581308364868,0.4681965,1.7886401,0.7163598
v5_ambiguous_0285,llama-4-maverick-17b,0,epistemic_humility,0,4,4,already_correct,ambiguous,0.3515690565109253,0.4571355,1.6882722,0.76001257
v5_ambiguous_0286,llama-4-maverick-17b,0,epistemic_humility,0,4,4,already_correct,ambiguous,0.0,0.54398215,2.4098413,0.62694985
v5_ambiguous_0287,llama-4-maverick-17b,0,epistemic_humility,0,4,4,already_correct,ambiguous,0.0,0.57392806,2.8618083,0.6865828
v5_ambiguous_0288,llama-4-maverick-17b,0,epistemic_humility,0,4,4,already_correct,ambiguous,0.0,0.48046994,2.226424,0.65611976
v5_ambiguous_0289,llama-4-maverick-17b,0,epistemic_humility,0,4,4,already_correct,ambiguous,0.144461452960968,0.46939158,2.3812568,0.6878717
v5_ambiguous_0290,llama-4-maverick-17b,0,epistemic_humility,0,4,4,already_correct,ambiguous,0.2937715649604797,0.45639306,1.8842698,0.70772296
v5_ambiguous_0291,llama-4-maverick-17b,0,epistemic_humility,0,4,4,already_correct,ambiguous,0.8370712399482727,0.45009458,1.6760935,0.6826249
v5_ambiguous_0292,llama-4-maverick-17b,0,epistemic_humility,0,4,4,already_correct,ambiguous,0.4546064138412475,0.5381563,2.3020356,0.7225784
v5_ambiguous_0293,llama-4-maverick-17b,0,epistemic_humility,0,4,4,already_correct,ambiguous,0.2700985670089721,0.4874215,2.2678497,0.6584026
v5_ambiguous_0294,llama-4-maverick-17b,0,epistemic_humility,0,4,4,already_correct,ambiguous,0.3203936815261841,0.489923,2.0262172,0.66853416
v5_ambiguous_0295,llama-4-maverick-17b,0,epistemic_humility,0,4,4,already_correct,ambiguous,0.0,0.5610517,2.0885992,0.72324765
v5_ambiguous_0296,llama-4-maverick-17b,0,epistemic_humility,0,4,4,already_correct,ambiguous,-1.1920928955078125e-07,0.5225965,2.1395288,0.67395616
v5_ambiguous_0297,llama-4-maverick-17b,0,epistemic_humility,0,4,4,already_correct,ambiguous,0.5954590141773224,0.45869058,2.1768007,0.6760635
v5_ambiguous_0298,llama-4-maverick-17b,0,epistemic_humility,0,4,4,already_correct,ambiguous,0.378921627998352,0.49709553,2.5013258,0.71213263
v5_ambiguous_0299,llama-4-maverick-17b,0,epistemic_humility,0,4,4,already_correct,ambiguous,0.4987738728523254,0.48985773,2.071237,0.68563807
v5_ambiguous_0300,llama-4-maverick-17b,0,epistemic_humility,0,4,4,already_correct,ambiguous,5.960464477539064e-08,0.46723968,2.2119205,0.5949962
v5_ambiguous_0301,llama-4-maverick-17b,0,epistemic_humility,0,4,4,already_correct,ambiguous,0.3148689270019531,0.44238698,1.9234071,0.56235754
v5_ambiguous_0302,llama-4-maverick-17b,0,epistemic_humility,0,4,4,already_correct,ambiguous,0.2396312355995178,0.42436212,1.825222,0.706367
v5_ambiguous_0303,llama-4-maverick-17b,0,epistemic_humility,0,4,4,already_correct,ambiguous,1.1920928955078125e-07,0.5324166,1.9974469,0.7590675
v5_ambiguous_0304,llama-4-maverick-17b,0,epistemic_humility,0,4,4,already_correct,ambiguous,0.0142643451690673,0.44152522,1.9465015,0.67244923
v5_ambiguous_0305,llama-4-maverick-17b,0,epistemic_humility,0,4,4,already_correct,ambiguous,0.295029878616333,0.46716505,1.9101375,0.69440883
v5_ambiguous_0306,llama-4-maverick-17b,0,epistemic_humility,0,4,4,already_correct,ambiguous,0.0,0.45136803,2.0534003,0.6813643
v5_ambiguous_0307,llama-4-maverick-17b,0,epistemic_humility,0,4,4,already_correct,ambiguous,0.7684894055128098,0.3835485,2.0669672,0.6764204
v5_ambiguous_0308,llama-4-maverick-17b,0,epistemic_humility,0,4,4,already_correct,ambiguous,0.4927337765693664,0.5420759,2.022738,0.7144879
v5_ambiguous_0309,llama-4-maverick-17b,0,epistemic_humility,0,4,4,already_correct,ambiguous,0.7882100939750671,0.56810415,2.056584,0.7251736
v5_ambiguous_0310,llama-4-maverick-17b,0,epistemic_humility,0,4,4,already_correct,ambiguous,0.3849411010742187,0.4584731,1.9352287,0.73025817
v5_ambiguous_0311,llama-4-maverick-17b,0,epistemic_humility,0,4,4,already_correct,ambiguous,0.0723041296005249,0.5021883,2.7588012,0.65487456
v5_ambiguous_0312,llama-4-maverick-17b,0,epistemic_humility,0,4,4,already_correct,ambiguous,0.6317397654056549,0.52577895,2.293134,0.62434155
v5_ambiguous_0313,llama-4-maverick-17b,0,epistemic_humility,0,4,4,already_correct,ambiguous,0.5140355825424194,0.511719,2.3683574,0.6906447
v5_ambiguous_0314,llama-4-maverick-17b,0,epistemic_humility,0,4,4,already_correct,ambiguous,0.5944937765598297,0.52557206,3.2012527,0.6535454
v5_ambiguous_0315,llama-4-maverick-17b,0,epistemic_humility,0,4,4,already_correct,ambiguous,0.4692713618278503,0.5814316,2.3857892,0.673808
v5_ambiguous_0316,llama-4-maverick-17b,0,epistemic_humility,0,4,4,already_correct,ambiguous,0.7802196890115738,0.4584105,2.3840923,0.5660168
v5_ambiguous_0317,llama-4-maverick-17b,0,epistemic_humility,0,4,4,already_correct,ambiguous,0.0767220258712768,0.5381017,2.2905967,0.6265707
v5_ambiguous_0318,llama-4-maverick-17b,0,epistemic_humility,0,4,4,already_correct,ambiguous,5.960464477539064e-08,0.54833263,2.5679162,0.54482156
v5_ambiguous_0319,llama-4-maverick-17b,0,epistemic_humility,0,4,4,already_correct,ambiguous,0.5640741586685181,0.5477254,1.9920824,0.71441066
v5_ambiguous_0320,llama-4-maverick-17b,0,epistemic_humility,0,4,4,already_correct,ambiguous,0.71269690990448,0.43745297,2.1130629,0.66793233
v5_ambiguous_0321,llama-4-maverick-17b,0,epistemic_humility,0,4,4,already_correct,ambiguous,0.0775177478790283,0.49913317,2.2211297,0.69158036
v5_ambiguous_0322,llama-4-maverick-17b,0,epistemic_humility,0,4,4,already_correct,ambiguous,0.473888635635376,0.5420182,2.2593515,0.6656374
v5_ambiguous_0323,llama-4-maverick-17b,0,epistemic_humility,0,4,4,already_correct,ambiguous,0.8357551842927933,0.49337375,2.712021,0.6271865
v5_ambiguous_0324,llama-4-maverick-17b,0,epistemic_humility,0,4,4,already_correct,ambiguous,5.960464477539064e-08,0.53595614,1.7683496,0.6521902
v5_ambiguous_0325,llama-4-maverick-17b,0,epistemic_humility,0,4,4,already_correct,ambiguous,0.0,0.42121136,1.9722538,0.67488056
v5_ambiguous_0326,llama-4-maverick-17b,0,epistemic_humility,0,4,4,already_correct,ambiguous,0.7985036820173264,0.5564474,2.405995,0.7558778
v5_ambiguous_0327,llama-4-maverick-17b,0,epistemic_humility,0,4,4,already_correct,ambiguous,0.3556408286094665,0.5035174,1.8778337,0.66706985
v5_ambiguous_0328,llama-4-maverick-17b,0,epistemic_humility,0,4,4,already_correct,ambiguous,0.5312603116035461,0.46008915,1.8867539,0.7683545
v5_ambiguous_0329,llama-4-maverick-17b,0,epistemic_humility,0,4,4,already_correct,ambiguous,0.0253341197967529,0.47822297,2.0250778,0.7468897
v5_ambiguous_0330,llama-4-maverick-17b,0,epistemic_humility,0,4,4,already_correct,ambiguous,0.5650661885738373,0.59939766,2.799217,0.64221096
v5_ambiguous_0331,llama-4-maverick-17b,0,epistemic_humility,0,4,4,already_correct,ambiguous,0.541135847568512,0.546684,2.3148913,0.72980756
v5_ambiguous_0332,llama-4-maverick-17b,0,epistemic_humility,0,4,4,already_correct,ambiguous,0.5722835958003998,0.55312884,2.1844497,0.62681973
v5_ambiguous_0333,llama-4-maverick-17b,0,epistemic_humility,0,4,4,already_correct,ambiguous,0.1654011011123657,0.6042134,2.3033392,0.65583754
v5_ambiguous_0334,llama-4-maverick-17b,0,epistemic_humility,0,4,4,already_correct,ambiguous,0.8187819123268127,0.4895922,2.159152,0.70809907
v5_ambiguous_0335,llama-4-maverick-17b,0,epistemic_humility,0,4,4,already_correct,ambiguous,5.960464477539064e-08,0.5150433,2.316586,0.63381314
v5_ambiguous_0336,llama-4-maverick-17b,0,epistemic_humility,0,4,4,already_correct,ambiguous,0.6562626957893372,0.5440619,2.5133157,0.677802
v5_ambiguous_0337,llama-4-maverick-17b,0,epistemic_humility,0,4,4,already_correct,ambiguous,0.1441899538040161,0.5567084,1.8435346,0.7316828
v5_ambiguous_0338,llama-4-maverick-17b,0,epistemic_humility,0,4,4,already_correct,ambiguous,0.710202693939209,0.5403153,2.8956401,0.65159243
v5_ambiguous_0339,llama-4-maverick-17b,0,epistemic_humility,0,4,4,already_correct,ambiguous,0.7137210369110107,0.5187129,2.331415,0.6572763
v5_ambiguous_0340,llama-4-maverick-17b,0,epistemic_humility,0,4,4,already_correct,ambiguous,0.078970730304718,0.53090554,1.8817563,0.7186749
v5_ambiguous_0341,llama-4-maverick-17b,0,epistemic_humility,0,4,4,already_correct,ambiguous,0.3366932868957519,0.5526511,2.5237637,0.68817353
v5_ambiguous_0342,llama-4-maverick-17b,0,epistemic_humility,0,4,4,already_correct,ambiguous,0.2642099857330322,0.502321,1.8710357,0.72422457
v5_ambiguous_0343,llama-4-maverick-17b,0,epistemic_humility,0,4,4,already_correct,ambiguous,5.960464477539064e-08,0.5290911,2.3139768,0.63198733
v5_ambiguous_0344,llama-4-maverick-17b,0,epistemic_humility,0,4,4,already_correct,ambiguous,0.8245025724172592,0.5012491,2.4079533,0.62611574
v5_ambiguous_0345,llama-4-maverick-17b,0,epistemic_humility,0,4,4,already_correct,ambiguous,1.1920928955078125e-07,0.5011285,2.933261,0.6385739
v5_ambiguous_0346,llama-4-maverick-17b,0,epistemic_humility,0,4,4,already_correct,ambiguous,0.5581510961055756,0.48238635,2.0321634,0.698744
v5_ambiguous_0347,llama-4-maverick-17b,0,epistemic_humility,0,4,4,already_correct,ambiguous,0.5171143114566803,0.5530529,2.6066349,0.53053325
v5_ambiguous_0348,llama-4-maverick-17b,0,epistemic_humility,0,4,4,already_correct,ambiguous,0.0145361423492431,0.40554535,2.2045608,0.6776557
v5_ambiguous_0349,llama-4-maverick-17b,0,epistemic_humility,0,4,4,already_correct,ambiguous,0.2785025835037231,0.5483791,2.7369554,0.6691163
v5_ambiguous_0350,llama-4-maverick-17b,0,epistemic_humility,0,4,4,already_correct,ambiguous,0.7536092549562454,0.4624418,2.0683944,0.7420168
v5_ambiguous_0351,llama-4-maverick-17b,0,epistemic_humility,0,4,4,already_correct,ambiguous,0.7853477001190186,0.51580864,2.388797,0.62699366
v5_ambiguous_0352,llama-4-maverick-17b,0,epistemic_humility,0,4,4,already_correct,ambiguous,0.3015420436859131,0.4925866,1.5663396,0.779648
v5_ambiguous_0353,llama-4-maverick-17b,0,epistemic_humility,0,4,4,already_correct,ambiguous,-1.1920928955078125e-07,0.48164022,2.6120274,0.7182352
v5_ambiguous_0354,llama-4-maverick-17b,0,epistemic_humility,0,4,4,already_correct,ambiguous,0.788873702287674,0.5482408,2.1047308,0.6026966
v5_ambiguous_0355,llama-4-maverick-17b,0,epistemic_humility,0,4,4,already_correct,ambiguous,0.0606745481491088,0.5506033,1.8834112,0.6927035
v5_ambiguous_0356,llama-4-maverick-17b,0,epistemic_humility,0,4,4,already_correct,ambiguous,0.8468230664730072,0.5209799,1.9810828,0.62337583
v5_ambiguous_0357,llama-4-maverick-17b,0,epistemic_humility,0,4,4,already_correct,ambiguous,0.2276452183723449,0.4936291,2.8199089,0.64147115
v5_ambiguous_0358,llama-4-maverick-17b,0,epistemic_humility,0,4,4,already_correct,ambiguous,1.788139343261719e-07,0.4947778,2.3580496,0.5186602
v5_ambiguous_0359,llama-4-maverick-17b,0,epistemic_humility,0,4,4,already_correct,ambiguous,0.4515978693962097,0.5712867,2.4187214,0.67548674
v5_ambiguous_0360,llama-4-maverick-17b,0,epistemic_humility,0,4,4,already_correct,ambiguous,0.7969579249620438,0.50617635,2.3845341,0.707417
v5_ambiguous_0361,llama-4-maverick-17b,0,epistemic_humility,0,4,4,already_correct,ambiguous,0.7694263756275177,0.50613874,2.5749824,0.6584604
v5_ambiguous_0362,llama-4-maverick-17b,0,epistemic_humility,0,4,4,already_correct,ambiguous,0.717936098575592,0.49835706,2.3486037,0.6582179
v5_ambiguous_0363,llama-4-maverick-17b,0,epistemic_humility,0,4,4,already_correct,ambiguous,0.7810446321964264,0.42925358,2.126832,0.7261982
v5_ambiguous_0364,llama-4-maverick-17b,0,epistemic_humility,0,4,4,already_correct,ambiguous,0.7141934335231781,0.5400501,1.974844,0.6935579
v5_ambiguous_0365,llama-4-maverick-17b,0,epistemic_humility,0,4,4,already_correct,ambiguous,0.6644460558891296,0.4213658,2.3891144,0.6732151
v5_ambiguous_0366,llama-4-maverick-17b,0,epistemic_humility,0,4,4,already_correct,ambiguous,-1.1920928955078125e-07,0.5477056,1.8462402,0.71380806
v5_ambiguous_0367,llama-4-maverick-17b,0,epistemic_humility,0,4,4,already_correct,ambiguous,0.7833410501480103,0.4435503,2.4681494,0.5577776
v5_ambiguous_0368,llama-4-maverick-17b,0,epistemic_humility,0,4,4,already_correct,ambiguous,0.177969753742218,0.539997,2.554392,0.66945636
v5_ambiguous_0369,llama-4-maverick-17b,0,epistemic_humility,0,4,4,already_correct,ambiguous,0.4982298612594604,0.5464379,2.799195,0.5258724
v5_ambiguous_0370,llama-4-maverick-17b,0,epistemic_humility,0,4,4,already_correct,ambiguous,0.0,0.54847264,1.768971,0.72867286
v5_ambiguous_0371,llama-4-maverick-17b,0,epistemic_humility,0,4,4,already_correct,ambiguous,0.4760182499885559,0.52927387,2.5065227,0.7184663
v5_ambiguous_0372,llama-4-maverick-17b,0,epistemic_humility,0,4,4,already_correct,ambiguous,0.104240596294403,0.5043891,2.2707365,0.62972206
v5_ambiguous_0373,llama-4-maverick-17b,0,epistemic_humility,0,4,4,already_correct,ambiguous,0.5855689942836761,0.4948117,2.1947327,0.74178946
v5_ambiguous_0374,llama-4-maverick-17b,0,epistemic_humility,0,4,4,already_correct,ambiguous,0.6580932140350342,0.46269143,1.9203031,0.7014617
v5_ambiguous_0375,llama-4-maverick-17b,0,epistemic_humility,0,4,4,already_correct,ambiguous,0.5998603403568268,0.5295428,2.49882,0.6455595
v5_ambiguous_0376,llama-4-maverick-17b,0,epistemic_humility,0,4,4,already_correct,ambiguous,0.0,0.58165646,2.193442,0.6202576
v5_ambiguous_0377,llama-4-maverick-17b,0,epistemic_humility,0,4,4,already_correct,ambiguous,0.0,0.53335047,3.5476294,0.64791924
v5_ambiguous_0378,llama-4-maverick-17b,0,epistemic_humility,0,4,4,already_correct,ambiguous,0.3868181109428406,0.4862482,2.5025032,0.63903856
v5_ambiguous_0379,llama-4-maverick-17b,0,epistemic_humility,0,4,4,already_correct,ambiguous,0.0,0.509005,2.238401,0.63120544
v5_ambiguous_0380,llama-4-maverick-17b,0,epistemic_humility,0,4,4,already_correct,ambiguous,0.6654520034790039,0.5346482,2.2424133,0.69895434
v5_ambiguous_0381,llama-4-maverick-17b,0,epistemic_humility,0,4,4,already_correct,ambiguous,5.960464477539064e-08,0.5229642,2.0974548,0.76062405
v5_ambiguous_0382,llama-4-maverick-17b,0,epistemic_humility,0,4,4,already_correct,ambiguous,0.0,0.45097518,2.702046,0.6301218
v5_ambiguous_0383,llama-4-maverick-17b,0,epistemic_humility,0,4,4,already_correct,ambiguous,0.6058518588542938,0.4333434,1.8317988,0.6806662
v5_ambiguous_0384,llama-4-maverick-17b,0,epistemic_humility,0,4,4,already_correct,ambiguous,0.2944942712783813,0.46979094,2.054474,0.69520986
v5_ambiguous_0385,llama-4-maverick-17b,0,epistemic_humility,0,4,4,already_correct,ambiguous,0.3857629299163818,0.5208805,2.0957131,0.6216923
v5_ambiguous_0386,llama-4-maverick-17b,0,epistemic_humility,0,4,4,already_correct,ambiguous,0.4986001849174499,0.50303495,2.3573766,0.6420214
v5_ambiguous_0387,llama-4-maverick-17b,0,epistemic_humility,0,4,4,already_correct,ambiguous,1.1920928955078125e-07,0.5231658,2.4929864,0.6012755
v5_ambiguous_0388,llama-4-maverick-17b,0,epistemic_humility,0,4,4,already_correct,ambiguous,0.8188090920448303,0.5096482,2.0098922,0.6945103
v5_ambiguous_0389,llama-4-maverick-17b,0,epistemic_humility,0,4,4,already_correct,ambiguous,0.8231855630874634,0.544875,2.034011,0.6381799
v5_ambiguous_0390,llama-4-maverick-17b,0,epistemic_humility,0,4,4,already_correct,ambiguous,0.5494358241558075,0.55657613,2.4647331,0.7228671
v5_ambiguous_0391,llama-4-maverick-17b,0,epistemic_humility,0,4,4,already_correct,ambiguous,0.6878950595855713,0.50340533,1.8988335,0.7614345
v5_ambiguous_0392,llama-4-maverick-17b,0,epistemic_humility,0,4,4,already_correct,ambiguous,0.5779323577880859,0.47914422,2.1211488,0.6884827
v5_ambiguous_0393,llama-4-maverick-17b,0,epistemic_humility,0,4,4,already_correct,ambiguous,-1.1920928955078125e-07,0.58025897,2.5108411,0.5728197
v5_ambiguous_0394,llama-4-maverick-17b,0,epistemic_humility,0,4,4,already_correct,ambiguous,0.8127156347036362,0.5531806,2.160246,0.6462509
v5_ambiguous_0395,llama-4-maverick-17b,0,epistemic_humility,0,4,4,already_correct,ambiguous,0.7643472701311111,0.5029414,2.55664,0.64528346
v5_ambiguous_0396,llama-4-maverick-17b,0,epistemic_humility,0,4,4,already_correct,ambiguous,0.0807707905769348,0.545947,2.19742,0.71330434
v5_ambiguous_0397,llama-4-maverick-17b,0,epistemic_humility,0,4,4,already_correct,ambiguous,0.0,0.53013986,2.4745407,0.6880552
v5_ambiguous_0398,llama-4-maverick-17b,0,epistemic_humility,0,4,4,already_correct,ambiguous,5.960464477539064e-08,0.5587497,1.8729937,0.684986
v5_ambiguous_0399,llama-4-maverick-17b,0,epistemic_humility,0,4,4,already_correct,ambiguous,0.6816391944885254,0.5063716,2.325364,0.6766077
v5_ambiguous_0400,llama-4-maverick-17b,0,epistemic_humility,0,4,4,already_correct,ambiguous,0.3811207413673401,0.5130814,3.0350761,0.65334797
v5_ambiguous_0401,llama-4-maverick-17b,2,epistemic_humility,0,4,2,fixed,ambiguous,0.2255653738975525,0.5346583,2.322112,0.67134136
v5_ambiguous_0402,llama-4-maverick-17b,0,epistemic_humility,0,4,4,already_correct,ambiguous,0.680118978023529,0.5326496,1.9184805,0.68812263
v5_ambiguous_0403,llama-4-maverick-17b,0,epistemic_humility,0,4,4,already_correct,ambiguous,5.960464477539064e-08,0.49655354,2.5303686,0.5962709
v5_ambiguous_0404,llama-4-maverick-17b,0,epistemic_humility,0,4,4,already_correct,ambiguous,0.2947605848312378,0.49737537,1.9041705,0.7496618
v5_ambiguous_0405,llama-4-maverick-17b,0,epistemic_humility,0,4,4,already_correct,ambiguous,0.0,0.41338456,1.9173269,0.6735338
v5_ambiguous_0406,llama-4-maverick-17b,0,epistemic_humility,0,4,4,already_correct,ambiguous,0.0,0.52827644,2.1261714,0.67181003
v5_ambiguous_0407,llama-4-maverick-17b,0,epistemic_humility,0,4,4,already_correct,ambiguous,-2.384185791015625e-07,0.4850089,2.082053,0.6672455
v5_ambiguous_0408,llama-4-maverick-17b,0,epistemic_humility,0,4,4,already_correct,ambiguous,0.8132709562778473,0.45709336,2.0673838,0.73640156
v5_ambiguous_0409,llama-4-maverick-17b,0,epistemic_humility,0,4,4,already_correct,ambiguous,0.0,0.5068557,1.95093,0.66987395
v5_ambiguous_0410,llama-4-maverick-17b,0,epistemic_humility,0,4,4,already_correct,ambiguous,1.1920928955078125e-07,0.55113184,2.410268,0.584382
v5_ambiguous_0411,llama-4-maverick-17b,0,epistemic_humility,0,4,4,already_correct,ambiguous,0.2019733786582946,0.5039894,3.0813296,0.6299392
v5_ambiguous_0412,llama-4-maverick-17b,2,fact_grounded,0,4,3,fixed,ambiguous,0.5790907144546509,0.57841146,2.5067623,0.6154578
v5_ambiguous_0413,llama-4-maverick-17b,0,epistemic_humility,0,4,4,already_correct,ambiguous,0.2259237766265869,0.4318263,1.9909784,0.7458595
v5_ambiguous_0414,llama-4-maverick-17b,0,epistemic_humility,0,4,4,already_correct,ambiguous,0.8299635797739029,0.5597801,1.8437113,0.6365009
v5_ambiguous_0415,llama-4-maverick-17b,0,epistemic_humility,0,4,4,already_correct,ambiguous,-1.1920928955078125e-07,0.50223243,1.976332,0.71265453
v5_ambiguous_0416,llama-4-maverick-17b,0,epistemic_humility,0,4,4,already_correct,ambiguous,0.4576913714408874,0.5213139,1.9716092,0.7569967
v5_ambiguous_0417,llama-4-maverick-17b,0,epistemic_humility,0,4,4,already_correct,ambiguous,0.7199628353118896,0.4924106,1.7595596,0.7429432
v5_ambiguous_0418,llama-4-maverick-17b,0,epistemic_humility,0,4,4,already_correct,ambiguous,0.0,0.5042932,1.9902955,0.75843996
v5_ambiguous_0419,llama-4-maverick-17b,0,epistemic_humility,0,4,4,already_correct,ambiguous,0.7518337070941925,0.5858767,2.7701764,0.7048495
v5_ambiguous_0420,llama-4-maverick-17b,0,epistemic_humility,0,4,4,already_correct,ambiguous,0.2196410894393921,0.49754465,2.599499,0.6188629
v5_ambiguous_0421,llama-4-maverick-17b,0,epistemic_humility,0,4,4,already_correct,ambiguous,0.6824130415916443,0.5672103,2.3532305,0.6296594
v5_ambiguous_0422,llama-4-maverick-17b,0,epistemic_humility,0,4,4,already_correct,ambiguous,0.0,0.42026448,1.871738,0.7679395
v5_ambiguous_0423,llama-4-maverick-17b,0,epistemic_humility,0,4,4,already_correct,ambiguous,0.048053503036499,0.4915095,2.2391162,0.6671128
v5_ambiguous_0424,llama-4-maverick-17b,0,epistemic_humility,0,4,4,already_correct,ambiguous,0.2762476205825805,0.51768816,1.9270129,0.65075016
v5_ambiguous_0425,llama-4-maverick-17b,0,epistemic_humility,0,4,4,already_correct,ambiguous,0.7046164274215698,0.44922304,2.0019019,0.61056244
v5_ambiguous_0426,llama-4-maverick-17b,0,epistemic_humility,0,4,4,already_correct,ambiguous,0.3024962544441223,0.60522246,2.2897713,0.6547639
v5_ambiguous_0427,llama-4-maverick-17b,0,epistemic_humility,0,4,4,already_correct,ambiguous,0.2741537690162658,0.4707508,1.9906207,0.6936554
v5_ambiguous_0428,llama-4-maverick-17b,0,epistemic_humility,0,4,4,already_correct,ambiguous,1.1920928955078125e-07,0.5101529,2.2156007,0.63006705
v5_ambiguous_0429,llama-4-maverick-17b,0,epistemic_humility,0,4,4,already_correct,ambiguous,0.0,0.4715916,2.4511085,0.613306
v5_ambiguous_0430,llama-4-maverick-17b,0,epistemic_humility,0,4,4,already_correct,ambiguous,0.1492440104484558,0.5488304,1.8529321,0.725151
v5_ambiguous_0431,llama-4-maverick-17b,0,epistemic_humility,0,4,4,already_correct,ambiguous,5.960464477539064e-08,0.47195375,1.8524634,0.6732861
v5_ambiguous_0432,llama-4-maverick-17b,0,epistemic_humility,0,4,4,already_correct,ambiguous,-1.1920928955078125e-07,0.46578133,2.6242073,0.6468203
v5_ambiguous_0433,llama-4-maverick-17b,0,epistemic_humility,0,4,4,already_correct,ambiguous,0.5187163949012756,0.5440015,2.2090504,0.6391599
v5_ambiguous_0434,llama-4-maverick-17b,0,epistemic_humility,0,4,4,already_correct,ambiguous,1.1920928955078125e-07,0.5104258,2.1776621,0.63574296
v5_ambiguous_0435,llama-4-maverick-17b,0,epistemic_humility,0,4,4,already_correct,ambiguous,0.1163539290428161,0.5091598,2.124298,0.6729197
v5_ambiguous_0436,llama-4-maverick-17b,0,epistemic_humility,0,4,4,already_correct,ambiguous,0.5511572360992432,0.58147264,2.360988,0.7604369
v5_ambiguous_0437,llama-4-maverick-17b,0,epistemic_humility,0,4,4,already_correct,ambiguous,0.0,0.5657343,2.7106538,0.53949976
v5_ambiguous_0438,llama-4-maverick-17b,0,epistemic_humility,0,4,4,already_correct,ambiguous,0.7246555685997009,0.5286549,1.8472655,0.74993443
v5_ambiguous_0439,llama-4-maverick-17b,0,epistemic_humility,0,4,4,already_correct,ambiguous,0.3488249778747558,0.50975657,2.435785,0.72728026
v5_ambiguous_0440,llama-4-maverick-17b,0,epistemic_humility,0,4,4,already_correct,ambiguous,0.1171683669090271,0.47333586,2.4717674,0.6546953
v5_ambiguous_0441,llama-4-maverick-17b,0,epistemic_humility,0,4,4,already_correct,ambiguous,0.6929628849029541,0.5595708,2.408979,0.69877464
v5_ambiguous_0442,llama-4-maverick-17b,0,epistemic_humility,0,4,4,already_correct,ambiguous,0.813721776008606,0.50804996,2.1983235,0.7029229
v5_ambiguous_0443,llama-4-maverick-17b,0,epistemic_humility,0,4,3,regressed,ambiguous,0.4036002159118652,0.51351523,2.2140322,0.6587999
v5_ambiguous_0444,llama-4-maverick-17b,0,epistemic_humility,0,4,4,already_correct,ambiguous,0.0,0.5144432,3.0709667,0.670971
v5_ambiguous_0445,llama-4-maverick-17b,0,epistemic_humility,0,4,4,already_correct,ambiguous,0.5428598821163177,0.42752707,2.1151752,0.6459954
v5_ambiguous_0446,llama-4-maverick-17b,0,epistemic_humility,0,4,4,already_correct,ambiguous,0.2044299244880676,0.44043934,1.8033669,0.7625183
v5_ambiguous_0447,llama-4-maverick-17b,0,epistemic_humility,0,4,4,already_correct,ambiguous,0.0103815197944641,0.4511177,2.298395,0.6595467
v5_ambiguous_0448,llama-4-maverick-17b,0,epistemic_humility,0,4,4,already_correct,ambiguous,0.4787253737449646,0.3864501,2.1700015,0.63235873
v5_ambiguous_0449,llama-4-maverick-17b,0,epistemic_humility,0,4,4,already_correct,ambiguous,0.0,0.5341706,1.9889978,0.74505126
v5_ambiguous_0450,llama-4-maverick-17b,0,epistemic_humility,0,4,4,already_correct,ambiguous,0.6568642854690552,0.4401607,2.1507635,0.76980215
v5_ambiguous_0451,llama-4-maverick-17b,0,epistemic_humility,0,4,4,already_correct,ambiguous,0.617863655090332,0.5418011,1.8634785,0.70963776
v5_ambiguous_0452,llama-4-maverick-17b,0,epistemic_humility,0,4,4,already_correct,ambiguous,0.7837394177913666,0.54612017,2.4041915,0.6358875
v5_ambiguous_0453,llama-4-maverick-17b,0,epistemic_humility,0,4,4,already_correct,ambiguous,0.297924280166626,0.4868906,2.172428,0.6902495
v5_ambiguous_0454,llama-4-maverick-17b,0,epistemic_humility,0,4,4,already_correct,ambiguous,0.6182959079742432,0.55159706,2.213593,0.6577567
v5_ambiguous_0455,llama-4-maverick-17b,0,epistemic_humility,0,4,4,already_correct,ambiguous,5.960464477539064e-08,0.4424054,2.1151292,0.7061713
v5_ambiguous_0456,llama-4-maverick-17b,0,epistemic_humility,0,4,4,already_correct,ambiguous,-1.1920928955078125e-07,0.497002,1.8908176,0.6465539
v5_ambiguous_0457,llama-4-maverick-17b,0,epistemic_humility,0,4,4,already_correct,ambiguous,0.6365478038787842,0.51278687,2.0121493,0.66096354
v5_ambiguous_0458,llama-4-maverick-17b,0,epistemic_humility,0,4,4,already_correct,ambiguous,5.960464477539064e-08,0.44071108,2.2977636,0.61245877
v5_ambiguous_0459,llama-4-maverick-17b,0,epistemic_humility,0,4,4,already_correct,ambiguous,0.6386179625988007,0.45056963,1.8808129,0.69688094
v5_ambiguous_0460,llama-4-maverick-17b,0,epistemic_humility,0,4,4,already_correct,ambiguous,0.284633994102478,0.5885402,2.3314197,0.6523803
v5_ambiguous_0461,llama-4-maverick-17b,0,epistemic_humility,0,4,4,already_correct,ambiguous,0.4581069946289062,0.5197755,2.1964154,0.6369003
v5_ambiguous_0462,llama-4-maverick-17b,0,epistemic_humility,0,4,4,already_correct,ambiguous,0.5312705934047699,0.51921505,2.0245879,0.7493937
v5_ambiguous_0463,llama-4-maverick-17b,0,epistemic_humility,0,4,4,already_correct,ambiguous,0.7070723176002502,0.48669475,3.0475237,0.6570626
v5_ambiguous_0464,llama-4-maverick-17b,0,epistemic_humility,0,4,4,already_correct,ambiguous,0.4828513860702514,0.4866572,2.0715039,0.6158701
v5_ambiguous_0465,llama-4-maverick-17b,0,epistemic_humility,0,4,4,already_correct,ambiguous,5.960464477539064e-08,0.4624437,2.402571,0.6368943
v5_ambiguous_0466,llama-4-maverick-17b,0,epistemic_humility,0,4,4,already_correct,ambiguous,0.8258617520332336,0.5406711,1.8942448,0.6405101
v5_ambiguous_0467,llama-4-maverick-17b,0,epistemic_humility,0,4,4,already_correct,ambiguous,0.6389689743518829,0.44822776,1.7486925,0.73280394
v5_ambiguous_0468,llama-4-maverick-17b,0,epistemic_humility,0,4,4,already_correct,ambiguous,0.3958850502967834,0.54100966,1.9618003,0.663972
v5_ambiguous_0469,llama-4-maverick-17b,0,epistemic_humility,0,4,4,already_correct,ambiguous,0.6749539375305176,0.5372639,2.165973,0.7002846
v5_ambiguous_0470,llama-4-maverick-17b,0,epistemic_humility,0,4,4,already_correct,ambiguous,0.8204442858695984,0.502997,2.028445,0.7551228
v5_ambiguous_0471,llama-4-maverick-17b,0,epistemic_humility,0,4,4,already_correct,ambiguous,0.4957684278488159,0.5473681,1.849837,0.65521616
v5_ambiguous_0472,llama-4-maverick-17b,0,epistemic_humility,0,4,4,already_correct,ambiguous,0.1243001818656921,0.4839108,1.9627824,0.6871798
v5_ambiguous_0473,llama-4-maverick-17b,0,epistemic_humility,0,4,4,already_correct,ambiguous,2.384185791015625e-07,0.45996684,1.635934,0.7554672
v5_ambiguous_0474,llama-4-maverick-17b,0,epistemic_humility,0,4,4,already_correct,ambiguous,0.053286850452423,0.42599928,2.0396242,0.68037665
v5_ambiguous_0475,llama-4-maverick-17b,0,epistemic_humility,0,4,4,already_correct,ambiguous,5.960464477539064e-08,0.49253428,2.4512837,0.59902817
v5_ambiguous_0476,llama-4-maverick-17b,0,epistemic_humility,0,4,4,already_correct,ambiguous,0.6885647773742676,0.5995691,2.3912942,0.70756656
v5_ambiguous_0477,llama-4-maverick-17b,0,epistemic_humility,0,4,4,already_correct,ambiguous,0.028810977935791,0.5502402,2.310011,0.6312983
v5_ambiguous_0478,llama-4-maverick-17b,0,epistemic_humility,0,4,4,already_correct,ambiguous,0.30743008852005,0.4483239,2.0898314,0.61896497
v5_ambiguous_0479,llama-4-maverick-17b,0,epistemic_humility,0,4,4,already_correct,ambiguous,0.1935418844223022,0.52759135,2.5132308,0.6672096
v5_ambiguous_0480,llama-4-maverick-17b,0,epistemic_humility,0,4,4,already_correct,ambiguous,0.2006031274795532,0.56334174,2.364427,0.53913265
v5_ambiguous_0481,llama-4-maverick-17b,0,epistemic_humility,0,4,4,already_correct,ambiguous,-1.1920928955078125e-07,0.48765177,2.426989,0.62231386
v5_ambiguous_0482,llama-4-maverick-17b,0,epistemic_humility,0,4,4,already_correct,ambiguous,0.6817143559455872,0.5106514,2.0160835,0.6905863
v5_ambiguous_0483,llama-4-maverick-17b,0,epistemic_humility,0,4,4,already_correct,ambiguous,0.2737458944320678,0.51465833,3.0150464,0.6437541
v5_ambiguous_0484,llama-4-maverick-17b,0,epistemic_humility,0,4,4,already_correct,ambiguous,0.3606410026550293,0.5930468,2.3192217,0.68498445
v5_ambiguous_0485,llama-4-maverick-17b,0,epistemic_humility,0,4,4,already_correct,ambiguous,0.0376617908477783,0.46779686,2.2497716,0.5721837
v5_ambiguous_0486,llama-4-maverick-17b,0,epistemic_humility,0,4,4,already_correct,ambiguous,0.5690276026725769,0.49226516,2.0828443,0.7154505
v5_ambiguous_0487,llama-4-maverick-17b,0,epistemic_humility,0,4,4,already_correct,ambiguous,0.1710313558578491,0.48777908,2.4803605,0.60268533
v5_ambiguous_0488,llama-4-maverick-17b,0,epistemic_humility,0,4,4,already_correct,ambiguous,0.2409208416938781,0.48983794,2.4214067,0.62462693
v5_ambiguous_0489,llama-4-maverick-17b,0,epistemic_humility,0,4,4,already_correct,ambiguous,0.0,0.5155002,2.2328694,0.6253463
v5_ambiguous_0490,llama-4-maverick-17b,0,epistemic_humility,0,4,4,already_correct,ambiguous,0.1279188394546508,0.5040544,2.025987,0.787657
v5_ambiguous_0491,llama-4-maverick-17b,0,epistemic_humility,0,4,4,already_correct,ambiguous,-1.1920928955078125e-07,0.52787924,2.5067027,0.7097007
v5_ambiguous_0492,llama-4-maverick-17b,0,epistemic_humility,0,4,4,already_correct,ambiguous,0.1583635210990905,0.50489885,3.1256812,0.64220595
v5_ambiguous_0493,llama-4-maverick-17b,0,epistemic_humility,0,4,4,already_correct,ambiguous,0.4467772841453552,0.48088425,1.9816526,0.75414526
v5_ambiguous_0494,llama-4-maverick-17b,0,epistemic_humility,0,4,4,already_correct,ambiguous,0.5437039136886597,0.46553248,1.9394478,0.6551286
v5_ambiguous_0495,llama-4-maverick-17b,0,epistemic_humility,0,4,4,already_correct,ambiguous,0.3827921152114868,0.55563617,2.3104615,0.6750609
v5_ambiguous_0496,llama-4-maverick-17b,0,epistemic_humility,0,4,4,already_correct,ambiguous,5.960464477539064e-08,0.54394406,3.579141,0.6401019
v5_ambiguous_0497,llama-4-maverick-17b,2,epistemic_humility,0,4,4,fixed,ambiguous,0.2710659503936767,0.5299568,2.2527502,0.6580429
v5_ambiguous_0498,llama-4-maverick-17b,0,epistemic_humility,0,4,4,already_correct,ambiguous,0.0897583961486816,0.47709513,2.2464154,0.70761645
v5_ambiguous_0499,llama-4-maverick-17b,2,epistemic_humility,0,4,4,fixed,ambiguous,0.0,0.5694416,2.4284332,0.67371047
v5_ambiguous_0500,llama-4-maverick-17b,0,epistemic_humility,0,4,4,already_correct,ambiguous,0.3680189251899719,0.49808055,2.1990871,0.73620653
v5_ambiguous_0501,llama-4-maverick-17b,0,epistemic_humility,0,4,4,already_correct,ambiguous,0.1424798965454101,0.5276181,1.7919793,0.7199809
v5_ambiguous_0502,llama-4-maverick-17b,0,epistemic_humility,0,4,4,already_correct,ambiguous,0.3626610040664673,0.53382933,2.5539622,0.5915801
v5_ambiguous_0503,llama-4-maverick-17b,0,epistemic_humility,0,4,4,already_correct,ambiguous,0.0262873768806457,0.5005453,2.780663,0.6063802
v5_ambiguous_0504,llama-4-maverick-17b,0,epistemic_humility,0,4,4,already_correct,ambiguous,0.6528509855270386,0.4269771,1.8327254,0.7549103
v5_ambiguous_0505,llama-4-maverick-17b,0,epistemic_humility,0,4,4,already_correct,ambiguous,-1.1920928955078125e-07,0.47050267,2.446554,0.6913986
v5_ambiguous_0506,llama-4-maverick-17b,0,epistemic_humility,0,4,4,already_correct,ambiguous,-1.1920928955078125e-07,0.5256014,1.9509317,0.70097363
v5_ambiguous_0507,llama-4-maverick-17b,0,epistemic_humility,0,4,4,already_correct,ambiguous,0.2181914448738098,0.55407465,2.4255002,0.64252096
v5_ambiguous_0508,llama-4-maverick-17b,0,epistemic_humility,0,4,4,already_correct,ambiguous,0.8136302977800369,0.5062063,2.0015368,0.7022352
v5_ambiguous_0509,llama-4-maverick-17b,0,epistemic_humility,0,4,4,already_correct,ambiguous,0.8279072195291519,0.50968456,2.128666,0.7123701
v5_ambiguous_0510,llama-4-maverick-17b,0,epistemic_humility,0,4,4,already_correct,ambiguous,0.5854270756244659,0.5955013,2.146398,0.6300831
v5_ambiguous_0511,llama-4-maverick-17b,0,epistemic_humility,0,4,4,already_correct,ambiguous,0.7823918014764786,0.49070448,2.3067,0.7080551
v5_ambiguous_0512,llama-4-maverick-17b,0,epistemic_humility,0,4,4,already_correct,ambiguous,-1.1920928955078125e-07,0.5575324,2.3271387,0.6506453
v5_ambiguous_0513,llama-4-maverick-17b,0,epistemic_humility,0,4,4,already_correct,ambiguous,0.0859034061431884,0.5379995,2.5036385,0.59390974
v5_ambiguous_0514,llama-4-maverick-17b,0,epistemic_humility,0,4,4,already_correct,ambiguous,0.4321241974830627,0.45817423,2.2739213,0.6167669
v5_ambiguous_0515,llama-4-maverick-17b,0,epistemic_humility,0,4,4,already_correct,ambiguous,0.5433109998703003,0.4287637,2.147788,0.6297961
v5_ambiguous_0516,llama-4-maverick-17b,0,epistemic_humility,0,4,4,already_correct,ambiguous,1.1920928955078125e-07,0.49649125,2.422457,0.6229935
v5_ambiguous_0517,llama-4-maverick-17b,0,epistemic_humility,0,4,4,already_correct,ambiguous,0.3388413190841675,0.43312943,1.8175296,0.71145403
v5_ambiguous_0518,llama-4-maverick-17b,0,epistemic_humility,0,4,4,already_correct,ambiguous,0.4937565326690674,0.41909695,2.1701088,0.674595
v5_ambiguous_0519,llama-4-maverick-17b,0,epistemic_humility,0,4,4,already_correct,ambiguous,0.7861630320549011,0.49062747,1.9905851,0.6815609
v5_ambiguous_0520,llama-4-maverick-17b,0,epistemic_humility,0,4,4,already_correct,ambiguous,0.4250316023826599,0.5229696,1.9708357,0.6707617
v5_ambiguous_0521,llama-4-maverick-17b,0,epistemic_humility,0,4,4,already_correct,ambiguous,0.4572060704231262,0.5002699,2.944055,0.66698426
v5_ambiguous_0522,llama-4-maverick-17b,0,epistemic_humility,0,4,4,already_correct,ambiguous,0.4220545291900635,0.5457288,2.1566827,0.7437465
v5_ambiguous_0523,llama-4-maverick-17b,0,epistemic_humility,0,4,4,already_correct,ambiguous,5.960464477539064e-08,0.5093337,1.9784309,0.73422426
v5_ambiguous_0524,llama-4-maverick-17b,0,epistemic_humility,0,4,4,already_correct,ambiguous,0.6261265277862549,0.52510905,2.1015162,0.60330975
v5_ambiguous_0525,llama-4-maverick-17b,0,epistemic_humility,0,4,4,already_correct,ambiguous,0.2913541197776794,0.49345022,2.264769,0.66397774
v5_ambiguous_0526,llama-4-maverick-17b,0,epistemic_humility,0,4,4,already_correct,ambiguous,0.6743212640285492,0.5018743,2.1983118,0.696764
v5_ambiguous_0527,llama-4-maverick-17b,0,epistemic_humility,0,4,4,already_correct,ambiguous,0.6003813743591309,0.46813357,2.2718952,0.576342
v5_ambiguous_0528,llama-4-maverick-17b,0,epistemic_humility,0,4,4,already_correct,ambiguous,0.0,0.53557664,2.6989622,0.60456026
v5_ambiguous_0529,llama-4-maverick-17b,0,epistemic_humility,0,4,4,already_correct,ambiguous,0.3357936143875122,0.4910007,2.453176,0.57047975
v5_ambiguous_0530,llama-4-maverick-17b,0,epistemic_humility,0,4,4,already_correct,ambiguous,0.450620174407959,0.5917481,2.4276855,0.7388671
v5_ambiguous_0531,llama-4-maverick-17b,0,epistemic_humility,0,4,4,already_correct,ambiguous,-1.1920928955078125e-07,0.46657014,1.9990461,0.64284706
v5_ambiguous_0532,llama-4-maverick-17b,0,epistemic_humility,0,4,4,already_correct,ambiguous,0.1751394271850586,0.5278108,2.4054658,0.68725973
v5_ambiguous_0533,llama-4-maverick-17b,0,epistemic_humility,0,4,4,already_correct,ambiguous,0.7989062517881393,0.51958674,2.04923,0.6721927
v5_ambiguous_0534,llama-4-maverick-17b,0,epistemic_humility,0,4,4,already_correct,ambiguous,-1.1920928955078125e-07,0.5336851,2.2889354,0.6773076
v5_ambiguous_0535,llama-4-maverick-17b,0,epistemic_humility,0,4,4,already_correct,ambiguous,0.7119308114051819,0.52347195,2.3399832,0.6298364
v5_ambiguous_0536,llama-4-maverick-17b,0,epistemic_humility,0,4,4,already_correct,ambiguous,0.4574242234230041,0.5167494,2.1824586,0.6494849
v5_ambiguous_0537,llama-4-maverick-17b,0,epistemic_humility,0,4,4,already_correct,ambiguous,0.6377363801002502,0.51336753,2.3231912,0.68385375
v5_ambiguous_0538,llama-4-maverick-17b,0,epistemic_humility,0,4,4,already_correct,ambiguous,0.0,0.5582024,1.8389509,0.80662465
v5_ambiguous_0539,llama-4-maverick-17b,0,epistemic_humility,0,4,4,already_correct,ambiguous,0.2940688729286194,0.49458534,2.9516914,0.64680433
v5_ambiguous_0540,llama-4-maverick-17b,0,epistemic_humility,0,4,4,already_correct,ambiguous,0.7032616436481476,0.53970873,2.4189506,0.66170347
v5_ambiguous_0541,llama-4-maverick-17b,0,epistemic_humility,0,4,4,already_correct,ambiguous,0.2988302707672119,0.47575903,1.9665747,0.70694363
v5_ambiguous_0542,llama-4-maverick-17b,0,epistemic_humility,0,4,4,already_correct,ambiguous,0.6017590463161469,0.54247385,3.7623453,0.6340617
v5_ambiguous_0543,llama-4-maverick-17b,0,epistemic_humility,0,4,4,already_correct,ambiguous,0.2510327100753784,0.4837687,1.8429772,0.66702145
v5_ambiguous_0544,llama-4-maverick-17b,0,epistemic_humility,0,4,4,already_correct,ambiguous,0.7776008248329163,0.4832638,2.096811,0.797441
v5_ambiguous_0545,llama-4-maverick-17b,0,epistemic_humility,0,4,4,already_correct,ambiguous,0.8082228153944016,0.45560193,1.7936585,0.5964819
v5_ambiguous_0546,llama-4-maverick-17b,0,epistemic_humility,0,4,4,already_correct,ambiguous,0.7595808953046799,0.5828098,2.3941803,0.6775055
v5_ambiguous_0547,llama-4-maverick-17b,0,epistemic_humility,0,4,4,already_correct,ambiguous,0.8086758404970169,0.5196526,2.2448323,0.7170037
v5_ambiguous_0548,llama-4-maverick-17b,0,epistemic_humility,0,4,4,already_correct,ambiguous,0.0,0.5028688,2.1801164,0.69121593
v5_ambiguous_0549,llama-4-maverick-17b,0,epistemic_humility,0,4,4,already_correct,ambiguous,0.3545523285865783,0.5243974,2.3168237,0.604125
v5_ambiguous_0550,llama-4-maverick-17b,0,epistemic_humility,0,4,4,already_correct,ambiguous,0.3550683856010437,0.55859447,2.168655,0.6430689
v5_ambiguous_0551,llama-4-maverick-17b,0,epistemic_humility,0,4,4,already_correct,ambiguous,0.2543342709541321,0.4702931,2.5867617,0.6593978
v5_ambiguous_0552,llama-4-maverick-17b,0,epistemic_humility,0,4,4,already_correct,ambiguous,0.4738093018531799,0.4434598,1.9470654,0.68286055
v5_ambiguous_0553,llama-4-maverick-17b,0,epistemic_humility,0,4,4,already_correct,ambiguous,0.8501150459051132,0.484496,2.4944458,0.64734876
v5_ambiguous_0554,llama-4-maverick-17b,0,epistemic_humility,0,4,4,already_correct,ambiguous,0.1683045625686645,0.52358437,2.7451863,0.72760534
v5_ambiguous_0555,llama-4-maverick-17b,0,epistemic_humility,0,4,4,already_correct,ambiguous,0.585001528263092,0.5128063,1.9482081,0.7449714
v5_ambiguous_0556,llama-4-maverick-17b,0,epistemic_humility,0,4,4,already_correct,ambiguous,0.4309276342391968,0.4750914,2.227782,0.58286715
v5_ambiguous_0557,llama-4-maverick-17b,0,epistemic_humility,0,4,4,already_correct,ambiguous,0.8024830669164658,0.4767626,2.073276,0.64417017
v5_ambiguous_0558,llama-4-maverick-17b,0,epistemic_humility,0,4,4,already_correct,ambiguous,5.960464477539064e-08,0.54118794,2.0161698,0.6522417
v5_ambiguous_0559,llama-4-maverick-17b,0,epistemic_humility,0,4,4,already_correct,ambiguous,0.177391231060028,0.45754945,2.3334174,0.6259909
v5_ambiguous_0560,llama-4-maverick-17b,0,epistemic_humility,0,4,4,already_correct,ambiguous,0.2531745433807373,0.49453193,2.4622538,0.65698487
v5_ambiguous_0561,llama-4-maverick-17b,0,epistemic_humility,0,4,4,already_correct,ambiguous,0.7480047941207886,0.50515425,2.3763678,0.7010401
v5_ambiguous_0562,llama-4-maverick-17b,0,epistemic_humility,0,4,4,already_correct,ambiguous,0.0,0.51342905,2.0928922,0.6460844
v5_ambiguous_0563,llama-4-maverick-17b,0,epistemic_humility,0,4,4,already_correct,ambiguous,0.5314927101135254,0.54679495,2.052457,0.67920196
v5_ambiguous_0564,llama-4-maverick-17b,0,epistemic_humility,0,4,4,already_correct,ambiguous,0.7976943701505661,0.5108387,2.269891,0.6493411
v5_ambiguous_0565,llama-4-maverick-17b,0,epistemic_humility,0,4,4,already_correct,ambiguous,0.1726638674736023,0.4737429,2.2130055,0.6168065
v5_ambiguous_0566,llama-4-maverick-17b,2,epistemic_humility,0,4,2,fixed,ambiguous,0.5816817283630371,0.516729,2.4012513,0.6775659
v5_ambiguous_0567,llama-4-maverick-17b,0,epistemic_humility,0,4,4,already_correct,ambiguous,0.0109527111053466,0.52005637,1.6676857,0.7116554
v5_ambiguous_0568,llama-4-maverick-17b,0,epistemic_humility,0,4,4,already_correct,ambiguous,0.5247519314289093,0.4940679,1.9031134,0.7083761
v5_ambiguous_0569,llama-4-maverick-17b,0,epistemic_humility,0,4,4,already_correct,ambiguous,0.7894551753997803,0.54209363,2.1863565,0.73266655
v5_ambiguous_0570,llama-4-maverick-17b,0,epistemic_humility,0,4,4,already_correct,ambiguous,0.0,0.4944228,2.0742855,0.68247825
v5_ambiguous_0571,llama-4-maverick-17b,0,epistemic_humility,0,4,4,already_correct,ambiguous,0.6684659123420715,0.5085887,2.8847864,0.64516884
v5_ambiguous_0572,llama-4-maverick-17b,0,epistemic_humility,0,4,4,already_correct,ambiguous,-1.1920928955078125e-07,0.56405604,2.3399994,0.66183686
v5_ambiguous_0573,llama-4-maverick-17b,0,epistemic_humility,0,4,4,already_correct,ambiguous,0.0,0.4405691,2.2363846,0.66133255
v5_ambiguous_0574,llama-4-maverick-17b,0,epistemic_humility,0,4,4,already_correct,ambiguous,0.2370014786720276,0.55134296,2.7103946,0.5995852
v5_ambiguous_0575,llama-4-maverick-17b,0,epistemic_humility,0,4,4,already_correct,ambiguous,0.3398581743240356,0.41555578,2.102886,0.60849065
v5_ambiguous_0576,llama-4-maverick-17b,0,epistemic_humility,0,4,4,already_correct,ambiguous,0.1324506998062133,0.44901317,2.0620427,0.6147388
v5_ambiguous_0577,llama-4-maverick-17b,0,epistemic_humility,0,4,4,already_correct,ambiguous,0.0068841576576232,0.45279378,1.8073494,0.76922846
v5_ambiguous_0578,llama-4-maverick-17b,0,epistemic_humility,0,4,4,already_correct,ambiguous,0.7893198281526566,0.5148818,2.286352,0.7522658
v5_ambiguous_0579,llama-4-maverick-17b,0,epistemic_humility,0,4,4,already_correct,ambiguous,0.5727134048938751,0.49068576,3.1591644,0.62420136
v5_ambiguous_0580,llama-4-maverick-17b,0,epistemic_humility,0,4,4,already_correct,ambiguous,0.7382965087890625,0.5287634,1.8694812,0.6670691
v5_ambiguous_0581,llama-4-maverick-17b,0,epistemic_humility,0,4,4,already_correct,ambiguous,0.4830723404884338,0.5425068,2.4392328,0.72992253
v5_ambiguous_0582,llama-4-maverick-17b,0,epistemic_humility,0,4,4,already_correct,ambiguous,0.6435762941837311,0.5029875,2.4277627,0.6602782
v5_ambiguous_0583,llama-4-maverick-17b,0,epistemic_humility,0,4,4,already_correct,ambiguous,0.5107572078704834,0.5734904,2.4990525,0.6172569
v5_ambiguous_0584,llama-4-maverick-17b,0,epistemic_humility,0,4,4,already_correct,ambiguous,0.2684792280197143,0.5531298,2.6819537,0.7035204
v5_ambiguous_0585,llama-4-maverick-17b,0,epistemic_humility,0,4,4,already_correct,ambiguous,0.7265188694000244,0.5621203,2.244561,0.70701665
v5_ambiguous_0586,llama-4-maverick-17b,0,epistemic_humility,0,4,4,already_correct,ambiguous,0.6448580622673035,0.3976643,2.2460954,0.6807781
v5_ambiguous_0587,llama-4-maverick-17b,0,epistemic_humility,0,4,4,already_correct,ambiguous,-1.1920928955078125e-07,0.4755879,2.3518128,0.62755644
v5_ambiguous_0588,llama-4-maverick-17b,0,epistemic_humility,0,4,4,already_correct,ambiguous,0.5651408135890961,0.49770218,2.0228128,0.71484363
v5_ambiguous_0589,llama-4-maverick-17b,0,epistemic_humility,0,4,4,already_correct,ambiguous,0.8344081491231918,0.55707705,2.0491273,0.7022759
v5_ambiguous_0590,llama-4-maverick-17b,0,epistemic_humility,0,4,4,already_correct,ambiguous,0.519466906785965,0.47729433,2.3232362,0.66340864
v5_ambiguous_0591,llama-4-maverick-17b,0,epistemic_humility,0,4,4,already_correct,ambiguous,0.5946345329284668,0.5672392,2.7972565,0.6310652
v5_ambiguous_0592,llama-4-maverick-17b,0,epistemic_humility,0,4,4,already_correct,ambiguous,5.960464477539064e-08,0.5172287,2.3742056,0.63876194
v5_ambiguous_0593,llama-4-maverick-17b,0,epistemic_humility,0,4,4,already_correct,ambiguous,1.1920928955078125e-07,0.5326443,2.5000725,0.65564513
v5_ambiguous_0594,llama-4-maverick-17b,0,epistemic_humility,0,4,4,already_correct,ambiguous,0.6663837134838104,0.41810888,2.213454,0.63785607
v5_ambiguous_0595,llama-4-maverick-17b,0,entity_aware,0,4,1,regressed,ambiguous,0.4223825335502624,0.59361017,2.499391,0.6549652
v5_ambiguous_0596,llama-4-maverick-17b,0,epistemic_humility,0,4,4,already_correct,ambiguous,0.2396386265754699,0.46478093,3.6795857,0.649251
v5_ambiguous_0597,llama-4-maverick-17b,0,epistemic_humility,0,4,4,already_correct,ambiguous,0.3405581712722778,0.5496384,2.1588094,0.6242429
v5_ambiguous_0598,llama-4-maverick-17b,0,epistemic_humility,0,4,4,already_correct,ambiguous,0.2353604435920715,0.5408372,2.4669216,0.64574385
v5_ambiguous_0599,llama-4-maverick-17b,0,epistemic_humility,0,4,4,already_correct,ambiguous,0.8087553530931473,0.50128454,1.9967818,0.75756544
v5_ambiguous_0600,llama-4-maverick-17b,0,epistemic_humility,0,4,4,already_correct,ambiguous,0.0489426851272583,0.47847766,2.3092704,0.6968855
v5_borderline_edge_0001,llama-4-maverick-17b,0,epistemic_humility,0,4,4,already_correct,borderline_edge_factual,0.0,0.47005016,1.3930663,0.77812696
v5_borderline_edge_0002,llama-4-maverick-17b,0,epistemic_humility,0,4,4,already_correct,borderline_edge_factual,0.6315143704414368,0.41469777,1.6571959,0.7862127
v5_borderline_edge_0003,llama-4-maverick-17b,0,epistemic_humility,0,4,4,already_correct,borderline_edge_factual,0.1155983209609985,0.39417136,1.4718043,0.7346096
v5_borderline_edge_0004,llama-4-maverick-17b,0,epistemic_humility,0,4,4,already_correct,borderline_edge_factual,0.4716945886611938,0.36941695,1.5650569,0.8161024
v5_borderline_edge_0005,llama-4-maverick-17b,0,epistemic_humility,0,4,4,already_correct,borderline_edge_factual,0.7055274248123169,0.3780405,1.5285946,0.82655853
v5_borderline_edge_0006,llama-4-maverick-17b,0,epistemic_humility,0,4,4,already_correct,borderline_edge_factual,0.5092686116695404,0.4232735,1.4012061,0.78785497
v5_borderline_edge_0007,llama-4-maverick-17b,0,epistemic_humility,0,4,4,already_correct,borderline_edge_factual,-1.1920928955078125e-07,0.43581647,1.6502786,0.7325768
v5_borderline_edge_0008,llama-4-maverick-17b,0,epistemic_humility,0,4,4,already_correct,borderline_edge_factual,1.1920928955078125e-07,0.49546146,1.3316289,0.74660015
v5_borderline_edge_0009,llama-4-maverick-17b,0,epistemic_humility,0,4,4,already_correct,borderline_edge_factual,0.5906161069869995,0.40369964,1.4727768,0.7795847
v5_borderline_edge_0010,llama-4-maverick-17b,0,epistemic_humility,0,4,4,already_correct,borderline_edge_factual,5.960464477539064e-08,0.32913685,1.3583556,0.8034806
v5_borderline_edge_0011,llama-4-maverick-17b,0,epistemic_humility,0,4,4,already_correct,borderline_edge_factual,0.154010534286499,0.40298474,1.8337114,0.7113578
v5_borderline_edge_0012,llama-4-maverick-17b,0,epistemic_humility,0,4,4,already_correct,borderline_edge_factual,1.1920928955078125e-07,0.43139845,1.6793741,0.73253226
v5_borderline_edge_0013,llama-4-maverick-17b,0,epistemic_humility,0,4,4,already_correct,borderline_edge_factual,5.960464477539064e-08,0.4029739,1.9987719,0.7756026
v5_borderline_edge_0014,llama-4-maverick-17b,0,epistemic_humility,0,4,4,already_correct,borderline_edge_factual,0.6777533292770386,0.42125636,1.5359615,0.8037158
v5_borderline_edge_0015,llama-4-maverick-17b,0,epistemic_humility,0,4,4,already_correct,borderline_edge_factual,0.1416938304901123,0.36631936,1.4577318,0.8526969
v5_borderline_edge_0016,llama-4-maverick-17b,0,epistemic_humility,0,4,4,already_correct,borderline_edge_factual,0.4846316576004028,0.39466536,1.4585388,0.79224706
v5_borderline_edge_0017,llama-4-maverick-17b,0,epistemic_humility,0,4,4,already_correct,borderline_edge_factual,0.6526318490505219,0.42206854,1.6348226,0.7833824
v5_borderline_edge_0018,llama-4-maverick-17b,0,epistemic_humility,0,4,4,already_correct,borderline_edge_factual,0.0,0.4009611,2.0878854,0.8023786
v5_borderline_edge_0019,llama-4-maverick-17b,0,epistemic_humility,0,4,4,already_correct,borderline_edge_factual,0.3300540447235107,0.42791063,1.5705905,0.7417275
v5_borderline_edge_0020,llama-4-maverick-17b,0,epistemic_humility,0,4,4,already_correct,borderline_edge_factual,0.0,0.36631334,1.3727738,0.83532
v5_borderline_edge_0021,llama-4-maverick-17b,0,epistemic_humility,0,4,4,already_correct,borderline_edge_factual,0.5256439447402954,0.3602187,1.6828704,0.80836946
v5_borderline_edge_0022,llama-4-maverick-17b,0,epistemic_humility,0,4,4,already_correct,borderline_edge_factual,0.0,0.4153757,1.6118928,0.7053304
v5_borderline_edge_0023,llama-4-maverick-17b,0,fact_grounded,0,4,4,already_correct,borderline_edge_factual,5.960464477539064e-08,0.34000355,1.5115913,0.79282266
v5_borderline_edge_0024,llama-4-maverick-17b,0,epistemic_humility,0,4,4,already_correct,borderline_edge_factual,-1.1920928955078125e-07,0.44586372,2.09449,0.7977883
v5_borderline_edge_0025,llama-4-maverick-17b,0,epistemic_humility,0,4,4,already_correct,borderline_edge_factual,1.1920928955078125e-07,0.3932734,1.6459625,0.7541078
v5_borderline_edge_0026,llama-4-maverick-17b,0,epistemic_humility,0,4,3,regressed,borderline_edge_factual,0.0,0.35966384,1.4935329,0.79037654
v5_borderline_edge_0027,llama-4-maverick-17b,0,epistemic_humility,0,4,4,already_correct,borderline_edge_factual,0.1775983572006225,0.39723623,1.9381452,0.7598281
v5_borderline_edge_0028,llama-4-maverick-17b,0,epistemic_humility,0,4,4,already_correct,borderline_edge_factual,0.2053520083427429,0.38219094,1.4416698,0.8300245
v5_borderline_edge_0029,llama-4-maverick-17b,0,epistemic_humility,0,4,3,regressed,borderline_edge_factual,0.5569068193435669,0.3678254,1.4034581,0.794975
v5_borderline_edge_0030,llama-4-maverick-17b,0,epistemic_humility,0,4,4,already_correct,borderline_edge_factual,0.4353221654891968,0.4768437,1.5581753,0.7820871
v5_borderline_edge_0031,llama-4-maverick-17b,0,epistemic_humility,0,4,4,already_correct,borderline_edge_factual,0.4323596358299255,0.40971345,1.4999251,0.8257672
v5_borderline_edge_0032,llama-4-maverick-17b,0,epistemic_humility,0,4,4,already_correct,borderline_edge_factual,1.1920928955078125e-07,0.41677594,1.9351966,0.7479135
v5_borderline_edge_0033,llama-4-maverick-17b,0,epistemic_humility,0,4,4,already_correct,borderline_edge_factual,0.6170544624328613,0.46519768,1.5687044,0.7857771
v5_borderline_edge_0034,llama-4-maverick-17b,0,epistemic_humility,0,4,4,already_correct,borderline_edge_factual,0.6455379128456116,0.36431718,1.3592589,0.7477642
v5_borderline_edge_0035,llama-4-maverick-17b,0,epistemic_humility,0,4,4,already_correct,borderline_edge_factual,0.2430698871612548,0.407632,1.5660676,0.72679794
v5_borderline_edge_0036,llama-4-maverick-17b,0,epistemic_humility,0,4,4,already_correct,borderline_edge_factual,0.0724537372589111,0.40622002,1.6547128,0.7490935
v5_borderline_edge_0037,llama-4-maverick-17b,0,epistemic_humility,0,4,4,already_correct,borderline_edge_factual,0.6501861214637756,0.4139623,1.9738348,0.76863545
v5_borderline_edge_0038,llama-4-maverick-17b,0,epistemic_humility,0,4,4,already_correct,borderline_edge_factual,0.6099870800971985,0.4276256,1.6978302,0.7494903
v5_borderline_edge_0039,llama-4-maverick-17b,0,epistemic_humility,0,4,4,already_correct,borderline_edge_factual,-1.1920928955078125e-07,0.42193657,1.432675,0.8016331
v5_borderline_edge_0040,llama-4-maverick-17b,0,fact_grounded,0,4,4,already_correct,borderline_edge_factual,0.4104752540588379,0.42075062,1.4464037,0.7512907
v5_borderline_edge_0041,llama-4-maverick-17b,1,epistemic_humility,0,4,4,other,borderline_edge_factual,0.0,0.40909183,1.3582678,0.8169688
v5_borderline_edge_0042,llama-4-maverick-17b,0,epistemic_humility,0,4,4,already_correct,borderline_edge_factual,0.1795211434364318,0.38509876,2.015035,0.77093273
v5_borderline_edge_0043,llama-4-maverick-17b,0,epistemic_humility,0,4,4,already_correct,borderline_edge_factual,0.6094233393669128,0.4483744,1.6846799,0.7821454
v5_borderline_edge_0044,llama-4-maverick-17b,0,epistemic_humility,0,4,4,already_correct,borderline_edge_factual,0.5646031498908997,0.3960579,1.6194276,0.8488112
v5_borderline_edge_0045,llama-4-maverick-17b,0,epistemic_humility,0,4,4,already_correct,borderline_edge_factual,0.2712624669075012,0.33295727,1.6413925,0.8152829
v5_borderline_edge_0046,llama-4-maverick-17b,0,epistemic_humility,0,4,4,already_correct,borderline_edge_factual,-1.1920928955078125e-07,0.38208055,1.5481961,0.7821814
v5_borderline_edge_0047,llama-4-maverick-17b,0,epistemic_humility,0,4,4,already_correct,borderline_edge_factual,5.960464477539064e-08,0.4018625,1.5522342,0.76703453
v5_borderline_edge_0048,llama-4-maverick-17b,0,epistemic_humility,0,4,4,already_correct,borderline_edge_factual,0.8635749071836472,0.43310463,1.6816541,0.752508
v5_borderline_edge_0049,llama-4-maverick-17b,0,epistemic_humility,0,4,4,already_correct,borderline_edge_factual,0.380982756614685,0.4686215,1.4653778,0.7962346
v5_borderline_edge_0050,llama-4-maverick-17b,0,epistemic_humility,0,4,4,already_correct,borderline_edge_factual,0.5595843493938446,0.44952667,2.2725713,0.74803007
v5_borderline_edge_0051,llama-4-maverick-17b,0,epistemic_humility,0,4,4,already_correct,borderline_edge_factual,0.8398870676755905,0.45876467,1.6535745,0.80042654
v5_borderline_edge_0052,llama-4-maverick-17b,0,epistemic_humility,0,4,4,already_correct,borderline_edge_factual,0.8595965057611465,0.4737774,1.4747593,0.80448556
v5_borderline_edge_0053,llama-4-maverick-17b,0,epistemic_humility,0,4,4,already_correct,borderline_edge_factual,0.2277535796165466,0.4559694,1.6697502,0.74776244
v5_borderline_edge_0054,llama-4-maverick-17b,0,epistemic_humility,0,4,4,already_correct,borderline_edge_factual,0.5259187817573547,0.38778394,1.4221298,0.8209949
v5_borderline_edge_0055,llama-4-maverick-17b,0,epistemic_humility,0,4,4,already_correct,borderline_edge_factual,0.7963771820068359,0.45940447,1.981353,0.7701891
v5_borderline_edge_0056,llama-4-maverick-17b,2,structured_caution,1,4,1,fixed,borderline_edge_factual,0.0,0.36801088,1.4552712,0.73668134
v5_borderline_edge_0057,llama-4-maverick-17b,0,epistemic_humility,0,4,4,already_correct,borderline_edge_factual,0.4726898670196533,0.41592658,1.5087973,0.8020997
v5_borderline_edge_0058,llama-4-maverick-17b,0,epistemic_humility,0,4,4,already_correct,borderline_edge_factual,5.960464477539064e-08,0.40143543,2.0316784,0.7917267
v5_borderline_edge_0059,llama-4-maverick-17b,0,epistemic_humility,0,4,4,already_correct,borderline_edge_factual,0.758026972413063,0.41672534,1.6746851,0.75916606
v5_borderline_edge_0060,llama-4-maverick-17b,0,epistemic_humility,0,4,4,already_correct,borderline_edge_factual,0.2935680150985718,0.43251675,1.6971318,0.7275956
v5_borderline_edge_0061,llama-4-maverick-17b,0,epistemic_humility,0,4,4,already_correct,borderline_edge_factual,0.0905714035034179,0.39864606,1.5286747,0.74563706
v5_borderline_edge_0062,llama-4-maverick-17b,0,epistemic_humility,0,4,4,already_correct,borderline_edge_factual,5.960464477539064e-08,0.47192442,1.9481585,0.81152
v5_borderline_edge_0063,llama-4-maverick-17b,0,epistemic_humility,0,4,4,already_correct,borderline_edge_factual,0.0,0.45073396,1.5854084,0.78936076
v5_borderline_edge_0064,llama-4-maverick-17b,0,epistemic_humility,0,4,4,already_correct,borderline_edge_factual,0.8434946686029434,0.3723815,1.7384176,0.7711724
v5_borderline_edge_0065,llama-4-maverick-17b,0,epistemic_humility,0,4,4,already_correct,borderline_edge_factual,0.4229785203933716,0.50950766,2.44838,0.8415414
v5_borderline_edge_0066,llama-4-maverick-17b,0,epistemic_humility,0,4,4,already_correct,borderline_edge_factual,0.5362537801265717,0.39118838,1.5031297,0.81612074
v5_borderline_edge_0067,llama-4-maverick-17b,0,epistemic_humility,0,4,4,already_correct,borderline_edge_factual,5.960464477539064e-08,0.4843701,1.7465656,0.7778728
v5_borderline_edge_0068,llama-4-maverick-17b,0,epistemic_humility,0,4,4,already_correct,borderline_edge_factual,0.7322761118412018,0.47569895,1.8592865,0.7192142
v5_borderline_edge_0069,llama-4-maverick-17b,0,epistemic_humility,0,4,4,already_correct,borderline_edge_factual,0.1436278820037841,0.40152568,1.3749975,0.8361802
v5_borderline_edge_0070,llama-4-maverick-17b,0,epistemic_humility,0,4,4,already_correct,borderline_edge_factual,0.2758153080940246,0.4912458,1.6618428,0.7507377
v5_borderline_edge_0071,llama-4-maverick-17b,0,epistemic_humility,0,4,4,already_correct,borderline_edge_factual,0.8089744001626968,0.47246897,1.6397136,0.8249128
v5_borderline_edge_0072,llama-4-maverick-17b,0,epistemic_humility,0,4,4,already_correct,borderline_edge_factual,0.1332466006278991,0.36822253,1.3804809,0.8631356
v5_borderline_edge_0073,llama-4-maverick-17b,0,epistemic_humility,0,4,4,already_correct,borderline_edge_factual,0.8033029437065125,0.3781479,2.055685,0.7830226
v5_borderline_edge_0074,llama-4-maverick-17b,0,epistemic_humility,0,4,4,already_correct,borderline_edge_factual,0.121080994606018,0.35062772,1.3739841,0.76529074
v5_borderline_edge_0075,llama-4-maverick-17b,0,epistemic_humility,0,4,4,already_correct,borderline_edge_factual,0.4363085031509399,0.4347551,1.4794929,0.8108157
v5_borderline_edge_0076,llama-4-maverick-17b,0,epistemic_humility,0,4,4,already_correct,borderline_edge_factual,-1.1920928955078125e-07,0.37628382,1.3220713,0.8303608
v5_borderline_edge_0077,llama-4-maverick-17b,0,epistemic_humility,0,4,4,already_correct,borderline_edge_factual,0.0,0.45097202,1.6034636,0.7336847
v5_borderline_edge_0078,llama-4-maverick-17b,0,epistemic_humility,0,4,4,already_correct,borderline_edge_factual,5.960464477539064e-08,0.43796307,1.540946,0.785176
v5_borderline_edge_0079,llama-4-maverick-17b,0,epistemic_humility,0,4,4,already_correct,borderline_edge_factual,0.278454065322876,0.44649237,1.6532712,0.73283994
v5_borderline_edge_0080,llama-4-maverick-17b,0,epistemic_humility,0,4,4,already_correct,borderline_edge_factual,0.802168682217598,0.40999216,1.8768884,0.7595097
v5_borderline_edge_0081,llama-4-maverick-17b,0,epistemic_humility,0,4,4,already_correct,borderline_edge_factual,5.960464477539064e-08,0.410051,1.5307567,0.7390325
v5_borderline_edge_0082,llama-4-maverick-17b,0,epistemic_humility,0,4,4,already_correct,borderline_edge_factual,0.806987002491951,0.4254375,1.8334204,0.75371015
v5_borderline_edge_0083,llama-4-maverick-17b,0,epistemic_humility,0,4,4,already_correct,borderline_edge_factual,5.960464477539064e-08,0.40422112,1.8140372,0.7910183
v5_borderline_edge_0084,llama-4-maverick-17b,0,epistemic_humility,0,4,4,already_correct,borderline_edge_factual,5.960464477539064e-08,0.4294561,1.5342183,0.78152907
v5_borderline_edge_0085,llama-4-maverick-17b,0,epistemic_humility,0,4,4,already_correct,borderline_edge_factual,0.2583515048027038,0.40112656,1.5557039,0.7986969
v5_borderline_edge_0086,llama-4-maverick-17b,0,epistemic_humility,0,4,4,already_correct,borderline_edge_factual,0.0,0.3956877,1.7040776,0.7725284
v5_borderline_edge_0087,llama-4-maverick-17b,0,epistemic_humility,0,4,4,already_correct,borderline_edge_factual,0.1429579257965088,0.37899566,1.3724918,0.80900836
v5_borderline_edge_0088,llama-4-maverick-17b,0,epistemic_humility,0,4,4,already_correct,borderline_edge_factual,0.4361674189567566,0.37949812,1.3669125,0.82471174
v5_borderline_edge_0089,llama-4-maverick-17b,0,epistemic_humility,0,4,4,already_correct,borderline_edge_factual,0.4338350296020508,0.46518123,1.6007717,0.76354396
v5_borderline_edge_0090,llama-4-maverick-17b,0,epistemic_humility,0,4,4,already_correct,borderline_edge_factual,0.4570650458335876,0.46713734,1.5876701,0.75930464
v5_borderline_edge_0091,llama-4-maverick-17b,0,epistemic_humility,0,4,4,already_correct,borderline_edge_factual,0.0096982717514038,0.4601032,2.2194915,0.80429816
v5_borderline_edge_0092,llama-4-maverick-17b,0,epistemic_humility,0,4,4,already_correct,borderline_edge_factual,1.788139343261719e-07,0.37284738,1.3439877,0.7796724
v5_borderline_edge_0093,llama-4-maverick-17b,0,epistemic_humility,0,4,4,already_correct,borderline_edge_factual,0.5764818787574768,0.46056217,2.3196592,0.77806985
v5_borderline_edge_0094,llama-4-maverick-17b,0,epistemic_humility,0,4,4,already_correct,borderline_edge_factual,0.0,0.5082265,1.4630331,0.7771435
v5_borderline_edge_0095,llama-4-maverick-17b,0,epistemic_humility,0,4,4,already_correct,borderline_edge_factual,0.749642550945282,0.44646925,1.3718427,0.8942867
v5_borderline_edge_0096,llama-4-maverick-17b,0,epistemic_humility,0,4,4,already_correct,borderline_edge_factual,0.0922983288764953,0.3922171,1.4313569,0.8011162
v5_borderline_edge_0097,llama-4-maverick-17b,0,epistemic_humility,0,4,4,already_correct,borderline_edge_factual,-1.1920928955078125e-07,0.4019842,1.3724755,0.7815386
v5_borderline_edge_0098,llama-4-maverick-17b,0,epistemic_humility,0,4,4,already_correct,borderline_edge_factual,0.565648078918457,0.4491037,2.3182287,0.7720077
v5_borderline_edge_0099,llama-4-maverick-17b,0,epistemic_humility,0,4,4,already_correct,borderline_edge_factual,1.1920928955078125e-07,0.46988517,1.6452042,0.8200293
v5_borderline_edge_0100,llama-4-maverick-17b,0,epistemic_humility,0,4,4,already_correct,borderline_edge_factual,0.5445363521575928,0.44909334,1.5780494,0.7341186
v5_borderline_edge_0101,llama-4-maverick-17b,0,epistemic_humility,0,4,4,already_correct,borderline_edge_factual,0.0,0.45297784,1.817945,0.73121077
v5_borderline_edge_0102,llama-4-maverick-17b,0,epistemic_humility,0,4,4,already_correct,borderline_edge_factual,0.0,0.3831851,1.9136683,0.7944448
v5_borderline_edge_0103,llama-4-maverick-17b,0,epistemic_humility,0,4,4,already_correct,borderline_edge_factual,0.6891591846942902,0.49648613,2.276212,0.73251456
v5_borderline_edge_0104,llama-4-maverick-17b,0,epistemic_humility,0,4,4,already_correct,borderline_edge_factual,0.3157144784927368,0.5245621,1.788116,0.7661363
v5_borderline_edge_0105,llama-4-maverick-17b,0,epistemic_humility,0,4,4,already_correct,borderline_edge_factual,0.0118541121482849,0.47466433,1.5276442,0.73473907
v5_borderline_edge_0106,llama-4-maverick-17b,0,epistemic_humility,0,4,4,already_correct,borderline_edge_factual,0.1549814343452453,0.4461422,1.4821029,0.73853093
v5_borderline_edge_0107,llama-4-maverick-17b,0,epistemic_humility,0,4,4,already_correct,borderline_edge_factual,0.305648922920227,0.4271496,1.7771928,0.73649263
v5_borderline_edge_0108,llama-4-maverick-17b,1,epistemic_humility,0,4,4,other,borderline_edge_factual,0.3312327861785888,0.43436694,1.4695661,0.73908997
v5_borderline_edge_0109,llama-4-maverick-17b,0,epistemic_humility,0,4,4,already_correct,borderline_edge_factual,0.0,0.4399473,1.5548842,0.68828064
v5_borderline_edge_0110,llama-4-maverick-17b,0,epistemic_humility,0,4,4,already_correct,borderline_edge_factual,0.1997379660606384,0.39830422,1.4688078,0.7222679
v5_borderline_edge_0111,llama-4-maverick-17b,0,epistemic_humility,0,4,4,already_correct,borderline_edge_factual,0.6938874423503876,0.38502198,1.7947567,0.7964357
v5_borderline_edge_0112,llama-4-maverick-17b,0,epistemic_humility,0,4,4,already_correct,borderline_edge_factual,0.0125719308853149,0.4101163,1.5118384,0.770771
v5_borderline_edge_0113,llama-4-maverick-17b,0,epistemic_humility,0,4,4,already_correct,borderline_edge_factual,0.1987000107765197,0.3392594,1.4724897,0.8260635
v5_borderline_edge_0114,llama-4-maverick-17b,0,epistemic_humility,0,4,4,already_correct,borderline_edge_factual,0.6947419047355652,0.4757626,1.7853804,0.7825136
v5_borderline_edge_0115,llama-4-maverick-17b,0,epistemic_humility,0,4,4,already_correct,borderline_edge_factual,0.597417414188385,0.3847407,1.5384816,0.7522669
v5_borderline_edge_0116,llama-4-maverick-17b,0,epistemic_humility,0,4,4,already_correct,borderline_edge_factual,0.2483834028244018,0.46721083,1.836977,0.7753468
v5_borderline_edge_0117,llama-4-maverick-17b,0,epistemic_humility,0,4,4,already_correct,borderline_edge_factual,0.5049267709255219,0.47078896,1.5439512,0.8476106
v5_borderline_edge_0118,llama-4-maverick-17b,1,structured_caution,0,4,4,other,borderline_edge_factual,0.0,0.4859938,1.2490495,0.90465605
v5_borderline_edge_0119,llama-4-maverick-17b,0,epistemic_humility,0,4,4,already_correct,borderline_edge_factual,0.8580266684293747,0.4422707,1.7174474,0.7476966
v5_borderline_edge_0120,llama-4-maverick-17b,0,epistemic_humility,0,4,4,already_correct,borderline_edge_factual,0.1453235745429992,0.45112687,1.4359671,0.7725065
v5_borderline_edge_0121,llama-4-maverick-17b,0,epistemic_humility,0,4,4,already_correct,borderline_edge_factual,5.960464477539064e-08,0.40749294,1.6843697,0.7429564
v5_borderline_edge_0122,llama-4-maverick-17b,0,epistemic_humility,0,4,4,already_correct,borderline_edge_factual,0.2064633965492248,0.3521093,1.484705,0.809469
v5_borderline_edge_0123,llama-4-maverick-17b,0,epistemic_humility,0,4,4,already_correct,borderline_edge_factual,0.8434944301843643,0.37912738,1.814939,0.75851303
v5_borderline_edge_0124,llama-4-maverick-17b,0,epistemic_humility,0,4,4,already_correct,borderline_edge_factual,0.7307935059070587,0.39145023,1.8348874,0.7554908
v5_borderline_edge_0125,llama-4-maverick-17b,0,epistemic_humility,0,4,4,already_correct,borderline_edge_factual,0.7573665231466293,0.4504658,1.6991069,0.7794368
v5_borderline_edge_0126,llama-4-maverick-17b,0,epistemic_humility,0,4,4,already_correct,borderline_edge_factual,0.2498362064361572,0.42589337,1.4605229,0.79211605
v5_borderline_edge_0127,llama-4-maverick-17b,0,epistemic_humility,0,4,4,already_correct,borderline_edge_factual,0.0,0.38316387,2.0640788,0.8041408
v5_borderline_edge_0128,llama-4-maverick-17b,0,epistemic_humility,0,4,4,already_correct,borderline_edge_factual,5.960464477539064e-08,0.41546863,1.5829945,0.7392171
v5_borderline_edge_0129,llama-4-maverick-17b,0,epistemic_humility,0,4,4,already_correct,borderline_edge_factual,-1.1920928955078125e-07,0.43354857,1.448687,0.73245776
v5_borderline_edge_0130,llama-4-maverick-17b,0,epistemic_humility,0,4,4,already_correct,borderline_edge_factual,0.3506522178649902,0.36214268,1.4699724,0.7848445
v5_borderline_fake_0001,llama-4-maverick-17b,2,epistemic_humility,0,4,4,fixed,borderline_plausible_fake,5.960464477539064e-08,0.5064286,1.9121644,0.6733068
v5_borderline_fake_0002,llama-4-maverick-17b,0,epistemic_humility,0,4,4,already_correct,borderline_plausible_fake,5.960464477539064e-08,0.5029788,1.701124,0.6883464
v5_borderline_fake_0003,llama-4-maverick-17b,2,epistemic_humility,0,4,2,fixed,borderline_plausible_fake,-1.1920928955078125e-07,0.48277426,1.5500487,0.7543547
v5_borderline_fake_0004,llama-4-maverick-17b,0,epistemic_humility,0,4,4,already_correct,borderline_plausible_fake,0.6510353684425354,0.5183457,2.038538,0.6620938
v5_borderline_fake_0005,llama-4-maverick-17b,2,epistemic_humility,2,4,0,still_broken,borderline_plausible_fake,0.5356787741184235,0.58930945,1.9266336,0.6806456
v5_borderline_fake_0006,llama-4-maverick-17b,0,fact_grounded,0,4,2,regressed,borderline_plausible_fake,0.4851560592651367,0.43820977,1.768263,0.8328081
v5_borderline_fake_0007,llama-4-maverick-17b,0,epistemic_humility,0,4,4,already_correct,borderline_plausible_fake,0.5135833621025085,0.4777938,1.887957,0.7425274
v5_borderline_fake_0008,llama-4-maverick-17b,0,epistemic_humility,0,4,4,already_correct,borderline_plausible_fake,0.1093402504920959,0.5557232,1.814464,0.67672557
v5_borderline_fake_0009,llama-4-maverick-17b,2,epistemic_humility,0,4,1,fixed,borderline_plausible_fake,0.7728038132190704,0.5004198,1.6326237,0.7476182
v5_borderline_fake_0010,llama-4-maverick-17b,0,epistemic_humility,0,4,4,already_correct,borderline_plausible_fake,0.8411297649145126,0.44803375,2.136112,0.67206466
v5_borderline_fake_0011,llama-4-maverick-17b,2,epistemic_humility,0,4,4,fixed,borderline_plausible_fake,0.8710500299930573,0.56024873,1.9327037,0.57477194
v5_borderline_fake_0012,llama-4-maverick-17b,0,structured_caution,0,4,1,regressed,borderline_plausible_fake,0.0773553252220153,0.4346714,1.5825872,0.7599455
v5_borderline_fake_0013,llama-4-maverick-17b,0,epistemic_humility,0,4,4,already_correct,borderline_plausible_fake,0.8569756746292114,0.50453794,1.8287175,0.68329906
v5_borderline_fake_0014,llama-4-maverick-17b,0,epistemic_humility,0,4,4,already_correct,borderline_plausible_fake,0.1522535681724548,0.48950046,1.8585454,0.6383822
v5_borderline_fake_0015,llama-4-maverick-17b,0,epistemic_humility,0,4,4,already_correct,borderline_plausible_fake,0.7094338238239288,0.44933158,1.6808097,0.77423275
v5_borderline_fake_0016,llama-4-maverick-17b,0,epistemic_humility,0,4,4,already_correct,borderline_plausible_fake,0.713245689868927,0.5017066,1.9882343,0.667668
v5_borderline_fake_0017,llama-4-maverick-17b,2,epistemic_humility,0,4,4,fixed,borderline_plausible_fake,0.5454438924789429,0.5161349,2.032861,0.6305413
v5_borderline_fake_0018,llama-4-maverick-17b,2,epistemic_humility,0,4,4,fixed,borderline_plausible_fake,5.960464477539064e-08,0.47313446,1.8513166,0.7570795
v5_borderline_fake_0019,llama-4-maverick-17b,0,epistemic_humility,0,4,4,already_correct,borderline_plausible_fake,5.960464477539064e-08,0.5074283,1.6573257,0.7907204
v5_borderline_fake_0020,llama-4-maverick-17b,2,epistemic_humility,0,4,4,fixed,borderline_plausible_fake,0.7146364152431488,0.5460324,2.0023844,0.6261955
v5_borderline_fake_0021,llama-4-maverick-17b,0,epistemic_humility,0,4,3,regressed,borderline_plausible_fake,0.3837663531303406,0.48190624,1.8643746,0.80238855
v5_borderline_fake_0022,llama-4-maverick-17b,0,epistemic_humility,0,4,4,already_correct,borderline_plausible_fake,0.643938422203064,0.52289426,1.8037821,0.7581617
v5_borderline_fake_0023,llama-4-maverick-17b,0,epistemic_humility,0,4,4,already_correct,borderline_plausible_fake,0.6608203947544098,0.5812164,1.9373981,0.5757949
v5_borderline_fake_0024,llama-4-maverick-17b,0,epistemic_humility,0,4,4,already_correct,borderline_plausible_fake,0.5987044274806976,0.51177776,1.8894901,0.7275845
v5_borderline_fake_0025,llama-4-maverick-17b,0,epistemic_humility,0,4,4,already_correct,borderline_plausible_fake,0.3499122858047485,0.4941026,1.7012157,0.72701967
v5_borderline_fake_0026,llama-4-maverick-17b,2,epistemic_humility,0,4,4,fixed,borderline_plausible_fake,-1.1920928955078125e-07,0.63081753,2.241806,0.57109237
v5_borderline_fake_0027,llama-4-maverick-17b,2,epistemic_humility,0,4,4,fixed,borderline_plausible_fake,0.5624741911888123,0.53832334,1.8771763,0.6030541
v5_borderline_fake_0028,llama-4-maverick-17b,0,epistemic_humility,0,4,4,already_correct,borderline_plausible_fake,0.1889866590499878,0.52133185,1.6459138,0.80394983
v5_borderline_fake_0029,llama-4-maverick-17b,2,epistemic_humility,0,4,4,fixed,borderline_plausible_fake,0.7341542541980743,0.59656525,1.9270687,0.640107
v5_borderline_fake_0030,llama-4-maverick-17b,2,epistemic_humility,0,4,2,fixed,borderline_plausible_fake,0.2424435019493103,0.4851684,1.6814413,0.84267855
v5_borderline_fake_0031,llama-4-maverick-17b,0,epistemic_humility,0,4,4,already_correct,borderline_plausible_fake,0.6753067672252655,0.46911442,1.9272557,0.74147576
v5_borderline_fake_0032,llama-4-maverick-17b,0,epistemic_humility,0,4,4,already_correct,borderline_plausible_fake,0.8821658045053482,0.5064094,1.8839344,0.7154001
v5_borderline_fake_0033,llama-4-maverick-17b,2,epistemic_humility,2,4,0,still_broken,borderline_plausible_fake,0.7572605609893799,0.4783219,1.6065717,0.80794764
v5_borderline_fake_0034,llama-4-maverick-17b,0,epistemic_humility,0,4,4,already_correct,borderline_plausible_fake,0.2136409878730774,0.5304349,1.6902705,0.6494078
v5_borderline_fake_0035,llama-4-maverick-17b,0,entity_aware,0,4,2,regressed,borderline_plausible_fake,0.6025848388671875,0.5742835,1.8099912,0.65984356
v5_borderline_fake_0036,llama-4-maverick-17b,0,epistemic_humility,0,4,4,already_correct,borderline_plausible_fake,0.3578656911849975,0.50338566,1.7569858,0.73954856
v5_borderline_fake_0037,llama-4-maverick-17b,0,epistemic_humility,0,4,4,already_correct,borderline_plausible_fake,0.5315631330013275,0.5616813,1.9109433,0.5896857
v5_borderline_fake_0038,llama-4-maverick-17b,0,epistemic_humility,0,4,4,already_correct,borderline_plausible_fake,0.7720439732074738,0.54259,1.7729129,0.65495145
v5_borderline_fake_0039,llama-4-maverick-17b,0,epistemic_humility,0,4,4,already_correct,borderline_plausible_fake,0.5067666172981262,0.51267326,1.9454429,0.7491006
v5_borderline_fake_0040,llama-4-maverick-17b,0,epistemic_humility,0,4,4,already_correct,borderline_plausible_fake,0.5907415747642517,0.5015486,1.895589,0.6976706
v5_borderline_fake_0041,llama-4-maverick-17b,0,epistemic_humility,0,4,4,already_correct,borderline_plausible_fake,-1.1920928955078125e-07,0.58694935,2.1257946,0.6716889
v5_borderline_fake_0042,llama-4-maverick-17b,2,epistemic_humility,0,4,4,fixed,borderline_plausible_fake,0.0,0.42337692,1.6261425,0.7960841
v5_borderline_fake_0043,llama-4-maverick-17b,3,epistemic_humility,0,4,4,other,borderline_plausible_fake,0.3120118379592895,0.5456568,1.8577291,0.5593422
v5_borderline_fake_0044,llama-4-maverick-17b,2,epistemic_humility,0,4,3,fixed,borderline_plausible_fake,5.960464477539064e-08,0.5405197,1.857796,0.7109754
v5_borderline_fake_0045,llama-4-maverick-17b,2,entity_aware,0,4,1,fixed,borderline_plausible_fake,0.5343643128871918,0.47591263,1.8283406,0.73859924
v5_borderline_fake_0046,llama-4-maverick-17b,0,epistemic_humility,0,4,4,already_correct,borderline_plausible_fake,0.7149238586425781,0.503085,1.6463685,0.70710796
v5_borderline_fake_0047,llama-4-maverick-17b,2,structured_caution,0,4,1,fixed,borderline_plausible_fake,0.3641282320022583,0.499824,1.8468702,0.65069795
v5_borderline_fake_0048,llama-4-maverick-17b,3,epistemic_humility,0,4,4,other,borderline_plausible_fake,0.8530662655830383,0.45524222,1.8016481,0.7819588
v5_borderline_fake_0049,llama-4-maverick-17b,0,epistemic_humility,0,4,4,already_correct,borderline_plausible_fake,0.4562309980392456,0.4801693,1.9531133,0.68407834
v5_borderline_fake_0050,llama-4-maverick-17b,2,epistemic_humility,0,4,4,fixed,borderline_plausible_fake,0.8136787563562393,0.5302502,1.8554192,0.64110434
v5_borderline_fake_0051,llama-4-maverick-17b,0,epistemic_humility,0,4,4,already_correct,borderline_plausible_fake,0.079486608505249,0.49776995,1.7331328,0.71020895
v5_borderline_fake_0052,llama-4-maverick-17b,1,epistemic_humility,0,4,4,other,borderline_plausible_fake,0.7296704053878784,0.5405653,1.8588206,0.6406984
v5_borderline_fake_0053,llama-4-maverick-17b,0,epistemic_humility,0,4,4,already_correct,borderline_plausible_fake,0.8234285116195679,0.49084067,1.7676462,0.63129514
v5_borderline_fake_0054,llama-4-maverick-17b,0,epistemic_humility,0,4,3,regressed,borderline_plausible_fake,0.6779636740684509,0.44760263,1.545007,0.8169133
v5_borderline_fake_0055,llama-4-maverick-17b,0,fact_grounded,0,4,3,regressed,borderline_plausible_fake,0.5141739845275879,0.51213527,1.9352593,0.6352831
v5_borderline_fake_0056,llama-4-maverick-17b,0,epistemic_humility,0,4,4,already_correct,borderline_plausible_fake,5.960464477539064e-08,0.552592,1.9805186,0.6555684
v5_borderline_fake_0057,llama-4-maverick-17b,0,epistemic_humility,0,4,4,already_correct,borderline_plausible_fake,0.2913270592689514,0.51485085,1.7664757,0.76321954
v5_borderline_fake_0058,llama-4-maverick-17b,0,epistemic_humility,0,4,4,already_correct,borderline_plausible_fake,0.5345684587955475,0.5351979,1.7954003,0.59151006
v5_borderline_fake_0059,llama-4-maverick-17b,0,epistemic_humility,0,4,3,regressed,borderline_plausible_fake,0.8598696142435074,0.5265566,1.954596,0.62325275
v5_borderline_fake_0060,llama-4-maverick-17b,0,epistemic_humility,0,4,4,already_correct,borderline_plausible_fake,0.4555708169937134,0.5231117,1.7560186,0.7295816
v5_borderline_fake_0061,llama-4-maverick-17b,2,epistemic_humility,0,4,4,fixed,borderline_plausible_fake,0.4117168188095093,0.4624912,1.4738137,0.84343517
v5_borderline_fake_0062,llama-4-maverick-17b,0,fact_grounded,0,4,4,already_correct,borderline_plausible_fake,-1.1920928955078125e-07,0.59196717,1.8995533,0.64382493
v5_borderline_fake_0063,llama-4-maverick-17b,0,epistemic_humility,0,4,4,already_correct,borderline_plausible_fake,1.1920928955078125e-07,0.5219313,1.7772876,0.77013403
v5_borderline_fake_0064,llama-4-maverick-17b,3,epistemic_humility,0,4,4,other,borderline_plausible_fake,0.1627925038337707,0.4953277,1.648961,0.7352365
v5_borderline_fake_0065,llama-4-maverick-17b,0,epistemic_humility,0,4,4,already_correct,borderline_plausible_fake,0.8752529919147491,0.51786137,1.9173641,0.68897426
v5_borderline_fake_0066,llama-4-maverick-17b,0,epistemic_humility,0,4,4,already_correct,borderline_plausible_fake,0.3232554793357849,0.5340021,1.6941886,0.71690184
v5_borderline_fake_0067,llama-4-maverick-17b,0,epistemic_humility,0,4,4,already_correct,borderline_plausible_fake,-1.1920928955078125e-07,0.50170827,1.9016582,0.56491774
v5_borderline_fake_0068,llama-4-maverick-17b,0,epistemic_humility,0,4,4,already_correct,borderline_plausible_fake,0.5563219785690308,0.5389557,1.6904618,0.6571026
v5_borderline_fake_0069,llama-4-maverick-17b,0,epistemic_humility,0,4,4,already_correct,borderline_plausible_fake,0.6169725656509399,0.4891489,1.7297992,0.7735029
v5_borderline_fake_0070,llama-4-maverick-17b,0,epistemic_humility,0,4,4,already_correct,borderline_plausible_fake,0.3644602298736572,0.5687808,1.9380547,0.57235026
v5_borderline_fake_0071,llama-4-maverick-17b,0,epistemic_humility,0,4,4,already_correct,borderline_plausible_fake,0.8496516197919846,0.5153178,1.7615246,0.67195934
v5_borderline_fake_0072,llama-4-maverick-17b,2,epistemic_humility,0,4,2,fixed,borderline_plausible_fake,0.7487401068210602,0.47424394,1.5343823,0.79072213
v5_borderline_fake_0073,llama-4-maverick-17b,0,epistemic_humility,0,4,4,already_correct,borderline_plausible_fake,0.1440967917442321,0.51074547,1.8234037,0.6923324
v5_borderline_fake_0074,llama-4-maverick-17b,2,entity_aware,0,4,2,fixed,borderline_plausible_fake,0.4462167024612427,0.4667194,1.862216,0.6766005
v5_borderline_fake_0075,llama-4-maverick-17b,3,epistemic_humility,0,4,4,other,borderline_plausible_fake,-1.1920928955078125e-07,0.51478493,1.6540568,0.7635775
v5_borderline_fake_0076,llama-4-maverick-17b,3,epistemic_humility,0,4,4,other,borderline_plausible_fake,0.743819922208786,0.46943766,1.7638938,0.74952555
v5_borderline_fake_0077,llama-4-maverick-17b,2,epistemic_humility,2,4,0,still_broken,borderline_plausible_fake,0.6416222751140594,0.5999971,1.9315795,0.6652498
v5_borderline_fake_0078,llama-4-maverick-17b,3,epistemic_humility,0,4,4,other,borderline_plausible_fake,0.0249981880187988,0.5046878,1.8351295,0.7303207
v5_borderline_fake_0079,llama-4-maverick-17b,0,epistemic_humility,0,4,4,already_correct,borderline_plausible_fake,0.0,0.502064,1.7995828,0.7361193
v5_borderline_fake_0080,llama-4-maverick-17b,0,epistemic_humility,0,4,4,already_correct,borderline_plausible_fake,0.0,0.6269525,1.8505211,0.63790894
v5_borderline_fake_0081,llama-4-maverick-17b,2,entity_aware,0,4,2,fixed,borderline_plausible_fake,0.5841352939605713,0.50009096,1.6792258,0.67196923
v5_borderline_fake_0082,llama-4-maverick-17b,0,epistemic_humility,0,4,4,already_correct,borderline_plausible_fake,0.3046256899833679,0.5027804,1.7594874,0.7404735
v5_borderline_fake_0083,llama-4-maverick-17b,2,epistemic_humility,2,4,0,still_broken,borderline_plausible_fake,0.3787848353385925,0.535374,1.5481015,0.7536216
v5_borderline_fake_0084,llama-4-maverick-17b,2,epistemic_humility,0,4,3,fixed,borderline_plausible_fake,0.6212300062179565,0.4718809,1.6765718,0.7834824
v5_borderline_fake_0085,llama-4-maverick-17b,0,epistemic_humility,0,4,4,already_correct,borderline_plausible_fake,-1.1920928955078125e-07,0.48597604,1.8943697,0.6364821
v5_borderline_fake_0086,llama-4-maverick-17b,0,epistemic_humility,0,4,4,already_correct,borderline_plausible_fake,-1.1920928955078125e-07,0.49524218,1.7205052,0.70411754
v5_borderline_fake_0087,llama-4-maverick-17b,0,epistemic_humility,0,4,4,already_correct,borderline_plausible_fake,0.4686554074287414,0.5128051,1.8363116,0.69834554
v5_borderline_fake_0088,llama-4-maverick-17b,0,epistemic_humility,0,4,4,already_correct,borderline_plausible_fake,0.747969776391983,0.47988683,1.9041102,0.7451552
v5_borderline_fake_0089,llama-4-maverick-17b,2,epistemic_humility,0,4,3,fixed,borderline_plausible_fake,0.8309837877750397,0.56677055,1.830774,0.6754648
v5_borderline_fake_0090,llama-4-maverick-17b,0,epistemic_humility,0,4,4,already_correct,borderline_plausible_fake,0.4833593368530273,0.45433438,1.6348134,0.782078
v5_borderline_fake_0091,llama-4-maverick-17b,0,epistemic_humility,0,4,4,already_correct,borderline_plausible_fake,0.1634888052940368,0.5756462,1.7677575,0.6823231
v5_borderline_fake_0092,llama-4-maverick-17b,2,epistemic_humility,0,4,2,fixed,borderline_plausible_fake,0.7395785450935364,0.5354555,1.8400977,0.6733002
v5_borderline_fake_0093,llama-4-maverick-17b,0,epistemic_humility,0,4,4,already_correct,borderline_plausible_fake,0.7039974927902222,0.46096838,1.7793257,0.7959735
v5_borderline_fake_0094,llama-4-maverick-17b,0,epistemic_humility,0,4,4,already_correct,borderline_plausible_fake,-1.1920928955078125e-07,0.5128729,1.5815728,0.7903099
v5_borderline_fake_0095,llama-4-maverick-17b,2,epistemic_humility,0,4,1,fixed,borderline_plausible_fake,0.7953579723834991,0.5665244,1.8584567,0.61260206
v5_borderline_fake_0096,llama-4-maverick-17b,0,epistemic_humility,0,4,4,already_correct,borderline_plausible_fake,0.8403376936912537,0.49768984,1.6982037,0.76578224
v5_borderline_fake_0097,llama-4-maverick-17b,0,epistemic_humility,0,4,4,already_correct,borderline_plausible_fake,0.6468349099159241,0.5526728,1.7736417,0.65541637
v5_borderline_fake_0098,llama-4-maverick-17b,2,epistemic_humility,0,4,4,fixed,borderline_plausible_fake,0.6772118806838989,0.5279464,1.8474772,0.6629045
v5_borderline_fake_0099,llama-4-maverick-17b,0,epistemic_humility,0,4,4,already_correct,borderline_plausible_fake,0.5788555145263672,0.500656,1.7777638,0.6333034
v5_borderline_fake_0100,llama-4-maverick-17b,0,epistemic_humility,0,4,4,already_correct,borderline_plausible_fake,0.576718807220459,0.50846064,1.7817869,0.6974343
v5_borderline_fake_0101,llama-4-maverick-17b,0,epistemic_humility,0,4,4,already_correct,borderline_plausible_fake,0.5886337757110596,0.5435616,1.8504114,0.6818459
v5_borderline_fake_0102,llama-4-maverick-17b,2,epistemic_humility,0,4,4,fixed,borderline_plausible_fake,0.0,0.48238778,1.688675,0.73843956
v5_borderline_fake_0103,llama-4-maverick-17b,0,fact_grounded,0,4,2,regressed,borderline_plausible_fake,0.7429980039596558,0.5226053,1.6559448,0.732889
v5_borderline_fake_0104,llama-4-maverick-17b,2,entity_aware,0,4,1,fixed,borderline_plausible_fake,0.5886225402355194,0.530119,1.9075133,0.68073916
v5_borderline_fake_0105,llama-4-maverick-17b,0,epistemic_humility,0,4,4,already_correct,borderline_plausible_fake,0.0,0.5192476,1.7173363,0.78672457
v5_borderline_fake_0106,llama-4-maverick-17b,0,epistemic_humility,0,4,4,already_correct,borderline_plausible_fake,0.6393397450447083,0.52889097,1.9116488,0.63429713
v5_borderline_fake_0107,llama-4-maverick-17b,2,epistemic_humility,0,4,2,fixed,borderline_plausible_fake,0.7812699526548386,0.63075674,1.9846666,0.60694695
v5_borderline_fake_0108,llama-4-maverick-17b,2,epistemic_humility,0,4,4,fixed,borderline_plausible_fake,0.0036303400993347,0.5050296,1.8661474,0.6842475
v5_borderline_fake_0109,llama-4-maverick-17b,2,epistemic_humility,0,4,4,fixed,borderline_plausible_fake,0.6374125182628632,0.5279568,1.7173275,0.7700494
v5_borderline_fake_0110,llama-4-maverick-17b,0,epistemic_humility,0,4,4,already_correct,borderline_plausible_fake,0.4581068158149719,0.51188755,1.9521611,0.69871014
v5_borderline_fake_0111,llama-4-maverick-17b,0,epistemic_humility,0,4,4,already_correct,borderline_plausible_fake,0.8721415400505066,0.49241686,1.8810061,0.6581111
v5_borderline_fake_0112,llama-4-maverick-17b,3,epistemic_humility,0,4,4,other,borderline_plausible_fake,0.7678320109844208,0.42873544,1.6430496,0.78559464
v5_borderline_fake_0113,llama-4-maverick-17b,0,epistemic_humility,0,4,4,already_correct,borderline_plausible_fake,0.6126784384250641,0.5052035,1.8348353,0.667632
v5_borderline_fake_0114,llama-4-maverick-17b,2,epistemic_humility,0,4,2,fixed,borderline_plausible_fake,0.8361419290304184,0.5747874,1.8547417,0.6186807
v5_borderline_fake_0115,llama-4-maverick-17b,0,epistemic_humility,0,4,4,already_correct,borderline_plausible_fake,0.4006939530372619,0.50911033,1.6431516,0.79089594
v5_borderline_fake_0116,llama-4-maverick-17b,0,epistemic_humility,0,4,4,already_correct,borderline_plausible_fake,0.6438428461551666,0.5223761,1.8975632,0.68006134
v5_borderline_fake_0117,llama-4-maverick-17b,0,epistemic_humility,0,4,4,already_correct,borderline_plausible_fake,0.5898294448852539,0.5220406,1.9554623,0.65430635
v5_borderline_fake_0118,llama-4-maverick-17b,3,epistemic_humility,0,4,4,other,borderline_plausible_fake,0.4923065900802612,0.4714054,1.7091163,0.7962191
v5_borderline_fake_0119,llama-4-maverick-17b,0,epistemic_humility,0,4,4,already_correct,borderline_plausible_fake,-2.384185791015625e-07,0.4818068,1.9086214,0.76154935
v5_borderline_fake_0120,llama-4-maverick-17b,2,epistemic_humility,2,4,0,still_broken,borderline_plausible_fake,0.5557056367397308,0.540575,1.5724719,0.7373005
v5_borderline_fake_0121,llama-4-maverick-17b,0,epistemic_humility,0,4,4,already_correct,borderline_plausible_fake,-1.1920928955078125e-07,0.50215626,1.7189656,0.7551243
v5_borderline_fake_0122,llama-4-maverick-17b,0,epistemic_humility,0,4,4,already_correct,borderline_plausible_fake,0.7710424810647964,0.4896328,1.8952471,0.64491737
v5_borderline_fake_0123,llama-4-maverick-17b,2,epistemic_humility,0,4,3,fixed,borderline_plausible_fake,0.5377563834190369,0.5183624,1.8047673,0.68213075
v5_borderline_fake_0124,llama-4-maverick-17b,0,epistemic_humility,0,4,4,already_correct,borderline_plausible_fake,5.960464477539064e-08,0.41610157,1.6127405,0.7586894
v5_borderline_fake_0125,llama-4-maverick-17b,0,epistemic_humility,0,4,4,already_correct,borderline_plausible_fake,5.960464477539064e-08,0.5152363,1.9120315,0.5800245
v5_borderline_fake_0126,llama-4-maverick-17b,0,epistemic_humility,0,4,4,already_correct,borderline_plausible_fake,0.4810402393341064,0.5578846,1.8242788,0.6336588
v5_borderline_fake_0127,llama-4-maverick-17b,0,epistemic_humility,0,4,4,already_correct,borderline_plausible_fake,0.1473012566566467,0.43684137,1.5366067,0.77818775
v5_borderline_fake_0128,llama-4-maverick-17b,0,epistemic_humility,0,4,4,already_correct,borderline_plausible_fake,0.347031831741333,0.48459774,1.9707096,0.75227475
v5_borderline_fake_0129,llama-4-maverick-17b,2,entity_aware,0,4,1,fixed,borderline_plausible_fake,0.2956621646881103,0.58729076,2.2373219,0.6324155
v5_borderline_fake_0130,llama-4-maverick-17b,2,epistemic_humility,0,4,3,fixed,borderline_plausible_fake,-1.1920928955078125e-07,0.51098883,1.7881523,0.7923293
v5_borderline_fake_0131,llama-4-maverick-17b,0,epistemic_humility,0,4,4,already_correct,borderline_plausible_fake,0.4508475065231323,0.5023632,1.7701647,0.74518526
v5_borderline_fake_0132,llama-4-maverick-17b,2,epistemic_humility,0,4,3,fixed,borderline_plausible_fake,0.4857897758483886,0.54679424,1.7850736,0.6956318
v5_borderline_fake_0133,llama-4-maverick-17b,0,epistemic_humility,0,4,4,already_correct,borderline_plausible_fake,-1.1920928955078125e-07,0.51720035,1.7313026,0.7177919
v5_borderline_fake_0134,llama-4-maverick-17b,0,epistemic_humility,0,4,4,already_correct,borderline_plausible_fake,1.1920928955078125e-07,0.569369,1.8459122,0.6561398
v5_borderline_fake_0135,llama-4-maverick-17b,2,epistemic_humility,2,4,0,still_broken,borderline_plausible_fake,0.5891672968864441,0.5526979,1.7615728,0.6871885
v5_borderline_fake_0136,llama-4-maverick-17b,2,epistemic_humility,0,4,4,fixed,borderline_plausible_fake,-1.1920928955078125e-07,0.50700843,1.5672982,0.806404
v5_borderline_fake_0137,llama-4-maverick-17b,0,epistemic_humility,0,4,4,already_correct,borderline_plausible_fake,0.4204640984535217,0.5107749,1.976483,0.7497073
v5_borderline_fake_0138,llama-4-maverick-17b,0,entity_aware,0,4,2,regressed,borderline_plausible_fake,0.8472283035516739,0.46985352,1.6781821,0.70642287
v5_borderline_fake_0139,llama-4-maverick-17b,2,structured_caution,0,4,1,fixed,borderline_plausible_fake,-1.1920928955078125e-07,0.41745377,1.5230742,0.7524831
v5_borderline_fake_0140,llama-4-maverick-17b,3,epistemic_humility,0,4,4,other,borderline_plausible_fake,0.3177670836448669,0.48578805,1.5858086,0.79985404
v5_borderline_fake_0141,llama-4-maverick-17b,0,epistemic_humility,0,4,4,already_correct,borderline_plausible_fake,0.3995863795280456,0.5600902,1.7917944,0.6867952
v5_borderline_fake_0142,llama-4-maverick-17b,0,epistemic_humility,0,4,4,already_correct,borderline_plausible_fake,0.8661749362945557,0.5128797,1.884566,0.7094098
v5_borderline_fake_0143,llama-4-maverick-17b,0,epistemic_humility,0,4,4,already_correct,borderline_plausible_fake,-1.1920928955078125e-07,0.51743555,1.7073696,0.7375748
v5_borderline_fake_0144,llama-4-maverick-17b,2,fact_grounded,0,4,3,fixed,borderline_plausible_fake,0.1244489550590515,0.5374136,1.7824799,0.69800335
v5_borderline_fake_0145,llama-4-maverick-17b,0,epistemic_humility,0,4,4,already_correct,borderline_plausible_fake,0.4680697917938232,0.5051378,1.7659312,0.76197255
v5_borderline_fake_0146,llama-4-maverick-17b,2,epistemic_humility,0,4,4,fixed,borderline_plausible_fake,0.7357262969017029,0.5486532,1.6823646,0.7202236
v5_borderline_fake_0147,llama-4-maverick-17b,0,epistemic_humility,0,4,3,regressed,borderline_plausible_fake,0.0,0.54384124,1.7372838,0.6762098
v5_borderline_fake_0148,llama-4-maverick-17b,0,epistemic_humility,0,4,4,already_correct,borderline_plausible_fake,0.5035907030105591,0.5312685,1.690294,0.73499715
v5_borderline_fake_0149,llama-4-maverick-17b,0,epistemic_humility,0,4,4,already_correct,borderline_plausible_fake,0.6014602780342102,0.49437422,1.8964165,0.6169528
v5_borderline_fake_0150,llama-4-maverick-17b,2,epistemic_humility,0,4,4,fixed,borderline_plausible_fake,-1.1920928955078125e-07,0.48963654,1.9348797,0.6564052
v5_borderline_fake_0151,llama-4-maverick-17b,0,epistemic_humility,0,4,4,already_correct,borderline_plausible_fake,0.5573815703392029,0.48148805,1.5728258,0.7942635
v5_borderline_fake_0152,llama-4-maverick-17b,0,epistemic_humility,0,4,4,already_correct,borderline_plausible_fake,0.3813592195510864,0.56334066,1.708304,0.6466099
v5_borderline_fake_0153,llama-4-maverick-17b,2,epistemic_humility,0,4,4,fixed,borderline_plausible_fake,0.0515025854110717,0.6002481,1.8468786,0.6327003
v5_borderline_fake_0154,llama-4-maverick-17b,1,epistemic_humility,0,4,4,other,borderline_plausible_fake,0.8722036480903625,0.4970383,1.6958898,0.7332297
v5_borderline_fake_0155,llama-4-maverick-17b,0,epistemic_humility,0,4,4,already_correct,borderline_plausible_fake,0.1913179159164428,0.4983816,1.7991681,0.6389641
v5_borderline_fake_0156,llama-4-maverick-17b,2,epistemic_humility,2,4,0,still_broken,borderline_plausible_fake,0.0919163227081298,0.57748866,1.9068301,0.6288074
v5_borderline_fake_0157,llama-4-maverick-17b,2,entity_aware,0,4,2,fixed,borderline_plausible_fake,-1.1920928955078125e-07,0.48634893,1.5938636,0.76811665
v5_borderline_fake_0158,llama-4-maverick-17b,0,epistemic_humility,0,4,4,already_correct,borderline_plausible_fake,0.4670120477676391,0.5035357,1.9109391,0.63204515
v5_borderline_fake_0159,llama-4-maverick-17b,2,epistemic_humility,0,4,4,fixed,borderline_plausible_fake,-1.1920928955078125e-07,0.5696039,1.8147645,0.6312863
v5_borderline_fake_0160,llama-4-maverick-17b,0,epistemic_humility,0,4,4,already_correct,borderline_plausible_fake,0.010293424129486,0.50160784,1.8361845,0.7308872
v5_borderline_fake_0161,llama-4-maverick-17b,0,entity_aware,0,4,2,regressed,borderline_plausible_fake,0.6587340235710144,0.49073565,1.7505723,0.6714456
v5_borderline_fake_0162,llama-4-maverick-17b,0,epistemic_humility,0,4,4,already_correct,borderline_plausible_fake,0.4248067140579223,0.49592775,1.8825905,0.66855955
v5_borderline_fake_0163,llama-4-maverick-17b,0,epistemic_humility,0,4,4,already_correct,borderline_plausible_fake,0.7767463475465775,0.4634561,1.6150261,0.7862426
v5_borderline_fake_0164,llama-4-maverick-17b,0,epistemic_humility,0,4,4,already_correct,borderline_plausible_fake,0.0,0.4937938,2.1039598,0.6733773
v5_borderline_fake_0165,llama-4-maverick-17b,2,epistemic_humility,2,4,0,still_broken,borderline_plausible_fake,0.6430667340755463,0.57509804,1.9318367,0.67008543
v5_borderline_fake_0166,llama-4-maverick-17b,0,epistemic_humility,0,4,4,already_correct,borderline_plausible_fake,0.501296877861023,0.47743618,1.7584532,0.7074865
v5_borderline_fake_0167,llama-4-maverick-17b,0,epistemic_humility,0,4,4,already_correct,borderline_plausible_fake,0.0,0.4710847,1.5084742,0.77778125
v5_borderline_fake_0168,llama-4-maverick-17b,2,epistemic_humility,2,4,0,still_broken,borderline_plausible_fake,0.7458676993846893,0.5395095,1.8202316,0.6427532
v5_borderline_fake_0169,llama-4-maverick-17b,0,epistemic_humility,0,4,4,already_correct,borderline_plausible_fake,0.8798484727740288,0.43184328,1.7482116,0.7800724
v5_borderline_fake_0170,llama-4-maverick-17b,0,epistemic_humility,0,4,4,already_correct,borderline_plausible_fake,0.3287421464920044,0.5015337,1.5865573,0.726652
v5_borderline_fake_0171,llama-4-maverick-17b,0,epistemic_humility,0,4,4,already_correct,borderline_plausible_fake,5.960464477539064e-08,0.56180054,1.919007,0.6763643
v5_borderline_fake_0172,llama-4-maverick-17b,0,epistemic_humility,0,4,4,already_correct,borderline_plausible_fake,5.960464477539064e-08,0.46713328,1.6616725,0.7888625
v5_borderline_fake_0173,llama-4-maverick-17b,0,epistemic_humility,0,4,4,already_correct,borderline_plausible_fake,0.0071721076965332,0.579525,1.8295546,0.5752662
v5_borderline_fake_0174,llama-4-maverick-17b,2,epistemic_humility,2,4,0,still_broken,borderline_plausible_fake,0.7358686327934265,0.5576464,1.8342404,0.6721592
v5_borderline_fake_0175,llama-4-maverick-17b,0,epistemic_humility,0,4,4,already_correct,borderline_plausible_fake,1.1920928955078125e-07,0.5694506,1.8120848,0.57396764
v5_borderline_fake_0176,llama-4-maverick-17b,2,structured_caution,0,4,1,fixed,borderline_plausible_fake,0.584511399269104,0.51981515,1.7548285,0.649312
v5_borderline_fake_0177,llama-4-maverick-17b,0,epistemic_humility,0,4,4,already_correct,borderline_plausible_fake,0.0,0.52824503,1.6270981,0.749078
v5_borderline_fake_0178,llama-4-maverick-17b,0,epistemic_humility,0,4,4,already_correct,borderline_plausible_fake,0.0,0.52490973,1.9654262,0.60440135
v5_borderline_fake_0179,llama-4-maverick-17b,0,epistemic_humility,0,4,4,already_correct,borderline_plausible_fake,0.8729794025421143,0.49609488,1.8372304,0.6461102
v5_borderline_fake_0180,llama-4-maverick-17b,2,epistemic_humility,2,4,0,still_broken,borderline_plausible_fake,0.0053926706314086,0.49354678,1.677206,0.7768271
v5_borderline_fake_0181,llama-4-maverick-17b,2,epistemic_humility,0,4,4,fixed,borderline_plausible_fake,0.4348301887512207,0.55258524,1.8685333,0.64987653
v5_borderline_fake_0182,llama-4-maverick-17b,0,epistemic_humility,0,4,4,already_correct,borderline_plausible_fake,0.5386941730976105,0.49321312,1.6216874,0.7852591
v5_borderline_fake_0183,llama-4-maverick-17b,0,epistemic_humility,0,4,4,already_correct,borderline_plausible_fake,0.0,0.50969297,2.0509558,0.7216519
v5_borderline_fake_0184,llama-4-maverick-17b,0,epistemic_humility,0,4,4,already_correct,borderline_plausible_fake,0.2728612422943115,0.49730396,1.8646015,0.64844716
v5_borderline_fake_0185,llama-4-maverick-17b,0,epistemic_humility,0,4,4,already_correct,borderline_plausible_fake,0.4201750159263611,0.48930627,1.8012209,0.77314657
v5_borderline_fake_0186,llama-4-maverick-17b,0,epistemic_humility,0,4,4,already_correct,borderline_plausible_fake,0.0,0.5439331,1.8450172,0.7284184
v5_borderline_fake_0187,llama-4-maverick-17b,2,epistemic_humility,2,4,0,still_broken,borderline_plausible_fake,0.7621632218360901,0.5565433,1.8247411,0.6809319
v5_borderline_fake_0188,llama-4-maverick-17b,0,epistemic_humility,0,4,4,already_correct,borderline_plausible_fake,0.0,0.4895935,1.8177068,0.7115445
v5_borderline_fake_0189,llama-4-maverick-17b,0,epistemic_humility,0,4,4,already_correct,borderline_plausible_fake,0.5520367622375488,0.46410322,1.98258,0.68020564
v5_borderline_fake_0190,llama-4-maverick-17b,1,epistemic_humility,2,4,0,other,borderline_plausible_fake,0.4722937345504761,0.53177804,1.8251916,0.69490725
v5_borderline_fake_0191,llama-4-maverick-17b,0,epistemic_humility,0,4,4,already_correct,borderline_plausible_fake,0.2791826725006103,0.5154116,1.9107848,0.750582
v5_borderline_fake_0192,llama-4-maverick-17b,0,epistemic_humility,0,4,4,already_correct,borderline_plausible_fake,0.7486724257469177,0.47742164,1.9382038,0.6591178
v5_borderline_fake_0193,llama-4-maverick-17b,2,epistemic_humility,2,4,0,still_broken,borderline_plausible_fake,-1.1920928955078125e-07,0.5965619,1.9843268,0.5988921
v5_borderline_fake_0194,llama-4-maverick-17b,0,epistemic_humility,0,4,4,already_correct,borderline_plausible_fake,0.6751474142074585,0.43852913,1.6967952,0.7619981
v5_borderline_fake_0195,llama-4-maverick-17b,0,epistemic_humility,0,4,4,already_correct,borderline_plausible_fake,-1.1920928955078125e-07,0.5559261,1.8503127,0.6232032
v5_borderline_fake_0196,llama-4-maverick-17b,0,epistemic_humility,0,4,4,already_correct,borderline_plausible_fake,0.6466291546821594,0.5697567,1.8544677,0.6620529
v5_borderline_fake_0197,llama-4-maverick-17b,2,entity_aware,0,4,2,fixed,borderline_plausible_fake,0.873245432972908,0.49988836,1.6097437,0.70246035
v5_borderline_fake_0198,llama-4-maverick-17b,0,epistemic_humility,0,4,4,already_correct,borderline_plausible_fake,0.711656242609024,0.495852,1.7595559,0.693178
v5_borderline_fake_0199,llama-4-maverick-17b,2,epistemic_humility,2,4,0,still_broken,borderline_plausible_fake,0.543738603591919,0.5970831,1.9128743,0.6596515
v5_borderline_fake_0200,llama-4-maverick-17b,0,epistemic_humility,0,4,4,already_correct,borderline_plausible_fake,0.0410547256469726,0.47327042,1.6017174,0.7917218
v5_borderline_obscure_0001,llama-4-maverick-17b,0,epistemic_humility,0,4,4,already_correct,borderline_obscure_real,0.8291757553815842,0.43816906,1.7352712,0.81941974
v5_borderline_obscure_0002,llama-4-maverick-17b,0,epistemic_humility,0,4,4,already_correct,borderline_obscure_real,0.4429705739021301,0.44201028,1.5745137,0.80805504
v5_borderline_obscure_0003,llama-4-maverick-17b,0,epistemic_humility,0,4,4,already_correct,borderline_obscure_real,0.7239034473896027,0.4474941,1.6390094,0.8680433
v5_borderline_obscure_0004,llama-4-maverick-17b,0,epistemic_humility,0,4,4,already_correct,borderline_obscure_real,0.7224847674369812,0.47982055,1.6320937,0.72216034
v5_borderline_obscure_0005,llama-4-maverick-17b,0,epistemic_humility,0,4,4,already_correct,borderline_obscure_real,0.070713996887207,0.46574837,1.6590619,0.7578204
v5_borderline_obscure_0006,llama-4-maverick-17b,0,epistemic_humility,0,4,4,already_correct,borderline_obscure_real,0.5206816494464874,0.5487076,1.5393848,0.73400855
v5_borderline_obscure_0007,llama-4-maverick-17b,1,fact_grounded,1,4,2,other,borderline_obscure_real,0.0114694833755493,0.49172187,1.83441,0.78338593
v5_borderline_obscure_0008,llama-4-maverick-17b,0,epistemic_humility,0,4,4,already_correct,borderline_obscure_real,0.4119096398353576,0.4822368,1.7424259,0.78367406
v5_borderline_obscure_0009,llama-4-maverick-17b,1,entity_aware,0,4,4,other,borderline_obscure_real,0.7202727198600769,0.49687535,1.6360351,0.7464775
v5_borderline_obscure_0010,llama-4-maverick-17b,0,epistemic_humility,0,4,4,already_correct,borderline_obscure_real,0.847139835357666,0.4673326,1.8425782,0.72834164
v5_borderline_obscure_0011,llama-4-maverick-17b,0,epistemic_humility,0,4,4,already_correct,borderline_obscure_real,5.960464477539064e-08,0.4623654,1.6366435,0.84461
v5_borderline_obscure_0012,llama-4-maverick-17b,0,epistemic_humility,0,4,4,already_correct,borderline_obscure_real,0.8485722243785858,0.51625407,1.6735818,0.77708876
v5_borderline_obscure_0013,llama-4-maverick-17b,0,epistemic_humility,0,4,4,already_correct,borderline_obscure_real,0.3175773024559021,0.4564908,1.7504754,0.6918785
v5_borderline_obscure_0014,llama-4-maverick-17b,0,epistemic_humility,0,4,4,already_correct,borderline_obscure_real,5.960464477539064e-08,0.47760868,1.8227288,0.71745694
v5_borderline_obscure_0015,llama-4-maverick-17b,0,epistemic_humility,0,4,4,already_correct,borderline_obscure_real,0.6247406899929047,0.44938576,1.8121567,0.76350963
v5_borderline_obscure_0016,llama-4-maverick-17b,0,epistemic_humility,0,4,4,already_correct,borderline_obscure_real,0.6650841236114502,0.441835,1.6016989,0.74891317
v5_borderline_obscure_0017,llama-4-maverick-17b,0,epistemic_humility,0,4,4,already_correct,borderline_obscure_real,5.960464477539064e-08,0.4197827,1.5884551,0.7877054
v5_borderline_obscure_0018,llama-4-maverick-17b,0,epistemic_humility,0,4,4,already_correct,borderline_obscure_real,0.0,0.4622528,1.7660844,0.74782115
v5_borderline_obscure_0019,llama-4-maverick-17b,0,epistemic_humility,0,4,4,already_correct,borderline_obscure_real,0.0,0.51495314,1.5944314,0.76439214
v5_borderline_obscure_0020,llama-4-maverick-17b,0,epistemic_humility,0,4,4,already_correct,borderline_obscure_real,0.3561732769012451,0.4784913,1.9909211,0.7759688
v5_borderline_obscure_0021,llama-4-maverick-17b,2,epistemic_humility,0,4,4,fixed,borderline_obscure_real,1.1920928955078125e-07,0.5242578,1.5959893,0.7713027
v5_borderline_obscure_0022,llama-4-maverick-17b,0,epistemic_humility,0,4,4,already_correct,borderline_obscure_real,0.0,0.546945,1.7336638,0.6245799
v5_borderline_obscure_0023,llama-4-maverick-17b,0,epistemic_humility,0,4,4,already_correct,borderline_obscure_real,0.4188733100891113,0.45535225,1.6939172,0.78515285
v5_borderline_obscure_0024,llama-4-maverick-17b,0,epistemic_humility,0,4,4,already_correct,borderline_obscure_real,0.0,0.44498116,1.6484592,0.7659398
v5_borderline_obscure_0025,llama-4-maverick-17b,1,epistemic_humility,0,4,2,other,borderline_obscure_real,0.0,0.49235022,1.6649421,0.67864996
v5_borderline_obscure_0026,llama-4-maverick-17b,0,epistemic_humility,0,4,4,already_correct,borderline_obscure_real,0.6634461581707001,0.4868688,1.5092492,0.8402075
v5_borderline_obscure_0027,llama-4-maverick-17b,0,epistemic_humility,0,4,4,already_correct,borderline_obscure_real,0.1664222478866577,0.4959398,1.8894776,0.73428833
v5_borderline_obscure_0028,llama-4-maverick-17b,0,epistemic_humility,0,4,4,already_correct,borderline_obscure_real,0.5864200592041016,0.45404124,1.6655588,0.8519436
v5_borderline_obscure_0029,llama-4-maverick-17b,0,epistemic_humility,0,4,4,already_correct,borderline_obscure_real,0.02455735206604,0.44847775,1.7298402,0.7014967
v5_borderline_obscure_0030,llama-4-maverick-17b,0,epistemic_humility,0,4,4,already_correct,borderline_obscure_real,0.6494566202163696,0.48911744,1.6324518,0.5996076
v5_borderline_obscure_0031,llama-4-maverick-17b,0,epistemic_humility,0,4,4,already_correct,borderline_obscure_real,0.3455712795257568,0.47320324,1.8024662,0.69913757
v5_borderline_obscure_0032,llama-4-maverick-17b,0,epistemic_humility,0,4,4,already_correct,borderline_obscure_real,0.0081925988197326,0.4929244,1.9738647,0.743876
v5_borderline_obscure_0033,llama-4-maverick-17b,0,epistemic_humility,0,4,3,regressed,borderline_obscure_real,0.2564482688903808,0.5022969,1.6722127,0.7197161
v5_borderline_obscure_0034,llama-4-maverick-17b,0,epistemic_humility,0,4,4,already_correct,borderline_obscure_real,0.6476704478263855,0.4927281,1.9935583,0.66912985
v5_borderline_obscure_0035,llama-4-maverick-17b,0,epistemic_humility,0,4,4,already_correct,borderline_obscure_real,0.1036110520362854,0.49620616,1.9464239,0.7625543
v5_borderline_obscure_0036,llama-4-maverick-17b,0,epistemic_humility,0,4,4,already_correct,borderline_obscure_real,0.1893306374549865,0.45553076,1.6851434,0.7224195
v5_borderline_obscure_0037,llama-4-maverick-17b,0,epistemic_humility,0,4,4,already_correct,borderline_obscure_real,0.5716051757335663,0.49403572,1.6986029,0.7840322
v5_borderline_obscure_0038,llama-4-maverick-17b,0,epistemic_humility,0,4,4,already_correct,borderline_obscure_real,0.3350645303726196,0.45796448,1.7031637,0.78464985
v5_borderline_obscure_0039,llama-4-maverick-17b,0,epistemic_humility,0,4,4,already_correct,borderline_obscure_real,0.6496972143650055,0.47945386,1.5452751,0.77897644
v5_borderline_obscure_0040,llama-4-maverick-17b,0,epistemic_humility,0,4,4,already_correct,borderline_obscure_real,0.2298429608345031,0.47979128,1.8979496,0.73638785
v5_borderline_obscure_0041,llama-4-maverick-17b,2,structured_caution,0,4,1,fixed,borderline_obscure_real,0.0,0.5036973,1.8592199,0.7659955
v5_borderline_obscure_0042,llama-4-maverick-17b,0,epistemic_humility,0,4,4,already_correct,borderline_obscure_real,0.8505973517894745,0.47817302,1.5593914,0.7971449
v5_borderline_obscure_0043,llama-4-maverick-17b,0,epistemic_humility,0,4,4,already_correct,borderline_obscure_real,0.6877661049365997,0.47681677,1.8006053,0.6480782
v5_borderline_obscure_0044,llama-4-maverick-17b,0,epistemic_humility,0,4,4,already_correct,borderline_obscure_real,0.3181743621826172,0.48358887,1.934637,0.7067406
v5_borderline_obscure_0045,llama-4-maverick-17b,0,epistemic_humility,0,4,4,already_correct,borderline_obscure_real,1.1920928955078125e-07,0.48382676,1.8563365,0.67228913
v5_borderline_obscure_0046,llama-4-maverick-17b,0,epistemic_humility,0,4,4,already_correct,borderline_obscure_real,0.182330846786499,0.49697292,1.9187998,0.73005164
v5_borderline_obscure_0047,llama-4-maverick-17b,0,epistemic_humility,0,4,4,already_correct,borderline_obscure_real,0.8161222040653229,0.48554575,1.5931594,0.762771
v5_borderline_obscure_0048,llama-4-maverick-17b,0,epistemic_humility,0,4,4,already_correct,borderline_obscure_real,0.6863225102424622,0.49898553,1.6580944,0.75700694
v5_borderline_obscure_0049,llama-4-maverick-17b,0,epistemic_humility,0,4,4,already_correct,borderline_obscure_real,-1.1920928955078125e-07,0.4978794,1.8326856,0.701288
v5_borderline_obscure_0050,llama-4-maverick-17b,0,epistemic_humility,0,4,4,already_correct,borderline_obscure_real,0.0051040053367614,0.49322343,2.0305424,0.71494055
v5_borderline_obscure_0051,llama-4-maverick-17b,0,entity_aware,0,4,3,regressed,borderline_obscure_real,0.1672185063362121,0.49963844,1.6674365,0.6845982
v5_borderline_obscure_0052,llama-4-maverick-17b,0,epistemic_humility,0,4,4,already_correct,borderline_obscure_real,0.8606378138065338,0.4391579,1.8851767,0.70689297
v5_borderline_obscure_0053,llama-4-maverick-17b,0,epistemic_humility,0,4,4,already_correct,borderline_obscure_real,0.0707822442054748,0.4518426,1.7653162,0.7718828
v5_borderline_obscure_0054,llama-4-maverick-17b,0,epistemic_humility,0,4,4,already_correct,borderline_obscure_real,0.5624226033687592,0.5141543,1.647201,0.67812276
v5_borderline_obscure_0055,llama-4-maverick-17b,0,epistemic_humility,0,4,4,already_correct,borderline_obscure_real,0.2843105792999267,0.47643209,1.8102301,0.77025974
v5_borderline_obscure_0056,llama-4-maverick-17b,0,epistemic_humility,0,4,4,already_correct,borderline_obscure_real,0.0,0.41395086,1.6809366,0.8068759
v5_borderline_obscure_0057,llama-4-maverick-17b,0,epistemic_humility,0,4,4,already_correct,borderline_obscure_real,0.665473997592926,0.5362394,1.6465967,0.7130873
v5_borderline_obscure_0058,llama-4-maverick-17b,0,epistemic_humility,0,4,4,already_correct,borderline_obscure_real,0.8260233104228973,0.45825875,1.6701964,0.824396
v5_borderline_obscure_0059,llama-4-maverick-17b,0,epistemic_humility,0,4,4,already_correct,borderline_obscure_real,0.4759364724159241,0.48680997,1.6908376,0.7963073
v5_borderline_obscure_0060,llama-4-maverick-17b,0,epistemic_humility,0,4,4,already_correct,borderline_obscure_real,0.0810097455978393,0.46372366,2.0404596,0.7283789
v5_borderline_obscure_0061,llama-4-maverick-17b,0,epistemic_humility,0,4,4,already_correct,borderline_obscure_real,0.7027108371257782,0.4683681,1.7377634,0.6606631
v5_borderline_obscure_0062,llama-4-maverick-17b,0,epistemic_humility,0,4,4,already_correct,borderline_obscure_real,0.4511294960975647,0.43645447,1.5772417,0.8188232
v5_borderline_obscure_0063,llama-4-maverick-17b,0,epistemic_humility,0,4,4,already_correct,borderline_obscure_real,0.3349462151527405,0.51701695,1.5568583,0.7178949
v5_borderline_obscure_0064,llama-4-maverick-17b,0,epistemic_humility,0,4,4,already_correct,borderline_obscure_real,0.8726782649755478,0.41365802,1.4798175,0.77913237
v5_borderline_obscure_0065,llama-4-maverick-17b,0,epistemic_humility,0,4,4,already_correct,borderline_obscure_real,0.0,0.47796196,1.9526073,0.76143897
v5_borderline_obscure_0066,llama-4-maverick-17b,0,epistemic_humility,0,4,2,regressed,borderline_obscure_real,0.0,0.4705643,1.7424027,0.67095566
v5_borderline_obscure_0067,llama-4-maverick-17b,0,epistemic_humility,0,4,4,already_correct,borderline_obscure_real,0.7249953150749207,0.4693129,1.6419848,0.7222074
v5_borderline_obscure_0068,llama-4-maverick-17b,3,epistemic_humility,0,4,4,other,borderline_obscure_real,0.2178782224655151,0.4581957,1.6570258,0.7969356
v5_borderline_obscure_0069,llama-4-maverick-17b,0,epistemic_humility,0,4,4,already_correct,borderline_obscure_real,0.1561086773872375,0.5360286,1.6546702,0.7351823
v5_borderline_obscure_0070,llama-4-maverick-17b,0,epistemic_humility,0,4,4,already_correct,borderline_obscure_real,0.840747058391571,0.45967788,1.7382486,0.7379993
v5_borderline_obscure_0071,llama-4-maverick-17b,0,epistemic_humility,0,4,4,already_correct,borderline_obscure_real,0.1552290916442871,0.45892715,1.7555363,0.7494654
v5_borderline_obscure_0072,llama-4-maverick-17b,0,epistemic_humility,0,4,4,already_correct,borderline_obscure_real,0.6302436590194702,0.49452108,1.6380854,0.80060625
v5_borderline_obscure_0073,llama-4-maverick-17b,0,epistemic_humility,0,4,4,already_correct,borderline_obscure_real,5.960464477539064e-08,0.50690866,1.44802,0.82337546
v5_borderline_obscure_0074,llama-4-maverick-17b,3,structured_caution,0,4,4,other,borderline_obscure_real,1.788139343261719e-07,0.47591293,1.8130808,0.7191676
v5_borderline_obscure_0075,llama-4-maverick-17b,0,epistemic_humility,0,4,4,already_correct,borderline_obscure_real,0.4614946842193603,0.5380572,1.6836225,0.7855641
v5_borderline_obscure_0076,llama-4-maverick-17b,0,epistemic_humility,0,4,4,already_correct,borderline_obscure_real,0.8180216550827026,0.37032795,1.6992867,0.72557247
v5_borderline_obscure_0077,llama-4-maverick-17b,0,epistemic_humility,0,4,4,already_correct,borderline_obscure_real,0.2577977180480957,0.4332075,1.9426578,0.6556275
v5_borderline_obscure_0078,llama-4-maverick-17b,0,epistemic_humility,0,4,4,already_correct,borderline_obscure_real,0.0762277245521545,0.47791147,1.6867803,0.62173176
v5_borderline_obscure_0079,llama-4-maverick-17b,0,epistemic_humility,0,4,4,already_correct,borderline_obscure_real,0.0,0.46628082,2.05195,0.75984013
v5_borderline_obscure_0080,llama-4-maverick-17b,0,epistemic_humility,0,4,4,already_correct,borderline_obscure_real,0.839666023850441,0.50858307,1.7306993,0.78317666
v5_borderline_obscure_0081,llama-4-maverick-17b,0,epistemic_humility,0,4,4,already_correct,borderline_obscure_real,0.7103278040885925,0.45938027,1.8199004,0.75223464
v5_borderline_obscure_0082,llama-4-maverick-17b,0,epistemic_humility,0,4,4,already_correct,borderline_obscure_real,0.6141177713871002,0.45376927,1.6470445,0.81676793
v5_borderline_obscure_0083,llama-4-maverick-17b,0,epistemic_humility,0,4,4,already_correct,borderline_obscure_real,0.7384410500526428,0.46330965,1.6337173,0.7531926
v5_borderline_obscure_0084,llama-4-maverick-17b,0,epistemic_humility,0,4,4,already_correct,borderline_obscure_real,0.4609901905059814,0.44517964,1.7141255,0.7717266
v5_borderline_obscure_0085,llama-4-maverick-17b,3,entity_aware,0,4,4,other,borderline_obscure_real,5.960464477539064e-08,0.5023172,1.7609417,0.7853875
v5_borderline_obscure_0086,llama-4-maverick-17b,0,epistemic_humility,0,4,4,already_correct,borderline_obscure_real,5.960464477539064e-08,0.4696772,1.5609037,0.78900576
v5_borderline_obscure_0087,llama-4-maverick-17b,0,epistemic_humility,0,4,4,already_correct,borderline_obscure_real,-1.1920928955078125e-07,0.50857526,1.7054707,0.7652538
v5_borderline_obscure_0088,llama-4-maverick-17b,0,epistemic_humility,0,4,4,already_correct,borderline_obscure_real,0.0,0.49095762,1.6862006,0.8300318
v5_borderline_obscure_0089,llama-4-maverick-17b,0,epistemic_humility,0,4,4,already_correct,borderline_obscure_real,0.0667811632156372,0.56319827,1.8069042,0.68639266
v5_borderline_obscure_0090,llama-4-maverick-17b,0,epistemic_humility,0,4,4,already_correct,borderline_obscure_real,0.3239087462425232,0.48277223,1.8745773,0.6941002
v5_borderline_obscure_0091,llama-4-maverick-17b,0,epistemic_humility,0,4,4,already_correct,borderline_obscure_real,0.1620402336120605,0.47573465,1.7881291,0.7761785
v5_borderline_obscure_0092,llama-4-maverick-17b,0,epistemic_humility,0,4,4,already_correct,borderline_obscure_real,0.7021263539791107,0.50976616,1.6354719,0.6695013
v5_borderline_obscure_0093,llama-4-maverick-17b,0,entity_aware,0,4,2,regressed,borderline_obscure_real,0.236072838306427,0.50363714,2.1635962,0.7607641
v5_borderline_obscure_0094,llama-4-maverick-17b,0,epistemic_humility,0,4,4,already_correct,borderline_obscure_real,0.2845561504364013,0.49564677,1.9093589,0.7317558
v5_borderline_obscure_0095,llama-4-maverick-17b,0,epistemic_humility,0,4,4,already_correct,borderline_obscure_real,0.6352540254592896,0.4570853,1.5750817,0.7293287
v5_borderline_obscure_0096,llama-4-maverick-17b,0,epistemic_humility,0,4,4,already_correct,borderline_obscure_real,0.1117286682128906,0.49135184,1.9276137,0.7193164
v5_borderline_obscure_0097,llama-4-maverick-17b,0,epistemic_humility,0,4,4,already_correct,borderline_obscure_real,0.1424754858016967,0.45068604,1.4483877,0.8408248
v5_borderline_obscure_0098,llama-4-maverick-17b,0,epistemic_humility,0,4,4,already_correct,borderline_obscure_real,0.7015466094017029,0.51133007,1.8927664,0.6864177
v5_borderline_obscure_0099,llama-4-maverick-17b,0,epistemic_humility,0,4,4,already_correct,borderline_obscure_real,0.0,0.5192934,1.507762,0.79460216
v5_borderline_obscure_0100,llama-4-maverick-17b,0,epistemic_humility,0,4,4,already_correct,borderline_obscure_real,0.269266664981842,0.49663186,1.9662423,0.7186696
v5_borderline_obscure_0101,llama-4-maverick-17b,0,epistemic_humility,0,4,4,already_correct,borderline_obscure_real,0.3140336275100708,0.5636755,1.6306014,0.72424996
v5_borderline_obscure_0102,llama-4-maverick-17b,0,epistemic_humility,0,4,4,already_correct,borderline_obscure_real,0.8172876089811325,0.41090328,1.641036,0.73972607
v5_borderline_obscure_0103,llama-4-maverick-17b,0,epistemic_humility,0,4,4,already_correct,borderline_obscure_real,0.2451448440551757,0.47396523,1.5584686,0.81654245
v5_borderline_obscure_0104,llama-4-maverick-17b,0,epistemic_humility,0,4,4,already_correct,borderline_obscure_real,0.8845172673463821,0.48529065,1.534233,0.7457483
v5_borderline_obscure_0105,llama-4-maverick-17b,0,epistemic_humility,0,4,4,already_correct,borderline_obscure_real,0.5053333640098572,0.46207178,1.8120768,0.7298209
v5_borderline_obscure_0106,llama-4-maverick-17b,0,epistemic_humility,0,4,4,already_correct,borderline_obscure_real,0.0,0.47935063,1.8219986,0.8178801
v5_borderline_obscure_0107,llama-4-maverick-17b,0,epistemic_humility,0,4,4,already_correct,borderline_obscure_real,0.6902163624763489,0.47651422,1.7018917,0.7232404
v5_borderline_obscure_0108,llama-4-maverick-17b,0,epistemic_humility,0,4,4,already_correct,borderline_obscure_real,0.7412211894989014,0.45759457,1.5945166,0.7208876
v5_borderline_obscure_0109,llama-4-maverick-17b,0,epistemic_humility,0,4,4,already_correct,borderline_obscure_real,0.5815531611442566,0.4512658,1.4642665,0.83524257
v5_borderline_obscure_0110,llama-4-maverick-17b,0,epistemic_humility,0,4,4,already_correct,borderline_obscure_real,0.7343935966491699,0.4439972,1.4901899,0.7067605
v5_borderline_obscure_0111,llama-4-maverick-17b,0,epistemic_humility,0,4,4,already_correct,borderline_obscure_real,0.5389372706413269,0.5018865,1.8436584,0.6974267
v5_borderline_obscure_0112,llama-4-maverick-17b,0,epistemic_humility,0,4,4,already_correct,borderline_obscure_real,0.3629971146583557,0.48327845,1.7431203,0.8067323
v5_borderline_obscure_0113,llama-4-maverick-17b,0,epistemic_humility,0,4,4,already_correct,borderline_obscure_real,0.6884599328041077,0.46208298,1.8830667,0.7468588
v5_borderline_obscure_0114,llama-4-maverick-17b,0,epistemic_humility,0,4,4,already_correct,borderline_obscure_real,5.960464477539064e-08,0.4989227,1.7647445,0.71454024
v5_borderline_obscure_0115,llama-4-maverick-17b,0,epistemic_humility,0,4,4,already_correct,borderline_obscure_real,0.7443433105945587,0.4694525,1.5407761,0.73809886
v5_borderline_obscure_0116,llama-4-maverick-17b,0,epistemic_humility,0,4,4,already_correct,borderline_obscure_real,0.7387124001979828,0.43523556,1.5871522,0.7468285
v5_borderline_obscure_0117,llama-4-maverick-17b,0,epistemic_humility,0,4,4,already_correct,borderline_obscure_real,0.672453910112381,0.4478073,1.6277262,0.741805
v5_borderline_obscure_0118,llama-4-maverick-17b,0,fact_grounded,0,4,4,already_correct,borderline_obscure_real,5.960464477539064e-08,0.47427398,1.559772,0.8280482
v5_borderline_obscure_0119,llama-4-maverick-17b,0,epistemic_humility,0,4,4,already_correct,borderline_obscure_real,0.8542274087667465,0.4675184,1.4822739,0.76923054
v5_borderline_obscure_0120,llama-4-maverick-17b,0,epistemic_humility,0,4,4,already_correct,borderline_obscure_real,0.2072088718414306,0.47670275,1.8526777,0.7485028
v5_borderline_obscure_0121,llama-4-maverick-17b,0,epistemic_humility,0,4,4,already_correct,borderline_obscure_real,0.7550997138023376,0.4840122,1.6996121,0.68252707
v5_borderline_obscure_0122,llama-4-maverick-17b,0,epistemic_humility,0,4,4,already_correct,borderline_obscure_real,0.0437800288200378,0.4759946,1.711684,0.75636363
v5_borderline_obscure_0123,llama-4-maverick-17b,2,epistemic_humility,0,4,4,fixed,borderline_obscure_real,0.3646000623703003,0.4506963,1.7628819,0.81460655
v5_borderline_obscure_0124,llama-4-maverick-17b,0,epistemic_humility,0,4,4,already_correct,borderline_obscure_real,0.4256113171577453,0.5040448,1.7651346,0.7565073
v5_borderline_obscure_0125,llama-4-maverick-17b,2,epistemic_humility,0,4,4,fixed,borderline_obscure_real,0.7497094571590424,0.4611178,1.6800559,0.7329579
v5_borderline_obscure_0126,llama-4-maverick-17b,0,epistemic_humility,0,4,4,already_correct,borderline_obscure_real,-1.1920928955078125e-07,0.48666435,1.8555489,0.7621869
v5_borderline_obscure_0127,llama-4-maverick-17b,0,fact_grounded,0,4,2,regressed,borderline_obscure_real,0.0335595607757568,0.5480763,1.6121126,0.7235518
v5_borderline_obscure_0128,llama-4-maverick-17b,0,epistemic_humility,0,4,4,already_correct,borderline_obscure_real,0.3938405513763428,0.48603344,1.6348096,0.6821923
v5_borderline_obscure_0129,llama-4-maverick-17b,0,epistemic_humility,0,4,4,already_correct,borderline_obscure_real,0.1960887908935547,0.46259928,1.5352654,0.8705781
v5_borderline_obscure_0130,llama-4-maverick-17b,0,epistemic_humility,0,4,4,already_correct,borderline_obscure_real,0.8762394189834595,0.5006671,1.6017476,0.68056774
v5_borderline_obscure_0131,llama-4-maverick-17b,0,epistemic_humility,0,4,4,already_correct,borderline_obscure_real,0.5640728175640106,0.47692817,1.6427097,0.8136604
v5_borderline_obscure_0132,llama-4-maverick-17b,0,epistemic_humility,0,4,4,already_correct,borderline_obscure_real,0.4473485350608825,0.4075995,1.702118,0.7543076
v5_borderline_obscure_0133,llama-4-maverick-17b,0,epistemic_humility,0,4,4,already_correct,borderline_obscure_real,0.6601657271385193,0.5009117,1.744007,0.6873678
v5_borderline_obscure_0134,llama-4-maverick-17b,0,epistemic_humility,0,4,4,already_correct,borderline_obscure_real,0.8502336740493774,0.4314003,1.6417844,0.74288
v5_borderline_obscure_0135,llama-4-maverick-17b,0,epistemic_humility,0,4,4,already_correct,borderline_obscure_real,0.2092490792274475,0.48979455,1.7279443,0.6636758
v5_borderline_obscure_0136,llama-4-maverick-17b,0,epistemic_humility,0,4,4,already_correct,borderline_obscure_real,0.6359598636627197,0.48345172,2.0316088,0.6970372
v5_borderline_obscure_0137,llama-4-maverick-17b,0,epistemic_humility,0,4,4,already_correct,borderline_obscure_real,0.7243109941482544,0.49176908,1.7088134,0.7608651
v5_borderline_obscure_0138,llama-4-maverick-17b,2,entity_aware,0,4,3,fixed,borderline_obscure_real,0.4954464435577392,0.4699049,1.6099002,0.7222589
v5_borderline_obscure_0139,llama-4-maverick-17b,0,structured_caution,0,4,3,regressed,borderline_obscure_real,0.0090188980102539,0.44285494,1.7638285,0.74117094
v5_borderline_obscure_0140,llama-4-maverick-17b,0,epistemic_humility,0,4,4,already_correct,borderline_obscure_real,0.2481904625892639,0.48594463,1.8879198,0.7809486
v5_borderline_obscure_0141,llama-4-maverick-17b,0,epistemic_humility,0,4,4,already_correct,borderline_obscure_real,0.5877574980258942,0.45374972,1.8707117,0.74638426
v5_borderline_obscure_0142,llama-4-maverick-17b,0,epistemic_humility,0,4,4,already_correct,borderline_obscure_real,0.5241800546646118,0.4550308,1.6857115,0.8010763
v5_borderline_obscure_0143,llama-4-maverick-17b,0,epistemic_humility,0,4,4,already_correct,borderline_obscure_real,0.2782567739486694,0.4688332,1.4692653,0.8042706
v5_borderline_obscure_0144,llama-4-maverick-17b,0,epistemic_humility,0,4,4,already_correct,borderline_obscure_real,0.7628540098667145,0.45821238,1.6274271,0.7242888
v5_borderline_obscure_0145,llama-4-maverick-17b,0,epistemic_humility,0,4,4,already_correct,borderline_obscure_real,0.8008290380239487,0.4551614,1.7506717,0.7323367
v5_borderline_obscure_0146,llama-4-maverick-17b,0,epistemic_humility,0,4,3,regressed,borderline_obscure_real,0.4476428627967834,0.50235283,1.9459195,0.7236755
v5_borderline_obscure_0147,llama-4-maverick-17b,0,epistemic_humility,0,4,4,already_correct,borderline_obscure_real,0.0,0.47647923,1.6717278,0.73481363
v5_borderline_obscure_0148,llama-4-maverick-17b,0,epistemic_humility,0,4,4,already_correct,borderline_obscure_real,0.7786814123392105,0.47519594,1.7698305,0.6489495
v5_borderline_obscure_0149,llama-4-maverick-17b,0,epistemic_humility,0,4,4,already_correct,borderline_obscure_real,0.6073014140129089,0.4650318,1.670883,0.7347568
v5_borderline_obscure_0150,llama-4-maverick-17b,0,epistemic_humility,0,4,4,already_correct,borderline_obscure_real,0.4680010676383972,0.48527825,1.5900888,0.81827193
v5_borderline_obscure_0151,llama-4-maverick-17b,0,epistemic_humility,0,4,4,already_correct,borderline_obscure_real,0.2802417278289795,0.4635418,1.8783382,0.73609364
v5_borderline_obscure_0152,llama-4-maverick-17b,0,epistemic_humility,0,4,4,already_correct,borderline_obscure_real,0.3593554496765136,0.4528467,1.9722369,0.7995666
v5_borderline_obscure_0153,llama-4-maverick-17b,0,epistemic_humility,0,4,4,already_correct,borderline_obscure_real,0.6139974892139435,0.5393075,1.8567194,0.7189444
v5_borderline_obscure_0154,llama-4-maverick-17b,0,epistemic_humility,0,4,4,already_correct,borderline_obscure_real,0.743981271982193,0.45810294,1.8088219,0.71430457
v5_borderline_obscure_0155,llama-4-maverick-17b,0,epistemic_humility,0,4,4,already_correct,borderline_obscure_real,0.5820356607437134,0.43077445,1.5537219,0.89082354
v5_borderline_obscure_0156,llama-4-maverick-17b,0,epistemic_humility,0,4,4,already_correct,borderline_obscure_real,0.7728721052408218,0.45886225,1.5428958,0.74964666
v5_borderline_obscure_0157,llama-4-maverick-17b,2,epistemic_humility,0,4,4,fixed,borderline_obscure_real,0.4307671785354614,0.47795492,1.5856394,0.71837026
v5_borderline_obscure_0158,llama-4-maverick-17b,0,epistemic_humility,0,4,4,already_correct,borderline_obscure_real,-1.1920928955078125e-07,0.5129024,1.8285359,0.7408775
v5_borderline_obscure_0159,llama-4-maverick-17b,0,epistemic_humility,0,4,4,already_correct,borderline_obscure_real,0.8642853945493698,0.49474144,1.7971936,0.73792374
v5_borderline_obscure_0160,llama-4-maverick-17b,0,epistemic_humility,0,4,4,already_correct,borderline_obscure_real,0.4181802272796631,0.4753936,2.0391018,0.7546623
v5_borderline_obscure_0161,llama-4-maverick-17b,0,fact_grounded,0,4,3,regressed,borderline_obscure_real,5.960464477539064e-08,0.45055914,1.7316309,0.6856822
v5_borderline_obscure_0162,llama-4-maverick-17b,0,epistemic_humility,0,4,4,already_correct,borderline_obscure_real,0.0,0.5346289,1.7927521,0.7754821
v5_borderline_obscure_0163,llama-4-maverick-17b,0,epistemic_humility,0,4,3,regressed,borderline_obscure_real,-1.1920928955078125e-07,0.52647924,1.7917619,0.72692263
v5_borderline_obscure_0164,llama-4-maverick-17b,0,epistemic_humility,0,4,4,already_correct,borderline_obscure_real,0.5108098983764648,0.48490876,1.7411926,0.73584235
v5_borderline_obscure_0165,llama-4-maverick-17b,0,epistemic_humility,0,4,4,already_correct,borderline_obscure_real,0.8688246458768845,0.43776673,1.8240758,0.7449286
v5_borderline_obscure_0166,llama-4-maverick-17b,0,epistemic_humility,0,4,4,already_correct,borderline_obscure_real,0.5788944363594055,0.4205333,1.6619263,0.76909506
v5_borderline_obscure_0167,llama-4-maverick-17b,0,epistemic_humility,0,4,4,already_correct,borderline_obscure_real,0.0,0.49713707,1.5696112,0.75798655
v5_borderline_obscure_0168,llama-4-maverick-17b,0,epistemic_humility,0,4,4,already_correct,borderline_obscure_real,0.5768622159957886,0.4667244,1.7821165,0.7413453
v5_borderline_obscure_0169,llama-4-maverick-17b,0,epistemic_humility,0,4,4,already_correct,borderline_obscure_real,0.3380950093269348,0.48441768,1.7461994,0.7760408
v5_borderline_obscure_0170,llama-4-maverick-17b,0,epistemic_humility,0,4,4,already_correct,borderline_obscure_real,0.5959860682487488,0.4522022,1.4775681,0.86666834
v5_borderline_obscure_0171,llama-4-maverick-17b,0,epistemic_humility,0,4,4,already_correct,borderline_obscure_real,0.6880761682987213,0.44079882,1.6028153,0.73087853
v5_borderline_obscure_0172,llama-4-maverick-17b,0,epistemic_humility,0,4,4,already_correct,borderline_obscure_real,0.7750116288661957,0.42789125,1.6582322,0.7886542
v5_borderline_obscure_0173,llama-4-maverick-17b,0,epistemic_humility,0,4,4,already_correct,borderline_obscure_real,0.4159701466560364,0.54213846,1.6423168,0.7070372
v5_borderline_obscure_0174,llama-4-maverick-17b,0,epistemic_humility,0,4,4,already_correct,borderline_obscure_real,1.1920928955078125e-07,0.50565934,1.555044,0.7550412
v5_borderline_obscure_0175,llama-4-maverick-17b,0,epistemic_humility,0,4,4,already_correct,borderline_obscure_real,0.7723996192216873,0.45983547,1.6563597,0.8067974
v5_borderline_obscure_0176,llama-4-maverick-17b,0,epistemic_humility,0,4,4,already_correct,borderline_obscure_real,0.2887930870056152,0.516477,1.8540488,0.68363976
v5_borderline_obscure_0177,llama-4-maverick-17b,0,epistemic_humility,0,4,4,already_correct,borderline_obscure_real,0.2542918920516968,0.4965046,1.8729676,0.70014644
v5_borderline_obscure_0178,llama-4-maverick-17b,0,epistemic_humility,0,4,4,already_correct,borderline_obscure_real,5.960464477539064e-08,0.48047304,1.7314867,0.74087256
v5_borderline_obscure_0179,llama-4-maverick-17b,0,entity_aware,0,4,2,regressed,borderline_obscure_real,0.5756059885025024,0.49515152,1.7266347,0.713076
v5_borderline_obscure_0180,llama-4-maverick-17b,0,epistemic_humility,0,4,4,already_correct,borderline_obscure_real,0.200681984424591,0.44572848,1.7534778,0.7362126
v5_borderline_obscure_0181,llama-4-maverick-17b,0,epistemic_humility,0,4,4,already_correct,borderline_obscure_real,0.4299994707107544,0.4989255,1.9295763,0.73168933
v5_borderline_obscure_0182,llama-4-maverick-17b,0,epistemic_humility,0,4,4,already_correct,borderline_obscure_real,0.1208888888359069,0.5050898,1.6832777,0.78910756
v5_borderline_obscure_0183,llama-4-maverick-17b,0,epistemic_humility,0,4,4,already_correct,borderline_obscure_real,1.1920928955078125e-07,0.48140883,1.8428899,0.77780044
v5_borderline_obscure_0184,llama-4-maverick-17b,0,epistemic_humility,0,4,4,already_correct,borderline_obscure_real,0.8667102307081223,0.47044826,1.7564958,0.70876205
v5_borderline_obscure_0185,llama-4-maverick-17b,0,entity_aware,0,4,3,regressed,borderline_obscure_real,0.0,0.4833557,1.8850044,0.72939825
v5_borderline_obscure_0186,llama-4-maverick-17b,0,epistemic_humility,0,4,3,regressed,borderline_obscure_real,0.3217949271202087,0.5018599,1.727054,0.7361176
v5_borderline_obscure_0187,llama-4-maverick-17b,0,epistemic_humility,0,4,4,already_correct,borderline_obscure_real,0.3057746887207031,0.49506563,1.8022015,0.7814213
v5_borderline_obscure_0188,llama-4-maverick-17b,0,epistemic_humility,0,4,4,already_correct,borderline_obscure_real,0.28198903799057,0.45547587,1.61398,0.8476895
v5_borderline_obscure_0189,llama-4-maverick-17b,0,epistemic_humility,0,4,4,already_correct,borderline_obscure_real,0.5129769444465637,0.47579354,1.6226897,0.7100723
v5_borderline_obscure_0190,llama-4-maverick-17b,0,fact_grounded,0,4,3,regressed,borderline_obscure_real,0.5170129835605621,0.42816287,1.7577178,0.7107815
v5_borderline_obscure_0191,llama-4-maverick-17b,0,epistemic_humility,0,4,2,regressed,borderline_obscure_real,0.0635877847671508,0.5000054,1.8741574,0.733042
v5_borderline_obscure_0192,llama-4-maverick-17b,0,structured_caution,1,4,3,regressed,borderline_obscure_real,-1.1920928955078125e-07,0.5128765,1.6626134,0.76926696
v5_borderline_obscure_0193,llama-4-maverick-17b,1,fact_grounded,1,4,2,other,borderline_obscure_real,0.126463770866394,0.49470663,1.7454468,0.7541177
v5_borderline_obscure_0194,llama-4-maverick-17b,0,epistemic_humility,0,4,4,already_correct,borderline_obscure_real,0.5851606130599976,0.43657446,1.7407618,0.87307906
v5_borderline_obscure_0195,llama-4-maverick-17b,0,epistemic_humility,0,4,4,already_correct,borderline_obscure_real,0.0475226640701293,0.5484966,1.9057552,0.6270542
v5_borderline_obscure_0196,llama-4-maverick-17b,0,epistemic_humility,0,4,4,already_correct,borderline_obscure_real,0.0,0.46014577,1.8061876,0.7090947
v5_borderline_obscure_0197,llama-4-maverick-17b,0,epistemic_humility,0,4,4,already_correct,borderline_obscure_real,0.4332311153411865,0.46356452,1.7816272,0.78930855
v5_borderline_obscure_0198,llama-4-maverick-17b,0,epistemic_humility,0,4,4,already_correct,borderline_obscure_real,0.6545782089233398,0.4904093,1.5643135,0.7710236
v5_borderline_obscure_0199,llama-4-maverick-17b,0,epistemic_humility,0,4,4,already_correct,borderline_obscure_real,0.0,0.48112762,1.5546557,0.82563823
v5_borderline_obscure_0200,llama-4-maverick-17b,0,epistemic_humility,0,4,4,already_correct,borderline_obscure_real,0.5900108516216278,0.4615208,1.6912777,0.76410747
v5_factual_0001,llama-4-maverick-17b,0,epistemic_humility,0,4,4,already_correct,factual,0.5532735586166382,0.4051773,1.8726248,0.7595631
v5_factual_0002,llama-4-maverick-17b,0,epistemic_humility,0,4,4,already_correct,factual,5.960464477539064e-08,0.3837906,1.9816434,0.7711306
v5_factual_0003,llama-4-maverick-17b,0,epistemic_humility,0,4,4,already_correct,factual,5.960464477539064e-08,0.47090822,1.8275712,0.7185727
v5_factual_0004,llama-4-maverick-17b,0,entity_aware,0,4,3,regressed,factual,0.0,0.44671428,1.5165222,0.770058
v5_factual_0005,llama-4-maverick-17b,0,epistemic_humility,0,4,4,already_correct,factual,0.6382942795753479,0.4468726,2.2923427,0.78705573
v5_factual_0006,llama-4-maverick-17b,0,epistemic_humility,0,4,4,already_correct,factual,0.1216450333595275,0.41608763,2.2738867,0.7882829
v5_factual_0007,llama-4-maverick-17b,0,epistemic_humility,0,4,4,already_correct,factual,0.459399938583374,0.4429614,1.7913017,0.8154068
v5_factual_0008,llama-4-maverick-17b,0,epistemic_humility,0,4,4,already_correct,factual,0.1038987040519714,0.46579212,1.8032576,0.7828235
v5_factual_0009,llama-4-maverick-17b,2,epistemic_humility,1,4,2,fixed,factual,0.0,0.48556453,1.7000401,0.800251
v5_factual_0010,llama-4-maverick-17b,0,epistemic_humility,0,4,4,already_correct,factual,0.746345728635788,0.41609144,1.7716781,0.766321
v5_factual_0011,llama-4-maverick-17b,0,epistemic_humility,0,4,4,already_correct,factual,0.2318643927574157,0.3798244,1.871009,0.8170058
v5_factual_0012,llama-4-maverick-17b,0,epistemic_humility,0,4,4,already_correct,factual,0.6940163969993591,0.4716118,1.7352403,0.78723705
v5_factual_0013,llama-4-maverick-17b,0,epistemic_humility,0,4,4,already_correct,factual,0.2763792872428894,0.46100074,2.0528877,0.8071472
v5_factual_0014,llama-4-maverick-17b,0,epistemic_humility,0,4,4,already_correct,factual,0.2592376470565796,0.43431175,1.7372297,0.8108015
v5_factual_0015,llama-4-maverick-17b,0,epistemic_humility,0,4,4,already_correct,factual,0.0640791058540344,0.48655742,2.121318,0.7629962
v5_factual_0016,llama-4-maverick-17b,0,epistemic_humility,0,4,4,already_correct,factual,0.4519913792610168,0.44037074,2.4356115,0.7773738
v5_factual_0017,llama-4-maverick-17b,0,epistemic_humility,0,4,4,already_correct,factual,0.0,0.41490036,1.9962869,0.8527617
v5_factual_0018,llama-4-maverick-17b,0,epistemic_humility,0,4,4,already_correct,factual,0.4063207507133484,0.32213944,1.9889942,0.8145763
v5_factual_0019,llama-4-maverick-17b,0,epistemic_humility,0,4,4,already_correct,factual,0.3466972112655639,0.45869863,2.256564,0.786063
v5_factual_0020,llama-4-maverick-17b,0,epistemic_humility,0,4,4,already_correct,factual,0.32472825050354,0.45719552,1.7793812,0.7142401
v5_factual_0021,llama-4-maverick-17b,0,epistemic_humility,0,4,4,already_correct,factual,0.6537177562713623,0.5413871,1.961512,0.71610755
v5_factual_0022,llama-4-maverick-17b,0,epistemic_humility,0,4,4,already_correct,factual,5.960464477539064e-08,0.47128373,1.7567817,0.7677507
v5_factual_0023,llama-4-maverick-17b,0,epistemic_humility,0,4,4,already_correct,factual,0.0923974514007568,0.4986533,2.317831,0.7493236
v5_factual_0024,llama-4-maverick-17b,0,epistemic_humility,0,4,4,already_correct,factual,0.3690502643585205,0.49573326,2.239306,0.7605926
v5_factual_0025,llama-4-maverick-17b,0,epistemic_humility,0,4,4,already_correct,factual,0.5415039658546448,0.47201878,2.1582847,0.76246065
v5_factual_0026,llama-4-maverick-17b,0,epistemic_humility,0,4,4,already_correct,factual,0.5938850045204163,0.47040445,1.8577659,0.7655722
v5_factual_0027,llama-4-maverick-17b,0,epistemic_humility,0,4,4,already_correct,factual,0.0,0.44925827,1.9999077,0.76107174
v5_factual_0028,llama-4-maverick-17b,0,epistemic_humility,0,4,4,already_correct,factual,0.2233713269233703,0.5168922,1.7140341,0.8820478
v5_factual_0029,llama-4-maverick-17b,3,epistemic_humility,0,4,4,other,factual,0.4820750951766968,0.35586488,2.207428,0.78660315
v5_factual_0030,llama-4-maverick-17b,0,epistemic_humility,0,4,4,already_correct,factual,0.8742218613624573,0.46404803,1.697418,0.80458325
v5_factual_0031,llama-4-maverick-17b,0,epistemic_humility,0,4,4,already_correct,factual,0.0297954082489013,0.4632591,2.2066636,0.7725414
v5_factual_0032,llama-4-maverick-17b,0,epistemic_humility,0,4,4,already_correct,factual,0.3412582278251648,0.40059817,2.1443114,0.82773423
v5_factual_0033,llama-4-maverick-17b,0,epistemic_humility,0,4,4,already_correct,factual,0.0137722492218017,0.45629615,1.932141,0.833187
v5_factual_0034,llama-4-maverick-17b,0,epistemic_humility,0,4,4,already_correct,factual,0.2528634071350097,0.42412782,2.2251809,0.8005184
v5_factual_0035,llama-4-maverick-17b,0,epistemic_humility,0,4,4,already_correct,factual,0.0,0.45062816,2.0304573,0.7434715
v5_factual_0036,llama-4-maverick-17b,0,epistemic_humility,0,4,4,already_correct,factual,0.2329250574111938,0.4496106,1.7545818,0.82832944
v5_factual_0037,llama-4-maverick-17b,0,entity_aware,0,4,4,already_correct,factual,0.1800630092620849,0.44602197,1.8525448,0.81749487
v5_factual_0038,llama-4-maverick-17b,0,epistemic_humility,0,4,4,already_correct,factual,0.347265362739563,0.39224702,2.0789452,0.8549404
v5_factual_0039,llama-4-maverick-17b,0,epistemic_humility,0,4,4,already_correct,factual,0.4109384417533874,0.45240217,2.2873385,0.8156382
v5_factual_0040,llama-4-maverick-17b,0,epistemic_humility,0,4,4,already_correct,factual,0.4637516736984253,0.49094385,2.0264037,0.69774735
v5_factual_0041,llama-4-maverick-17b,0,epistemic_humility,0,4,4,already_correct,factual,0.0,0.48978376,1.8620222,0.89353025
v5_factual_0042,llama-4-maverick-17b,0,epistemic_humility,0,4,4,already_correct,factual,0.2807177305221557,0.53621554,2.0975673,0.72955805
v5_factual_0043,llama-4-maverick-17b,0,epistemic_humility,0,4,4,already_correct,factual,0.2178414463996887,0.47483873,2.0392432,0.7480368
v5_factual_0044,llama-4-maverick-17b,0,epistemic_humility,0,4,4,already_correct,factual,0.5578005313873291,0.49904037,2.5038366,0.77608925
v5_factual_0045,llama-4-maverick-17b,0,epistemic_humility,0,4,4,already_correct,factual,0.4508630037307739,0.4279228,1.8364716,0.7849592
v5_factual_0046,llama-4-maverick-17b,0,epistemic_humility,0,4,4,already_correct,factual,0.7151761054992676,0.4767213,1.7885529,0.8560847
v5_factual_0047,llama-4-maverick-17b,0,epistemic_humility,0,4,4,already_correct,factual,0.5051325261592865,0.4515406,2.365846,0.7660552
v5_factual_0048,llama-4-maverick-17b,0,epistemic_humility,0,4,4,already_correct,factual,0.0,0.46236527,1.705834,0.7941074
v5_factual_0049,llama-4-maverick-17b,0,epistemic_humility,0,4,4,already_correct,factual,0.0229033231735229,0.41945082,1.9690702,0.8233196
v5_factual_0050,llama-4-maverick-17b,0,epistemic_humility,0,4,4,already_correct,factual,0.2096790075302124,0.52922225,1.813459,0.7502363
v5_factual_0051,llama-4-maverick-17b,0,epistemic_humility,0,4,4,already_correct,factual,0.6213817000389099,0.46527344,1.8975973,0.8292731
v5_factual_0052,llama-4-maverick-17b,0,epistemic_humility,0,4,4,already_correct,factual,0.1775193214416504,0.36590934,1.7780102,0.87742025
v5_factual_0053,llama-4-maverick-17b,0,epistemic_humility,0,4,4,already_correct,factual,0.0362293124198913,0.53456783,2.164005,0.67603654
v5_factual_0054,llama-4-maverick-17b,0,epistemic_humility,0,4,4,already_correct,factual,5.960464477539064e-08,0.4344409,1.9083784,0.8628134
v5_factual_0055,llama-4-maverick-17b,0,epistemic_humility,0,4,4,already_correct,factual,0.7199174463748932,0.49442583,1.8480468,0.79695064
v5_factual_0056,llama-4-maverick-17b,0,epistemic_humility,0,4,4,already_correct,factual,0.2755611538887024,0.38808352,1.9651773,0.7791805
v5_factual_0057,llama-4-maverick-17b,0,epistemic_humility,0,4,4,already_correct,factual,0.6728745698928833,0.45490414,2.3251238,0.7647679
v5_factual_0058,llama-4-maverick-17b,0,epistemic_humility,0,4,4,already_correct,factual,1.1920928955078125e-07,0.45608854,1.6160306,0.8207481
v5_factual_0059,llama-4-maverick-17b,0,epistemic_humility,0,4,4,already_correct,factual,-1.1920928955078125e-07,0.43327773,2.0661423,0.80307066
v5_factual_0060,llama-4-maverick-17b,0,epistemic_humility,0,4,4,already_correct,factual,0.3521121144294739,0.3807884,1.7269305,0.8887555
v5_factual_0061,llama-4-maverick-17b,0,epistemic_humility,0,4,4,already_correct,factual,0.4803754687309265,0.4600339,1.9932693,0.81457543
v5_factual_0062,llama-4-maverick-17b,0,fact_grounded,0,4,4,already_correct,factual,5.960464477539064e-08,0.41546398,1.950399,0.80942583
v5_factual_0063,llama-4-maverick-17b,0,epistemic_humility,0,4,4,already_correct,factual,0.710631251335144,0.462911,1.673466,0.7451446
v5_factual_0064,llama-4-maverick-17b,0,epistemic_humility,0,4,4,already_correct,factual,0.5067594349384308,0.40647036,1.863576,0.8551771
v5_factual_0065,llama-4-maverick-17b,0,epistemic_humility,0,4,4,already_correct,factual,5.960464477539064e-08,0.5254574,1.8627014,0.7839949
v5_factual_0066,llama-4-maverick-17b,0,epistemic_humility,0,4,4,already_correct,factual,-1.1920928955078125e-07,0.44907725,2.1504529,0.80380094
v5_factual_0067,llama-4-maverick-17b,0,epistemic_humility,0,4,4,already_correct,factual,0.1668351888656616,0.43166167,2.277023,0.851744
v5_factual_0068,llama-4-maverick-17b,2,epistemic_humility,0,4,4,fixed,factual,5.960464477539064e-08,0.44562805,1.9301968,0.8531401
v5_factual_0069,llama-4-maverick-17b,0,epistemic_humility,0,4,4,already_correct,factual,5.960464477539064e-08,0.4584658,1.9194806,0.74896264
v5_factual_0070,llama-4-maverick-17b,0,epistemic_humility,0,4,4,already_correct,factual,0.0,0.45142198,1.6806177,0.80063856
v5_factual_0071,llama-4-maverick-17b,1,entity_aware,0,4,4,other,factual,0.0,0.5028733,1.7570643,0.744787
v5_factual_0072,llama-4-maverick-17b,0,epistemic_humility,0,4,4,already_correct,factual,0.0,0.43978179,1.6180352,0.78349453
v5_factual_0073,llama-4-maverick-17b,0,epistemic_humility,0,4,4,already_correct,factual,0.2228735089302063,0.40871483,2.1454456,0.7669228
v5_factual_0074,llama-4-maverick-17b,0,epistemic_humility,0,4,2,regressed,factual,5.960464477539064e-08,0.45809376,1.8934151,0.7480559
v5_factual_0075,llama-4-maverick-17b,0,epistemic_humility,0,4,4,already_correct,factual,5.960464477539064e-08,0.41951752,1.7228836,0.82868284
v5_factual_0076,llama-4-maverick-17b,0,epistemic_humility,0,4,4,already_correct,factual,0.7471692860126495,0.47398525,1.8864071,0.76895565
v5_factual_0077,llama-4-maverick-17b,0,epistemic_humility,0,4,4,already_correct,factual,5.960464477539064e-08,0.4126407,2.0461104,0.801599
v5_factual_0078,llama-4-maverick-17b,0,epistemic_humility,0,4,4,already_correct,factual,0.3276816606521606,0.44151783,2.1532986,0.795629
v5_factual_0079,llama-4-maverick-17b,2,epistemic_humility,0,4,4,fixed,factual,0.740123838186264,0.46528715,1.7424612,0.7682212
v5_factual_0080,llama-4-maverick-17b,0,epistemic_humility,0,4,4,already_correct,factual,5.960464477539064e-08,0.4536662,1.8208214,0.78172696
v5_factual_0081,llama-4-maverick-17b,0,epistemic_humility,0,4,4,already_correct,factual,0.0,0.31194943,1.9542183,0.8085748
v5_factual_0082,llama-4-maverick-17b,0,epistemic_humility,0,4,4,already_correct,factual,0.6230833530426025,0.4590389,2.0682058,0.79070234
v5_factual_0083,llama-4-maverick-17b,0,epistemic_humility,0,4,4,already_correct,factual,-1.1920928955078125e-07,0.44955665,1.8287898,0.8070942
v5_factual_0084,llama-4-maverick-17b,0,epistemic_humility,0,4,4,already_correct,factual,0.5601869821548462,0.40147454,2.030883,0.77806616
v5_factual_0085,llama-4-maverick-17b,0,epistemic_humility,0,4,4,already_correct,factual,0.0492457151412963,0.46053118,2.1954882,0.76952976
v5_factual_0086,llama-4-maverick-17b,0,epistemic_humility,0,4,4,already_correct,factual,0.4578074812889099,0.4536745,2.3083606,0.86502445
v5_factual_0087,llama-4-maverick-17b,0,epistemic_humility,0,4,4,already_correct,factual,0.7036145925521851,0.4300477,1.9046435,0.6859803
v5_factual_0088,llama-4-maverick-17b,0,epistemic_humility,0,4,4,already_correct,factual,0.4789002537727356,0.42230004,2.2575212,0.7808157
v5_factual_0089,llama-4-maverick-17b,0,epistemic_humility,0,4,4,already_correct,factual,0.7478420436382294,0.5009705,2.1217937,0.7676916
v5_factual_0090,llama-4-maverick-17b,0,epistemic_humility,0,4,4,already_correct,factual,0.1767134666442871,0.50151646,1.842848,0.76040566
v5_factual_0091,llama-4-maverick-17b,0,epistemic_humility,0,4,4,already_correct,factual,0.2644367814064026,0.37568653,2.1737676,0.7979437
v5_factual_0092,llama-4-maverick-17b,3,entity_aware,0,4,4,other,factual,5.960464477539064e-08,0.3498537,2.2585301,0.79174423
v5_factual_0093,llama-4-maverick-17b,0,epistemic_humility,0,4,4,already_correct,factual,1.1920928955078125e-07,0.45664835,2.0752547,0.7411095
v5_factual_0094,llama-4-maverick-17b,2,entity_aware,0,4,4,fixed,factual,0.4003229141235351,0.44733346,2.370003,0.80291253
v5_factual_0095,llama-4-maverick-17b,0,epistemic_humility,0,4,4,already_correct,factual,0.8114726543426514,0.44887757,2.2187576,0.78893673
v5_factual_0096,llama-4-maverick-17b,0,epistemic_humility,0,4,4,already_correct,factual,0.1790827512741089,0.48835182,1.6922839,0.750667
v5_factual_0097,llama-4-maverick-17b,0,epistemic_humility,0,4,4,already_correct,factual,0.1895657777786255,0.40170187,2.006122,0.8330252
v5_factual_0098,llama-4-maverick-17b,0,epistemic_humility,0,4,4,already_correct,factual,0.7238498330116272,0.48428524,1.9259228,0.8688463
v5_factual_0099,llama-4-maverick-17b,2,structured_caution,0,4,1,fixed,factual,-1.1920928955078125e-07,0.48332173,1.6852083,0.8045357
v5_factual_0100,llama-4-maverick-17b,0,epistemic_humility,0,4,4,already_correct,factual,0.1554758548736572,0.5007825,2.3212507,0.8022583
v5_factual_0101,llama-4-maverick-17b,0,epistemic_humility,0,4,4,already_correct,factual,0.4865735173225403,0.40633297,2.1206245,0.7883442
v5_factual_0102,llama-4-maverick-17b,0,epistemic_humility,0,4,4,already_correct,factual,0.3106422424316406,0.49667525,2.2888758,0.7135022
v5_factual_0103,llama-4-maverick-17b,0,epistemic_humility,0,4,4,already_correct,factual,0.5416425168514252,0.4519711,2.0446174,0.80125284
v5_factual_0104,llama-4-maverick-17b,3,structured_caution,0,4,4,other,factual,0.5735998749732971,0.49996275,1.8620335,0.7797368
v5_factual_0105,llama-4-maverick-17b,0,epistemic_humility,0,4,4,already_correct,factual,0.0244009494781494,0.45498037,1.8599554,0.73622805
v5_factual_0106,llama-4-maverick-17b,0,epistemic_humility,0,4,4,already_correct,factual,0.6878427565097809,0.4278468,2.2602348,0.77819073
v5_factual_0107,llama-4-maverick-17b,0,epistemic_humility,0,4,4,already_correct,factual,-2.384185791015625e-07,0.4888143,2.1401248,0.7935575
v5_factual_0108,llama-4-maverick-17b,0,epistemic_humility,0,4,4,already_correct,factual,0.2055909633636474,0.41216892,2.1556385,0.8305458
v5_factual_0109,llama-4-maverick-17b,0,epistemic_humility,0,4,4,already_correct,factual,0.8385557681322098,0.5233276,2.1070838,0.75329214
v5_factual_0110,llama-4-maverick-17b,0,epistemic_humility,0,4,4,already_correct,factual,0.2461990118026733,0.44234073,1.8749377,0.8733475
v5_factual_0111,llama-4-maverick-17b,0,epistemic_humility,0,4,4,already_correct,factual,0.2449498772621154,0.46163887,1.8658928,0.7756839
v5_factual_0112,llama-4-maverick-17b,0,epistemic_humility,0,4,4,already_correct,factual,0.6464140713214874,0.49143696,2.3520775,0.8335513
v5_factual_0113,llama-4-maverick-17b,0,epistemic_humility,0,4,4,already_correct,factual,0.6994116604328156,0.4950245,1.8476058,0.8407401
v5_factual_0114,llama-4-maverick-17b,0,epistemic_humility,0,4,4,already_correct,factual,0.069449782371521,0.46378165,1.8757519,0.8919845
v5_factual_0115,llama-4-maverick-17b,2,fact_grounded,0,4,3,fixed,factual,-1.1920928955078125e-07,0.4890601,2.246453,0.7460771
v5_factual_0116,llama-4-maverick-17b,3,epistemic_humility,0,4,4,other,factual,0.4302998781204223,0.323393,2.1071236,0.7880819
v5_factual_0117,llama-4-maverick-17b,2,entity_aware,0,4,3,fixed,factual,-1.1920928955078125e-07,0.39727587,1.8968791,0.8454074
v5_factual_0118,llama-4-maverick-17b,0,epistemic_humility,0,4,4,already_correct,factual,0.0,0.456936,2.3873146,0.7556689
v5_factual_0119,llama-4-maverick-17b,0,epistemic_humility,0,4,4,already_correct,factual,5.960464477539064e-08,0.3993867,2.0391119,0.82557565
v5_factual_0120,llama-4-maverick-17b,0,epistemic_humility,0,4,4,already_correct,factual,0.8746742606163025,0.46288973,1.7052484,0.82714605
v5_factual_0121,llama-4-maverick-17b,0,epistemic_humility,0,4,4,already_correct,factual,0.2470713853836059,0.4222105,2.0986774,0.84071267
v5_factual_0122,llama-4-maverick-17b,0,epistemic_humility,0,4,4,already_correct,factual,1.788139343261719e-07,0.43555164,2.2630618,0.75461626
v5_factual_0123,llama-4-maverick-17b,0,epistemic_humility,0,4,4,already_correct,factual,5.960464477539064e-08,0.4279372,2.1557906,0.80356973
v5_factual_0124,llama-4-maverick-17b,0,epistemic_humility,0,4,4,already_correct,factual,0.740807980298996,0.4617507,1.8556919,0.76522624
v5_factual_0125,llama-4-maverick-17b,0,epistemic_humility,0,4,4,already_correct,factual,0.8224220722913742,0.35255075,1.5374877,0.8433601
v5_factual_0126,llama-4-maverick-17b,0,epistemic_humility,0,4,4,already_correct,factual,0.6795784831047058,0.44760895,1.7568017,0.80064666
v5_factual_0127,llama-4-maverick-17b,0,epistemic_humility,0,4,4,already_correct,factual,0.7179884910583496,0.47616613,1.8387501,0.6739995
v5_factual_0128,llama-4-maverick-17b,0,epistemic_humility,0,4,4,already_correct,factual,5.960464477539064e-08,0.44749868,2.1173954,0.80592126
v5_factual_0129,llama-4-maverick-17b,0,epistemic_humility,0,4,4,already_correct,factual,0.2103416323661804,0.44523126,1.7950644,0.7971756
v5_factual_0130,llama-4-maverick-17b,1,epistemic_humility,1,4,3,other,factual,0.3974021673202514,0.47180772,2.0656376,0.77139705
v5_factual_0131,llama-4-maverick-17b,0,epistemic_humility,0,4,4,already_correct,factual,0.4663829803466797,0.48867375,1.9445275,0.7994897
v5_factual_0132,llama-4-maverick-17b,0,epistemic_humility,0,4,4,already_correct,factual,0.1566947698593139,0.41438425,2.1758788,0.8007153
v5_factual_0133,llama-4-maverick-17b,0,epistemic_humility,0,4,4,already_correct,factual,5.960464477539064e-08,0.3992319,1.6957763,0.8488208
v5_factual_0134,llama-4-maverick-17b,0,epistemic_humility,0,4,4,already_correct,factual,0.7821267396211624,0.46342474,1.7905737,0.8051599
v5_factual_0135,llama-4-maverick-17b,0,epistemic_humility,0,4,4,already_correct,factual,0.7063415050506592,0.45423186,2.4638188,0.7555378
v5_factual_0136,llama-4-maverick-17b,0,epistemic_humility,0,4,4,already_correct,factual,-2.384185791015625e-07,0.36287338,1.7246301,0.87888956
v5_factual_0137,llama-4-maverick-17b,0,epistemic_humility,0,4,4,already_correct,factual,-1.1920928955078125e-07,0.45553088,2.18922,0.7784388
v5_factual_0138,llama-4-maverick-17b,0,epistemic_humility,0,4,4,already_correct,factual,0.0118863582611083,0.3958664,2.2533457,0.7824694
v5_factual_0139,llama-4-maverick-17b,0,epistemic_humility,0,4,4,already_correct,factual,0.5030747056007385,0.44878185,1.6145715,0.80492955
v5_factual_0140,llama-4-maverick-17b,0,epistemic_humility,0,4,4,already_correct,factual,0.0,0.41595846,2.0323591,0.8054284
v5_factual_0141,llama-4-maverick-17b,0,epistemic_humility,0,4,4,already_correct,factual,5.960464477539064e-08,0.41534472,1.9465476,0.77766895
v5_factual_0142,llama-4-maverick-17b,0,epistemic_humility,0,4,4,already_correct,factual,0.3293708562850952,0.4506508,2.096177,0.7557636
v5_factual_0143,llama-4-maverick-17b,0,epistemic_humility,0,4,4,already_correct,factual,0.7251738905906677,0.49133795,1.9319916,0.84703124
v5_factual_0144,llama-4-maverick-17b,0,epistemic_humility,0,4,4,already_correct,factual,0.0,0.4445994,2.2518249,0.8647779
v5_factual_0145,llama-4-maverick-17b,0,epistemic_humility,0,4,4,already_correct,factual,0.3730350732803345,0.4199437,2.1168764,0.8197332
v5_factual_0146,llama-4-maverick-17b,0,epistemic_humility,0,4,4,already_correct,factual,0.4042173624038696,0.4816574,1.7856237,0.79055357
v5_factual_0147,llama-4-maverick-17b,0,epistemic_humility,0,4,4,already_correct,factual,0.5488241314888,0.42712528,1.7972347,0.72002745
v5_factual_0148,llama-4-maverick-17b,0,epistemic_humility,0,4,4,already_correct,factual,0.858131930232048,0.49728268,1.8683884,0.7868949
v5_factual_0149,llama-4-maverick-17b,0,structured_caution,0,4,1,regressed,factual,5.960464477539064e-08,0.47709805,2.3115733,0.72955215
v5_factual_0150,llama-4-maverick-17b,0,epistemic_humility,0,4,4,already_correct,factual,-1.1920928955078125e-07,0.51551896,2.011779,0.7392481
v5_factual_0151,llama-4-maverick-17b,3,epistemic_humility,3,4,3,other,factual,0.0,0.35504425,2.1476116,0.7959324
v5_factual_0152,llama-4-maverick-17b,1,epistemic_humility,0,4,4,other,factual,0.4520657062530517,0.47278005,1.8982159,0.84359664
v5_factual_0153,llama-4-maverick-17b,0,epistemic_humility,0,4,4,already_correct,factual,0.4559000730514526,0.42127907,1.9460881,0.80179256
v5_factual_0154,llama-4-maverick-17b,0,epistemic_humility,0,4,4,already_correct,factual,0.0,0.44101208,2.0031931,0.7851947
v5_factual_0155,llama-4-maverick-17b,0,epistemic_humility,0,4,4,already_correct,factual,-1.1920928955078125e-07,0.45852774,2.0385637,0.814453
v5_factual_0156,llama-4-maverick-17b,3,epistemic_humility,0,4,4,other,factual,0.3487117290496826,0.3288288,2.1174653,0.7914163
v5_factual_0157,llama-4-maverick-17b,2,epistemic_humility,0,4,2,fixed,factual,0.5441081523895264,0.4257375,2.2603965,0.80687386
v5_factual_0158,llama-4-maverick-17b,0,epistemic_humility,0,4,4,already_correct,factual,0.0,0.48567146,1.7440923,0.7870548
v5_factual_0159,llama-4-maverick-17b,0,epistemic_humility,0,4,4,already_correct,factual,0.2422787547111511,0.5024556,2.363539,0.7616259
v5_factual_0160,llama-4-maverick-17b,0,epistemic_humility,0,4,4,already_correct,factual,0.1105715632438659,0.4386732,2.226657,0.7998047
v5_factual_0161,llama-4-maverick-17b,0,epistemic_humility,0,4,4,already_correct,factual,0.5085049271583557,0.44635034,2.2286732,0.7792427
v5_factual_0162,llama-4-maverick-17b,0,epistemic_humility,0,4,4,already_correct,factual,0.2957853674888611,0.524377,2.0468981,0.73830557
v5_factual_0163,llama-4-maverick-17b,0,epistemic_humility,0,4,4,already_correct,factual,0.0,0.4081952,1.7920834,0.7933164
v5_factual_0164,llama-4-maverick-17b,0,epistemic_humility,0,4,4,already_correct,factual,0.4720737934112549,0.45068377,1.9073241,0.7995961
v5_factual_0165,llama-4-maverick-17b,0,epistemic_humility,0,4,4,already_correct,factual,0.1031827330589294,0.46781957,1.7414984,0.7597998
v5_factual_0166,llama-4-maverick-17b,0,epistemic_humility,0,4,4,already_correct,factual,0.5772571861743927,0.47419357,1.9811584,0.8259159
v5_factual_0167,llama-4-maverick-17b,0,epistemic_humility,0,4,4,already_correct,factual,0.2505821585655212,0.39932013,1.9460574,0.84342366
v5_factual_0168,llama-4-maverick-17b,0,epistemic_humility,0,4,4,already_correct,factual,0.8623421490192413,0.46884125,1.8030374,0.775516
v5_factual_0169,llama-4-maverick-17b,0,epistemic_humility,0,4,4,already_correct,factual,0.2999115586280823,0.44403404,1.7511154,0.7638376
v5_factual_0170,llama-4-maverick-17b,0,epistemic_humility,0,4,4,already_correct,factual,-1.1920928955078125e-07,0.3977487,2.0175657,0.8468292
v5_factual_0171,llama-4-maverick-17b,1,epistemic_humility,0,4,4,other,factual,0.7923899590969086,0.48016602,2.2539015,0.7341318
v5_factual_0172,llama-4-maverick-17b,3,epistemic_humility,0,4,4,other,factual,0.5431180000305176,0.35585988,2.1451473,0.8022132
v5_factual_0173,llama-4-maverick-17b,0,epistemic_humility,0,4,4,already_correct,factual,0.0,0.3923958,1.6141196,0.9122459
v5_factual_0174,llama-4-maverick-17b,0,epistemic_humility,0,4,4,already_correct,factual,-1.1920928955078125e-07,0.39395124,2.0091176,0.79076827
v5_factual_0175,llama-4-maverick-17b,0,epistemic_humility,0,4,4,already_correct,factual,-1.1920928955078125e-07,0.4221394,1.9243307,0.8100446
v5_factual_0176,llama-4-maverick-17b,0,epistemic_humility,0,4,4,already_correct,factual,0.3775457739830017,0.48014432,2.3032086,0.713755
v5_factual_0177,llama-4-maverick-17b,0,epistemic_humility,0,4,4,already_correct,factual,0.2578941583633423,0.47281855,2.2629702,0.7147575
v5_factual_0178,llama-4-maverick-17b,0,epistemic_humility,0,4,4,already_correct,factual,0.394950807094574,0.46532,1.7796104,0.78447056
v5_factual_0179,llama-4-maverick-17b,0,epistemic_humility,0,4,4,already_correct,factual,0.4625847339630127,0.4468313,2.2730317,0.77681947
v5_factual_0180,llama-4-maverick-17b,0,epistemic_humility,0,4,4,already_correct,factual,0.0,0.47660398,1.8188826,0.7732739
v5_factual_0181,llama-4-maverick-17b,0,epistemic_humility,0,4,4,already_correct,factual,0.288797914981842,0.4399795,2.3263452,0.8279654
v5_factual_0182,llama-4-maverick-17b,0,epistemic_humility,0,4,4,already_correct,factual,0.7723507285118103,0.45562136,1.7157592,0.80225575
v5_factual_0183,llama-4-maverick-17b,0,epistemic_humility,0,4,4,already_correct,factual,0.0,0.47247124,1.8456956,0.79111683
v5_factual_0184,llama-4-maverick-17b,0,epistemic_humility,0,4,4,already_correct,factual,0.5558671951293945,0.45659786,2.3222687,0.8039959
v5_factual_0185,llama-4-maverick-17b,0,epistemic_humility,0,4,4,already_correct,factual,0.6398299932479858,0.43952972,1.8554865,0.7301662
v5_factual_0186,llama-4-maverick-17b,0,epistemic_humility,0,4,4,already_correct,factual,0.2949057817459106,0.47461665,1.7055008,0.8242698
v5_factual_0187,llama-4-maverick-17b,0,epistemic_humility,0,4,4,already_correct,factual,0.0,0.4342593,2.0192695,0.7640855
v5_factual_0188,llama-4-maverick-17b,0,epistemic_humility,0,4,4,already_correct,factual,0.2371317148208618,0.4679851,2.2524643,0.7668977
v5_factual_0189,llama-4-maverick-17b,0,epistemic_humility,0,4,4,already_correct,factual,0.0,0.47179133,1.899783,0.82921195
v5_factual_0190,llama-4-maverick-17b,0,epistemic_humility,0,4,4,already_correct,factual,0.3542109727859497,0.48470938,2.1788793,0.79903495
v5_factual_0191,llama-4-maverick-17b,0,epistemic_humility,0,4,4,already_correct,factual,0.0,0.41146344,2.0126245,0.81957906
v5_factual_0192,llama-4-maverick-17b,0,epistemic_humility,0,4,3,regressed,factual,0.861733540892601,0.4555738,1.7200742,0.7663151
v5_factual_0193,llama-4-maverick-17b,0,epistemic_humility,0,4,4,already_correct,factual,0.2573989629745483,0.4681245,2.0176847,0.7842132
v5_factual_0194,llama-4-maverick-17b,0,epistemic_humility,0,4,4,already_correct,factual,0.0,0.46494657,1.8208052,0.818044
v5_factual_0195,llama-4-maverick-17b,0,epistemic_humility,0,4,4,already_correct,factual,0.4980690479278564,0.424219,1.6444697,0.77695614
v5_factual_0196,llama-4-maverick-17b,0,epistemic_humility,0,4,4,already_correct,factual,0.3763390183448791,0.43253577,2.4004085,0.82681394
v5_factual_0197,llama-4-maverick-17b,0,epistemic_humility,0,4,4,already_correct,factual,0.3090044856071472,0.4641024,1.7078079,0.7922123
v5_factual_0198,llama-4-maverick-17b,2,epistemic_humility,0,4,4,fixed,factual,0.7821678817272186,0.46931952,1.7919617,0.7580152
v5_factual_0199,llama-4-maverick-17b,0,epistemic_humility,0,4,4,already_correct,factual,-1.1920928955078125e-07,0.40458232,1.9092788,0.8616783
v5_factual_0200,llama-4-maverick-17b,0,fact_grounded,0,4,4,already_correct,factual,0.8728037774562836,0.44427425,1.7999393,0.7422418
v5_factual_0201,llama-4-maverick-17b,0,epistemic_humility,0,4,4,already_correct,factual,0.2174269556999206,0.45878768,2.04717,0.828125
v5_factual_0202,llama-4-maverick-17b,0,epistemic_humility,0,4,4,already_correct,factual,0.0,0.4040149,1.6964238,0.8387262
v5_factual_0203,llama-4-maverick-17b,0,epistemic_humility,0,4,4,already_correct,factual,0.5485343039035797,0.40855497,2.0177507,0.8631891
v5_factual_0204,llama-4-maverick-17b,0,epistemic_humility,0,4,4,already_correct,factual,0.2375274896621704,0.43333554,2.117595,0.774909
v5_factual_0205,llama-4-maverick-17b,0,epistemic_humility,0,4,4,already_correct,factual,0.7044177651405334,0.4570179,1.831109,0.68502843
v5_factual_0206,llama-4-maverick-17b,0,epistemic_humility,0,4,4,already_correct,factual,5.960464477539064e-08,0.45339787,1.9284374,0.75984645
v5_factual_0207,llama-4-maverick-17b,0,epistemic_humility,0,4,4,already_correct,factual,0.3908575177192688,0.45732456,1.9235865,0.77624935
v5_factual_0208,llama-4-maverick-17b,0,epistemic_humility,0,4,4,already_correct,factual,0.8661839067935944,0.50970817,1.8348923,0.7713518
v5_factual_0209,llama-4-maverick-17b,1,epistemic_humility,0,4,4,other,factual,0.0,0.46952403,2.0411727,0.8246139
v5_factual_0210,llama-4-maverick-17b,0,epistemic_humility,0,4,4,already_correct,factual,-1.1920928955078125e-07,0.44155103,1.6934307,0.8171241
v5_factual_0211,llama-4-maverick-17b,1,structured_caution,0,4,4,other,factual,0.0,0.47723985,1.7002158,0.8313832
v5_factual_0212,llama-4-maverick-17b,0,epistemic_humility,0,4,2,regressed,factual,0.0,0.43674618,2.2555847,0.8518759
v5_factual_0213,llama-4-maverick-17b,1,epistemic_humility,0,4,4,other,factual,0.7929818630218506,0.54405403,2.1458879,0.72827303
v5_factual_0214,llama-4-maverick-17b,0,epistemic_humility,0,4,4,already_correct,factual,0.4539591670036316,0.47727436,2.077349,0.82459784
v5_factual_0215,llama-4-maverick-17b,0,epistemic_humility,0,4,4,already_correct,factual,0.0717926025390625,0.4400862,1.9197567,0.8219453
v5_factual_0216,llama-4-maverick-17b,0,epistemic_humility,0,4,4,already_correct,factual,0.0,0.33797652,2.0662878,0.8113215
v5_factual_0217,llama-4-maverick-17b,0,epistemic_humility,0,4,4,already_correct,factual,0.7078587412834167,0.5021937,1.8578477,0.8663901
v5_factual_0218,llama-4-maverick-17b,0,epistemic_humility,0,4,4,already_correct,factual,0.349336564540863,0.3704129,1.6539422,0.90143204
v5_factual_0219,llama-4-maverick-17b,0,epistemic_humility,0,4,4,already_correct,factual,0.0010362863540649,0.4873044,1.843774,0.78048223
v5_factual_0220,llama-4-maverick-17b,0,epistemic_humility,0,4,4,already_correct,factual,0.8489869385957718,0.4650424,1.737492,0.8041363
v5_factual_0221,llama-4-maverick-17b,0,epistemic_humility,0,4,3,regressed,factual,0.5004985332489014,0.48663008,2.3290596,0.7219818
v5_factual_0222,llama-4-maverick-17b,0,epistemic_humility,0,4,4,already_correct,factual,0.5478184223175049,0.48910618,1.8972765,0.8935916
v5_factual_0223,llama-4-maverick-17b,0,epistemic_humility,0,4,4,already_correct,factual,0.1550578474998474,0.46093524,1.845885,0.7646186
v5_factual_0224,llama-4-maverick-17b,0,epistemic_humility,0,4,4,already_correct,factual,0.0,0.40862954,2.032738,0.7561532
v5_factual_0225,llama-4-maverick-17b,0,epistemic_humility,0,4,4,already_correct,factual,0.8596498370170593,0.43416166,1.7142674,0.7582666
v5_factual_0226,llama-4-maverick-17b,0,epistemic_humility,0,4,4,already_correct,factual,0.5080552697181702,0.42232823,2.1862817,0.78576255
v5_factual_0227,llama-4-maverick-17b,0,epistemic_humility,0,4,4,already_correct,factual,0.6728288233280182,0.5183003,2.2492373,0.7639375
v5_factual_0228,llama-4-maverick-17b,0,epistemic_humility,0,4,4,already_correct,factual,0.5438619256019592,0.4470092,2.2877536,0.75404227
v5_factual_0229,llama-4-maverick-17b,0,epistemic_humility,0,4,4,already_correct,factual,0.2615968585014343,0.4724083,2.0314145,0.7567452
v5_factual_0230,llama-4-maverick-17b,3,epistemic_humility,0,4,4,other,factual,5.960464477539064e-08,0.36425507,2.232163,0.8141843
v5_factual_0231,llama-4-maverick-17b,0,epistemic_humility,0,4,4,already_correct,factual,0.0,0.37263656,1.9341251,0.7961756
v5_factual_0232,llama-4-maverick-17b,0,epistemic_humility,0,4,4,already_correct,factual,0.1847887635231018,0.441198,2.2497015,0.79071087
v5_factual_0233,llama-4-maverick-17b,0,epistemic_humility,0,4,4,already_correct,factual,0.375772476196289,0.48828048,2.3786213,0.80134445
v5_factual_0234,llama-4-maverick-17b,0,epistemic_humility,0,4,4,already_correct,factual,1.1920928955078125e-07,0.42313492,1.7987262,0.8225
v5_factual_0235,llama-4-maverick-17b,0,epistemic_humility,0,4,4,already_correct,factual,0.0,0.43483865,2.2412918,0.7560557
v5_factual_0236,llama-4-maverick-17b,0,epistemic_humility,0,4,4,already_correct,factual,0.4169212579727173,0.40455043,1.987725,0.8183498
v5_factual_0237,llama-4-maverick-17b,0,epistemic_humility,0,4,4,already_correct,factual,0.8490578234195709,0.4561882,2.3534782,0.7850026
v5_factual_0238,llama-4-maverick-17b,0,epistemic_humility,0,4,4,already_correct,factual,0.4615046381950378,0.38494754,2.1128438,0.8035445
v5_factual_0239,llama-4-maverick-17b,0,epistemic_humility,0,4,4,already_correct,factual,0.4575627446174621,0.40021932,2.2124162,0.7771307
v5_factual_0240,llama-4-maverick-17b,0,epistemic_humility,0,4,4,already_correct,factual,0.3477775454521179,0.4347552,1.7851714,0.7656591
v5_factual_0241,llama-4-maverick-17b,0,epistemic_humility,0,4,4,already_correct,factual,0.2894973754882812,0.46141577,2.051467,0.79083455
v5_factual_0242,llama-4-maverick-17b,0,epistemic_humility,0,4,4,already_correct,factual,0.5014593005180359,0.3966105,1.9765152,0.784443
v5_factual_0243,llama-4-maverick-17b,0,epistemic_humility,0,4,4,already_correct,factual,0.5123184025287628,0.44838232,1.7194455,0.7580716
v5_factual_0244,llama-4-maverick-17b,0,epistemic_humility,0,4,4,already_correct,factual,0.542178601026535,0.43708068,2.415483,0.7716152
v5_factual_0245,llama-4-maverick-17b,0,epistemic_humility,0,4,4,already_correct,factual,0.6330645382404327,0.41692114,2.000013,0.72964656
v5_factual_0246,llama-4-maverick-17b,0,epistemic_humility,0,4,4,already_correct,factual,0.2078325152397155,0.46225077,1.8796959,0.71724206
v5_factual_0247,llama-4-maverick-17b,0,epistemic_humility,0,4,4,already_correct,factual,0.625752329826355,0.46654356,2.1846938,0.7754115
v5_factual_0248,llama-4-maverick-17b,0,epistemic_humility,0,4,4,already_correct,factual,0.7133767008781433,0.42831558,2.1216629,0.7672889
v5_factual_0249,llama-4-maverick-17b,0,epistemic_humility,0,4,4,already_correct,factual,0.0,0.45138824,1.891066,0.8040463
v5_factual_0250,llama-4-maverick-17b,0,epistemic_humility,0,4,4,already_correct,factual,0.5381356775760651,0.41664732,1.706408,0.7222635
v5_factual_0251,llama-4-maverick-17b,0,epistemic_humility,0,4,4,already_correct,factual,0.2242515683174133,0.4376275,2.2387626,0.8052671
v5_factual_0252,llama-4-maverick-17b,0,epistemic_humility,0,4,4,already_correct,factual,0.0,0.46647584,2.2363782,0.7578838
v5_factual_0253,llama-4-maverick-17b,0,epistemic_humility,0,4,4,already_correct,factual,0.0,0.42659986,2.2753406,0.77900934
v5_factual_0254,llama-4-maverick-17b,0,epistemic_humility,0,4,4,already_correct,factual,0.8196627646684647,0.47174567,1.8274654,0.7641217
v5_factual_0255,llama-4-maverick-17b,0,epistemic_humility,0,4,4,already_correct,factual,0.8635891228914261,0.44373482,1.8060373,0.7809997
v5_factual_0256,llama-4-maverick-17b,0,epistemic_humility,0,4,4,already_correct,factual,-1.1920928955078125e-07,0.47987407,1.9764917,0.86753166
v5_factual_0257,llama-4-maverick-17b,0,epistemic_humility,0,4,4,already_correct,factual,0.0271777510643005,0.49238455,2.4979522,0.7905218
v5_factual_0258,llama-4-maverick-17b,3,entity_aware,0,4,4,other,factual,0.0,0.36466622,2.1911159,0.76658267
v5_factual_0259,llama-4-maverick-17b,0,epistemic_humility,0,4,4,already_correct,factual,0.8911370635032654,0.458597,1.5851005,0.8323503
v5_factual_0260,llama-4-maverick-17b,0,epistemic_humility,0,4,4,already_correct,factual,0.594123899936676,0.52902704,2.251309,0.6782964
v5_factual_0261,llama-4-maverick-17b,0,epistemic_humility,0,4,4,already_correct,factual,0.0,0.3953672,1.9228085,0.7743688
v5_factual_0262,llama-4-maverick-17b,0,epistemic_humility,0,4,4,already_correct,factual,0.8222676515579224,0.482947,1.8331271,0.69753826
v5_factual_0263,llama-4-maverick-17b,1,fact_grounded,0,4,1,other,factual,0.0333780050277709,0.49027324,2.339939,0.7485827
v5_factual_0264,llama-4-maverick-17b,1,epistemic_humility,0,4,3,other,factual,-2.384185791015625e-07,0.46175295,1.6601416,0.8017286
v5_factual_0265,llama-4-maverick-17b,0,epistemic_humility,0,4,4,already_correct,factual,0.4837944507598877,0.5675964,1.8316312,0.7108586
v5_factual_0266,llama-4-maverick-17b,0,epistemic_humility,0,4,4,already_correct,factual,0.0446829795837402,0.3734495,1.7437586,0.9058353
v5_factual_0267,llama-4-maverick-17b,0,epistemic_humility,0,4,4,already_correct,factual,0.2046809196472168,0.49308485,1.8434004,0.7464721
v5_factual_0268,llama-4-maverick-17b,0,epistemic_humility,0,4,4,already_correct,factual,0.3851774930953979,0.47950393,2.000435,0.7605857
v5_factual_0269,llama-4-maverick-17b,0,epistemic_humility,0,4,4,already_correct,factual,0.0,0.40096086,1.97895,0.8327334
v5_factual_0270,llama-4-maverick-17b,0,epistemic_humility,0,4,4,already_correct,factual,0.7960876524448395,0.38587278,2.046766,0.85484254
v5_factual_0271,llama-4-maverick-17b,0,epistemic_humility,0,4,4,already_correct,factual,0.7360972464084625,0.4569503,1.8509429,0.74046624
v5_factual_0272,llama-4-maverick-17b,0,epistemic_humility,0,4,4,already_correct,factual,0.5935248732566833,0.44990802,1.7389421,0.76341295
v5_factual_0273,llama-4-maverick-17b,0,epistemic_humility,0,4,4,already_correct,factual,5.960464477539064e-08,0.40465814,2.0393972,0.76200664
v5_factual_0274,llama-4-maverick-17b,0,epistemic_humility,0,4,4,already_correct,factual,0.0021038055419921,0.41992003,2.2298543,0.84514403
v5_factual_0275,llama-4-maverick-17b,0,epistemic_humility,0,4,4,already_correct,factual,0.2922410368919372,0.40094656,2.1109552,0.81584173
v5_factual_0276,llama-4-maverick-17b,0,epistemic_humility,0,4,4,already_correct,factual,0.3002116084098816,0.43006855,1.7859623,0.7882271
v5_factual_0277,llama-4-maverick-17b,0,epistemic_humility,0,4,4,already_correct,factual,0.7033223509788513,0.45618075,2.3517296,0.7535485
v5_factual_0278,llama-4-maverick-17b,0,epistemic_humility,0,4,4,already_correct,factual,0.7377327084541321,0.4913488,1.8755841,0.83299136
v5_factual_0279,llama-4-maverick-17b,1,fact_grounded,0,4,4,other,factual,0.4000315070152282,0.47164524,1.8892525,0.86607206
v5_factual_0280,llama-4-maverick-17b,0,epistemic_humility,0,4,4,already_correct,factual,0.4163227081298828,0.37866622,2.2111862,0.79783547
v5_factual_0281,llama-4-maverick-17b,0,epistemic_humility,0,4,4,already_correct,factual,0.6137993335723877,0.4450735,2.0794168,0.77159417
v5_factual_0282,llama-4-maverick-17b,0,epistemic_humility,0,4,4,already_correct,factual,0.0244359374046325,0.44300175,1.9458715,0.77116585
v5_factual_0283,llama-4-maverick-17b,0,epistemic_humility,0,4,4,already_correct,factual,0.1745170354843139,0.44453466,1.9990913,0.8177953
v5_factual_0284,llama-4-maverick-17b,0,epistemic_humility,0,4,4,already_correct,factual,1.1920928955078125e-07,0.4346307,2.2563837,0.83316875
v5_factual_0285,llama-4-maverick-17b,0,epistemic_humility,0,4,4,already_correct,factual,0.6462782919406891,0.4584719,2.2445009,0.7652198
v5_factual_0286,llama-4-maverick-17b,0,epistemic_humility,0,4,4,already_correct,factual,-1.1920928955078125e-07,0.42784566,2.2841604,0.7844671
v5_factual_0287,llama-4-maverick-17b,0,epistemic_humility,0,4,4,already_correct,factual,0.1575754284858703,0.42164487,2.2069461,0.76663315
v5_factual_0288,llama-4-maverick-17b,0,epistemic_humility,0,4,4,already_correct,factual,0.0,0.4216888,1.7643809,0.83653104
v5_factual_0289,llama-4-maverick-17b,0,epistemic_humility,0,4,4,already_correct,factual,0.7698216438293457,0.45142788,1.8367372,0.777707
v5_factual_0290,llama-4-maverick-17b,0,epistemic_humility,0,4,4,already_correct,factual,0.0,0.44300658,2.0230591,0.792977
v5_factual_0291,llama-4-maverick-17b,0,epistemic_humility,0,4,4,already_correct,factual,0.6193087100982666,0.46957028,1.665381,0.80023205
v5_factual_0292,llama-4-maverick-17b,0,epistemic_humility,0,4,4,already_correct,factual,0.6812037229537964,0.4792986,2.2402208,0.7563514
v5_factual_0293,llama-4-maverick-17b,0,epistemic_humility,0,4,3,regressed,factual,0.5862284302711487,0.4466864,1.8095142,0.6624309
v5_factual_0294,llama-4-maverick-17b,0,epistemic_humility,0,4,4,already_correct,factual,0.873453676700592,0.47672355,1.7810478,0.7793298
v5_factual_0295,llama-4-maverick-17b,0,epistemic_humility,0,4,4,already_correct,factual,0.261279821395874,0.38247347,1.9503452,0.8692824
v5_factual_0296,llama-4-maverick-17b,0,epistemic_humility,0,4,4,already_correct,factual,0.8225476294755936,0.43301654,2.135846,0.8616642
v5_factual_0297,llama-4-maverick-17b,0,epistemic_humility,0,4,4,already_correct,factual,0.8005900382995605,0.39289194,2.2794907,0.71081066
v5_factual_0298,llama-4-maverick-17b,0,epistemic_humility,0,4,4,already_correct,factual,0.2740342617034912,0.39437097,2.2133927,0.8273861
v5_factual_0299,llama-4-maverick-17b,0,epistemic_humility,0,4,4,already_correct,factual,0.5245095491409302,0.4207415,1.7793423,0.78216624
v5_factual_0300,llama-4-maverick-17b,0,epistemic_humility,0,4,4,already_correct,factual,0.8582671880722046,0.44483358,1.8932837,0.722475
v5_factual_0301,llama-4-maverick-17b,0,epistemic_humility,0,4,4,already_correct,factual,0.0,0.42833954,2.0499203,0.79415506
v5_factual_0302,llama-4-maverick-17b,1,epistemic_humility,1,4,4,other,factual,0.7787255942821503,0.47677112,1.8223679,0.7477798
v5_factual_0303,llama-4-maverick-17b,0,epistemic_humility,0,4,4,already_correct,factual,0.4514216780662536,0.43077672,1.8725194,0.6933111
v5_factual_0304,llama-4-maverick-17b,0,epistemic_humility,0,4,4,already_correct,factual,0.5164462924003601,0.42934352,1.7946293,0.7492782
v5_factual_0305,llama-4-maverick-17b,0,epistemic_humility,0,4,4,already_correct,factual,0.0,0.51663464,1.6713767,0.6889645
v5_factual_0306,llama-4-maverick-17b,0,epistemic_humility,0,4,4,already_correct,factual,0.0721681714057922,0.47266316,2.2472908,0.74873674
v5_factual_0307,llama-4-maverick-17b,0,epistemic_humility,0,4,4,already_correct,factual,0.8550262004137039,0.45666903,1.8099022,0.7546966
v5_factual_0308,llama-4-maverick-17b,0,epistemic_humility,0,4,4,already_correct,factual,0.6720582842826843,0.41403794,1.9385581,0.8397973
v5_factual_0309,llama-4-maverick-17b,0,epistemic_humility,0,4,4,already_correct,factual,5.960464477539064e-08,0.45292425,2.0810359,0.811058
v5_factual_0310,llama-4-maverick-17b,2,epistemic_humility,0,4,4,fixed,factual,0.4205185174942016,0.45881122,1.8679619,0.87084335
v5_factual_0311,llama-4-maverick-17b,0,epistemic_humility,0,4,4,already_correct,factual,0.0,0.4403137,2.3293204,0.774191
v5_factual_0312,llama-4-maverick-17b,0,epistemic_humility,0,4,4,already_correct,factual,0.3507150411605835,0.4633361,1.7947966,0.8686106
v5_factual_0313,llama-4-maverick-17b,3,entity_aware,0,4,4,other,factual,1.788139343261719e-07,0.35620487,2.1609175,0.7918099
v5_factual_0314,llama-4-maverick-17b,0,epistemic_humility,0,4,4,already_correct,factual,0.4685099124908447,0.46661597,1.7910281,0.81868595
v5_factual_0315,llama-4-maverick-17b,3,epistemic_humility,0,4,4,other,factual,0.0,0.33100933,2.082996,0.8053572
v5_factual_0316,llama-4-maverick-17b,0,epistemic_humility,0,4,4,already_correct,factual,-1.1920928955078125e-07,0.5060008,2.340007,0.7120547
v5_factual_0317,llama-4-maverick-17b,0,epistemic_humility,0,4,4,already_correct,factual,0.3777059316635132,0.44369942,2.0631993,0.8417108
v5_factual_0318,llama-4-maverick-17b,0,epistemic_humility,0,4,4,already_correct,factual,0.0,0.4690969,1.6729571,0.7665714
v5_factual_0319,llama-4-maverick-17b,0,epistemic_humility,0,4,4,already_correct,factual,5.960464477539064e-08,0.4878806,2.2526917,0.7512678
v5_factual_0320,llama-4-maverick-17b,0,epistemic_humility,0,4,4,already_correct,factual,0.3896710872650146,0.48051977,1.8310724,0.7598959
v5_factual_0321,llama-4-maverick-17b,0,epistemic_humility,0,4,4,already_correct,factual,0.1104310750961303,0.40196908,1.8165307,0.8506099
v5_factual_0322,llama-4-maverick-17b,0,epistemic_humility,0,4,4,already_correct,factual,0.0,0.40275103,2.0268474,0.7860544
v5_factual_0323,llama-4-maverick-17b,0,epistemic_humility,0,4,4,already_correct,factual,0.6058112382888794,0.4360578,1.7098033,0.7476877
v5_factual_0324,llama-4-maverick-17b,1,epistemic_humility,0,4,3,other,factual,0.1604142189025879,0.5082311,1.6673739,0.7335667
v5_factual_0325,llama-4-maverick-17b,0,epistemic_humility,0,4,4,already_correct,factual,0.1668958067893982,0.38909334,2.1642048,0.7799869
v5_factual_0326,llama-4-maverick-17b,0,epistemic_humility,0,4,4,already_correct,factual,0.4089690446853637,0.39111304,1.9563444,0.8349285
v5_factual_0327,llama-4-maverick-17b,0,epistemic_humility,0,4,4,already_correct,factual,0.0,0.42565227,1.8957008,0.8467231
v5_factual_0328,llama-4-maverick-17b,0,epistemic_humility,0,4,4,already_correct,factual,0.5594887137413025,0.4410581,2.200495,0.80242985
v5_factual_0329,llama-4-maverick-17b,0,epistemic_humility,0,4,4,already_correct,factual,0.3604606389999389,0.3829785,1.6838639,0.8730618
v5_factual_0330,llama-4-maverick-17b,0,epistemic_humility,0,4,4,already_correct,factual,5.960464477539064e-08,0.4107985,2.082563,0.8023235
v5_factual_0331,llama-4-maverick-17b,0,epistemic_humility,0,4,4,already_correct,factual,1.1920928955078125e-07,0.45025676,1.8300664,0.8335094
v5_factual_0332,llama-4-maverick-17b,0,epistemic_humility,0,4,4,already_correct,factual,0.4953961968421936,0.47263455,1.7739267,0.70586365
v5_factual_0333,llama-4-maverick-17b,3,epistemic_humility,0,4,4,other,factual,0.3678231835365295,0.32453734,2.1144745,0.8164458
v5_factual_0334,llama-4-maverick-17b,0,epistemic_humility,0,4,4,already_correct,factual,0.572053462266922,0.46874183,1.9178871,0.82106376
v5_factual_0335,llama-4-maverick-17b,0,epistemic_humility,0,4,4,already_correct,factual,0.8629930019378662,0.46683693,1.9478174,0.7650769
v5_factual_0336,llama-4-maverick-17b,0,epistemic_humility,0,4,4,already_correct,factual,-1.1920928955078125e-07,0.41904372,2.244985,0.8138349
v5_factual_0337,llama-4-maverick-17b,0,epistemic_humility,0,4,4,already_correct,factual,0.0,0.4240023,2.0372477,0.84171426
v5_factual_0338,llama-4-maverick-17b,0,epistemic_humility,0,4,4,already_correct,factual,0.8528431355953217,0.5535525,2.0444312,0.7006823
v5_factual_0339,llama-4-maverick-17b,0,epistemic_humility,0,4,4,already_correct,factual,0.4219856858253479,0.4301541,1.830897,0.7693163
v5_factual_0340,llama-4-maverick-17b,0,epistemic_humility,0,4,4,already_correct,factual,1.1920928955078125e-07,0.418217,2.0698476,0.8146672
v5_factual_0341,llama-4-maverick-17b,0,epistemic_humility,0,4,4,already_correct,factual,-1.1920928955078125e-07,0.4485852,2.4809034,0.8163659
v5_factual_0342,llama-4-maverick-17b,0,epistemic_humility,0,4,4,already_correct,factual,0.5052555799484253,0.43142444,1.8939364,0.74855673
v5_factual_0343,llama-4-maverick-17b,0,epistemic_humility,0,4,4,already_correct,factual,0.77977454662323,0.5163213,2.1728024,0.74297297
v5_factual_0344,llama-4-maverick-17b,3,epistemic_humility,0,4,4,other,factual,0.0,0.3411945,2.0800903,0.8185384
v5_factual_0345,llama-4-maverick-17b,0,epistemic_humility,0,4,4,already_correct,factual,0.3583908081054687,0.4591419,2.2739694,0.7784757
v5_factual_0346,llama-4-maverick-17b,0,epistemic_humility,0,4,4,already_correct,factual,1.1920928955078125e-07,0.47084916,1.9419888,0.83164036
v5_factual_0347,llama-4-maverick-17b,0,epistemic_humility,0,4,4,already_correct,factual,0.6845724582672119,0.48345912,2.227537,0.7759776
v5_factual_0348,llama-4-maverick-17b,0,fact_grounded,0,4,3,regressed,factual,0.371290385723114,0.4756136,2.2676814,0.72763526
v5_factual_0349,llama-4-maverick-17b,0,epistemic_humility,0,4,4,already_correct,factual,-1.1920928955078125e-07,0.48886377,1.901061,0.74832225
v5_factual_0350,llama-4-maverick-17b,0,epistemic_humility,0,4,4,already_correct,factual,0.1983212828636169,0.47318524,1.9245484,0.74420583
v5_factual_0351,llama-4-maverick-17b,0,epistemic_humility,0,4,4,already_correct,factual,0.6170616447925568,0.40494454,2.0136838,0.75819534
v5_factual_0352,llama-4-maverick-17b,0,epistemic_humility,0,4,4,already_correct,factual,0.1965877413749694,0.4089749,2.215057,0.75970197
v5_factual_0353,llama-4-maverick-17b,0,epistemic_humility,0,4,4,already_correct,factual,0.6296669840812683,0.46000028,2.2457912,0.7604333
v5_factual_0354,llama-4-maverick-17b,0,epistemic_humility,0,4,4,already_correct,factual,0.4083191156387329,0.46857786,1.9986774,0.7818133
v5_factual_0355,llama-4-maverick-17b,0,epistemic_humility,0,4,4,already_correct,factual,0.3681437969207763,0.5076921,1.7655997,0.76398855
v5_factual_0356,llama-4-maverick-17b,0,epistemic_humility,0,4,4,already_correct,factual,0.2929080724716186,0.4673283,2.3236864,0.76714313
v5_factual_0357,llama-4-maverick-17b,0,epistemic_humility,0,4,4,already_correct,factual,0.4123253226280212,0.4638031,2.1035032,0.76722276
v5_factual_0358,llama-4-maverick-17b,0,epistemic_humility,0,4,4,already_correct,factual,0.6097155213356018,0.39452964,1.8172741,0.80578667
v5_factual_0359,llama-4-maverick-17b,3,entity_aware,0,4,4,other,factual,5.960464477539064e-08,0.33851695,2.261486,0.82999194
v5_factual_0360,llama-4-maverick-17b,0,structured_caution,0,4,1,regressed,factual,-1.1920928955078125e-07,0.5105779,2.4477491,0.7448504
v5_factual_0361,llama-4-maverick-17b,0,epistemic_humility,0,4,4,already_correct,factual,0.1126859784126281,0.47696376,2.4428341,0.7629974
v5_factual_0362,llama-4-maverick-17b,0,epistemic_humility,0,4,4,already_correct,factual,0.4123942852020263,0.43396276,2.0810163,0.77986246
v5_factual_0363,llama-4-maverick-17b,0,epistemic_humility,0,4,4,already_correct,factual,-1.1920928955078125e-07,0.3905586,1.9597725,0.8298974
v5_factual_0364,llama-4-maverick-17b,0,epistemic_humility,0,4,4,already_correct,factual,0.4378582835197449,0.4533677,1.9746257,0.81901425
v5_factual_0365,llama-4-maverick-17b,0,epistemic_humility,0,4,4,already_correct,factual,0.8469610214233398,0.4024768,2.1567242,0.75197804
v5_factual_0366,llama-4-maverick-17b,0,epistemic_humility,0,4,4,already_correct,factual,1.1920928955078125e-07,0.43670237,1.7739537,0.73629797
v5_factual_0367,llama-4-maverick-17b,0,epistemic_humility,0,4,4,already_correct,factual,0.1601408720016479,0.45058155,2.2097623,0.7669729
v5_factual_0368,llama-4-maverick-17b,0,epistemic_humility,0,4,4,already_correct,factual,0.5133819580078125,0.31241053,2.0347667,0.81316817
v5_factual_0369,llama-4-maverick-17b,0,epistemic_humility,0,4,4,already_correct,factual,5.960464477539064e-08,0.38937908,1.949872,0.78001636
v5_factual_0370,llama-4-maverick-17b,0,epistemic_humility,0,4,4,already_correct,factual,0.0,0.5145491,1.855039,0.7839838
v5_factual_0371,llama-4-maverick-17b,0,epistemic_humility,0,4,4,already_correct,factual,0.3515137434005737,0.3994769,1.9502084,0.8883355
v5_factual_0372,llama-4-maverick-17b,0,epistemic_humility,0,4,4,already_correct,factual,5.960464477539064e-08,0.4613222,1.646987,0.76850915
v5_factual_0373,llama-4-maverick-17b,0,epistemic_humility,0,4,4,already_correct,factual,0.4075906276702881,0.4655949,1.8639736,0.8114651
v5_factual_0374,llama-4-maverick-17b,0,epistemic_humility,0,4,4,already_correct,factual,-1.1920928955078125e-07,0.44687903,2.0956907,0.7875857
v5_factual_0375,llama-4-maverick-17b,0,epistemic_humility,0,4,4,already_correct,factual,0.0809189677238464,0.49802,2.1111488,0.8008677
v5_factual_0376,llama-4-maverick-17b,0,epistemic_humility,0,4,4,already_correct,factual,0.8696437478065491,0.45713353,1.7694722,0.79608387
v5_factual_0377,llama-4-maverick-17b,0,epistemic_humility,0,4,4,already_correct,factual,0.7025063931941986,0.46330017,2.2814097,0.78246474
v5_factual_0378,llama-4-maverick-17b,0,epistemic_humility,0,4,4,already_correct,factual,1.1920928955078125e-07,0.46336836,1.8230124,0.81351304
v5_factual_0379,llama-4-maverick-17b,0,epistemic_humility,0,4,4,already_correct,factual,0.0587607622146606,0.47450227,1.9807621,0.8068599
v5_factual_0380,llama-4-maverick-17b,0,epistemic_humility,0,4,4,already_correct,factual,0.0298266410827636,0.49197698,2.2819374,0.8514396
v5_factual_0381,llama-4-maverick-17b,0,epistemic_humility,0,4,4,already_correct,factual,0.0,0.42564774,1.8585697,0.81041247
v5_factual_0382,llama-4-maverick-17b,0,epistemic_humility,0,4,4,already_correct,factual,-1.1920928955078125e-07,0.40485364,2.1333508,0.83854043
v5_factual_0383,llama-4-maverick-17b,0,epistemic_humility,0,4,4,already_correct,factual,0.4514621496200561,0.46755016,1.6979531,0.7838971
v5_factual_0384,llama-4-maverick-17b,0,epistemic_humility,0,4,4,already_correct,factual,0.0,0.47186327,2.2098417,0.7717623
v5_factual_0385,llama-4-maverick-17b,0,epistemic_humility,0,4,4,already_correct,factual,0.0,0.45884418,2.165366,0.76948667
v5_factual_0386,llama-4-maverick-17b,0,epistemic_humility,0,4,4,already_correct,factual,0.6423543393611908,0.46267724,2.1711364,0.79594314
v5_factual_0387,llama-4-maverick-17b,0,epistemic_humility,0,4,4,already_correct,factual,0.4537843465805053,0.43733472,1.5764354,0.82069856
v5_factual_0388,llama-4-maverick-17b,0,epistemic_humility,0,4,4,already_correct,factual,0.836870089173317,0.50547767,1.9456061,0.8742846
v5_factual_0389,llama-4-maverick-17b,0,epistemic_humility,0,4,4,already_correct,factual,0.1336980462074279,0.43284965,2.2750702,0.76824903
v5_factual_0390,llama-4-maverick-17b,0,epistemic_humility,0,4,4,already_correct,factual,-1.1920928955078125e-07,0.43438905,2.3395817,0.8800017
v5_factual_0391,llama-4-maverick-17b,0,epistemic_humility,0,4,4,already_correct,factual,0.6513856649398804,0.50077224,2.3375552,0.76725477
v5_factual_0392,llama-4-maverick-17b,0,epistemic_humility,0,4,4,already_correct,factual,0.2699143886566162,0.42058522,2.176538,0.8503554
v5_factual_0393,llama-4-maverick-17b,0,epistemic_humility,0,4,4,already_correct,factual,0.0,0.40280807,1.9653603,0.8087747
v5_factual_0394,llama-4-maverick-17b,0,epistemic_humility,0,4,4,already_correct,factual,0.0,0.45954013,1.8132993,0.7678653
v5_factual_0395,llama-4-maverick-17b,0,epistemic_humility,0,4,4,already_correct,factual,0.0,0.42690635,1.6954076,0.78140974
v5_factual_0396,llama-4-maverick-17b,3,epistemic_humility,0,4,4,other,factual,0.020761489868164,0.33427554,2.0897534,0.7897735
v5_factual_0397,llama-4-maverick-17b,0,epistemic_humility,0,4,4,already_correct,factual,-1.1920928955078125e-07,0.46580577,1.8181123,0.8306184
v5_factual_0398,llama-4-maverick-17b,0,epistemic_humility,0,4,3,regressed,factual,0.3586782217025757,0.43389273,2.074063,0.80570626
v5_factual_0399,llama-4-maverick-17b,0,epistemic_humility,0,4,4,already_correct,factual,0.1929412484169006,0.44418263,2.1152802,0.7709354
v5_factual_0400,llama-4-maverick-17b,0,epistemic_humility,0,4,4,already_correct,factual,1.1920928955078125e-07,0.3843438,2.022242,0.8980436
v5_factual_0401,llama-4-maverick-17b,2,epistemic_humility,1,4,4,fixed,factual,0.0,0.507771,1.7809662,0.7812164
v5_factual_0402,llama-4-maverick-17b,0,epistemic_humility,0,4,4,already_correct,factual,0.0632047653198242,0.4619226,2.2087936,0.7905909
v5_factual_0403,llama-4-maverick-17b,0,epistemic_humility,0,4,4,already_correct,factual,0.0,0.42842472,1.8079717,0.8946009
v5_factual_0404,llama-4-maverick-17b,0,epistemic_humility,0,4,4,already_correct,factual,0.3777419328689575,0.489264,1.886894,0.8147026
v5_factual_0405,llama-4-maverick-17b,0,fact_grounded,0,4,4,already_correct,factual,-1.1920928955078125e-07,0.47311282,1.8175178,0.80301136
v5_factual_0406,llama-4-maverick-17b,0,epistemic_humility,0,4,4,already_correct,factual,0.7665490806102753,0.4636649,1.7975056,0.78357345
v5_factual_0407,llama-4-maverick-17b,0,epistemic_humility,0,4,4,already_correct,factual,0.5888278186321259,0.37556607,1.674303,0.86889476
v5_factual_0408,llama-4-maverick-17b,0,epistemic_humility,0,4,4,already_correct,factual,0.3146514296531677,0.44467252,2.022267,0.8443263
v5_factual_0409,llama-4-maverick-17b,0,epistemic_humility,0,4,4,already_correct,factual,0.6300213932991028,0.4554718,2.3965032,0.76531106
v5_factual_0410,llama-4-maverick-17b,0,epistemic_humility,0,4,4,already_correct,factual,-1.1920928955078125e-07,0.4437906,2.102865,0.80998147
v5_factual_0411,llama-4-maverick-17b,0,epistemic_humility,0,4,4,already_correct,factual,0.810320571064949,0.39342332,2.0263844,0.8177122
v5_factual_0412,llama-4-maverick-17b,0,epistemic_humility,0,4,4,already_correct,factual,0.066227376461029,0.37668657,2.1648128,0.8098387
v5_factual_0413,llama-4-maverick-17b,0,epistemic_humility,0,4,4,already_correct,factual,0.410934567451477,0.47347885,2.0026622,0.8156571
v5_factual_0414,llama-4-maverick-17b,0,epistemic_humility,0,4,4,already_correct,factual,0.5067823827266693,0.4555124,1.9577807,0.9122923
v5_factual_0415,llama-4-maverick-17b,0,epistemic_humility,0,4,4,already_correct,factual,0.0,0.5247055,2.104278,0.74048615
v5_factual_0416,llama-4-maverick-17b,0,epistemic_humility,0,4,4,already_correct,factual,-1.1920928955078125e-07,0.40720493,1.9843135,0.80884516
v5_factual_0417,llama-4-maverick-17b,0,epistemic_humility,0,4,4,already_correct,factual,0.0,0.464208,1.8135874,0.7986161
v5_factual_0418,llama-4-maverick-17b,0,epistemic_humility,0,4,4,already_correct,factual,0.0,0.39027393,2.013815,0.8206475
v5_factual_0419,llama-4-maverick-17b,3,epistemic_humility,0,4,4,other,factual,0.0,0.35335082,2.231906,0.79622805
v5_factual_0420,llama-4-maverick-17b,0,epistemic_humility,0,4,4,already_correct,factual,0.4894703030586242,0.44331628,2.2082727,0.7481533
v5_factual_0421,llama-4-maverick-17b,0,epistemic_humility,0,4,4,already_correct,factual,0.3618914484977722,0.47743976,2.0237715,0.83021766
v5_factual_0422,llama-4-maverick-17b,0,epistemic_humility,0,4,4,already_correct,factual,0.0,0.41907775,1.669697,0.82215035
v5_factual_0423,llama-4-maverick-17b,0,epistemic_humility,0,4,4,already_correct,factual,0.8534251153469086,0.5499385,2.0493486,0.71324265
v5_factual_0424,llama-4-maverick-17b,0,epistemic_humility,0,4,4,already_correct,factual,-1.1920928955078125e-07,0.4176908,1.8710555,0.8064953
v5_factual_0425,llama-4-maverick-17b,0,epistemic_humility,0,4,4,already_correct,factual,0.4342750310897827,0.48489165,2.0723612,0.7634735
v5_factual_0426,llama-4-maverick-17b,0,fact_grounded,0,4,4,already_correct,factual,0.8398357778787613,0.47926307,1.9116812,0.789416
v5_factual_0427,llama-4-maverick-17b,0,epistemic_humility,0,4,4,already_correct,factual,0.0,0.46438015,1.8517958,0.81839293
v5_factual_0428,llama-4-maverick-17b,0,epistemic_humility,0,4,4,already_correct,factual,0.5358072817325592,0.4448158,1.7470665,0.8173084
v5_factual_0429,llama-4-maverick-17b,0,fact_grounded,0,4,4,already_correct,factual,0.3787541389465332,0.47205526,1.8007791,0.8768164
v5_factual_0430,llama-4-maverick-17b,0,epistemic_humility,0,4,4,already_correct,factual,0.0081728100776672,0.4195426,2.1860104,0.77758485
v5_factual_0431,llama-4-maverick-17b,0,epistemic_humility,0,4,4,already_correct,factual,0.0257526636123657,0.41312885,1.685341,0.858437
v5_factual_0432,llama-4-maverick-17b,0,epistemic_humility,0,4,4,already_correct,factual,0.8006475567817688,0.43833852,2.0813189,0.8268104
v5_factual_0433,llama-4-maverick-17b,0,epistemic_humility,0,4,4,already_correct,factual,-1.1920928955078125e-07,0.42744517,1.9892553,0.76275754
v5_factual_0434,llama-4-maverick-17b,0,epistemic_humility,0,4,4,already_correct,factual,0.8236639201641083,0.4107985,2.111781,0.8413404
v5_factual_0435,llama-4-maverick-17b,0,epistemic_humility,0,4,4,already_correct,factual,0.1822597980499267,0.45641732,1.7888814,0.78389764
v5_factual_0436,llama-4-maverick-17b,3,entity_aware,0,4,4,other,factual,0.0038954615592956,0.35003847,2.0903661,0.8099059
v5_factual_0437,llama-4-maverick-17b,0,fact_grounded,0,4,3,regressed,factual,0.0,0.42094564,2.2921376,0.8302605
v5_factual_0438,llama-4-maverick-17b,3,epistemic_humility,0,4,4,other,factual,0.5907433032989502,0.33770853,1.9976282,0.80553186
v5_factual_0439,llama-4-maverick-17b,0,epistemic_humility,0,4,4,already_correct,factual,0.5214489698410034,0.42716867,1.8806341,0.77273005
v5_factual_0440,llama-4-maverick-17b,0,epistemic_humility,0,4,4,already_correct,factual,0.0,0.43329734,2.2304966,0.7826294
v5_factual_0441,llama-4-maverick-17b,0,epistemic_humility,0,4,4,already_correct,factual,0.4541671276092529,0.45821327,1.9215382,0.7892087
v5_factual_0442,llama-4-maverick-17b,0,epistemic_humility,0,4,4,already_correct,factual,0.7072013020515442,0.49113488,1.8303493,0.83221734
v5_factual_0443,llama-4-maverick-17b,0,epistemic_humility,0,4,4,already_correct,factual,-1.1920928955078125e-07,0.49623263,1.7820859,0.83333385
v5_factual_0444,llama-4-maverick-17b,0,epistemic_humility,0,4,4,already_correct,factual,0.0,0.44693333,1.9572161,0.8329171
v5_factual_0445,llama-4-maverick-17b,0,epistemic_humility,0,4,4,already_correct,factual,0.0,0.46195304,2.0673172,0.8341464
v5_factual_0446,llama-4-maverick-17b,0,epistemic_humility,0,4,4,already_correct,factual,0.1143993735313415,0.45121014,1.6838806,0.77999806
v5_factual_0447,llama-4-maverick-17b,0,epistemic_humility,0,4,4,already_correct,factual,0.5038744807243347,0.4472875,1.7559401,0.77478606
v5_factual_0448,llama-4-maverick-17b,0,epistemic_humility,0,4,4,already_correct,factual,5.960464477539064e-08,0.44642282,2.0915797,0.78676903
v5_factual_0449,llama-4-maverick-17b,0,epistemic_humility,0,4,4,already_correct,factual,0.7950739860534668,0.46584493,1.7678151,0.7850876
v5_factual_0450,llama-4-maverick-17b,0,epistemic_humility,0,4,4,already_correct,factual,0.5310864150524139,0.43626904,1.5422457,0.82497245
v5_factual_0451,llama-4-maverick-17b,0,epistemic_humility,0,4,4,already_correct,factual,0.7183105945587158,0.4962994,1.9987686,0.7482824
v5_factual_0452,llama-4-maverick-17b,0,epistemic_humility,0,4,4,already_correct,factual,0.7165623903274536,0.4459144,2.2127953,0.77125084
v5_factual_0453,llama-4-maverick-17b,0,epistemic_humility,0,4,4,already_correct,factual,0.5114775896072388,0.38721848,2.0394812,0.7744176
v5_factual_0454,llama-4-maverick-17b,0,epistemic_humility,0,4,4,already_correct,factual,0.2009386420249939,0.37695062,2.3238158,0.8251924
v5_factual_0455,llama-4-maverick-17b,0,entity_aware,0,4,3,regressed,factual,0.1822677254676818,0.485124,1.7812068,0.77877295
v5_factual_0456,llama-4-maverick-17b,0,epistemic_humility,0,4,4,already_correct,factual,0.0133070945739746,0.38540632,2.29361,0.82087517
v5_factual_0457,llama-4-maverick-17b,0,epistemic_humility,0,4,4,already_correct,factual,0.2896995544433594,0.4482249,2.12689,0.7483665
v5_factual_0458,llama-4-maverick-17b,0,epistemic_humility,0,4,4,already_correct,factual,0.2201358079910278,0.49339283,2.5191545,0.8054008
v5_factual_0459,llama-4-maverick-17b,0,epistemic_humility,0,4,4,already_correct,factual,0.1575966477394104,0.4663726,1.9109652,0.758003
v5_factual_0460,llama-4-maverick-17b,0,epistemic_humility,0,4,4,already_correct,factual,0.2210810184478759,0.46894628,2.03509,0.848449
v5_factual_0461,llama-4-maverick-17b,0,entity_aware,0,4,4,already_correct,factual,0.2478852868080139,0.4046597,1.8818171,0.848907
v5_factual_0462,llama-4-maverick-17b,0,epistemic_humility,0,4,4,already_correct,factual,0.143399178981781,0.4067598,2.2700992,0.83429307
v5_factual_0463,llama-4-maverick-17b,0,epistemic_humility,0,4,4,already_correct,factual,0.6585473716259003,0.40447575,2.0734825,0.7652763
v5_factual_0464,llama-4-maverick-17b,0,epistemic_humility,0,4,4,already_correct,factual,0.3127829432487488,0.50830615,2.3769863,0.68225586
v5_factual_0465,llama-4-maverick-17b,0,epistemic_humility,0,4,4,already_correct,factual,0.4700947403907776,0.38855696,1.9386827,0.7921201
v5_factual_0466,llama-4-maverick-17b,0,epistemic_humility,0,4,4,already_correct,factual,0.6865447759628296,0.46091592,1.7687774,0.77795476
v5_factual_0467,llama-4-maverick-17b,0,epistemic_humility,0,4,4,already_correct,factual,0.5543586015701294,0.44475627,1.7687595,0.79450977
v5_factual_0468,llama-4-maverick-17b,0,entity_aware,0,4,2,regressed,factual,0.4890649318695068,0.48352152,2.01945,0.7897074
v5_factual_0469,llama-4-maverick-17b,0,epistemic_humility,0,4,4,already_correct,factual,0.72088223695755,0.5123185,1.8135449,0.8581368
v5_factual_0470,llama-4-maverick-17b,0,epistemic_humility,0,4,4,already_correct,factual,5.960464477539064e-08,0.42767924,2.2886817,0.7908009
v5_factual_0471,llama-4-maverick-17b,0,epistemic_humility,0,4,4,already_correct,factual,0.2017292976379394,0.49336267,1.9863697,0.79293823
v5_factual_0472,llama-4-maverick-17b,0,epistemic_humility,0,4,4,already_correct,factual,0.8615423887968063,0.46075475,1.7949293,0.77222455
v5_factual_0473,llama-4-maverick-17b,0,epistemic_humility,0,4,4,already_correct,factual,0.8409247398376465,0.40585458,2.074393,0.81785387
v5_factual_0474,llama-4-maverick-17b,0,epistemic_humility,0,4,4,already_correct,factual,0.693056583404541,0.46758133,1.8588101,0.6693564
v5_factual_0475,llama-4-maverick-17b,0,epistemic_humility,0,4,4,already_correct,factual,0.1752036809921264,0.39998996,2.062113,0.8382557
v5_factual_0476,llama-4-maverick-17b,2,entity_aware,1,4,3,fixed,factual,0.6581890285015106,0.5048226,1.8015037,0.7830464
v5_factual_0477,llama-4-maverick-17b,0,epistemic_humility,0,4,4,already_correct,factual,1.1920928955078125e-07,0.46064532,2.226246,0.800327
v5_factual_0478,llama-4-maverick-17b,0,epistemic_humility,0,4,4,already_correct,factual,0.5995665788650513,0.45012933,1.8977854,0.77300787
v5_factual_0479,llama-4-maverick-17b,1,fact_grounded,0,4,4,other,factual,1.1920928955078125e-07,0.3171894,2.0023315,0.8352885
v5_factual_0480,llama-4-maverick-17b,0,epistemic_humility,0,4,4,already_correct,factual,-1.1920928955078125e-07,0.41561782,2.042642,0.87748134
v5_factual_0481,llama-4-maverick-17b,0,epistemic_humility,0,4,4,already_correct,factual,0.0,0.47532105,1.9021463,0.8191968
v5_factual_0482,llama-4-maverick-17b,0,epistemic_humility,0,4,4,already_correct,factual,5.960464477539064e-08,0.46527153,1.96676,0.82747316
v5_factual_0483,llama-4-maverick-17b,0,epistemic_humility,0,4,4,already_correct,factual,0.096393346786499,0.48977596,2.1881266,0.7590171
v5_factual_0484,llama-4-maverick-17b,0,epistemic_humility,0,4,4,already_correct,factual,0.0,0.46005797,1.6013277,0.78932464
v5_factual_0485,llama-4-maverick-17b,0,epistemic_humility,0,4,4,already_correct,factual,0.8385554850101471,0.5078411,2.1260037,0.7721683
v5_factual_0486,llama-4-maverick-17b,0,epistemic_humility,0,4,4,already_correct,factual,0.5598730444908142,0.38679403,1.8058789,0.7930667
v5_factual_0487,llama-4-maverick-17b,0,epistemic_humility,0,4,4,already_correct,factual,5.960464477539064e-08,0.4048323,1.8423815,0.796926
v5_factual_0488,llama-4-maverick-17b,0,epistemic_humility,0,4,4,already_correct,factual,0.1111040711402893,0.43379974,1.9912463,0.8352816
v5_factual_0489,llama-4-maverick-17b,0,epistemic_humility,0,4,4,already_correct,factual,0.2609122991561889,0.45311683,1.859312,0.7563264
v5_factual_0490,llama-4-maverick-17b,0,structured_caution,0,4,3,regressed,factual,1.1920928955078125e-07,0.41901517,1.9044913,0.81637365
v5_factual_0491,llama-4-maverick-17b,0,epistemic_humility,0,4,4,already_correct,factual,5.960464477539064e-08,0.4403084,1.9420183,0.7478603
v5_factual_0492,llama-4-maverick-17b,0,epistemic_humility,0,4,4,already_correct,factual,0.7086734771728516,0.49546927,1.8368393,0.69921577
v5_factual_0493,llama-4-maverick-17b,0,epistemic_humility,0,4,3,regressed,factual,0.0,0.4442494,2.0197816,0.7331434
v5_factual_0494,llama-4-maverick-17b,0,epistemic_humility,0,4,4,already_correct,factual,0.5783247947692871,0.42861372,1.8634788,0.8380983
v5_factual_0495,llama-4-maverick-17b,0,epistemic_humility,0,4,4,already_correct,factual,-2.384185791015625e-07,0.4715737,2.27216,0.7817606
v5_factual_0496,llama-4-maverick-17b,2,epistemic_humility,1,4,1,fixed,factual,1.1920928955078125e-07,0.48296535,1.6883699,0.78929234
v5_factual_0497,llama-4-maverick-17b,0,epistemic_humility,0,4,4,already_correct,factual,0.5358141958713531,0.4490645,2.147952,0.75186455
v5_factual_0498,llama-4-maverick-17b,0,epistemic_humility,0,4,4,already_correct,factual,0.4744014143943786,0.45070553,2.3197198,0.80296165
v5_factual_0499,llama-4-maverick-17b,0,epistemic_humility,0,4,4,already_correct,factual,0.2660653591156006,0.41804087,2.066282,0.79884577
v5_factual_0500,llama-4-maverick-17b,0,epistemic_humility,0,4,4,already_correct,factual,1.1920928955078125e-07,0.47041756,1.9608064,0.7937436
v5_impossible_0001,llama-4-maverick-17b,2,epistemic_humility,0,4,4,fixed,impossible,0.2322331666946411,0.5553931,2.0794902,0.786106
v5_impossible_0002,llama-4-maverick-17b,0,epistemic_humility,0,4,4,already_correct,impossible,0.1983261108398437,0.53074896,1.8159605,0.6734248
v5_impossible_0003,llama-4-maverick-17b,0,epistemic_humility,0,4,4,already_correct,impossible,0.8131871074438095,0.51007044,1.9763669,0.73012424
v5_impossible_0004,llama-4-maverick-17b,0,fact_grounded,0,4,3,regressed,impossible,1.1920928955078125e-07,0.5530914,2.251458,0.6642318
v5_impossible_0005,llama-4-maverick-17b,0,epistemic_humility,0,4,4,already_correct,impossible,0.2237384915351867,0.52729595,2.1214528,0.6519563
v5_impossible_0006,llama-4-maverick-17b,0,epistemic_humility,0,4,4,already_correct,impossible,0.1010387539863586,0.52367115,1.6756554,0.7350826
v5_impossible_0007,llama-4-maverick-17b,0,epistemic_humility,0,4,4,already_correct,impossible,0.2238031029701233,0.5772369,2.0075476,0.82240963
v5_impossible_0008,llama-4-maverick-17b,0,epistemic_humility,0,4,4,already_correct,impossible,0.6996063590049744,0.42088735,2.1239119,0.69963133
v5_impossible_0009,llama-4-maverick-17b,0,epistemic_humility,0,4,4,already_correct,impossible,0.7954349368810654,0.60586977,2.1377523,0.7626461
v5_impossible_0010,llama-4-maverick-17b,0,epistemic_humility,0,4,4,already_correct,impossible,0.4533162117004394,0.5480929,2.0165997,0.7636962
v5_impossible_0011,llama-4-maverick-17b,0,epistemic_humility,0,4,4,already_correct,impossible,0.222025990486145,0.48852366,1.9584563,0.6708198
v5_impossible_0012,llama-4-maverick-17b,0,epistemic_humility,0,4,4,already_correct,impossible,0.6935185790061951,0.5114173,2.3110287,0.6811614
v5_impossible_0013,llama-4-maverick-17b,0,epistemic_humility,0,4,4,already_correct,impossible,0.4056057929992676,0.5700097,1.7525122,0.8020906
v5_impossible_0014,llama-4-maverick-17b,0,epistemic_humility,0,4,4,already_correct,impossible,0.8369081914424896,0.46343565,1.9383849,0.6940619
v5_impossible_0015,llama-4-maverick-17b,0,epistemic_humility,0,4,4,already_correct,impossible,0.6287404894828796,0.5673177,1.9838703,0.7250656
v5_impossible_0016,llama-4-maverick-17b,2,epistemic_humility,0,4,4,fixed,impossible,0.4540066719055176,0.5389445,2.2935326,0.71912855
v5_impossible_0017,llama-4-maverick-17b,0,epistemic_humility,0,4,4,already_correct,impossible,0.5447070300579071,0.5808466,2.026449,0.7033918
v5_impossible_0018,llama-4-maverick-17b,0,epistemic_humility,0,4,4,already_correct,impossible,0.1527435779571533,0.48688656,1.7021515,0.8035562
v5_impossible_0019,llama-4-maverick-17b,2,entity_aware,0,4,2,fixed,impossible,0.8453826606273651,0.55445933,1.8305192,0.71887326
v5_impossible_0020,llama-4-maverick-17b,0,epistemic_humility,0,4,4,already_correct,impossible,0.8551939874887466,0.49819398,2.0130012,0.7555662
v5_impossible_0021,llama-4-maverick-17b,2,fact_grounded,0,4,1,fixed,impossible,0.5879805684089661,0.48398572,1.9616117,0.698568
v5_impossible_0022,llama-4-maverick-17b,0,epistemic_humility,0,4,4,already_correct,impossible,0.8054146468639374,0.5013097,2.1422324,0.75252765
v5_impossible_0023,llama-4-maverick-17b,2,entity_aware,0,4,2,fixed,impossible,0.3836156129837036,0.5364563,2.064696,0.7463451
v5_impossible_0024,llama-4-maverick-17b,0,epistemic_humility,0,4,4,already_correct,impossible,0.0,0.5190846,1.7704799,0.7479967
v5_impossible_0025,llama-4-maverick-17b,0,epistemic_humility,0,4,4,already_correct,impossible,0.685299813747406,0.59356225,2.3604074,0.71548355
v5_impossible_0026,llama-4-maverick-17b,2,epistemic_humility,0,4,4,fixed,impossible,0.0584882497787475,0.4102105,2.0368407,0.6636443
v5_impossible_0027,llama-4-maverick-17b,2,epistemic_humility,0,4,4,fixed,impossible,0.8285308182239532,0.5617551,1.9726344,0.77147216
v5_impossible_0028,llama-4-maverick-17b,0,epistemic_humility,0,4,4,already_correct,impossible,0.7103495299816132,0.56387305,1.9544607,0.74639785
v5_impossible_0029,llama-4-maverick-17b,2,entity_aware,0,4,2,fixed,impossible,0.5641884803771973,0.5235273,1.9622782,0.7392614
v5_impossible_0030,llama-4-maverick-17b,0,epistemic_humility,0,4,4,already_correct,impossible,0.6979282200336456,0.49363607,1.7783155,0.60732996
v5_impossible_0031,llama-4-maverick-17b,0,epistemic_humility,0,4,4,already_correct,impossible,0.4161866903305053,0.4464411,2.2541378,0.7166369
v5_impossible_0032,llama-4-maverick-17b,0,epistemic_humility,0,4,4,already_correct,impossible,-1.1920928955078125e-07,0.5174327,2.306976,0.71369827
v5_impossible_0033,llama-4-maverick-17b,0,epistemic_humility,0,4,4,already_correct,impossible,0.8189418911933899,0.53485894,2.131976,0.7019608
v5_impossible_0034,llama-4-maverick-17b,0,epistemic_humility,0,4,4,already_correct,impossible,0.8302779793739319,0.54260427,2.174156,0.6369301
v5_impossible_0035,llama-4-maverick-17b,0,epistemic_humility,0,4,4,already_correct,impossible,0.0815951824188232,0.5186217,2.0107834,0.7123109
v5_impossible_0036,llama-4-maverick-17b,0,epistemic_humility,0,4,4,already_correct,impossible,0.6316162943840027,0.5713563,2.0943167,0.8052881
v5_impossible_0037,llama-4-maverick-17b,2,epistemic_humility,0,4,4,fixed,impossible,0.0265354514122009,0.5724883,2.1725996,0.7871344
v5_impossible_0038,llama-4-maverick-17b,0,epistemic_humility,0,4,4,already_correct,impossible,0.866695299744606,0.52748346,1.9205768,0.62580764
v5_impossible_0039,llama-4-maverick-17b,0,epistemic_humility,0,4,4,already_correct,impossible,0.8376963883638382,0.58460224,2.2915409,0.7916782
v5_impossible_0040,llama-4-maverick-17b,0,epistemic_humility,0,4,4,already_correct,impossible,0.0,0.51483285,2.0039601,0.7214514
v5_impossible_0041,llama-4-maverick-17b,0,epistemic_humility,0,4,4,already_correct,impossible,-1.1920928955078125e-07,0.59273577,1.9529885,0.87914264
v5_impossible_0042,llama-4-maverick-17b,0,epistemic_humility,0,4,4,already_correct,impossible,0.2553712725639343,0.5436245,2.1328619,0.74596614
v5_impossible_0043,llama-4-maverick-17b,0,epistemic_humility,0,4,4,already_correct,impossible,0.0978727340698242,0.52003574,1.9142399,0.6966676
v5_impossible_0044,llama-4-maverick-17b,0,epistemic_humility,0,4,4,already_correct,impossible,0.5530026257038116,0.42641944,1.8860396,0.7197923
v5_impossible_0045,llama-4-maverick-17b,0,epistemic_humility,0,4,4,already_correct,impossible,0.0822274684906005,0.5252727,1.6613861,0.8307115
v5_impossible_0046,llama-4-maverick-17b,0,epistemic_humility,0,4,4,already_correct,impossible,0.395082950592041,0.45823157,1.7358435,0.6650561
v5_impossible_0047,llama-4-maverick-17b,0,epistemic_humility,0,4,4,already_correct,impossible,0.0885370969772338,0.5027325,2.046724,0.70932454
v5_impossible_0048,llama-4-maverick-17b,0,epistemic_humility,0,4,4,already_correct,impossible,0.6849111616611481,0.5851922,2.0355244,0.79005855
v5_impossible_0049,llama-4-maverick-17b,0,epistemic_humility,0,4,4,already_correct,impossible,0.2709655165672302,0.50268877,1.5890404,0.8306422
v5_impossible_0050,llama-4-maverick-17b,0,epistemic_humility,0,4,4,already_correct,impossible,0.0,0.48486543,1.8764313,0.70517164
v5_impossible_0051,llama-4-maverick-17b,2,epistemic_humility,2,4,0,still_broken,impossible,1.788139343261719e-07,0.5315405,2.0989838,0.6781906
v5_impossible_0052,llama-4-maverick-17b,2,epistemic_humility,2,4,0,still_broken,impossible,0.5204137563705444,0.49819762,2.1313205,0.71302086
v5_impossible_0053,llama-4-maverick-17b,0,epistemic_humility,0,4,4,already_correct,impossible,0.648711621761322,0.52368474,1.8762778,0.6899515
v5_impossible_0054,llama-4-maverick-17b,0,epistemic_humility,0,4,4,already_correct,impossible,0.0128219127655029,0.45151085,1.901043,0.75251025
v5_impossible_0055,llama-4-maverick-17b,0,epistemic_humility,0,4,4,already_correct,impossible,0.530849039554596,0.52119863,1.9859457,0.67169344
v5_impossible_0056,llama-4-maverick-17b,2,epistemic_humility,0,4,1,fixed,impossible,-1.1920928955078125e-07,0.47584772,1.5819973,0.8051269
v5_impossible_0057,llama-4-maverick-17b,0,epistemic_humility,0,4,4,already_correct,impossible,0.8349652737379074,0.5430363,1.8220505,0.875203
v5_impossible_0058,llama-4-maverick-17b,0,epistemic_humility,0,4,4,already_correct,impossible,5.960464477539064e-08,0.4521945,1.7105875,0.7970147
v5_impossible_0059,llama-4-maverick-17b,0,epistemic_humility,0,4,4,already_correct,impossible,0.7316543161869049,0.48081732,1.8835,0.67193615
v5_impossible_0060,llama-4-maverick-17b,0,epistemic_humility,0,4,4,already_correct,impossible,0.1561903357505798,0.5391284,1.6452177,0.7400625
v5_impossible_0061,llama-4-maverick-17b,2,epistemic_humility,0,4,4,fixed,impossible,0.5760164558887482,0.4872706,1.8913431,0.6812035
v5_impossible_0062,llama-4-maverick-17b,0,epistemic_humility,0,4,4,already_correct,impossible,5.960464477539064e-08,0.5725837,2.1330624,0.7292066
v5_impossible_0063,llama-4-maverick-17b,0,epistemic_humility,0,4,4,already_correct,impossible,0.0362821221351623,0.5175104,2.1584501,0.7229882
v5_impossible_0064,llama-4-maverick-17b,2,epistemic_humility,0,4,3,fixed,impossible,0.8495573401451111,0.59430885,1.880974,0.7088287
v5_impossible_0065,llama-4-maverick-17b,2,structured_caution,0,4,2,fixed,impossible,0.4729133248329162,0.50469506,2.1007998,0.7174478
v5_impossible_0066,llama-4-maverick-17b,0,epistemic_humility,0,4,4,already_correct,impossible,0.4495410919189453,0.52753717,1.7406131,0.67800546
v5_impossible_0067,llama-4-maverick-17b,0,epistemic_humility,0,4,4,already_correct,impossible,0.4672402143478393,0.59206235,2.1581166,0.75303715
v5_impossible_0068,llama-4-maverick-17b,0,epistemic_humility,0,4,4,already_correct,impossible,0.7046710252761841,0.46852446,2.0792582,0.7548064
v5_impossible_0069,llama-4-maverick-17b,2,epistemic_humility,0,4,4,fixed,impossible,0.0,0.54577315,1.8908768,0.72326493
v5_impossible_0070,llama-4-maverick-17b,0,epistemic_humility,0,4,4,already_correct,impossible,0.2857892513275146,0.51584584,1.970433,0.64928955
v5_impossible_0071,llama-4-maverick-17b,0,epistemic_humility,0,4,4,already_correct,impossible,0.0,0.5258802,1.8268874,0.76840127
v5_impossible_0072,llama-4-maverick-17b,0,epistemic_humility,0,4,4,already_correct,impossible,0.7278483808040619,0.579067,1.7494814,0.7892318
v5_impossible_0073,llama-4-maverick-17b,0,epistemic_humility,0,4,4,already_correct,impossible,0.69941645860672,0.48667574,2.0042148,0.67695093
v5_impossible_0074,llama-4-maverick-17b,0,epistemic_humility,0,4,4,already_correct,impossible,0.0,0.53551054,1.8213259,0.7774598
v5_impossible_0075,llama-4-maverick-17b,0,entity_aware,0,4,2,regressed,impossible,0.5142276287078857,0.5181891,1.8912244,0.8134618
v5_impossible_0076,llama-4-maverick-17b,0,epistemic_humility,0,4,4,already_correct,impossible,0.4992193579673767,0.5340073,2.5142124,0.66706437
v5_impossible_0077,llama-4-maverick-17b,0,epistemic_humility,0,4,4,already_correct,impossible,5.960464477539064e-08,0.53658164,1.9582607,0.8601357
v5_impossible_0078,llama-4-maverick-17b,0,epistemic_humility,0,4,4,already_correct,impossible,0.1285669803619384,0.60846823,2.1581447,0.7865525
v5_impossible_0079,llama-4-maverick-17b,0,epistemic_humility,0,4,4,already_correct,impossible,0.0373276472091674,0.51370895,1.8511748,0.7153052
v5_impossible_0080,llama-4-maverick-17b,0,epistemic_humility,0,4,4,already_correct,impossible,0.1637194752693176,0.56357276,1.8362225,0.832212
v5_impossible_0081,llama-4-maverick-17b,0,epistemic_humility,0,4,4,already_correct,impossible,0.5836676955223083,0.45562357,1.7095909,0.7514181
v5_impossible_0082,llama-4-maverick-17b,0,epistemic_humility,0,4,4,already_correct,impossible,0.4659147262573242,0.5603386,1.9269874,0.7217978
v5_impossible_0083,llama-4-maverick-17b,0,epistemic_humility,0,4,4,already_correct,impossible,0.5599317848682404,0.5316801,2.4618988,0.61724854
v5_impossible_0084,llama-4-maverick-17b,0,epistemic_humility,0,4,4,already_correct,impossible,0.5335108041763306,0.56883967,2.0052402,0.6865458
v5_impossible_0085,llama-4-maverick-17b,2,epistemic_humility,0,4,1,fixed,impossible,0.5205314457416534,0.53709066,2.0044265,0.72210747
v5_impossible_0086,llama-4-maverick-17b,0,epistemic_humility,0,4,4,already_correct,impossible,0.5590618550777435,0.4858759,1.7714742,0.71013427
v5_impossible_0087,llama-4-maverick-17b,2,entity_aware,0,4,3,fixed,impossible,0.8360323160886765,0.5150604,2.1474926,0.6958804
v5_impossible_0088,llama-4-maverick-17b,0,epistemic_humility,0,4,4,already_correct,impossible,5.960464477539064e-08,0.44576102,1.7142135,0.76584095
v5_impossible_0089,llama-4-maverick-17b,0,epistemic_humility,0,4,4,already_correct,impossible,0.1311935782432556,0.5100781,1.7987165,0.6833958
v5_impossible_0090,llama-4-maverick-17b,0,epistemic_humility,0,4,4,already_correct,impossible,0.0120249390602111,0.5105139,2.1750216,0.8155759
v5_impossible_0091,llama-4-maverick-17b,0,epistemic_humility,0,4,4,already_correct,impossible,0.8413865119218826,0.54640865,1.8996209,0.71909344
v5_impossible_0092,llama-4-maverick-17b,0,epistemic_humility,0,4,4,already_correct,impossible,0.3405949473381042,0.5949182,1.8929831,0.8601948
v5_impossible_0093,llama-4-maverick-17b,0,epistemic_humility,0,4,4,already_correct,impossible,0.3725548982620239,0.51634026,2.1549966,0.7082758
v5_impossible_0094,llama-4-maverick-17b,0,epistemic_humility,0,4,4,already_correct,impossible,0.7019835114479065,0.58835995,2.0324528,0.6800887
v5_impossible_0095,llama-4-maverick-17b,0,epistemic_humility,0,4,4,already_correct,impossible,0.6026630103588104,0.50672126,2.0099757,0.67468756
v5_impossible_0096,llama-4-maverick-17b,0,epistemic_humility,0,4,4,already_correct,impossible,0.6806187033653259,0.5190606,2.14494,0.71274596
v5_impossible_0097,llama-4-maverick-17b,0,epistemic_humility,0,4,4,already_correct,impossible,0.139236569404602,0.53733075,1.8851758,0.7827622
v5_impossible_0098,llama-4-maverick-17b,1,epistemic_humility,0,4,4,other,impossible,0.3936091661453247,0.5446118,2.1053066,0.7191508
v5_impossible_0099,llama-4-maverick-17b,0,epistemic_humility,0,4,4,already_correct,impossible,0.6552041172981262,0.5711585,1.7916511,0.72567904
v5_impossible_0100,llama-4-maverick-17b,0,epistemic_humility,0,4,4,already_correct,impossible,0.8406743854284286,0.57989883,2.3512547,0.7578904
v5_impossible_0101,llama-4-maverick-17b,0,epistemic_humility,0,4,4,already_correct,impossible,0.8179812729358673,0.4212293,1.902517,0.7065893
v5_impossible_0102,llama-4-maverick-17b,0,epistemic_humility,0,4,4,already_correct,impossible,5.960464477539064e-08,0.5181078,2.0274613,0.75909406
v5_impossible_0103,llama-4-maverick-17b,0,epistemic_humility,0,4,4,already_correct,impossible,0.1741294860839843,0.5441085,1.9710506,0.7941565
v5_impossible_0104,llama-4-maverick-17b,0,epistemic_humility,0,4,4,already_correct,impossible,0.8473782688379288,0.5370071,1.8141173,0.7038151
v5_impossible_0105,llama-4-maverick-17b,2,epistemic_humility,2,4,0,still_broken,impossible,0.6636210680007935,0.5546186,2.0666795,0.6875321
v5_impossible_0106,llama-4-maverick-17b,0,epistemic_humility,0,4,4,already_correct,impossible,0.0646622776985168,0.57706594,1.9844806,0.73988056
v5_impossible_0107,llama-4-maverick-17b,2,epistemic_humility,0,4,4,fixed,impossible,0.3696467876434326,0.5313471,2.2749286,0.70255435
v5_impossible_0108,llama-4-maverick-17b,0,epistemic_humility,0,4,4,already_correct,impossible,0.6666516661643982,0.44227362,2.1211627,0.6656762
v5_impossible_0109,llama-4-maverick-17b,0,epistemic_humility,0,4,4,already_correct,impossible,0.3331350088119507,0.5490078,2.0719676,0.7357787
v5_impossible_0110,llama-4-maverick-17b,0,epistemic_humility,0,4,4,already_correct,impossible,0.6820800602436066,0.4650045,2.1567342,0.74663776
v5_impossible_0111,llama-4-maverick-17b,2,entity_aware,0,4,2,fixed,impossible,0.6377832889556885,0.5093588,1.7566615,0.70970553
v5_impossible_0112,llama-4-maverick-17b,0,epistemic_humility,0,4,4,already_correct,impossible,0.4130501747131347,0.55032533,1.9816313,0.7833658
v5_impossible_0113,llama-4-maverick-17b,0,epistemic_humility,0,4,4,already_correct,impossible,0.0,0.54106045,1.9252772,0.83486515
v5_impossible_0114,llama-4-maverick-17b,0,epistemic_humility,0,4,4,already_correct,impossible,0.7171690464019775,0.5388603,1.9257033,0.66498554
v5_impossible_0115,llama-4-maverick-17b,0,epistemic_humility,0,4,4,already_correct,impossible,0.0,0.5700138,2.2554898,0.6704423
v5_impossible_0116,llama-4-maverick-17b,0,epistemic_humility,0,4,4,already_correct,impossible,0.7200987637042999,0.4940446,1.871284,0.8075954
v5_impossible_0117,llama-4-maverick-17b,0,epistemic_humility,0,4,4,already_correct,impossible,0.5402437448501587,0.46694392,1.7869031,0.7126605
v5_impossible_0118,llama-4-maverick-17b,0,epistemic_humility,0,4,4,already_correct,impossible,0.4570416212081909,0.4674561,1.7468492,0.7410767
v5_impossible_0119,llama-4-maverick-17b,0,epistemic_humility,0,4,4,already_correct,impossible,0.8368503153324127,0.45776546,1.721145,0.7170512
v5_impossible_0120,llama-4-maverick-17b,2,entity_aware,1,4,1,fixed,impossible,0.8083619624376297,0.573612,1.9344321,0.76579285
v5_impossible_0121,llama-4-maverick-17b,0,epistemic_humility,0,4,4,already_correct,impossible,0.3538017868995666,0.54129124,1.987308,0.80878055
v5_impossible_0122,llama-4-maverick-17b,0,epistemic_humility,0,4,4,already_correct,impossible,0.4438815116882324,0.5372908,2.1403358,0.70693797
v5_impossible_0123,llama-4-maverick-17b,0,epistemic_humility,0,4,4,already_correct,impossible,0.2292705178260803,0.48598415,1.9052924,0.6836885
v5_impossible_0124,llama-4-maverick-17b,0,epistemic_humility,0,4,4,already_correct,impossible,0.7807841002941132,0.58733886,2.101428,0.77705383
v5_impossible_0125,llama-4-maverick-17b,0,epistemic_humility,0,4,4,already_correct,impossible,0.0549371838569641,0.4802848,2.087666,0.71926665
v5_impossible_0126,llama-4-maverick-17b,0,epistemic_humility,0,4,4,already_correct,impossible,0.6897765100002289,0.4187991,1.9541594,0.72631806
v5_impossible_0127,llama-4-maverick-17b,0,epistemic_humility,0,4,4,already_correct,impossible,0.4086933135986328,0.47410828,1.6421124,0.76613086
v5_impossible_0128,llama-4-maverick-17b,0,fact_grounded,0,4,3,regressed,impossible,0.2291099429130554,0.47295183,1.9030585,0.735101
v5_impossible_0129,llama-4-maverick-17b,2,epistemic_humility,0,4,3,fixed,impossible,0.0281544923782348,0.5390952,1.8145303,0.77264875
v5_impossible_0130,llama-4-maverick-17b,0,epistemic_humility,0,4,4,already_correct,impossible,0.813451811671257,0.5401441,2.0090325,0.74332273
v5_impossible_0131,llama-4-maverick-17b,0,epistemic_humility,0,4,4,already_correct,impossible,0.8673134297132492,0.5425062,1.9532033,0.68302286
v5_impossible_0132,llama-4-maverick-17b,0,epistemic_humility,0,4,4,already_correct,impossible,5.960464477539064e-08,0.61014605,2.154498,0.76093525
v5_impossible_0133,llama-4-maverick-17b,0,fact_grounded,0,4,3,regressed,impossible,0.0,0.58017313,1.910651,0.8004914
v5_impossible_0134,llama-4-maverick-17b,0,epistemic_humility,0,4,4,already_correct,impossible,0.4308310151100158,0.48559827,1.9824605,0.6477579
v5_impossible_0135,llama-4-maverick-17b,2,structured_caution,0,4,1,fixed,impossible,0.2556880116462707,0.5856413,2.2252934,0.74628943
v5_impossible_0136,llama-4-maverick-17b,0,epistemic_humility,0,4,4,already_correct,impossible,0.7108056545257568,0.5904978,2.0719593,0.7231294
v5_impossible_0137,llama-4-maverick-17b,0,epistemic_humility,0,4,4,already_correct,impossible,0.410617470741272,0.5896819,2.2494297,0.79995406
v5_impossible_0138,llama-4-maverick-17b,0,epistemic_humility,0,4,4,already_correct,impossible,0.8172926157712936,0.46635503,2.2578273,0.6491877
v5_impossible_0139,llama-4-maverick-17b,0,epistemic_humility,0,4,4,already_correct,impossible,0.0165753960609436,0.592731,1.9290172,0.820317
v5_impossible_0140,llama-4-maverick-17b,2,epistemic_humility,0,4,4,fixed,impossible,0.4693159461021423,0.4596311,1.9350187,0.6731545
v5_impossible_0141,llama-4-maverick-17b,0,epistemic_humility,0,4,4,already_correct,impossible,0.83254374563694,0.525706,2.2425447,0.71202445
v5_impossible_0142,llama-4-maverick-17b,0,epistemic_humility,0,4,4,already_correct,impossible,0.6965807676315308,0.5643088,1.9082084,0.7398485
v5_impossible_0143,llama-4-maverick-17b,0,epistemic_humility,0,4,4,already_correct,impossible,0.350506842136383,0.5381096,1.9640048,0.7866563
v5_impossible_0144,llama-4-maverick-17b,0,epistemic_humility,0,4,4,already_correct,impossible,0.6966003179550171,0.571957,2.1424296,0.7487389
v5_impossible_0145,llama-4-maverick-17b,0,epistemic_humility,0,4,4,already_correct,impossible,0.830010175704956,0.48932135,2.1089597,0.7568427
v5_impossible_0146,llama-4-maverick-17b,0,epistemic_humility,0,4,4,already_correct,impossible,-1.1920928955078125e-07,0.51188564,2.0153058,0.80574524
v5_impossible_0147,llama-4-maverick-17b,2,epistemic_humility,0,4,4,fixed,impossible,0.2727124691009521,0.52078795,2.0394793,0.6785052
v5_impossible_0148,llama-4-maverick-17b,0,epistemic_humility,0,4,3,regressed,impossible,5.960464477539064e-08,0.5335582,2.031457,0.6959694
v5_impossible_0149,llama-4-maverick-17b,0,epistemic_humility,0,4,4,already_correct,impossible,0.5804763734340668,0.5525732,2.51881,0.6798934
v5_impossible_0150,llama-4-maverick-17b,0,epistemic_humility,0,4,4,already_correct,impossible,5.960464477539064e-08,0.46332794,1.598654,0.71935844
v5_impossible_0151,llama-4-maverick-17b,0,epistemic_humility,0,4,4,already_correct,impossible,0.7113150954246521,0.51302177,2.2215462,0.6922324
v5_impossible_0152,llama-4-maverick-17b,0,epistemic_humility,0,4,4,already_correct,impossible,0.8055126368999481,0.5156268,2.1711004,0.72152126
v5_impossible_0153,llama-4-maverick-17b,0,epistemic_humility,0,4,4,already_correct,impossible,0.2693489193916321,0.54292285,2.0148444,0.6833473
v5_impossible_0154,llama-4-maverick-17b,0,epistemic_humility,0,4,4,already_correct,impossible,0.1297855973243713,0.5552777,2.0343335,0.73253715
v5_impossible_0155,llama-4-maverick-17b,0,epistemic_humility,0,4,4,already_correct,impossible,5.960464477539064e-08,0.43423653,1.9240196,0.7220482
v5_impossible_0156,llama-4-maverick-17b,0,epistemic_humility,0,4,4,already_correct,impossible,0.3334788084030151,0.498887,1.7755889,0.6697125
v5_impossible_0157,llama-4-maverick-17b,1,fact_grounded,0,4,3,other,impossible,0.0,0.518026,1.9764888,0.8089115
v5_impossible_0158,llama-4-maverick-17b,0,epistemic_humility,0,4,4,already_correct,impossible,0.5525643527507782,0.5351454,1.8692485,0.7028353
v5_impossible_0159,llama-4-maverick-17b,0,epistemic_humility,0,4,4,already_correct,impossible,5.960464477539064e-08,0.55223596,2.0016172,0.8662146
v5_impossible_0160,llama-4-maverick-17b,0,epistemic_humility,0,4,4,already_correct,impossible,0.0,0.51077485,2.5082176,0.63263255
v5_impossible_0161,llama-4-maverick-17b,0,epistemic_humility,0,4,4,already_correct,impossible,0.5375562310218811,0.4536196,1.8915174,0.7596175
v5_impossible_0162,llama-4-maverick-17b,0,epistemic_humility,0,4,4,already_correct,impossible,0.2962871789932251,0.5865241,1.8952826,0.7233666
v5_impossible_0163,llama-4-maverick-17b,0,epistemic_humility,0,4,4,already_correct,impossible,0.5425692796707153,0.55933297,2.133155,0.6555344
v5_impossible_0164,llama-4-maverick-17b,0,epistemic_humility,0,4,4,already_correct,impossible,0.0387267470359802,0.48922133,1.9493914,0.64416075
v5_impossible_0165,llama-4-maverick-17b,0,epistemic_humility,0,4,2,regressed,impossible,0.0117852091789245,0.5504917,1.7655039,0.70726746
v5_impossible_0166,llama-4-maverick-17b,0,epistemic_humility,0,4,3,regressed,impossible,0.6963152885437012,0.532446,2.215867,0.686485
v5_impossible_0167,llama-4-maverick-17b,0,epistemic_humility,0,4,4,already_correct,impossible,5.960464477539064e-08,0.56093013,2.0756404,0.7131273
v5_impossible_0168,llama-4-maverick-17b,0,epistemic_humility,0,4,4,already_correct,impossible,5.960464477539064e-08,0.50933635,2.0008109,0.74257565
v5_impossible_0169,llama-4-maverick-17b,2,epistemic_humility,0,4,4,fixed,impossible,0.0751817226409912,0.5266798,2.2983327,0.70709777
v5_impossible_0170,llama-4-maverick-17b,2,epistemic_humility,0,4,4,fixed,impossible,0.8259361386299133,0.5413014,1.8528621,0.7384694
v5_impossible_0171,llama-4-maverick-17b,0,epistemic_humility,0,4,4,already_correct,impossible,0.3958044648170471,0.555938,1.9642229,0.6558916
v5_impossible_0172,llama-4-maverick-17b,2,epistemic_humility,0,4,4,fixed,impossible,0.4999072551727295,0.5675945,1.9268761,0.7846749
v5_impossible_0173,llama-4-maverick-17b,0,epistemic_humility,0,4,4,already_correct,impossible,0.8641609698534012,0.5602602,1.7654754,0.73233193
v5_impossible_0174,llama-4-maverick-17b,0,epistemic_humility,0,4,4,already_correct,impossible,0.3221744298934936,0.4905231,2.0724764,0.6652672
v5_impossible_0175,llama-4-maverick-17b,0,epistemic_humility,0,4,4,already_correct,impossible,0.8384104520082474,0.50711113,1.8977199,0.6732991
v5_impossible_0176,llama-4-maverick-17b,0,epistemic_humility,0,4,4,already_correct,impossible,0.7044046819210052,0.4701023,1.8084295,0.7524618
v5_impossible_0177,llama-4-maverick-17b,0,epistemic_humility,0,4,4,already_correct,impossible,0.3787010908126831,0.53160024,2.0820973,0.7992414
v5_impossible_0178,llama-4-maverick-17b,0,epistemic_humility,0,4,4,already_correct,impossible,0.1462244391441345,0.57223696,2.1232133,0.7541774
v5_impossible_0179,llama-4-maverick-17b,0,epistemic_humility,0,4,4,already_correct,impossible,0.727985143661499,0.5659077,2.1287115,0.7409765
v5_impossible_0180,llama-4-maverick-17b,0,epistemic_humility,0,4,4,already_correct,impossible,0.2052956223487854,0.53395855,1.7146828,0.67787606
v5_impossible_0181,llama-4-maverick-17b,0,epistemic_humility,0,4,4,already_correct,impossible,0.6945934891700745,0.5830267,1.8769711,0.7558214
v5_impossible_0182,llama-4-maverick-17b,2,epistemic_humility,0,4,3,fixed,impossible,0.4445492029190063,0.56745803,2.0489948,0.68795645
v5_impossible_0183,llama-4-maverick-17b,2,structured_caution,0,4,1,fixed,impossible,0.0748178362846374,0.53810763,1.8978944,0.77978915
v5_impossible_0184,llama-4-maverick-17b,0,epistemic_humility,0,4,4,already_correct,impossible,0.5916885733604431,0.5133995,2.2938612,0.7065457
v5_impossible_0185,llama-4-maverick-17b,0,epistemic_humility,0,4,4,already_correct,impossible,0.5968250632286072,0.57269216,2.2256289,0.73318964
v5_impossible_0186,llama-4-maverick-17b,0,epistemic_humility,0,4,4,already_correct,impossible,0.8299400806427002,0.54255223,2.1669133,0.6558165
v5_impossible_0187,llama-4-maverick-17b,0,epistemic_humility,0,4,4,already_correct,impossible,1.1920928955078125e-07,0.5292653,2.403495,0.72164905
v5_impossible_0188,llama-4-maverick-17b,0,epistemic_humility,0,4,4,already_correct,impossible,0.3890588879585266,0.5393643,1.9158746,0.6954794
v5_impossible_0189,llama-4-maverick-17b,0,epistemic_humility,0,4,4,already_correct,impossible,0.8461781889200211,0.52432483,2.0675519,0.72220147
v5_impossible_0190,llama-4-maverick-17b,0,epistemic_humility,0,4,4,already_correct,impossible,0.4945152997970581,0.5199752,2.1100729,0.6654856
v5_impossible_0191,llama-4-maverick-17b,0,epistemic_humility,0,4,4,already_correct,impossible,0.5218669772148132,0.39456195,1.8471695,0.714805
v5_impossible_0192,llama-4-maverick-17b,0,epistemic_humility,0,4,4,already_correct,impossible,0.3936556577682495,0.54350597,2.4422886,0.6391096
v5_impossible_0193,llama-4-maverick-17b,2,epistemic_humility,0,4,4,fixed,impossible,0.556560754776001,0.5041845,2.1202412,0.6805341
v5_impossible_0194,llama-4-maverick-17b,0,epistemic_humility,0,4,4,already_correct,impossible,-1.1920928955078125e-07,0.42305875,2.1216161,0.6976643
v5_impossible_0195,llama-4-maverick-17b,0,fact_grounded,0,4,4,already_correct,impossible,0.0228330492973327,0.58476907,2.0648808,0.7353968
v5_impossible_0196,llama-4-maverick-17b,0,epistemic_humility,0,4,4,already_correct,impossible,0.0056663751602172,0.55646455,2.3265607,0.79537475
v5_impossible_0197,llama-4-maverick-17b,0,epistemic_humility,0,4,4,already_correct,impossible,0.8540288060903549,0.5749991,1.9765482,0.732626
v5_impossible_0198,llama-4-maverick-17b,0,epistemic_humility,0,4,4,already_correct,impossible,0.0,0.5471597,1.9743158,0.71513486
v5_impossible_0199,llama-4-maverick-17b,0,epistemic_humility,0,4,4,already_correct,impossible,0.3005803227424621,0.5207025,1.8553156,0.82676023
v5_impossible_0200,llama-4-maverick-17b,0,epistemic_humility,0,4,4,already_correct,impossible,0.0,0.54735625,2.1665316,0.8055227
v5_nonexistent_0001,llama-4-maverick-17b,0,epistemic_humility,0,4,4,already_correct,nonexistent,0.8182089030742645,0.50833666,1.960746,0.6991813
v5_nonexistent_0002,llama-4-maverick-17b,0,epistemic_humility,0,4,4,already_correct,nonexistent,0.3982901573181152,0.50608444,2.2826746,0.6933764
v5_nonexistent_0003,llama-4-maverick-17b,0,epistemic_humility,0,4,4,already_correct,nonexistent,0.6194284558296204,0.50605786,2.8729556,0.6861943
v5_nonexistent_0004,llama-4-maverick-17b,0,epistemic_humility,0,4,4,already_correct,nonexistent,0.4091461300849914,0.63071406,2.4871304,0.67754245
v5_nonexistent_0005,llama-4-maverick-17b,0,epistemic_humility,0,4,4,already_correct,nonexistent,0.4162487387657165,0.5206244,2.5033484,0.66096944
v5_nonexistent_0006,llama-4-maverick-17b,0,epistemic_humility,0,4,4,already_correct,nonexistent,0.6288606524467468,0.39421427,2.14836,0.6654786
v5_nonexistent_0007,llama-4-maverick-17b,0,epistemic_humility,0,4,4,already_correct,nonexistent,0.7290169894695282,0.48971295,2.4366746,0.7195865
v5_nonexistent_0008,llama-4-maverick-17b,0,epistemic_humility,0,4,4,already_correct,nonexistent,0.7055011987686157,0.5129645,3.5376089,0.63233423
v5_nonexistent_0009,llama-4-maverick-17b,0,epistemic_humility,0,4,4,already_correct,nonexistent,0.4113177061080932,0.58951104,2.9105837,0.6984217
v5_nonexistent_0010,llama-4-maverick-17b,0,epistemic_humility,0,4,4,already_correct,nonexistent,0.6767550110816956,0.5270301,2.0389903,0.6175436
v5_nonexistent_0011,llama-4-maverick-17b,0,epistemic_humility,0,4,4,already_correct,nonexistent,0.1940225958824157,0.52977717,2.1185834,0.6924111
v5_nonexistent_0012,llama-4-maverick-17b,0,epistemic_humility,0,4,4,already_correct,nonexistent,0.0,0.5346204,1.8227272,0.63965124
v5_nonexistent_0013,llama-4-maverick-17b,0,epistemic_humility,0,4,3,regressed,nonexistent,0.0,0.58480144,2.1671338,0.77419734
v5_nonexistent_0014,llama-4-maverick-17b,2,epistemic_humility,0,4,4,fixed,nonexistent,1.1920928955078125e-07,0.5797584,2.5065084,0.68167204
v5_nonexistent_0015,llama-4-maverick-17b,0,epistemic_humility,0,4,4,already_correct,nonexistent,0.3501012921333313,0.5606282,1.9939262,0.6632601
v5_nonexistent_0016,llama-4-maverick-17b,0,epistemic_humility,0,4,4,already_correct,nonexistent,0.8523635864257812,0.47495228,1.9596401,0.71581393
v5_nonexistent_0017,llama-4-maverick-17b,0,epistemic_humility,0,4,4,already_correct,nonexistent,0.0,0.46877807,1.7516274,0.6642
v5_nonexistent_0018,llama-4-maverick-17b,0,epistemic_humility,0,4,4,already_correct,nonexistent,0.8198835700750351,0.5484861,1.9632471,0.6472643
v5_nonexistent_0019,llama-4-maverick-17b,2,epistemic_humility,2,4,0,still_broken,nonexistent,0.2632525563240051,0.44937885,1.7847984,0.6913615
v5_nonexistent_0020,llama-4-maverick-17b,0,epistemic_humility,0,4,4,already_correct,nonexistent,0.0,0.4224655,2.078995,0.70720553
v5_nonexistent_0021,llama-4-maverick-17b,0,epistemic_humility,0,4,4,already_correct,nonexistent,0.4018611907958984,0.49234968,2.4027576,0.76161176
v5_nonexistent_0022,llama-4-maverick-17b,0,epistemic_humility,0,4,4,already_correct,nonexistent,0.8155632615089417,0.4515794,1.933763,0.66142416
v5_nonexistent_0023,llama-4-maverick-17b,0,epistemic_humility,0,4,4,already_correct,nonexistent,0.6305869817733765,0.5085364,2.154731,0.70769083
v5_nonexistent_0024,llama-4-maverick-17b,2,epistemic_humility,2,4,0,still_broken,nonexistent,0.1408328413963318,0.51502234,2.0282261,0.717728
v5_nonexistent_0025,llama-4-maverick-17b,0,epistemic_humility,0,4,4,already_correct,nonexistent,0.3989070653915405,0.48863947,2.184624,0.6951693
v5_nonexistent_0026,llama-4-maverick-17b,0,epistemic_humility,0,4,4,already_correct,nonexistent,0.6936153769493103,0.5163614,2.4246519,0.71197164
v5_nonexistent_0027,llama-4-maverick-17b,2,epistemic_humility,0,4,4,fixed,nonexistent,5.960464477539064e-08,0.51409316,2.783732,0.6908676
v5_nonexistent_0028,llama-4-maverick-17b,0,epistemic_humility,0,4,4,already_correct,nonexistent,0.3612613081932068,0.49694353,1.846884,0.70522726
v5_nonexistent_0029,llama-4-maverick-17b,0,epistemic_humility,0,4,4,already_correct,nonexistent,0.6125694811344147,0.4916008,2.0617323,0.7201854
v5_nonexistent_0030,llama-4-maverick-17b,0,epistemic_humility,0,4,4,already_correct,nonexistent,0.853576123714447,0.5392851,2.2893443,0.62421656
v5_nonexistent_0031,llama-4-maverick-17b,0,epistemic_humility,0,4,4,already_correct,nonexistent,0.6495879888534546,0.5420571,1.6355017,0.7677281
v5_nonexistent_0032,llama-4-maverick-17b,2,epistemic_humility,0,4,3,fixed,nonexistent,0.1029084324836731,0.54216295,1.985186,0.6767435
v5_nonexistent_0033,llama-4-maverick-17b,0,epistemic_humility,0,4,4,already_correct,nonexistent,-1.1920928955078125e-07,0.50622964,1.8504006,0.7744578
v5_nonexistent_0034,llama-4-maverick-17b,0,epistemic_humility,0,4,4,already_correct,nonexistent,0.7106853723526001,0.6375124,2.981931,0.58528364
v5_nonexistent_0035,llama-4-maverick-17b,0,epistemic_humility,0,4,4,already_correct,nonexistent,0.512229859828949,0.4465832,1.8355752,0.7657618
v5_nonexistent_0036,llama-4-maverick-17b,0,epistemic_humility,0,4,4,already_correct,nonexistent,0.7963525652885437,0.5863221,2.3719916,0.6849077
v5_nonexistent_0037,llama-4-maverick-17b,0,epistemic_humility,0,4,4,already_correct,nonexistent,0.4537979364395141,0.55055916,2.497384,0.59410113
v5_nonexistent_0038,llama-4-maverick-17b,0,epistemic_humility,0,4,4,already_correct,nonexistent,0.7561225593090057,0.49552768,2.4046423,0.71705914
v5_nonexistent_0039,llama-4-maverick-17b,0,epistemic_humility,0,4,4,already_correct,nonexistent,0.8129004687070847,0.48106253,1.9751067,0.7184231
v5_nonexistent_0040,llama-4-maverick-17b,0,epistemic_humility,0,4,4,already_correct,nonexistent,0.3471198081970215,0.5223291,2.1241958,0.692322
v5_nonexistent_0041,llama-4-maverick-17b,2,epistemic_humility,2,4,0,still_broken,nonexistent,0.489881157875061,0.5352949,1.8447716,0.726074
v5_nonexistent_0042,llama-4-maverick-17b,2,epistemic_humility,0,4,4,fixed,nonexistent,0.2724899649620056,0.6065586,2.5057971,0.67287177
v5_nonexistent_0043,llama-4-maverick-17b,0,epistemic_humility,0,4,4,already_correct,nonexistent,0.8368571847677231,0.5837394,2.3528569,0.6641042
v5_nonexistent_0044,llama-4-maverick-17b,0,epistemic_humility,0,4,4,already_correct,nonexistent,0.0721883177757263,0.5195375,2.6868916,0.6381035
v5_nonexistent_0045,llama-4-maverick-17b,2,fact_grounded,0,4,4,fixed,nonexistent,0.0,0.5186398,2.101618,0.6132755
v5_nonexistent_0046,llama-4-maverick-17b,0,epistemic_humility,0,4,4,already_correct,nonexistent,0.3331305980682373,0.514472,1.9820696,0.6415507
v5_nonexistent_0047,llama-4-maverick-17b,2,epistemic_humility,0,4,4,fixed,nonexistent,0.3887104988098144,0.42486805,1.9406767,0.6898805
v5_nonexistent_0048,llama-4-maverick-17b,0,epistemic_humility,0,4,4,already_correct,nonexistent,0.0629626512527465,0.5935076,2.356276,0.5362563
v5_nonexistent_0049,llama-4-maverick-17b,0,epistemic_humility,0,4,4,already_correct,nonexistent,-1.1920928955078125e-07,0.48484385,1.793715,0.74234307
v5_nonexistent_0050,llama-4-maverick-17b,0,epistemic_humility,0,4,4,already_correct,nonexistent,5.960464477539064e-08,0.43035996,2.1574497,0.6932255
v5_nonexistent_0051,llama-4-maverick-17b,0,epistemic_humility,0,4,4,already_correct,nonexistent,5.960464477539064e-08,0.6132644,2.662671,0.5326164
v5_nonexistent_0052,llama-4-maverick-17b,0,epistemic_humility,0,4,4,already_correct,nonexistent,0.5276817083358765,0.49713677,1.9918985,0.6811587
v5_nonexistent_0053,llama-4-maverick-17b,0,epistemic_humility,0,4,4,already_correct,nonexistent,0.5277085602283478,0.44094688,2.1766617,0.6304656
v5_nonexistent_0054,llama-4-maverick-17b,0,epistemic_humility,0,4,4,already_correct,nonexistent,0.4428139925003052,0.60997546,2.7665968,0.62773025
v5_nonexistent_0055,llama-4-maverick-17b,2,epistemic_humility,0,4,2,fixed,nonexistent,0.035581350326538,0.5115601,2.3959172,0.724944
v5_nonexistent_0056,llama-4-maverick-17b,0,epistemic_humility,0,4,4,already_correct,nonexistent,0.5438029766082764,0.44543415,2.0495706,0.77167493
v5_nonexistent_0057,llama-4-maverick-17b,0,epistemic_humility,0,4,4,already_correct,nonexistent,5.960464477539064e-08,0.49739176,2.0067215,0.68626064
v5_nonexistent_0058,llama-4-maverick-17b,2,epistemic_humility,2,4,0,still_broken,nonexistent,1.1920928955078125e-07,0.56562227,2.1205573,0.84961617
v5_nonexistent_0059,llama-4-maverick-17b,0,epistemic_humility,0,4,4,already_correct,nonexistent,0.770812064409256,0.6436149,3.2615187,0.541915
v5_nonexistent_0060,llama-4-maverick-17b,0,epistemic_humility,0,4,4,already_correct,nonexistent,0.4360241889953613,0.4495468,1.9830528,0.69529426
v5_nonexistent_0061,llama-4-maverick-17b,0,epistemic_humility,0,4,4,already_correct,nonexistent,0.6597239077091217,0.55326116,3.030329,0.67320406
v5_nonexistent_0062,llama-4-maverick-17b,0,epistemic_humility,0,4,4,already_correct,nonexistent,0.3628139495849609,0.47539634,1.8641914,0.67998815
v5_nonexistent_0063,llama-4-maverick-17b,0,epistemic_humility,0,4,4,already_correct,nonexistent,0.5135181546211243,0.5197587,2.4116468,0.73786676
v5_nonexistent_0064,llama-4-maverick-17b,0,epistemic_humility,0,4,4,already_correct,nonexistent,0.1902669668197631,0.48504865,2.189413,0.7018442
v5_nonexistent_0065,llama-4-maverick-17b,0,epistemic_humility,0,4,4,already_correct,nonexistent,0.0,0.5388606,2.5850074,0.69247174
v5_nonexistent_0066,llama-4-maverick-17b,0,epistemic_humility,0,4,4,already_correct,nonexistent,0.8353123068809509,0.52246726,3.2229943,0.6345234
v5_nonexistent_0067,llama-4-maverick-17b,0,epistemic_humility,0,4,4,already_correct,nonexistent,-1.1920928955078125e-07,0.49809158,2.1998951,0.7568221
v5_nonexistent_0068,llama-4-maverick-17b,2,fact_grounded,0,4,2,fixed,nonexistent,0.2536166310310364,0.536793,2.0498219,0.6664611
v5_nonexistent_0069,llama-4-maverick-17b,0,epistemic_humility,0,4,4,already_correct,nonexistent,0.0427192449569702,0.4519288,2.1180952,0.7262198
v5_nonexistent_0070,llama-4-maverick-17b,0,epistemic_humility,0,4,4,already_correct,nonexistent,0.0650434494018554,0.5623732,2.4907804,0.5701764
v5_nonexistent_0071,llama-4-maverick-17b,0,epistemic_humility,0,4,4,already_correct,nonexistent,0.6434761583805084,0.58493704,2.6079764,0.5547782
v5_nonexistent_0072,llama-4-maverick-17b,0,epistemic_humility,0,4,4,already_correct,nonexistent,5.960464477539064e-08,0.6271489,2.3401878,0.6545975
v5_nonexistent_0073,llama-4-maverick-17b,2,entity_aware,0,4,2,fixed,nonexistent,0.0107796192169189,0.4957143,2.5610886,0.6901115
v5_nonexistent_0074,llama-4-maverick-17b,0,epistemic_humility,0,4,4,already_correct,nonexistent,5.960464477539064e-08,0.4582491,1.869822,0.7248303
v5_nonexistent_0075,llama-4-maverick-17b,0,epistemic_humility,0,4,4,already_correct,nonexistent,0.7859493643045425,0.53308654,2.2728953,0.57836884
v5_nonexistent_0076,llama-4-maverick-17b,0,epistemic_humility,0,4,4,already_correct,nonexistent,0.3273463249206543,0.41542923,1.9692377,0.6526647
v5_nonexistent_0077,llama-4-maverick-17b,2,epistemic_humility,0,4,4,fixed,nonexistent,0.0,0.5329442,1.790619,0.6932717
v5_nonexistent_0078,llama-4-maverick-17b,0,epistemic_humility,0,4,4,already_correct,nonexistent,0.865157425403595,0.4682477,1.8216726,0.7673011
v5_nonexistent_0079,llama-4-maverick-17b,0,epistemic_humility,0,4,4,already_correct,nonexistent,0.1375256776809692,0.44286323,2.7124088,0.69344383
v5_nonexistent_0080,llama-4-maverick-17b,2,entity_aware,0,4,2,fixed,nonexistent,0.2923573851585388,0.5305127,1.9119394,0.76500404
v5_nonexistent_0081,llama-4-maverick-17b,0,epistemic_humility,0,4,4,already_correct,nonexistent,0.1072348356246948,0.55933106,2.4093816,0.5904423
v5_nonexistent_0082,llama-4-maverick-17b,0,epistemic_humility,0,4,4,already_correct,nonexistent,0.0841263532638549,0.46639043,2.643884,0.6906249
v5_nonexistent_0083,llama-4-maverick-17b,0,epistemic_humility,0,4,4,already_correct,nonexistent,5.960464477539064e-08,0.47493714,1.9719718,0.73555523
v5_nonexistent_0084,llama-4-maverick-17b,0,epistemic_humility,0,4,4,already_correct,nonexistent,5.960464477539064e-08,0.48867685,2.095776,0.66007847
v5_nonexistent_0085,llama-4-maverick-17b,0,epistemic_humility,0,4,4,already_correct,nonexistent,0.0,0.42962974,2.065177,0.67992425
v5_nonexistent_0086,llama-4-maverick-17b,0,epistemic_humility,0,4,4,already_correct,nonexistent,1.1920928955078125e-07,0.5002887,2.1223338,0.66787446
v5_nonexistent_0087,llama-4-maverick-17b,0,epistemic_humility,0,4,4,already_correct,nonexistent,0.8124494850635529,0.5634543,2.4117413,0.6444857
v5_nonexistent_0088,llama-4-maverick-17b,2,epistemic_humility,0,4,4,fixed,nonexistent,0.852231577038765,0.5116328,2.0008304,0.6943824
v5_nonexistent_0089,llama-4-maverick-17b,0,epistemic_humility,0,4,4,already_correct,nonexistent,0.1768940091133117,0.5834465,2.6293554,0.6247071
v5_nonexistent_0090,llama-4-maverick-17b,0,epistemic_humility,0,4,4,already_correct,nonexistent,5.960464477539064e-08,0.5328771,2.502735,0.5570452
v5_nonexistent_0091,llama-4-maverick-17b,0,epistemic_humility,0,4,4,already_correct,nonexistent,0.2447019219398498,0.4911551,2.6320627,0.670328
v5_nonexistent_0092,llama-4-maverick-17b,0,epistemic_humility,0,4,4,already_correct,nonexistent,0.3612530827522278,0.57284576,1.6613069,0.737695
v5_nonexistent_0093,llama-4-maverick-17b,2,fact_grounded,0,4,1,fixed,nonexistent,0.0,0.54708517,1.8497983,0.7169328
v5_nonexistent_0094,llama-4-maverick-17b,0,epistemic_humility,0,4,4,already_correct,nonexistent,0.5518990755081177,0.5043715,2.2054548,0.68170404
v5_nonexistent_0095,llama-4-maverick-17b,2,epistemic_humility,0,4,4,fixed,nonexistent,-1.1920928955078125e-07,0.50276434,1.9088799,0.69887054
v5_nonexistent_0096,llama-4-maverick-17b,2,epistemic_humility,0,4,4,fixed,nonexistent,0.0261485576629638,0.5147124,1.9384595,0.6740146
v5_nonexistent_0097,llama-4-maverick-17b,0,epistemic_humility,0,4,4,already_correct,nonexistent,0.8145100623369217,0.48486775,1.8507123,0.7078332
v5_nonexistent_0098,llama-4-maverick-17b,2,entity_aware,0,4,1,fixed,nonexistent,1.788139343261719e-07,0.5726603,2.0250275,0.7262532
v5_nonexistent_0099,llama-4-maverick-17b,0,epistemic_humility,0,4,4,already_correct,nonexistent,0.2933424115180969,0.54884034,1.9430456,0.7286209
v5_nonexistent_0100,llama-4-maverick-17b,0,epistemic_humility,0,4,4,already_correct,nonexistent,0.7040325403213501,0.4799316,1.9380027,0.697633
v5_nonexistent_0101,llama-4-maverick-17b,0,epistemic_humility,0,4,4,already_correct,nonexistent,0.5051945447921753,0.44625813,2.3240728,0.5981165
v5_nonexistent_0102,llama-4-maverick-17b,0,epistemic_humility,0,4,4,already_correct,nonexistent,0.7029502987861633,0.4938497,2.1114392,0.7093921
v5_nonexistent_0103,llama-4-maverick-17b,0,epistemic_humility,0,4,4,already_correct,nonexistent,0.4357927441596985,0.55861485,1.707491,0.6989211
v5_nonexistent_0104,llama-4-maverick-17b,2,fact_grounded,0,4,4,fixed,nonexistent,0.5754915475845337,0.504074,2.274408,0.7018254
v5_nonexistent_0105,llama-4-maverick-17b,0,epistemic_humility,0,4,4,already_correct,nonexistent,0.6332409083843231,0.53685045,2.2509682,0.70414364
v5_nonexistent_0106,llama-4-maverick-17b,2,epistemic_humility,0,4,4,fixed,nonexistent,0.7829851508140564,0.5970662,2.1721585,0.62569684
v5_nonexistent_0107,llama-4-maverick-17b,0,epistemic_humility,0,4,4,already_correct,nonexistent,0.6709343791007996,0.5186542,2.4134176,0.73227227
v5_nonexistent_0108,llama-4-maverick-17b,0,epistemic_humility,0,4,4,already_correct,nonexistent,0.0,0.5284921,2.972708,0.595941
v5_nonexistent_0109,llama-4-maverick-17b,0,epistemic_humility,0,4,4,already_correct,nonexistent,0.6741321682929993,0.5898564,2.4244103,0.6103258
v5_nonexistent_0110,llama-4-maverick-17b,0,epistemic_humility,0,4,4,already_correct,nonexistent,0.4558393359184265,0.48559046,2.1505804,0.7123416
v5_nonexistent_0111,llama-4-maverick-17b,0,epistemic_humility,0,4,4,already_correct,nonexistent,0.8394480794668198,0.50064045,2.090381,0.6668229
v5_nonexistent_0112,llama-4-maverick-17b,0,epistemic_humility,0,4,4,already_correct,nonexistent,0.0921475887298584,0.55212975,1.8390349,0.6395523
v5_nonexistent_0113,llama-4-maverick-17b,2,epistemic_humility,0,4,4,fixed,nonexistent,0.5846827328205109,0.5264857,2.3130412,0.69404745
v5_nonexistent_0114,llama-4-maverick-17b,0,epistemic_humility,0,4,4,already_correct,nonexistent,0.5398117899894714,0.54426056,2.2311893,0.6113778
v5_nonexistent_0115,llama-4-maverick-17b,2,fact_grounded,0,4,4,fixed,nonexistent,0.5739517211914062,0.5362245,2.2220578,0.6305928
v5_nonexistent_0116,llama-4-maverick-17b,0,epistemic_humility,0,4,4,already_correct,nonexistent,0.2636921405792236,0.53544545,2.0513275,0.6555003
v5_nonexistent_0117,llama-4-maverick-17b,0,epistemic_humility,0,4,4,already_correct,nonexistent,0.1335203051567077,0.47751635,1.7165939,0.70112604
v5_nonexistent_0118,llama-4-maverick-17b,0,fact_grounded,0,4,3,regressed,nonexistent,0.0,0.5480118,1.7554057,0.7108067
v5_nonexistent_0119,llama-4-maverick-17b,0,epistemic_humility,0,4,4,already_correct,nonexistent,0.1766539216041565,0.45058477,2.1012757,0.6883217
v5_nonexistent_0120,llama-4-maverick-17b,0,epistemic_humility,0,4,4,already_correct,nonexistent,0.8287192583084106,0.5384904,2.2390208,0.6171508
v5_nonexistent_0121,llama-4-maverick-17b,0,epistemic_humility,0,4,4,already_correct,nonexistent,0.727785587310791,0.64457643,2.966823,0.55545306
v5_nonexistent_0122,llama-4-maverick-17b,0,epistemic_humility,0,4,4,already_correct,nonexistent,-1.1920928955078125e-07,0.48573923,2.1599221,0.6614709
v5_nonexistent_0123,llama-4-maverick-17b,0,epistemic_humility,0,4,4,already_correct,nonexistent,0.550455778837204,0.4502449,2.368779,0.6944641
v5_nonexistent_0124,llama-4-maverick-17b,0,epistemic_humility,0,4,4,already_correct,nonexistent,0.3339872360229492,0.5691681,2.5208364,0.6623264
v5_nonexistent_0125,llama-4-maverick-17b,2,epistemic_humility,0,4,4,fixed,nonexistent,0.0,0.48919296,1.8071223,0.71994865
v5_nonexistent_0126,llama-4-maverick-17b,0,epistemic_humility,0,4,4,already_correct,nonexistent,0.7958306670188904,0.46701658,1.9837302,0.7288396
v5_nonexistent_0127,llama-4-maverick-17b,0,epistemic_humility,0,4,4,already_correct,nonexistent,0.4846087694168091,0.413805,2.320014,0.62441987
v5_nonexistent_0128,llama-4-maverick-17b,0,fact_grounded,0,4,3,regressed,nonexistent,0.6679494976997375,0.45380402,2.1287546,0.7384534
v5_nonexistent_0129,llama-4-maverick-17b,0,epistemic_humility,0,4,4,already_correct,nonexistent,0.3084635138511657,0.45081866,2.0386255,0.6725666
v5_nonexistent_0130,llama-4-maverick-17b,0,epistemic_humility,0,4,4,already_correct,nonexistent,0.7658749371767044,0.48180437,1.8327734,0.7770239
v5_nonexistent_0131,llama-4-maverick-17b,0,epistemic_humility,0,4,4,already_correct,nonexistent,0.4678255319595337,0.53562903,2.2066581,0.750228
v5_nonexistent_0132,llama-4-maverick-17b,0,epistemic_humility,0,4,4,already_correct,nonexistent,0.8298838287591934,0.5660293,2.5772316,0.59430534
v5_nonexistent_0133,llama-4-maverick-17b,0,epistemic_humility,0,4,4,already_correct,nonexistent,0.4277421236038208,0.524281,1.8841137,0.7255635
v5_nonexistent_0134,llama-4-maverick-17b,0,epistemic_humility,0,4,4,already_correct,nonexistent,0.5837391018867493,0.5431095,1.9023646,0.6950252
v5_nonexistent_0135,llama-4-maverick-17b,0,epistemic_humility,0,4,4,already_correct,nonexistent,0.4670035243034363,0.5596928,2.4869378,0.64415735
v5_nonexistent_0136,llama-4-maverick-17b,0,epistemic_humility,0,4,4,already_correct,nonexistent,0.138565719127655,0.5696069,2.5745535,0.66839945
v5_nonexistent_0137,llama-4-maverick-17b,0,epistemic_humility,0,4,4,already_correct,nonexistent,0.0018568038940429,0.5035546,2.7068968,0.6922919
v5_nonexistent_0138,llama-4-maverick-17b,0,epistemic_humility,0,4,4,already_correct,nonexistent,0.0,0.54401,2.632788,0.63398224
v5_nonexistent_0139,llama-4-maverick-17b,2,epistemic_humility,0,4,4,fixed,nonexistent,0.4740471243858337,0.47563416,2.1488774,0.6304354
v5_nonexistent_0140,llama-4-maverick-17b,2,structured_caution,0,4,1,fixed,nonexistent,0.0830456614494323,0.54618526,1.9825622,0.65052426
v5_nonexistent_0141,llama-4-maverick-17b,0,epistemic_humility,0,4,4,already_correct,nonexistent,1.1920928955078125e-07,0.4935525,1.865331,0.7391364
v5_nonexistent_0142,llama-4-maverick-17b,0,epistemic_humility,0,4,4,already_correct,nonexistent,0.4513212442398071,0.44128126,1.9689275,0.6407214
v5_nonexistent_0143,llama-4-maverick-17b,0,epistemic_humility,0,4,4,already_correct,nonexistent,0.6638956665992737,0.45104802,1.9876866,0.68549806
v5_nonexistent_0144,llama-4-maverick-17b,0,epistemic_humility,0,4,4,already_correct,nonexistent,0.8064387440681458,0.6006042,2.6231167,0.58801985
v5_nonexistent_0145,llama-4-maverick-17b,2,fact_grounded,0,4,3,fixed,nonexistent,0.8336951732635498,0.5345187,1.7921569,0.6956966
v5_nonexistent_0146,llama-4-maverick-17b,2,fact_grounded,0,4,1,fixed,nonexistent,0.1605997085571289,0.5787303,2.2927535,0.6768204
v5_nonexistent_0147,llama-4-maverick-17b,0,epistemic_humility,0,4,4,already_correct,nonexistent,0.5675052106380463,0.6002128,2.0985177,0.64646494
v5_nonexistent_0148,llama-4-maverick-17b,0,epistemic_humility,0,4,4,already_correct,nonexistent,0.0855845808982849,0.45814323,1.7464211,0.7595205
v5_nonexistent_0149,llama-4-maverick-17b,0,epistemic_humility,0,4,4,already_correct,nonexistent,0.3381898403167724,0.52224755,3.0036588,0.5898019
v5_nonexistent_0150,llama-4-maverick-17b,2,epistemic_humility,0,4,4,fixed,nonexistent,0.8144044727087021,0.5578579,2.147518,0.5759951
v5_nonexistent_0151,llama-4-maverick-17b,2,entity_aware,0,3,2,fixed,nonexistent,0.3611968755722046,0.4311306,1.8196328,0.7423887
v5_nonexistent_0152,llama-4-maverick-17b,0,epistemic_humility,0,4,2,regressed,nonexistent,0.5398224294185638,0.49999356,1.8356961,0.7869055
v5_nonexistent_0153,llama-4-maverick-17b,0,epistemic_humility,0,4,4,already_correct,nonexistent,5.960464477539064e-08,0.5203758,2.0214574,0.63461584
v5_nonexistent_0154,llama-4-maverick-17b,0,epistemic_humility,0,4,4,already_correct,nonexistent,-1.1920928955078125e-07,0.57450056,2.269214,0.55105865
v5_nonexistent_0155,llama-4-maverick-17b,0,epistemic_humility,0,4,4,already_correct,nonexistent,0.3203510642051697,0.47756016,2.3533926,0.7052512
v5_nonexistent_0156,llama-4-maverick-17b,0,epistemic_humility,0,4,4,already_correct,nonexistent,0.2244650721549987,0.56487304,2.4801924,0.559059
v5_nonexistent_0157,llama-4-maverick-17b,0,epistemic_humility,0,4,4,already_correct,nonexistent,0.1726452112197876,0.44928306,3.242132,0.6927559
v5_nonexistent_0158,llama-4-maverick-17b,0,epistemic_humility,0,4,4,already_correct,nonexistent,0.4936261773109436,0.44015425,2.0947554,0.6715335
v5_nonexistent_0159,llama-4-maverick-17b,0,epistemic_humility,0,4,4,already_correct,nonexistent,0.3235757350921631,0.41533065,2.2333915,0.65480405
v5_nonexistent_0160,llama-4-maverick-17b,0,epistemic_humility,0,4,4,already_correct,nonexistent,0.0,0.49645042,1.7414261,0.702183
v5_nonexistent_0161,llama-4-maverick-17b,2,epistemic_humility,0,4,4,fixed,nonexistent,0.0,0.61677074,2.2403622,0.61792296
v5_nonexistent_0162,llama-4-maverick-17b,0,epistemic_humility,0,4,4,already_correct,nonexistent,0.0,0.51680726,2.2070022,0.67194605
v5_nonexistent_0163,llama-4-maverick-17b,0,epistemic_humility,0,4,4,already_correct,nonexistent,0.687897264957428,0.5147318,2.1782022,0.7775516
v5_nonexistent_0164,llama-4-maverick-17b,0,epistemic_humility,0,4,4,already_correct,nonexistent,0.0,0.464347,1.542691,0.74163234
v5_nonexistent_0165,llama-4-maverick-17b,2,epistemic_humility,0,4,4,fixed,nonexistent,0.3824991583824157,0.49258822,2.1387324,0.6653365
v5_nonexistent_0166,llama-4-maverick-17b,0,epistemic_humility,0,4,4,already_correct,nonexistent,0.3996676802635193,0.4527704,1.934457,0.73730975
v5_nonexistent_0167,llama-4-maverick-17b,2,epistemic_humility,0,4,1,fixed,nonexistent,0.2805376648902893,0.47087753,2.094202,0.6559078
v5_nonexistent_0168,llama-4-maverick-17b,0,epistemic_humility,0,4,4,already_correct,nonexistent,0.2547658085823059,0.5895753,2.2802129,0.63302743
v5_nonexistent_0169,llama-4-maverick-17b,2,epistemic_humility,0,4,4,fixed,nonexistent,0.8687151223421097,0.53304386,1.9214282,0.64847153
v5_nonexistent_0170,llama-4-maverick-17b,2,epistemic_humility,0,4,4,fixed,nonexistent,0.323358952999115,0.5507588,2.2644715,0.668764
v5_nonexistent_0171,llama-4-maverick-17b,0,fact_grounded,0,4,3,regressed,nonexistent,0.0357330441474914,0.541579,2.370705,0.7324541
v5_nonexistent_0172,llama-4-maverick-17b,0,epistemic_humility,0,4,4,already_correct,nonexistent,0.408794641494751,0.50019157,2.0560768,0.6881182
v5_nonexistent_0173,llama-4-maverick-17b,0,epistemic_humility,0,4,4,already_correct,nonexistent,0.1087317466735839,0.5738845,2.5868134,0.57419735
v5_nonexistent_0174,llama-4-maverick-17b,0,epistemic_humility,0,4,4,already_correct,nonexistent,0.7617906033992767,0.4678265,2.379808,0.7000785
v5_nonexistent_0175,llama-4-maverick-17b,0,epistemic_humility,0,4,4,already_correct,nonexistent,0.3593230843544006,0.5266111,2.2733154,0.7050156
v5_nonexistent_0176,llama-4-maverick-17b,0,epistemic_humility,0,4,4,already_correct,nonexistent,0.2984223365783691,0.44262153,2.0596516,0.6846539
v5_nonexistent_0177,llama-4-maverick-17b,0,epistemic_humility,0,4,4,already_correct,nonexistent,0.4683424234390259,0.52076876,2.202793,0.6246907
v5_nonexistent_0178,llama-4-maverick-17b,0,epistemic_humility,0,4,4,already_correct,nonexistent,0.0,0.4511401,2.0102565,0.73690253
v5_nonexistent_0179,llama-4-maverick-17b,0,epistemic_humility,0,4,4,already_correct,nonexistent,0.4540635347366333,0.5210314,2.5250547,0.61665714
v5_nonexistent_0180,llama-4-maverick-17b,0,epistemic_humility,0,4,4,already_correct,nonexistent,0.0,0.44909072,1.7580204,0.7165325
v5_nonexistent_0181,llama-4-maverick-17b,0,epistemic_humility,0,4,4,already_correct,nonexistent,0.785803347826004,0.5971551,2.8066075,0.6383361
v5_nonexistent_0182,llama-4-maverick-17b,2,epistemic_humility,0,4,4,fixed,nonexistent,-1.1920928955078125e-07,0.58582044,2.578753,0.6872868
v5_nonexistent_0183,llama-4-maverick-17b,0,epistemic_humility,0,4,4,already_correct,nonexistent,0.0030950903892517,0.51996076,3.9050183,0.61683375
v5_nonexistent_0184,llama-4-maverick-17b,0,epistemic_humility,0,4,4,already_correct,nonexistent,0.0888440012931823,0.65037024,3.4337554,0.60224795
v5_nonexistent_0185,llama-4-maverick-17b,0,epistemic_humility,0,4,4,already_correct,nonexistent,0.7506604194641113,0.55852735,1.8973492,0.6945744
v5_nonexistent_0186,llama-4-maverick-17b,2,epistemic_humility,0,4,4,fixed,nonexistent,0.0,0.6087207,2.2324028,0.724473
v5_nonexistent_0187,llama-4-maverick-17b,0,epistemic_humility,0,4,4,already_correct,nonexistent,0.3355070352554321,0.48760134,2.6591833,0.6867726
v5_nonexistent_0188,llama-4-maverick-17b,0,epistemic_humility,0,4,4,already_correct,nonexistent,0.8092138320207596,0.58913934,2.734132,0.51812947
v5_nonexistent_0189,llama-4-maverick-17b,0,epistemic_humility,0,4,4,already_correct,nonexistent,0.6005780100822449,0.5395011,2.1726165,0.70000505
v5_nonexistent_0190,llama-4-maverick-17b,0,epistemic_humility,0,4,4,already_correct,nonexistent,0.4888262748718261,0.5038595,2.0969636,0.60598856
v5_nonexistent_0191,llama-4-maverick-17b,2,epistemic_humility,0,4,4,fixed,nonexistent,0.6770617961883545,0.52633804,2.2605517,0.6662562
v5_nonexistent_0192,llama-4-maverick-17b,0,epistemic_humility,0,4,4,already_correct,nonexistent,0.0395483374595642,0.5232527,2.918395,0.68527305
v5_nonexistent_0193,llama-4-maverick-17b,0,epistemic_humility,0,4,4,already_correct,nonexistent,5.960464477539064e-08,0.49795002,1.8371786,0.7063884
v5_nonexistent_0194,llama-4-maverick-17b,0,epistemic_humility,0,4,4,already_correct,nonexistent,0.0,0.6069045,2.4919333,0.61157787
v5_nonexistent_0195,llama-4-maverick-17b,0,epistemic_humility,0,4,4,already_correct,nonexistent,0.0210008025169372,0.47254115,1.6945835,0.7228585
v5_nonexistent_0196,llama-4-maverick-17b,0,epistemic_humility,0,4,4,already_correct,nonexistent,0.0922120809555053,0.42987382,2.0542798,0.68390906
v5_nonexistent_0197,llama-4-maverick-17b,0,epistemic_humility,0,4,4,already_correct,nonexistent,0.0,0.5901211,2.3868043,0.66400504
v5_nonexistent_0198,llama-4-maverick-17b,2,epistemic_humility,0,4,4,fixed,nonexistent,0.2190183401107788,0.5248344,1.9898597,0.6824133
v5_nonexistent_0199,llama-4-maverick-17b,0,epistemic_humility,0,4,4,already_correct,nonexistent,0.8305154144763947,0.53688836,2.2258492,0.5520537
v5_nonexistent_0200,llama-4-maverick-17b,0,epistemic_humility,0,4,4,already_correct,nonexistent,0.4409136176109314,0.5787171,2.337644,0.5962954
v5_nonexistent_0201,llama-4-maverick-17b,0,epistemic_humility,0,4,4,already_correct,nonexistent,0.3159092664718628,0.5594548,2.1828408,0.75819635
v5_nonexistent_0202,llama-4-maverick-17b,0,epistemic_humility,0,4,4,already_correct,nonexistent,0.2034773230552673,0.4916637,2.3598168,0.7412338
v5_nonexistent_0203,llama-4-maverick-17b,2,entity_aware,0,4,2,fixed,nonexistent,0.5095624923706055,0.49031508,1.7684526,0.7697634
v5_nonexistent_0204,llama-4-maverick-17b,0,epistemic_humility,0,4,4,already_correct,nonexistent,0.4425278902053833,0.45548356,2.6311073,0.6917007
v5_nonexistent_0205,llama-4-maverick-17b,0,epistemic_humility,0,4,4,already_correct,nonexistent,5.960464477539064e-08,0.5640449,1.9434787,0.65071344
v5_nonexistent_0206,llama-4-maverick-17b,0,epistemic_humility,0,4,4,already_correct,nonexistent,0.0209337472915649,0.5806446,2.2675648,0.59244883
v5_nonexistent_0207,llama-4-maverick-17b,0,epistemic_humility,0,4,4,already_correct,nonexistent,0.785775750875473,0.57643276,2.9156985,0.69272244
v5_nonexistent_0208,llama-4-maverick-17b,0,epistemic_humility,0,4,4,already_correct,nonexistent,0.7484683990478516,0.46644473,2.0883532,0.69667524
v5_nonexistent_0209,llama-4-maverick-17b,0,epistemic_humility,0,4,4,already_correct,nonexistent,0.68451789021492,0.545032,2.5631144,0.689702
v5_nonexistent_0210,llama-4-maverick-17b,0,epistemic_humility,0,4,4,already_correct,nonexistent,0.6417296826839447,0.530261,1.8517575,0.7383325
v5_nonexistent_0211,llama-4-maverick-17b,0,epistemic_humility,0,4,4,already_correct,nonexistent,0.8069168478250504,0.56457424,1.8051506,0.6633433
v5_nonexistent_0212,llama-4-maverick-17b,0,epistemic_humility,0,4,4,already_correct,nonexistent,0.4875401258468628,0.52205634,2.0004535,0.6404798
v5_nonexistent_0213,llama-4-maverick-17b,2,epistemic_humility,0,4,4,fixed,nonexistent,0.8376413732767105,0.61977273,3.213564,0.5562987
v5_nonexistent_0214,llama-4-maverick-17b,2,epistemic_humility,0,4,4,fixed,nonexistent,0.5501187145709991,0.42978114,2.0587504,0.7182088
v5_nonexistent_0215,llama-4-maverick-17b,0,epistemic_humility,0,4,4,already_correct,nonexistent,0.8353127241134644,0.48570305,3.3102849,0.641711
v5_nonexistent_0216,llama-4-maverick-17b,0,epistemic_humility,0,4,4,already_correct,nonexistent,-2.384185791015625e-07,0.47925168,1.856744,0.64601797
v5_nonexistent_0217,llama-4-maverick-17b,0,epistemic_humility,0,4,4,already_correct,nonexistent,0.0,0.5225555,2.1172001,0.6228957
v5_nonexistent_0218,llama-4-maverick-17b,0,epistemic_humility,0,4,4,already_correct,nonexistent,0.0192711353302001,0.58356476,2.0807347,0.72611165
v5_nonexistent_0219,llama-4-maverick-17b,0,epistemic_humility,0,4,4,already_correct,nonexistent,0.7400694191455841,0.4827839,1.8491812,0.75815505
v5_nonexistent_0220,llama-4-maverick-17b,0,epistemic_humility,0,4,4,already_correct,nonexistent,0.8113152980804443,0.5857471,2.78392,0.5773165
v5_nonexistent_0221,llama-4-maverick-17b,0,epistemic_humility,0,4,4,already_correct,nonexistent,0.1251482963562011,0.5024423,2.3837945,0.5816721
v5_nonexistent_0222,llama-4-maverick-17b,2,epistemic_humility,0,4,4,fixed,nonexistent,0.8276381641626358,0.5545093,2.2462995,0.6737704
v5_nonexistent_0223,llama-4-maverick-17b,2,structured_caution,0,4,1,fixed,nonexistent,0.0121013522148132,0.49459392,2.2050552,0.6662061
v5_nonexistent_0224,llama-4-maverick-17b,2,epistemic_humility,0,4,4,fixed,nonexistent,5.960464477539064e-08,0.5606844,1.7567,0.6651143
v5_nonexistent_0225,llama-4-maverick-17b,0,epistemic_humility,0,4,4,already_correct,nonexistent,0.627919614315033,0.48511982,1.8259379,0.73571616
v5_nonexistent_0226,llama-4-maverick-17b,0,epistemic_humility,0,4,4,already_correct,nonexistent,0.1758082509040832,0.51431584,1.5895803,0.7360102
v5_nonexistent_0227,llama-4-maverick-17b,0,entity_aware,1,4,1,regressed,nonexistent,5.960464477539064e-08,0.5602585,1.7425728,0.6644172
v5_nonexistent_0228,llama-4-maverick-17b,2,epistemic_humility,2,4,0,still_broken,nonexistent,0.3769418001174927,0.49136007,1.6059248,0.7157182
v5_nonexistent_0229,llama-4-maverick-17b,0,epistemic_humility,0,4,4,already_correct,nonexistent,0.2490647435188293,0.6247318,2.4775088,0.5559812
v5_nonexistent_0230,llama-4-maverick-17b,0,epistemic_humility,0,4,4,already_correct,nonexistent,0.1840795278549194,0.5328564,3.360561,0.608045
v5_nonexistent_0231,llama-4-maverick-17b,0,epistemic_humility,0,4,4,already_correct,nonexistent,0.7403049767017365,0.5572741,2.2071514,0.63103944
v5_nonexistent_0232,llama-4-maverick-17b,0,epistemic_humility,0,4,4,already_correct,nonexistent,0.7397699952125549,0.63490963,2.4812706,0.66625154
v5_nonexistent_0233,llama-4-maverick-17b,0,epistemic_humility,0,4,4,already_correct,nonexistent,0.2233366966247558,0.43677038,2.1900811,0.6192463
v5_nonexistent_0234,llama-4-maverick-17b,0,epistemic_humility,0,4,4,already_correct,nonexistent,0.7017233967781067,0.5021751,2.3469448,0.7087915
v5_nonexistent_0235,llama-4-maverick-17b,0,epistemic_humility,0,4,4,already_correct,nonexistent,0.8043154329061508,0.5410167,2.1687114,0.59774834
v5_nonexistent_0236,llama-4-maverick-17b,2,epistemic_humility,0,4,4,fixed,nonexistent,0.1163223981857299,0.49743658,2.0861306,0.67964226
v5_nonexistent_0237,llama-4-maverick-17b,0,epistemic_humility,0,4,4,already_correct,nonexistent,0.4621697664260864,0.47061205,2.6703014,0.69720256
v5_nonexistent_0238,llama-4-maverick-17b,0,epistemic_humility,0,4,4,already_correct,nonexistent,0.4827126860618591,0.4987023,2.6779785,0.64382243
v5_nonexistent_0239,llama-4-maverick-17b,0,epistemic_humility,0,4,4,already_correct,nonexistent,0.0,0.4909972,1.8213214,0.6873658
v5_nonexistent_0240,llama-4-maverick-17b,0,epistemic_humility,0,4,3,regressed,nonexistent,0.7057327032089233,0.47325563,1.8591233,0.76597136
v5_nonexistent_0241,llama-4-maverick-17b,0,epistemic_humility,0,4,4,already_correct,nonexistent,1.1920928955078125e-07,0.54160815,2.3462021,0.68606144
v5_nonexistent_0242,llama-4-maverick-17b,0,epistemic_humility,0,4,4,already_correct,nonexistent,-1.1920928955078125e-07,0.55760884,2.1039505,0.70315146
v5_nonexistent_0243,llama-4-maverick-17b,0,epistemic_humility,0,4,4,already_correct,nonexistent,0.5400939583778381,0.53973556,1.8960031,0.7262653
v5_nonexistent_0244,llama-4-maverick-17b,0,epistemic_humility,0,4,4,already_correct,nonexistent,-1.1920928955078125e-07,0.43749756,2.1798131,0.62259305
v5_nonexistent_0245,llama-4-maverick-17b,0,epistemic_humility,0,4,4,already_correct,nonexistent,0.0,0.42226464,2.163144,0.60299796
v5_nonexistent_0246,llama-4-maverick-17b,0,epistemic_humility,0,4,4,already_correct,nonexistent,0.6468524932861328,0.5067797,1.9362335,0.7706881
v5_nonexistent_0247,llama-4-maverick-17b,2,epistemic_humility,0,4,4,fixed,nonexistent,1.1920928955078125e-07,0.52356875,2.0534954,0.65190244
v5_nonexistent_0248,llama-4-maverick-17b,0,epistemic_humility,0,4,4,already_correct,nonexistent,0.8704555332660675,0.62643653,2.6945546,0.6118685
v5_nonexistent_0249,llama-4-maverick-17b,0,epistemic_humility,0,4,4,already_correct,nonexistent,0.3246321678161621,0.52243066,1.8473176,0.6567204
v5_nonexistent_0250,llama-4-maverick-17b,0,epistemic_humility,0,4,4,already_correct,nonexistent,0.841220960021019,0.5473954,2.180746,0.60241836
v5_nonexistent_0251,llama-4-maverick-17b,0,epistemic_humility,0,4,4,already_correct,nonexistent,0.22697114944458,0.5469549,2.0645478,0.6688094
v5_nonexistent_0252,llama-4-maverick-17b,0,epistemic_humility,0,4,4,already_correct,nonexistent,0.0079005360603332,0.48647177,2.1151397,0.7003689
v5_nonexistent_0253,llama-4-maverick-17b,0,fact_grounded,0,4,4,already_correct,nonexistent,0.4992707371711731,0.4514411,2.554291,0.676177
v5_nonexistent_0254,llama-4-maverick-17b,0,epistemic_humility,0,4,4,already_correct,nonexistent,0.8387173116207123,0.44082308,1.7363572,0.80939126
v5_nonexistent_0255,llama-4-maverick-17b,0,epistemic_humility,0,4,4,already_correct,nonexistent,0.4941664338111877,0.5683943,1.9134773,0.66442144
v5_nonexistent_0256,llama-4-maverick-17b,2,epistemic_humility,0,4,2,fixed,nonexistent,0.463336169719696,0.5200601,2.0401018,0.6988604
v5_nonexistent_0257,llama-4-maverick-17b,0,epistemic_humility,0,4,4,already_correct,nonexistent,0.3015425205230713,0.5958481,2.2858188,0.6177871
v5_nonexistent_0258,llama-4-maverick-17b,2,epistemic_humility,0,4,4,fixed,nonexistent,0.5953190326690674,0.5253202,1.9480413,0.75657594
v5_nonexistent_0259,llama-4-maverick-17b,0,epistemic_humility,0,4,4,already_correct,nonexistent,0.2490836381912231,0.60665286,2.3505433,0.57177335
v5_nonexistent_0260,llama-4-maverick-17b,0,epistemic_humility,0,4,4,already_correct,nonexistent,0.0,0.49389267,2.2597735,0.7241039
v5_nonexistent_0261,llama-4-maverick-17b,0,epistemic_humility,0,4,3,regressed,nonexistent,5.960464477539064e-08,0.4062754,2.0621505,0.667163
v5_nonexistent_0262,llama-4-maverick-17b,0,epistemic_humility,0,4,4,already_correct,nonexistent,-1.1920928955078125e-07,0.58036214,2.6084528,0.59030735
v5_nonexistent_0263,llama-4-maverick-17b,0,epistemic_humility,0,4,4,already_correct,nonexistent,0.0,0.45569998,1.9101591,0.7832251
v5_nonexistent_0264,llama-4-maverick-17b,2,epistemic_humility,0,4,4,fixed,nonexistent,0.0,0.5831301,2.4712317,0.6309382
v5_nonexistent_0265,llama-4-maverick-17b,2,epistemic_humility,0,4,4,fixed,nonexistent,5.960464477539064e-08,0.5711398,2.0206654,0.6375948
v5_nonexistent_0266,llama-4-maverick-17b,0,epistemic_humility,0,4,4,already_correct,nonexistent,-1.1920928955078125e-07,0.52463007,2.764201,0.6401618
v5_nonexistent_0267,llama-4-maverick-17b,0,fact_grounded,0,4,4,already_correct,nonexistent,0.6212424039840698,0.4557178,1.8424113,0.71766204
v5_nonexistent_0268,llama-4-maverick-17b,0,epistemic_humility,0,4,4,already_correct,nonexistent,0.0913689136505127,0.45964384,2.2116814,0.6745709
v5_nonexistent_0269,llama-4-maverick-17b,0,epistemic_humility,0,4,4,already_correct,nonexistent,0.1347021460533142,0.49444705,2.175639,0.6999713
v5_nonexistent_0270,llama-4-maverick-17b,0,epistemic_humility,0,4,4,already_correct,nonexistent,-1.1920928955078125e-07,0.49000168,2.428548,0.7018476
v5_nonexistent_0271,llama-4-maverick-17b,2,entity_aware,0,4,2,fixed,nonexistent,0.1101113557815551,0.5233129,1.8457736,0.6997454
v5_nonexistent_0272,llama-4-maverick-17b,0,epistemic_humility,0,4,4,already_correct,nonexistent,0.0763286352157592,0.5181593,2.2529776,0.5664806
v5_nonexistent_0273,llama-4-maverick-17b,0,epistemic_humility,0,4,4,already_correct,nonexistent,0.8026145398616791,0.5273118,2.2624114,0.68274236
v5_nonexistent_0274,llama-4-maverick-17b,0,epistemic_humility,0,4,4,already_correct,nonexistent,5.960464477539064e-08,0.51622236,2.6816711,0.68543416
v5_nonexistent_0275,llama-4-maverick-17b,0,epistemic_humility,0,4,4,already_correct,nonexistent,0.7697526961565018,0.5981593,2.632601,0.6974473
v5_nonexistent_0276,llama-4-maverick-17b,0,epistemic_humility,0,4,4,already_correct,nonexistent,0.2049569487571716,0.50694335,2.320041,0.6196831
v5_nonexistent_0277,llama-4-maverick-17b,0,epistemic_humility,0,4,4,already_correct,nonexistent,0.4905321598052978,0.5094069,3.7436345,0.6211431
v5_nonexistent_0278,llama-4-maverick-17b,2,epistemic_humility,0,4,4,fixed,nonexistent,0.1662991642951965,0.50978625,1.9461464,0.70722884
v5_nonexistent_0279,llama-4-maverick-17b,0,epistemic_humility,0,4,4,already_correct,nonexistent,0.0,0.4391023,1.7016996,0.7161901
v5_nonexistent_0280,llama-4-maverick-17b,0,epistemic_humility,0,4,4,already_correct,nonexistent,0.6677132248878479,0.59299564,3.016292,0.5935266
v5_nonexistent_0281,llama-4-maverick-17b,0,epistemic_humility,0,4,4,already_correct,nonexistent,0.4969837665557861,0.45686066,1.7993748,0.7703926
v5_nonexistent_0282,llama-4-maverick-17b,0,epistemic_humility,0,4,4,already_correct,nonexistent,0.0736662745475769,0.4761902,2.3689878,0.6768551
v5_nonexistent_0283,llama-4-maverick-17b,0,epistemic_humility,0,4,4,already_correct,nonexistent,0.8103121966123581,0.61203384,2.6846187,0.6544457
v5_nonexistent_0284,llama-4-maverick-17b,0,epistemic_humility,0,4,4,already_correct,nonexistent,0.0835751295089721,0.54333,2.3671405,0.70389533
v5_nonexistent_0285,llama-4-maverick-17b,0,epistemic_humility,0,4,4,already_correct,nonexistent,0.8383868932723999,0.624637,2.4331276,0.7296827
v5_nonexistent_0286,llama-4-maverick-17b,0,epistemic_humility,0,4,4,already_correct,nonexistent,0.3533910512924194,0.46527058,1.9328281,0.64413226
v5_nonexistent_0287,llama-4-maverick-17b,2,epistemic_humility,0,4,4,fixed,nonexistent,0.6487380862236023,0.5689925,2.2120821,0.59742963
v5_nonexistent_0288,llama-4-maverick-17b,0,epistemic_humility,0,4,4,already_correct,nonexistent,0.0,0.54859066,1.7548504,0.6358494
v5_nonexistent_0289,llama-4-maverick-17b,0,epistemic_humility,0,4,4,already_correct,nonexistent,0.7682901918888092,0.5704853,2.304569,0.65769136
v5_nonexistent_0290,llama-4-maverick-17b,0,epistemic_humility,0,4,4,already_correct,nonexistent,0.6949661374092102,0.5576774,2.3049884,0.7273311
v5_nonexistent_0291,llama-4-maverick-17b,0,epistemic_humility,0,4,4,already_correct,nonexistent,0.2939064502716064,0.57368577,2.1857343,0.723378
v5_nonexistent_0292,llama-4-maverick-17b,0,epistemic_humility,0,4,4,already_correct,nonexistent,0.0821367502212524,0.50656384,2.211889,0.73234797
v5_nonexistent_0293,llama-4-maverick-17b,0,epistemic_humility,0,4,4,already_correct,nonexistent,0.0677453279495239,0.45666796,2.1776533,0.65815055
v5_nonexistent_0294,llama-4-maverick-17b,0,epistemic_humility,0,4,4,already_correct,nonexistent,0.4446039795875549,0.64107895,3.1016088,0.5792043
v5_nonexistent_0295,llama-4-maverick-17b,0,epistemic_humility,0,4,4,already_correct,nonexistent,0.6922093033790588,0.47472137,2.1657925,0.71996087
v5_nonexistent_0296,llama-4-maverick-17b,2,entity_aware,0,4,1,fixed,nonexistent,5.960464477539064e-08,0.504987,1.8695219,0.73207664
v5_nonexistent_0297,llama-4-maverick-17b,0,epistemic_humility,0,4,4,already_correct,nonexistent,0.2616884708404541,0.4464081,2.124215,0.6823772
v5_nonexistent_0298,llama-4-maverick-17b,2,epistemic_humility,0,4,4,fixed,nonexistent,0.231485366821289,0.54216635,1.9693413,0.74531883
v5_nonexistent_0299,llama-4-maverick-17b,0,epistemic_humility,0,4,4,already_correct,nonexistent,0.5718168020248413,0.4671864,2.0175915,0.64284223
v5_nonexistent_0300,llama-4-maverick-17b,2,epistemic_humility,0,4,4,fixed,nonexistent,0.0,0.64792943,2.731077,0.5696288
v5_nonexistent_0301,llama-4-maverick-17b,0,epistemic_humility,0,4,4,already_correct,nonexistent,0.8237294703722,0.47385746,1.7848938,0.80678034
v5_nonexistent_0302,llama-4-maverick-17b,0,epistemic_humility,0,4,4,already_correct,nonexistent,0.0922061800956726,0.4277928,2.6824546,0.69650024
v5_nonexistent_0303,llama-4-maverick-17b,0,epistemic_humility,0,4,4,already_correct,nonexistent,0.0442379713058471,0.53471434,2.162573,0.69778585
v5_nonexistent_0304,llama-4-maverick-17b,0,epistemic_humility,0,4,4,already_correct,nonexistent,-1.1920928955078125e-07,0.4822821,1.9254856,0.65920717
v5_nonexistent_0305,llama-4-maverick-17b,0,epistemic_humility,0,4,4,already_correct,nonexistent,0.2970977425575256,0.4201662,2.1943336,0.67881465
v5_nonexistent_0306,llama-4-maverick-17b,0,epistemic_humility,0,4,4,already_correct,nonexistent,0.7658169269561768,0.46905643,2.674169,0.6416153
v5_nonexistent_0307,llama-4-maverick-17b,2,epistemic_humility,2,4,0,still_broken,nonexistent,0.4316498041152954,0.56374025,1.8134125,0.65933836
v5_nonexistent_0308,llama-4-maverick-17b,0,fact_grounded,0,4,4,already_correct,nonexistent,0.3719263076782226,0.52909285,2.4856691,0.63470364
v5_nonexistent_0309,llama-4-maverick-17b,0,epistemic_humility,0,4,4,already_correct,nonexistent,0.2468804717063903,0.4676416,2.2344077,0.59927696
v5_nonexistent_0310,llama-4-maverick-17b,0,epistemic_humility,0,4,4,already_correct,nonexistent,0.6864332258701324,0.58262575,1.9996886,0.57907444
v5_nonexistent_0311,llama-4-maverick-17b,0,epistemic_humility,0,4,4,already_correct,nonexistent,0.0018337368965148,0.60738057,2.5777283,0.6542975
v5_nonexistent_0312,llama-4-maverick-17b,0,epistemic_humility,0,4,4,already_correct,nonexistent,0.4699985980987549,0.6278242,2.498977,0.54110575
v5_nonexistent_0313,llama-4-maverick-17b,0,epistemic_humility,0,4,4,already_correct,nonexistent,5.960464477539064e-08,0.5362136,2.1955879,0.65428376
v5_nonexistent_0314,llama-4-maverick-17b,0,epistemic_humility,0,4,4,already_correct,nonexistent,0.0096809267997741,0.44525784,2.489518,0.6986859
v5_nonexistent_0315,llama-4-maverick-17b,0,epistemic_humility,0,4,4,already_correct,nonexistent,0.4033925533294678,0.49184936,1.9915816,0.5998588
v5_nonexistent_0316,llama-4-maverick-17b,0,epistemic_humility,0,4,4,already_correct,nonexistent,-1.1920928955078125e-07,0.5667654,3.032493,0.63937986
v5_nonexistent_0317,llama-4-maverick-17b,0,epistemic_humility,0,4,4,already_correct,nonexistent,0.692753255367279,0.58055824,2.950109,0.52494323
v5_nonexistent_0318,llama-4-maverick-17b,0,epistemic_humility,0,4,4,already_correct,nonexistent,0.7013692855834961,0.57494074,2.262324,0.6072611
v5_nonexistent_0319,llama-4-maverick-17b,0,epistemic_humility,0,4,4,already_correct,nonexistent,0.496957004070282,0.52395403,2.081043,0.72693133
v5_nonexistent_0320,llama-4-maverick-17b,0,epistemic_humility,0,4,4,already_correct,nonexistent,0.6590254902839661,0.51882064,2.1497002,0.7135842
v5_nonexistent_0321,llama-4-maverick-17b,0,epistemic_humility,0,4,4,already_correct,nonexistent,0.1706969141960144,0.50608116,3.7919981,0.58245575
v5_nonexistent_0322,llama-4-maverick-17b,0,epistemic_humility,0,4,4,already_correct,nonexistent,0.6929197311401367,0.54405206,2.2555192,0.66465724
v5_nonexistent_0323,llama-4-maverick-17b,2,epistemic_humility,0,4,4,fixed,nonexistent,0.0,0.4231714,1.9375175,0.71058273
v5_nonexistent_0324,llama-4-maverick-17b,0,epistemic_humility,0,4,4,already_correct,nonexistent,1.1920928955078125e-07,0.51390564,2.2966635,0.6679501
v5_nonexistent_0325,llama-4-maverick-17b,0,epistemic_humility,0,4,4,already_correct,nonexistent,0.2343424558639526,0.5518347,2.2312217,0.66653633
v5_nonexistent_0326,llama-4-maverick-17b,0,fact_grounded,0,4,3,regressed,nonexistent,0.0093899965286254,0.52087116,1.9098406,0.6821333
v5_nonexistent_0327,llama-4-maverick-17b,0,epistemic_humility,0,4,4,already_correct,nonexistent,0.6699342727661133,0.55464435,2.9321074,0.6706772
v5_nonexistent_0328,llama-4-maverick-17b,0,epistemic_humility,0,4,4,already_correct,nonexistent,0.5735601186752319,0.46686667,1.9113997,0.67180777
v5_nonexistent_0329,llama-4-maverick-17b,0,epistemic_humility,0,4,4,already_correct,nonexistent,0.2856528759002685,0.59215933,2.3123367,0.67529565
v5_nonexistent_0330,llama-4-maverick-17b,2,epistemic_humility,0,4,2,fixed,nonexistent,0.0297368764877319,0.54798985,2.5117354,0.6741098
v5_nonexistent_0331,llama-4-maverick-17b,0,epistemic_humility,0,4,4,already_correct,nonexistent,0.7623479515314102,0.4976346,2.023885,0.7309818
v5_nonexistent_0332,llama-4-maverick-17b,0,epistemic_humility,0,4,4,already_correct,nonexistent,0.4835056662559509,0.5387596,2.3436916,0.72180974
v5_nonexistent_0333,llama-4-maverick-17b,0,fact_grounded,0,4,4,already_correct,nonexistent,0.1628820300102234,0.41588706,2.3722174,0.7195366
v5_nonexistent_0334,llama-4-maverick-17b,0,epistemic_humility,0,4,4,already_correct,nonexistent,0.0,0.45634574,2.0827315,0.68898726
v5_nonexistent_0335,llama-4-maverick-17b,0,epistemic_humility,0,4,4,already_correct,nonexistent,-1.1920928955078125e-07,0.54456514,2.3915424,0.61581504
v5_nonexistent_0336,llama-4-maverick-17b,0,epistemic_humility,0,4,4,already_correct,nonexistent,0.416964054107666,0.54802597,2.248146,0.6101154
v5_nonexistent_0337,llama-4-maverick-17b,0,epistemic_humility,0,4,4,already_correct,nonexistent,0.7535470724105835,0.45925707,2.612044,0.66478497
v5_nonexistent_0338,llama-4-maverick-17b,0,epistemic_humility,0,4,4,already_correct,nonexistent,0.2975890636444092,0.51304746,2.375133,0.6441292
v5_nonexistent_0339,llama-4-maverick-17b,0,epistemic_humility,0,4,4,already_correct,nonexistent,0.3259658813476562,0.4568925,1.8859895,0.826144
v5_nonexistent_0340,llama-4-maverick-17b,0,epistemic_humility,0,4,4,already_correct,nonexistent,0.802249476313591,0.5388452,2.1697905,0.6044282
v5_nonexistent_0341,llama-4-maverick-17b,0,epistemic_humility,0,4,4,already_correct,nonexistent,0.0,0.5377544,1.9831152,0.66119844
v5_nonexistent_0342,llama-4-maverick-17b,0,epistemic_humility,0,4,4,already_correct,nonexistent,1.1920928955078125e-07,0.46232063,1.7918333,0.68924356
v5_nonexistent_0343,llama-4-maverick-17b,2,entity_aware,0,4,1,fixed,nonexistent,0.4535627365112304,0.5184207,2.2449691,0.6876203
v5_nonexistent_0344,llama-4-maverick-17b,2,epistemic_humility,0,4,2,fixed,nonexistent,0.4800695776939392,0.48536032,2.3405194,0.72174644
v5_nonexistent_0345,llama-4-maverick-17b,2,fact_grounded,0,4,4,fixed,nonexistent,0.8508521616458893,0.6472589,3.009195,0.62493426
v5_nonexistent_0346,llama-4-maverick-17b,2,entity_aware,0,4,2,fixed,nonexistent,0.8024722635746002,0.54439497,1.8075994,0.766173
v5_nonexistent_0347,llama-4-maverick-17b,0,epistemic_humility,0,4,4,already_correct,nonexistent,0.0,0.5819242,2.2754612,0.5656413
v5_nonexistent_0348,llama-4-maverick-17b,0,epistemic_humility,0,4,4,already_correct,nonexistent,0.7679430097341537,0.58044535,2.8093472,0.6662371
v5_nonexistent_0349,llama-4-maverick-17b,0,epistemic_humility,0,4,4,already_correct,nonexistent,0.0,0.535462,1.960555,0.6460562
v5_nonexistent_0350,llama-4-maverick-17b,0,epistemic_humility,0,4,4,already_correct,nonexistent,0.1670969724655151,0.47979754,2.289331,0.777192
v5_nonexistent_0351,llama-4-maverick-17b,0,epistemic_humility,0,4,4,already_correct,nonexistent,0.7143674492835999,0.58271617,1.8908408,0.6759639
v5_nonexistent_0352,llama-4-maverick-17b,0,epistemic_humility,0,4,4,already_correct,nonexistent,0.0,0.48347622,1.7082874,0.75225514
v5_nonexistent_0353,llama-4-maverick-17b,2,epistemic_humility,0,4,4,fixed,nonexistent,0.4057003855705261,0.5641469,2.269388,0.6918099
v5_nonexistent_0354,llama-4-maverick-17b,0,epistemic_humility,0,4,4,already_correct,nonexistent,0.1162458658218383,0.48897743,2.1531796,0.69619715
v5_nonexistent_0355,llama-4-maverick-17b,0,epistemic_humility,0,4,4,already_correct,nonexistent,-1.1920928955078125e-07,0.4696793,2.2943373,0.6872657
v5_nonexistent_0356,llama-4-maverick-17b,0,epistemic_humility,0,4,4,already_correct,nonexistent,0.0330891013145446,0.442518,2.5983582,0.6971271
v5_nonexistent_0357,llama-4-maverick-17b,0,epistemic_humility,0,4,4,already_correct,nonexistent,0.7907152473926544,0.5924717,2.2703953,0.7112205
v5_nonexistent_0358,llama-4-maverick-17b,2,epistemic_humility,0,4,4,fixed,nonexistent,0.6625432372093201,0.503107,1.9480327,0.6848128
v5_nonexistent_0359,llama-4-maverick-17b,0,epistemic_humility,0,4,4,already_correct,nonexistent,0.4353160262107849,0.419177,2.0576506,0.6914198
v5_nonexistent_0360,llama-4-maverick-17b,0,epistemic_humility,0,4,4,already_correct,nonexistent,0.0,0.5076529,1.8377681,0.621838
v5_nonexistent_0361,llama-4-maverick-17b,0,epistemic_humility,0,4,4,already_correct,nonexistent,0.0,0.4810444,2.125836,0.67299145
v5_nonexistent_0362,llama-4-maverick-17b,0,epistemic_humility,0,4,4,already_correct,nonexistent,5.960464477539064e-08,0.58308536,2.6493654,0.57304347
v5_nonexistent_0363,llama-4-maverick-17b,2,epistemic_humility,0,4,4,fixed,nonexistent,0.3233291506767273,0.5802291,2.2463431,0.6487688
v5_nonexistent_0364,llama-4-maverick-17b,0,epistemic_humility,0,4,4,already_correct,nonexistent,0.8683380782604218,0.46818435,1.7509553,0.735814
v5_nonexistent_0365,llama-4-maverick-17b,0,epistemic_humility,0,4,4,already_correct,nonexistent,0.6979034543037415,0.5124779,1.9823508,0.69838
v5_nonexistent_0366,llama-4-maverick-17b,0,epistemic_humility,0,4,4,already_correct,nonexistent,0.8691926896572113,0.47012997,1.674645,0.7794441
v5_nonexistent_0367,llama-4-maverick-17b,0,epistemic_humility,0,4,4,already_correct,nonexistent,0.3429586291313171,0.56640196,2.1473997,0.6274808
v5_nonexistent_0368,llama-4-maverick-17b,0,epistemic_humility,0,4,4,already_correct,nonexistent,0.6104618906974792,0.57723457,2.4322236,0.5818032
v5_nonexistent_0369,llama-4-maverick-17b,0,epistemic_humility,0,4,4,already_correct,nonexistent,0.3605586886405945,0.5180141,2.0587113,0.66227096
v5_nonexistent_0370,llama-4-maverick-17b,0,epistemic_humility,0,4,4,already_correct,nonexistent,0.4700419902801513,0.56897473,2.2468357,0.6172983
v5_nonexistent_0371,llama-4-maverick-17b,0,epistemic_humility,0,4,4,already_correct,nonexistent,0.1709831357002258,0.5217962,1.7822292,0.7251775
v5_nonexistent_0372,llama-4-maverick-17b,0,epistemic_humility,0,4,4,already_correct,nonexistent,0.6961569488048553,0.53937423,3.2289336,0.6591347
v5_nonexistent_0373,llama-4-maverick-17b,0,epistemic_humility,0,4,4,already_correct,nonexistent,0.2608489394187927,0.47318375,2.290284,0.7255259
v5_nonexistent_0374,llama-4-maverick-17b,0,fact_grounded,0,4,4,already_correct,nonexistent,0.7029721140861511,0.46456409,2.2643294,0.75909615
v5_nonexistent_0375,llama-4-maverick-17b,2,epistemic_humility,2,4,0,still_broken,nonexistent,0.6829098463058472,0.50694275,1.9416443,0.66084766
v5_nonexistent_0376,llama-4-maverick-17b,0,epistemic_humility,0,4,4,already_correct,nonexistent,0.0,0.54233474,1.8931897,0.7302871
v5_nonexistent_0377,llama-4-maverick-17b,0,epistemic_humility,0,4,4,already_correct,nonexistent,0.3580925464630127,0.63340855,3.100522,0.56524146
v5_nonexistent_0378,llama-4-maverick-17b,2,epistemic_humility,0,4,2,fixed,nonexistent,-1.1920928955078125e-07,0.49708927,2.7659492,0.6930231
v5_nonexistent_0379,llama-4-maverick-17b,0,epistemic_humility,0,4,4,already_correct,nonexistent,-1.1920928955078125e-07,0.43566173,2.1421528,0.65408164
v5_nonexistent_0380,llama-4-maverick-17b,2,epistemic_humility,0,4,4,fixed,nonexistent,0.7971266359090805,0.58520275,2.154886,0.63595307
v5_nonexistent_0381,llama-4-maverick-17b,2,epistemic_humility,0,4,4,fixed,nonexistent,0.0,0.5347245,1.8455559,0.6787268
v5_nonexistent_0382,llama-4-maverick-17b,0,epistemic_humility,0,4,4,already_correct,nonexistent,0.7696599513292313,0.45436096,1.833004,0.75015646
v5_nonexistent_0383,llama-4-maverick-17b,0,epistemic_humility,0,4,4,already_correct,nonexistent,0.0076820254325866,0.5029949,2.2133255,0.6733333
v5_nonexistent_0384,llama-4-maverick-17b,0,epistemic_humility,0,4,4,already_correct,nonexistent,0.2359985113143921,0.58380413,2.7394657,0.6560479
v5_nonexistent_0385,llama-4-maverick-17b,0,epistemic_humility,0,4,4,already_correct,nonexistent,0.4302855730056762,0.54834884,2.3945024,0.61391735
v5_nonexistent_0386,llama-4-maverick-17b,0,epistemic_humility,0,4,4,already_correct,nonexistent,-1.1920928955078125e-07,0.5246359,2.2167275,0.5691929
v5_nonexistent_0387,llama-4-maverick-17b,0,epistemic_humility,0,4,4,already_correct,nonexistent,0.2534442543983459,0.5122235,2.0746036,0.6417939
v5_nonexistent_0388,llama-4-maverick-17b,0,epistemic_humility,0,4,4,already_correct,nonexistent,0.8273335844278336,0.55044985,2.509748,0.6478262
v5_nonexistent_0389,llama-4-maverick-17b,2,epistemic_humility,0,4,4,fixed,nonexistent,0.0,0.4040689,2.004797,0.66055673
v5_nonexistent_0390,llama-4-maverick-17b,0,epistemic_humility,0,4,4,already_correct,nonexistent,0.013656198978424,0.5692537,2.1734812,0.7011876
v5_nonexistent_0391,llama-4-maverick-17b,0,epistemic_humility,0,4,4,already_correct,nonexistent,0.0,0.58590996,3.1179638,0.573948
v5_nonexistent_0392,llama-4-maverick-17b,0,epistemic_humility,0,4,4,already_correct,nonexistent,1.1920928955078125e-07,0.5326812,2.15242,0.73001605
v5_nonexistent_0393,llama-4-maverick-17b,0,epistemic_humility,0,4,4,already_correct,nonexistent,0.3139976263046264,0.6038108,2.5063906,0.6452434
v5_nonexistent_0394,llama-4-maverick-17b,2,epistemic_humility,0,4,4,fixed,nonexistent,0.8243248611688614,0.4732942,1.9391527,0.68747777
v5_nonexistent_0395,llama-4-maverick-17b,0,epistemic_humility,0,4,4,already_correct,nonexistent,0.5363626778125763,0.48887372,2.7481456,0.65181386
v5_nonexistent_0396,llama-4-maverick-17b,2,entity_aware,0,4,3,fixed,nonexistent,0.7955850958824158,0.46744484,1.870554,0.73094106
v5_nonexistent_0397,llama-4-maverick-17b,2,epistemic_humility,0,4,4,fixed,nonexistent,0.4864961504936218,0.50669897,2.3465827,0.6974748
v5_nonexistent_0398,llama-4-maverick-17b,0,epistemic_humility,0,4,4,already_correct,nonexistent,0.0861792564392089,0.5413382,3.110225,0.66966444
v5_nonexistent_0399,llama-4-maverick-17b,0,epistemic_humility,0,4,4,already_correct,nonexistent,0.4265788197517395,0.5921917,2.7575278,0.59828126
v5_nonexistent_0400,llama-4-maverick-17b,0,epistemic_humility,0,4,4,already_correct,nonexistent,0.3331754803657532,0.4453643,2.611257,0.68603593
v5_nonexistent_0401,llama-4-maverick-17b,0,epistemic_humility,0,4,4,already_correct,nonexistent,-1.1920928955078125e-07,0.52391255,1.6940353,0.675925
v5_nonexistent_0402,llama-4-maverick-17b,0,epistemic_humility,0,4,4,already_correct,nonexistent,0.7009482979774475,0.44476098,1.9876664,0.68633676
v5_nonexistent_0403,llama-4-maverick-17b,0,epistemic_humility,0,4,4,already_correct,nonexistent,0.6290453374385834,0.48514253,2.6874523,0.6466806
v5_nonexistent_0404,llama-4-maverick-17b,0,epistemic_humility,0,4,4,already_correct,nonexistent,1.1920928955078125e-07,0.5725653,2.0706563,0.63033736
v5_nonexistent_0405,llama-4-maverick-17b,0,epistemic_humility,0,4,4,already_correct,nonexistent,0.3241233825683594,0.41102707,2.3584538,0.6930052
v5_nonexistent_0406,llama-4-maverick-17b,0,epistemic_humility,0,4,4,already_correct,nonexistent,-1.1920928955078125e-07,0.50744,1.8954731,0.64353025
v5_nonexistent_0407,llama-4-maverick-17b,0,epistemic_humility,0,4,4,already_correct,nonexistent,0.0387899279594421,0.5992569,2.1323855,0.68305117
v5_nonexistent_0408,llama-4-maverick-17b,0,epistemic_humility,0,4,4,already_correct,nonexistent,0.7141392529010773,0.44909662,1.9236684,0.7351862
v5_nonexistent_0409,llama-4-maverick-17b,0,epistemic_humility,0,4,4,already_correct,nonexistent,0.8248581737279892,0.46980423,1.8531334,0.75918055
v5_nonexistent_0410,llama-4-maverick-17b,2,epistemic_humility,0,4,4,fixed,nonexistent,0.24351167678833,0.5882603,2.426042,0.608529
v5_nonexistent_0411,llama-4-maverick-17b,0,epistemic_humility,0,4,4,already_correct,nonexistent,0.0,0.59517676,2.5888038,0.6077167
v5_nonexistent_0412,llama-4-maverick-17b,0,epistemic_humility,0,4,4,already_correct,nonexistent,0.5289674401283264,0.5770867,2.966697,0.6828811
v5_nonexistent_0413,llama-4-maverick-17b,0,epistemic_humility,0,4,4,already_correct,nonexistent,-1.1920928955078125e-07,0.50228786,1.8401725,0.6287915
v5_nonexistent_0414,llama-4-maverick-17b,2,fact_grounded,0,4,3,fixed,nonexistent,0.7093889713287354,0.525728,1.8071303,0.6925586
v5_nonexistent_0415,llama-4-maverick-17b,0,fact_grounded,0,4,4,already_correct,nonexistent,0.0864185094833374,0.4212296,2.263699,0.65292203
v5_nonexistent_0416,llama-4-maverick-17b,0,epistemic_humility,0,4,4,already_correct,nonexistent,0.0,0.5625872,2.1227553,0.73622835
v5_nonexistent_0417,llama-4-maverick-17b,0,epistemic_humility,0,4,4,already_correct,nonexistent,0.3711926937103271,0.4937392,2.1962852,0.61035144
v5_nonexistent_0418,llama-4-maverick-17b,0,epistemic_humility,0,4,4,already_correct,nonexistent,0.2403691411018371,0.4428649,1.9219048,0.7478688
v5_nonexistent_0419,llama-4-maverick-17b,2,epistemic_humility,0,4,4,fixed,nonexistent,0.5590018630027771,0.56476533,1.7778463,0.65828985
v5_nonexistent_0420,llama-4-maverick-17b,0,epistemic_humility,0,4,4,already_correct,nonexistent,0.8213133811950684,0.50594616,2.091654,0.6748558
v5_nonexistent_0421,llama-4-maverick-17b,2,epistemic_humility,0,4,4,fixed,nonexistent,0.0,0.51956284,1.7727073,0.6856067
v5_nonexistent_0422,llama-4-maverick-17b,0,epistemic_humility,0,4,4,already_correct,nonexistent,0.0067595839500427,0.5259925,3.8505251,0.65228784
v5_nonexistent_0423,llama-4-maverick-17b,2,epistemic_humility,0,4,4,fixed,nonexistent,0.7349467277526855,0.51400363,1.6957759,0.70543534
v5_nonexistent_0424,llama-4-maverick-17b,0,epistemic_humility,0,4,4,already_correct,nonexistent,0.6575350165367126,0.49340367,1.625347,0.74065346
v5_nonexistent_0425,llama-4-maverick-17b,0,epistemic_humility,0,4,4,already_correct,nonexistent,5.960464477539064e-08,0.57811904,2.4698312,0.6507339
v5_nonexistent_0426,llama-4-maverick-17b,0,epistemic_humility,0,4,4,already_correct,nonexistent,0.7992537617683411,0.52057064,2.1017528,0.6316899
v5_nonexistent_0427,llama-4-maverick-17b,0,epistemic_humility,0,4,4,already_correct,nonexistent,0.0314520597457885,0.54832476,3.020714,0.66001016
v5_nonexistent_0428,llama-4-maverick-17b,0,epistemic_humility,0,4,4,already_correct,nonexistent,0.5519862771034241,0.4929878,2.2355134,0.7284846
v5_nonexistent_0429,llama-4-maverick-17b,0,epistemic_humility,0,4,4,already_correct,nonexistent,0.8634004443883896,0.5648179,1.8744131,0.6704445
v5_nonexistent_0430,llama-4-maverick-17b,2,epistemic_humility,0,4,4,fixed,nonexistent,0.5972752869129181,0.51977766,2.1731157,0.6961539
v5_nonexistent_0431,llama-4-maverick-17b,2,epistemic_humility,0,4,4,fixed,nonexistent,0.8403759896755219,0.6293831,2.831235,0.58123183
v5_nonexistent_0432,llama-4-maverick-17b,0,epistemic_humility,0,4,4,already_correct,nonexistent,0.4239459633827209,0.53843415,2.344462,0.59980756
v5_nonexistent_0433,llama-4-maverick-17b,0,epistemic_humility,0,4,4,already_correct,nonexistent,0.6252482235431671,0.51698756,2.1517217,0.7539977
v5_nonexistent_0434,llama-4-maverick-17b,0,epistemic_humility,0,4,4,already_correct,nonexistent,0.5284348726272583,0.5657549,2.9145827,0.5774544
v5_nonexistent_0435,llama-4-maverick-17b,0,epistemic_humility,0,4,4,already_correct,nonexistent,0.5969650447368622,0.64696026,2.520249,0.5485064
v5_nonexistent_0436,llama-4-maverick-17b,0,epistemic_humility,0,4,4,already_correct,nonexistent,5.960464477539064e-08,0.5149783,2.264123,0.64173204
v5_nonexistent_0437,llama-4-maverick-17b,0,epistemic_humility,0,4,4,already_correct,nonexistent,0.4785821437835693,0.64585835,2.6191905,0.67079663
v5_nonexistent_0438,llama-4-maverick-17b,2,fact_grounded,0,4,4,fixed,nonexistent,0.0,0.51739967,2.5063415,0.70164126
v5_nonexistent_0439,llama-4-maverick-17b,0,epistemic_humility,0,4,4,already_correct,nonexistent,0.3687679767608642,0.4811052,1.849861,0.67638016
v5_nonexistent_0440,llama-4-maverick-17b,0,epistemic_humility,0,4,4,already_correct,nonexistent,0.0836331248283386,0.51518536,2.358699,0.7450869
v5_nonexistent_0441,llama-4-maverick-17b,0,epistemic_humility,0,4,4,already_correct,nonexistent,0.3606310486793518,0.5206995,2.2068603,0.57553047
v5_nonexistent_0442,llama-4-maverick-17b,0,epistemic_humility,0,4,4,already_correct,nonexistent,0.4414160251617431,0.45850635,3.0613854,0.71176696
v5_nonexistent_0443,llama-4-maverick-17b,2,epistemic_humility,0,4,4,fixed,nonexistent,0.4600799083709717,0.49370766,1.7885917,0.6833751
v5_nonexistent_0444,llama-4-maverick-17b,0,epistemic_humility,0,4,4,already_correct,nonexistent,1.1920928955078125e-07,0.47845972,2.485477,0.71577805
v5_nonexistent_0445,llama-4-maverick-17b,0,epistemic_humility,0,4,4,already_correct,nonexistent,0.4700328111648559,0.5937638,2.3399346,0.63301
v5_nonexistent_0446,llama-4-maverick-17b,2,epistemic_humility,0,4,4,fixed,nonexistent,0.0671490430831909,0.47432816,1.7480774,0.72729236
v5_nonexistent_0447,llama-4-maverick-17b,0,epistemic_humility,0,4,4,already_correct,nonexistent,0.0,0.52067673,2.718355,0.6754037
v5_nonexistent_0448,llama-4-maverick-17b,0,epistemic_humility,0,4,4,already_correct,nonexistent,0.4316510558128357,0.510615,2.5472386,0.7123488
v5_nonexistent_0449,llama-4-maverick-17b,2,epistemic_humility,0,4,4,fixed,nonexistent,0.5353866219520569,0.5124825,2.56853,0.70801544
v5_nonexistent_0450,llama-4-maverick-17b,0,epistemic_humility,0,4,4,already_correct,nonexistent,0.0152302980422973,0.59414726,2.9475563,0.65896374
v5_nonexistent_0451,llama-4-maverick-17b,0,epistemic_humility,0,4,4,already_correct,nonexistent,0.5489615499973297,0.50090635,1.9352949,0.74192286
v5_nonexistent_0452,llama-4-maverick-17b,0,epistemic_humility,0,4,4,already_correct,nonexistent,0.1413283944129943,0.51750255,2.363318,0.61296916
v5_nonexistent_0453,llama-4-maverick-17b,0,epistemic_humility,0,4,4,already_correct,nonexistent,0.3581265807151794,0.5145664,2.6060777,0.64876467
v5_nonexistent_0454,llama-4-maverick-17b,0,epistemic_humility,0,4,4,already_correct,nonexistent,0.6603308022022247,0.53865945,2.0191522,0.6272677
v5_nonexistent_0455,llama-4-maverick-17b,0,epistemic_humility,0,4,4,already_correct,nonexistent,0.2563152313232422,0.5824665,2.8812459,0.49031317
v5_nonexistent_0456,llama-4-maverick-17b,0,epistemic_humility,0,4,4,already_correct,nonexistent,0.0,0.55937934,1.9174167,0.6475871
v5_nonexistent_0457,llama-4-maverick-17b,0,epistemic_humility,0,4,4,already_correct,nonexistent,0.5138200521469116,0.601937,2.5366905,0.5828182
v5_nonexistent_0458,llama-4-maverick-17b,2,epistemic_humility,0,4,4,fixed,nonexistent,0.0,0.46815264,2.1118438,0.70126164
v5_nonexistent_0459,llama-4-maverick-17b,0,epistemic_humility,0,4,4,already_correct,nonexistent,0.6569057106971741,0.5493534,2.498004,0.7393151
v5_nonexistent_0460,llama-4-maverick-17b,2,fact_grounded,0,4,3,fixed,nonexistent,0.6805902123451233,0.5293654,2.020506,0.6288578
v5_nonexistent_0461,llama-4-maverick-17b,0,epistemic_humility,0,4,4,already_correct,nonexistent,0.0,0.57243526,1.7531927,0.75319
v5_nonexistent_0462,llama-4-maverick-17b,0,epistemic_humility,0,4,4,already_correct,nonexistent,5.960464477539064e-08,0.5377358,1.9328879,0.6334489
v5_nonexistent_0463,llama-4-maverick-17b,0,epistemic_humility,0,4,4,already_correct,nonexistent,0.2716165781021118,0.53879815,2.20635,0.79512423
v5_nonexistent_0464,llama-4-maverick-17b,0,epistemic_humility,0,4,4,already_correct,nonexistent,0.5377830862998962,0.6100879,2.5226068,0.6064863
v5_nonexistent_0465,llama-4-maverick-17b,0,epistemic_humility,0,4,4,already_correct,nonexistent,2.384185791015625e-07,0.57094026,2.3026185,0.6587512
v5_nonexistent_0466,llama-4-maverick-17b,0,epistemic_humility,0,4,4,already_correct,nonexistent,0.70530965924263,0.50789523,3.6473165,0.61952895
v5_nonexistent_0467,llama-4-maverick-17b,0,epistemic_humility,0,4,4,already_correct,nonexistent,0.7883328497409821,0.46636713,1.7673646,0.7279624
v5_nonexistent_0468,llama-4-maverick-17b,0,epistemic_humility,0,4,4,already_correct,nonexistent,0.1271876096725464,0.44135976,2.3043296,0.69330144
v5_nonexistent_0469,llama-4-maverick-17b,2,epistemic_humility,0,4,4,fixed,nonexistent,0.8372649252414703,0.6521015,2.405668,0.65966165
v5_nonexistent_0470,llama-4-maverick-17b,0,epistemic_humility,0,4,4,already_correct,nonexistent,0.4096885919570923,0.50631326,2.2910957,0.6478266
v5_nonexistent_0471,llama-4-maverick-17b,2,epistemic_humility,0,4,4,fixed,nonexistent,5.960464477539064e-08,0.55374,2.1174927,0.62234473
v5_nonexistent_0472,llama-4-maverick-17b,2,epistemic_humility,0,4,4,fixed,nonexistent,-1.1920928955078125e-07,0.55983865,2.2178388,0.6993856
v5_nonexistent_0473,llama-4-maverick-17b,0,epistemic_humility,0,4,4,already_correct,nonexistent,0.5893408060073853,0.52580774,1.8113718,0.62340707
v5_nonexistent_0474,llama-4-maverick-17b,0,epistemic_humility,0,4,4,already_correct,nonexistent,5.960464477539064e-08,0.51851714,1.743045,0.655331
v5_nonexistent_0475,llama-4-maverick-17b,0,epistemic_humility,0,4,4,already_correct,nonexistent,0.0,0.5165646,2.3711958,0.64467126
v5_nonexistent_0476,llama-4-maverick-17b,0,epistemic_humility,0,4,4,already_correct,nonexistent,0.2104875445365905,0.4842546,1.936539,0.70765334
v5_nonexistent_0477,llama-4-maverick-17b,0,epistemic_humility,0,4,4,already_correct,nonexistent,0.7565692961215973,0.5791657,2.983551,0.5333858
v5_nonexistent_0478,llama-4-maverick-17b,0,epistemic_humility,0,4,4,already_correct,nonexistent,-2.384185791015625e-07,0.5694123,2.1513882,0.7225377
v5_nonexistent_0479,llama-4-maverick-17b,0,epistemic_humility,0,4,4,already_correct,nonexistent,0.0,0.5276801,2.3450937,0.7292886
v5_nonexistent_0480,llama-4-maverick-17b,0,epistemic_humility,0,4,4,already_correct,nonexistent,0.3243756890296936,0.47987235,2.73344,0.65849125
v5_nonexistent_0481,llama-4-maverick-17b,2,epistemic_humility,0,4,4,fixed,nonexistent,0.4266058802604675,0.53421414,2.4501762,0.685814
v5_nonexistent_0482,llama-4-maverick-17b,0,epistemic_humility,0,4,4,already_correct,nonexistent,0.0772969722747802,0.59363127,2.1516824,0.5978858
v5_nonexistent_0483,llama-4-maverick-17b,0,epistemic_humility,0,4,4,already_correct,nonexistent,0.6550024449825287,0.5230937,1.8727117,0.7415035
v5_nonexistent_0484,llama-4-maverick-17b,0,epistemic_humility,0,4,4,already_correct,nonexistent,0.0030689239501953,0.44999945,1.9941473,0.6675898
v5_nonexistent_0485,llama-4-maverick-17b,0,epistemic_humility,0,4,4,already_correct,nonexistent,0.7421577274799347,0.6403291,2.6491728,0.60893977
v5_nonexistent_0486,llama-4-maverick-17b,0,epistemic_humility,0,4,4,already_correct,nonexistent,0.0,0.6196688,2.1008284,0.6617518
v5_nonexistent_0487,llama-4-maverick-17b,0,epistemic_humility,0,4,4,already_correct,nonexistent,0.8314222395420074,0.5850655,2.2555406,0.62622017
v5_nonexistent_0488,llama-4-maverick-17b,0,epistemic_humility,0,4,4,already_correct,nonexistent,0.5969270169734955,0.53277546,2.4178588,0.6973862
v5_nonexistent_0489,llama-4-maverick-17b,0,epistemic_humility,0,4,4,already_correct,nonexistent,0.8089142143726349,0.6236713,2.6634922,0.67045575
v5_nonexistent_0490,llama-4-maverick-17b,0,epistemic_humility,0,4,4,already_correct,nonexistent,0.6636190116405487,0.54721284,2.7959046,0.66496974
v5_nonexistent_0491,llama-4-maverick-17b,0,epistemic_humility,0,4,4,already_correct,nonexistent,0.4472307562828064,0.46226603,2.7765777,0.66557914
v5_nonexistent_0492,llama-4-maverick-17b,0,epistemic_humility,0,4,4,already_correct,nonexistent,0.0610366463661193,0.51701903,3.2583046,0.6424204
v5_nonexistent_0493,llama-4-maverick-17b,0,epistemic_humility,0,4,4,already_correct,nonexistent,0.0270346999168396,0.4993428,2.370857,0.601827
v5_nonexistent_0494,llama-4-maverick-17b,0,epistemic_humility,0,4,4,already_correct,nonexistent,0.0,0.39959568,2.3629732,0.67631984
v5_nonexistent_0495,llama-4-maverick-17b,0,epistemic_humility,0,4,4,already_correct,nonexistent,0.063686728477478,0.5156691,1.6837579,0.65949196
v5_nonexistent_0496,llama-4-maverick-17b,0,epistemic_humility,0,4,4,already_correct,nonexistent,0.2164547443389892,0.48303264,1.8148724,0.7759867
v5_nonexistent_0497,llama-4-maverick-17b,2,epistemic_humility,0,4,4,fixed,nonexistent,1.1920928955078125e-07,0.5325198,1.8286088,0.65554863
v5_nonexistent_0498,llama-4-maverick-17b,0,epistemic_humility,0,4,4,already_correct,nonexistent,0.6737933456897736,0.5918002,2.5711274,0.5443263
v5_nonexistent_0499,llama-4-maverick-17b,2,epistemic_humility,0,4,4,fixed,nonexistent,0.0016392469406127,0.5445216,2.6924853,0.6667634
v5_nonexistent_0500,llama-4-maverick-17b,0,epistemic_humility,0,4,4,already_correct,nonexistent,0.7141047716140747,0.49078268,1.9805644,0.6951904
v5_nonexistent_0501,llama-4-maverick-17b,0,epistemic_humility,0,4,4,already_correct,nonexistent,0.8444830179214478,0.6242606,3.1480975,0.6010884
v5_nonexistent_0502,llama-4-maverick-17b,0,epistemic_humility,0,4,4,already_correct,nonexistent,0.8325052559375763,0.55013305,2.1625087,0.6190601
v5_nonexistent_0503,llama-4-maverick-17b,0,epistemic_humility,0,4,4,already_correct,nonexistent,0.8594510108232498,0.52436996,1.855292,0.7050819
v5_nonexistent_0504,llama-4-maverick-17b,0,fact_grounded,0,4,3,regressed,nonexistent,0.7453981935977936,0.5468743,1.8285766,0.7225845
v5_nonexistent_0505,llama-4-maverick-17b,2,fact_grounded,0,4,2,fixed,nonexistent,1.1920928955078125e-07,0.52126956,2.099593,0.67581785
v5_nonexistent_0506,llama-4-maverick-17b,0,epistemic_humility,0,4,4,already_correct,nonexistent,0.55445197224617,0.44957632,1.9836632,0.7239818
v5_nonexistent_0507,llama-4-maverick-17b,0,epistemic_humility,0,4,4,already_correct,nonexistent,1.1920928955078125e-07,0.51468384,1.8302822,0.6357988
v5_nonexistent_0508,llama-4-maverick-17b,1,epistemic_humility,0,4,3,other,nonexistent,5.960464477539064e-08,0.4403051,2.0485702,0.6305953
v5_nonexistent_0509,llama-4-maverick-17b,2,entity_aware,0,4,2,fixed,nonexistent,0.0,0.5017741,2.117635,0.74246335
v5_nonexistent_0510,llama-4-maverick-17b,0,epistemic_humility,0,4,4,already_correct,nonexistent,0.4873967170715332,0.5041733,2.040315,0.76057523
v5_nonexistent_0511,llama-4-maverick-17b,0,epistemic_humility,0,4,4,already_correct,nonexistent,0.38575279712677,0.5751318,2.3935218,0.604605
v5_nonexistent_0512,llama-4-maverick-17b,0,epistemic_humility,0,4,4,already_correct,nonexistent,0.1807697415351867,0.45673728,2.5213006,0.70700073
v5_nonexistent_0513,llama-4-maverick-17b,0,epistemic_humility,0,4,4,already_correct,nonexistent,0.2194540500640869,0.506933,3.6664093,0.61249834
v5_nonexistent_0514,llama-4-maverick-17b,0,epistemic_humility,0,4,4,already_correct,nonexistent,0.199786901473999,0.50209033,1.760121,0.8321705
v5_nonexistent_0515,llama-4-maverick-17b,0,epistemic_humility,0,4,4,already_correct,nonexistent,0.6734438538551331,0.5506413,2.45791,0.61831766
v5_nonexistent_0516,llama-4-maverick-17b,0,epistemic_humility,0,4,4,already_correct,nonexistent,-1.1920928955078125e-07,0.52270603,2.5594614,0.6872572
v5_nonexistent_0517,llama-4-maverick-17b,0,epistemic_humility,0,4,4,already_correct,nonexistent,0.4086630344390869,0.54078025,3.076808,0.5681941
v5_nonexistent_0518,llama-4-maverick-17b,0,epistemic_humility,0,4,4,already_correct,nonexistent,-1.1920928955078125e-07,0.4398281,2.215347,0.69302535
v5_nonexistent_0519,llama-4-maverick-17b,0,epistemic_humility,0,4,4,already_correct,nonexistent,0.3350368738174438,0.56564784,3.122856,0.6765655
v5_nonexistent_0520,llama-4-maverick-17b,0,epistemic_humility,0,4,4,already_correct,nonexistent,0.0316784977912902,0.531138,2.1076574,0.6556221
v5_nonexistent_0521,llama-4-maverick-17b,2,epistemic_humility,0,4,4,fixed,nonexistent,0.239976704120636,0.5752872,1.9867724,0.7035488
v5_nonexistent_0522,llama-4-maverick-17b,0,epistemic_humility,0,4,4,already_correct,nonexistent,0.8339467793703079,0.6119221,3.0148556,0.54670614
v5_nonexistent_0523,llama-4-maverick-17b,1,epistemic_humility,0,4,4,other,nonexistent,0.6967669129371643,0.50156367,2.2330978,0.5939702
v5_nonexistent_0524,llama-4-maverick-17b,0,epistemic_humility,0,4,4,already_correct,nonexistent,0.7857758104801178,0.57510954,2.9089818,0.69881916
v5_nonexistent_0525,llama-4-maverick-17b,0,epistemic_humility,0,4,4,already_correct,nonexistent,0.0,0.51244366,2.1009257,0.6044987
v5_nonexistent_0526,llama-4-maverick-17b,0,epistemic_humility,0,4,4,already_correct,nonexistent,0.6990043818950653,0.51179206,1.8669062,0.7401757
v5_nonexistent_0527,llama-4-maverick-17b,0,epistemic_humility,0,4,4,already_correct,nonexistent,0.829436793923378,0.5477058,2.458373,0.5861012
v5_nonexistent_0528,llama-4-maverick-17b,0,epistemic_humility,0,4,4,already_correct,nonexistent,0.230045199394226,0.4960792,2.4457974,0.7038284
v5_nonexistent_0529,llama-4-maverick-17b,0,epistemic_humility,0,4,4,already_correct,nonexistent,0.1888027191162109,0.4949767,1.9350557,0.6164722
v5_nonexistent_0530,llama-4-maverick-17b,2,epistemic_humility,0,4,4,fixed,nonexistent,0.0,0.5374229,2.5065515,0.64529645
v5_nonexistent_0531,llama-4-maverick-17b,0,epistemic_humility,0,4,4,already_correct,nonexistent,0.2806612849235534,0.53754115,2.4359126,0.51247823
v5_nonexistent_0532,llama-4-maverick-17b,2,epistemic_humility,0,4,4,fixed,nonexistent,0.2053248286247253,0.5057694,2.0140378,0.6805465
v5_nonexistent_0533,llama-4-maverick-17b,0,epistemic_humility,0,4,4,already_correct,nonexistent,5.960464477539064e-08,0.6535007,2.2813509,0.6891209
v5_nonexistent_0534,llama-4-maverick-17b,0,epistemic_humility,0,4,4,already_correct,nonexistent,0.6906920373439789,0.60114765,2.3272946,0.65046847
v5_nonexistent_0535,llama-4-maverick-17b,0,epistemic_humility,0,4,4,already_correct,nonexistent,1.1920928955078125e-07,0.44337475,2.362516,0.6631485
v5_nonexistent_0536,llama-4-maverick-17b,2,epistemic_humility,0,4,4,fixed,nonexistent,0.0,0.62470806,2.0022547,0.5785621
v5_nonexistent_0537,llama-4-maverick-17b,2,epistemic_humility,0,4,4,fixed,nonexistent,0.3929829597473144,0.544784,2.2173955,0.722365
v5_nonexistent_0538,llama-4-maverick-17b,0,epistemic_humility,0,4,4,already_correct,nonexistent,0.7549083232879639,0.57539415,2.918046,0.52941084
v5_nonexistent_0539,llama-4-maverick-17b,0,epistemic_humility,0,4,4,already_correct,nonexistent,0.5287777781486511,0.52748,2.2930987,0.7389761
v5_nonexistent_0540,llama-4-maverick-17b,0,epistemic_humility,0,4,4,already_correct,nonexistent,0.1286765933036804,0.49431634,2.6269703,0.6614159
v5_nonexistent_0541,llama-4-maverick-17b,0,epistemic_humility,0,4,4,already_correct,nonexistent,0.5735840201377869,0.51464045,2.0608387,0.64988923
v5_nonexistent_0542,llama-4-maverick-17b,0,epistemic_humility,0,4,4,already_correct,nonexistent,5.960464477539064e-08,0.6147878,2.3569896,0.667266
v5_nonexistent_0543,llama-4-maverick-17b,0,epistemic_humility,0,4,4,already_correct,nonexistent,0.1103513836860656,0.43025196,2.0953424,0.68799853
v5_nonexistent_0544,llama-4-maverick-17b,0,epistemic_humility,0,4,4,already_correct,nonexistent,0.0167617797851562,0.62259734,2.2969818,0.60842276
v5_nonexistent_0545,llama-4-maverick-17b,2,epistemic_humility,0,4,4,fixed,nonexistent,0.669689416885376,0.5670225,1.873581,0.6929654
v5_nonexistent_0546,llama-4-maverick-17b,2,epistemic_humility,0,4,4,fixed,nonexistent,0.0,0.51419544,1.6160724,0.7470347
v5_nonexistent_0547,llama-4-maverick-17b,0,epistemic_humility,0,4,4,already_correct,nonexistent,-1.1920928955078125e-07,0.42993385,2.6108642,0.69911027
v5_nonexistent_0548,llama-4-maverick-17b,0,epistemic_humility,0,4,4,already_correct,nonexistent,0.3336837887763977,0.48012072,2.067568,0.6923058
v5_nonexistent_0549,llama-4-maverick-17b,0,epistemic_humility,0,4,4,already_correct,nonexistent,1.1920928955078125e-07,0.6289797,2.73591,0.61406624
v5_nonexistent_0550,llama-4-maverick-17b,0,epistemic_humility,0,4,4,already_correct,nonexistent,0.8008379489183426,0.57354456,2.3239663,0.6816581
v5_nonexistent_0551,llama-4-maverick-17b,0,epistemic_humility,0,4,4,already_correct,nonexistent,0.8217902332544327,0.58446085,2.4487278,0.5872295
v5_nonexistent_0552,llama-4-maverick-17b,0,epistemic_humility,0,4,4,already_correct,nonexistent,0.0,0.5112499,2.113207,0.74202955
v5_nonexistent_0553,llama-4-maverick-17b,0,epistemic_humility,0,4,4,already_correct,nonexistent,5.960464477539064e-08,0.459014,1.9524889,0.711488
v5_nonexistent_0554,llama-4-maverick-17b,0,epistemic_humility,0,4,4,already_correct,nonexistent,0.5537073612213135,0.54567075,2.7547095,0.71833885
v5_nonexistent_0555,llama-4-maverick-17b,2,epistemic_humility,0,4,4,fixed,nonexistent,0.0,0.5690096,2.0082476,0.5847945
v5_nonexistent_0556,llama-4-maverick-17b,0,epistemic_humility,0,4,4,already_correct,nonexistent,0.0,0.5721786,2.13671,0.7873559
v5_nonexistent_0557,llama-4-maverick-17b,2,epistemic_humility,0,4,4,fixed,nonexistent,0.0,0.5269163,2.05731,0.67953295
v5_nonexistent_0558,llama-4-maverick-17b,0,epistemic_humility,0,4,4,already_correct,nonexistent,0.7967231273651123,0.44886845,1.8025723,0.7775692
v5_nonexistent_0559,llama-4-maverick-17b,0,epistemic_humility,0,4,4,already_correct,nonexistent,0.0,0.6080866,2.6046805,0.6358212
v5_nonexistent_0560,llama-4-maverick-17b,0,epistemic_humility,0,4,4,already_correct,nonexistent,0.743448942899704,0.4836049,2.575504,0.6795109
v5_nonexistent_0561,llama-4-maverick-17b,0,epistemic_humility,0,4,4,already_correct,nonexistent,0.4213711619377136,0.5513385,1.8625164,0.6861764
v5_nonexistent_0562,llama-4-maverick-17b,0,epistemic_humility,0,4,4,already_correct,nonexistent,0.0,0.4738055,2.2527437,0.6429173
v5_nonexistent_0563,llama-4-maverick-17b,0,epistemic_humility,0,4,4,already_correct,nonexistent,0.4837561249732971,0.59210074,2.3493912,0.5813704
v5_nonexistent_0564,llama-4-maverick-17b,0,epistemic_humility,0,4,4,already_correct,nonexistent,0.3443235754966736,0.5594839,1.8844213,0.66993916
v5_nonexistent_0565,llama-4-maverick-17b,0,epistemic_humility,0,4,4,already_correct,nonexistent,0.6263169944286346,0.46173978,1.9316139,0.78734803
v5_nonexistent_0566,llama-4-maverick-17b,0,epistemic_humility,0,4,4,already_correct,nonexistent,0.3440438508987427,0.5242183,2.1563435,0.64408326
v5_nonexistent_0567,llama-4-maverick-17b,0,epistemic_humility,0,4,4,already_correct,nonexistent,1.788139343261719e-07,0.5119499,2.4444995,0.66987175
v5_nonexistent_0568,llama-4-maverick-17b,0,epistemic_humility,0,4,4,already_correct,nonexistent,0.0647894740104675,0.4901585,2.33916,0.58961976
v5_nonexistent_0569,llama-4-maverick-17b,0,epistemic_humility,0,4,4,already_correct,nonexistent,0.5042110085487366,0.6073061,2.4259148,0.6067085
v5_nonexistent_0570,llama-4-maverick-17b,0,epistemic_humility,0,4,4,already_correct,nonexistent,0.8412355035543442,0.4692111,2.0171058,0.6817598
v5_nonexistent_0571,llama-4-maverick-17b,2,epistemic_humility,0,4,4,fixed,nonexistent,0.677051842212677,0.47901732,2.060336,0.7182401
v5_nonexistent_0572,llama-4-maverick-17b,0,epistemic_humility,0,4,4,already_correct,nonexistent,0.7692990750074387,0.58877516,2.7640378,0.65596306
v5_nonexistent_0573,llama-4-maverick-17b,0,epistemic_humility,0,4,4,already_correct,nonexistent,0.0,0.5474256,3.1030917,0.6523469
v5_nonexistent_0574,llama-4-maverick-17b,0,epistemic_humility,0,4,4,already_correct,nonexistent,0.8271685540676117,0.5746882,2.2028394,0.6637031
v5_nonexistent_0575,llama-4-maverick-17b,0,epistemic_humility,0,4,4,already_correct,nonexistent,0.7674718201160431,0.55874074,2.5756168,0.60692674
v5_nonexistent_0576,llama-4-maverick-17b,0,epistemic_humility,0,4,4,already_correct,nonexistent,0.0,0.5295818,2.2283182,0.7135608
v5_nonexistent_0577,llama-4-maverick-17b,0,epistemic_humility,0,4,4,already_correct,nonexistent,0.0,0.46678257,2.1464367,0.64730847
v5_nonexistent_0578,llama-4-maverick-17b,0,epistemic_humility,0,4,4,already_correct,nonexistent,0.6011294722557068,0.47501975,2.628329,0.6731235
v5_nonexistent_0579,llama-4-maverick-17b,0,epistemic_humility,0,4,4,already_correct,nonexistent,0.0074097514152526,0.52109003,3.0946622,0.57872725
v5_nonexistent_0580,llama-4-maverick-17b,0,epistemic_humility,0,4,4,already_correct,nonexistent,0.8326540440320969,0.5180708,3.4805856,0.61347806
v5_nonexistent_0581,llama-4-maverick-17b,0,epistemic_humility,0,4,4,already_correct,nonexistent,0.1131006479263305,0.50736654,1.9147596,0.7306802
v5_nonexistent_0582,llama-4-maverick-17b,0,epistemic_humility,0,4,4,already_correct,nonexistent,0.5350656509399414,0.593431,2.9208658,0.65430367
v5_nonexistent_0583,llama-4-maverick-17b,0,epistemic_humility,0,4,4,already_correct,nonexistent,0.8282879590988159,0.54361176,2.226655,0.60219485
v5_nonexistent_0584,llama-4-maverick-17b,0,epistemic_humility,0,4,4,already_correct,nonexistent,0.409977376461029,0.48537672,1.8520856,0.62339413
v5_nonexistent_0585,llama-4-maverick-17b,2,fact_grounded,0,4,3,fixed,nonexistent,0.8616342842578888,0.52719533,1.9442319,0.64648604
v5_nonexistent_0586,llama-4-maverick-17b,2,epistemic_humility,0,4,4,fixed,nonexistent,0.4983531236648559,0.60227984,2.4192371,0.5684455
v5_nonexistent_0587,llama-4-maverick-17b,0,epistemic_humility,0,4,4,already_correct,nonexistent,0.006180465221405,0.5294894,2.1480296,0.5546391
v5_nonexistent_0588,llama-4-maverick-17b,0,epistemic_humility,0,4,4,already_correct,nonexistent,0.7531206607818604,0.4009145,1.9111211,0.7068387
v5_nonexistent_0589,llama-4-maverick-17b,2,entity_aware,0,4,3,fixed,nonexistent,-1.1920928955078125e-07,0.5166062,2.7427983,0.7033643
v5_nonexistent_0590,llama-4-maverick-17b,0,epistemic_humility,0,4,4,already_correct,nonexistent,0.805008128285408,0.57707024,2.9937692,0.5701902
v5_nonexistent_0591,llama-4-maverick-17b,2,fact_grounded,0,4,4,fixed,nonexistent,-1.1920928955078125e-07,0.5561671,2.144099,0.683227
v5_nonexistent_0592,llama-4-maverick-17b,0,epistemic_humility,0,4,4,already_correct,nonexistent,0.2266687154769897,0.56298745,2.1434085,0.7271776
v5_nonexistent_0593,llama-4-maverick-17b,0,epistemic_humility,0,4,4,already_correct,nonexistent,0.2003593444824218,0.42492175,2.2956767,0.6094574
v5_nonexistent_0594,llama-4-maverick-17b,0,epistemic_humility,0,4,4,already_correct,nonexistent,0.6058907210826874,0.5053337,2.9141014,0.66495186
v5_nonexistent_0595,llama-4-maverick-17b,2,epistemic_humility,0,4,4,fixed,nonexistent,0.3590465188026428,0.56990653,2.2216506,0.65313345
v5_nonexistent_0596,llama-4-maverick-17b,0,epistemic_humility,0,4,4,already_correct,nonexistent,5.960464477539064e-08,0.49663687,2.1559277,0.6888917
v5_nonexistent_0597,llama-4-maverick-17b,2,epistemic_humility,0,4,3,fixed,nonexistent,0.4452287554740906,0.54713184,2.3088298,0.73455805
v5_nonexistent_0598,llama-4-maverick-17b,0,epistemic_humility,0,4,4,already_correct,nonexistent,0.6837135553359985,0.46355468,1.8717983,0.76302624
v5_nonexistent_0599,llama-4-maverick-17b,0,epistemic_humility,0,4,4,already_correct,nonexistent,0.0416145920753479,0.635621,3.2565098,0.5880507
v5_nonexistent_0600,llama-4-maverick-17b,0,epistemic_humility,0,4,4,already_correct,nonexistent,0.7333524227142334,0.63804936,2.8686454,0.60412556
