id,model,prefix,baseline_label,prefix_label,outcome,curvature_score,oppositeness_score,density,centrality
borderline_obscure_0,mixtral-8x7b,cot_verification,0,0,already_correct,,,,
borderline_obscure_2,mixtral-8x7b,cot_verification,0,0,already_correct,,,,
borderline_obscure_3,mixtral-8x7b,cot_verification,0,0,already_correct,,,,
borderline_obscure_4,mixtral-8x7b,cot_verification,0,0,already_correct,,,,
borderline_obscure_5,mixtral-8x7b,cot_verification,0,0,already_correct,,,,
borderline_obscure_6,mixtral-8x7b,cot_verification,1,0,other,,,,
borderline_obscure_8,mixtral-8x7b,cot_verification,0,0,already_correct,,,,
borderline_obscure_9,mixtral-8x7b,cot_verification,0,0,already_correct,,,,
borderline_obscure_10,mixtral-8x7b,cot_verification,0,0,already_correct,,,,
borderline_obscure_12,mixtral-8x7b,cot_verification,0,0,already_correct,,,,
borderline_obscure_14,mixtral-8x7b,cot_verification,0,0,already_correct,,,,
borderline_obscure_15,mixtral-8x7b,cot_verification,0,0,already_correct,,,,
borderline_obscure_16,mixtral-8x7b,cot_verification,0,0,already_correct,,,,
borderline_obscure_17,mixtral-8x7b,cot_verification,0,3,already_correct,,,,
borderline_obscure_18,mixtral-8x7b,cot_verification,0,0,already_correct,,,,
borderline_obscure_19,mixtral-8x7b,cot_verification,0,0,already_correct,,,,
borderline_obscure_20,mixtral-8x7b,cot_verification,0,0,already_correct,,,,
borderline_obscure_21,mixtral-8x7b,cot_verification,0,3,already_correct,,,,
borderline_obscure_22,mixtral-8x7b,cot_verification,0,0,already_correct,,,,
borderline_obscure_23,mixtral-8x7b,cot_verification,1,3,other,,,,
borderline_obscure_24,mixtral-8x7b,cot_verification,0,3,already_correct,,,,
borderline_obscure_25,mixtral-8x7b,cot_verification,0,0,already_correct,,,,
borderline_obscure_26,mixtral-8x7b,cot_verification,0,0,already_correct,,,,
borderline_obscure_27,mixtral-8x7b,cot_verification,0,3,already_correct,,,,
borderline_obscure_28,mixtral-8x7b,cot_verification,0,0,already_correct,,,,
borderline_obscure_29,mixtral-8x7b,cot_verification,0,0,already_correct,,,,
borderline_obscure_30,mixtral-8x7b,cot_verification,0,3,already_correct,,,,
borderline_obscure_31,mixtral-8x7b,cot_verification,0,0,already_correct,,,,
borderline_obscure_32,mixtral-8x7b,cot_verification,0,1,already_correct,,,,
borderline_obscure_34,mixtral-8x7b,cot_verification,1,3,other,,,,
borderline_fake_0,mixtral-8x7b,cot_verification,0,0,already_correct,,,,
borderline_fake_2,mixtral-8x7b,cot_verification,2,0,fixed,,,,
borderline_fake_3,mixtral-8x7b,cot_verification,0,2,regressed,,,,
borderline_fake_4,mixtral-8x7b,cot_verification,0,0,already_correct,,,,
borderline_fake_5,mixtral-8x7b,cot_verification,0,3,already_correct,,,,
borderline_fake_6,mixtral-8x7b,cot_verification,2,0,fixed,,,,
borderline_fake_7,mixtral-8x7b,cot_verification,2,0,fixed,,,,
borderline_fake_8,mixtral-8x7b,cot_verification,0,3,already_correct,,,,
borderline_fake_9,mixtral-8x7b,cot_verification,2,0,fixed,,,,
borderline_fake_10,mixtral-8x7b,cot_verification,0,3,already_correct,,,,
borderline_fake_11,mixtral-8x7b,cot_verification,0,0,already_correct,,,,
borderline_fake_12,mixtral-8x7b,cot_verification,0,2,regressed,,,,
borderline_fake_13,mixtral-8x7b,cot_verification,2,2,still_broken,,,,
borderline_fake_14,mixtral-8x7b,cot_verification,0,2,regressed,,,,
borderline_fake_15,mixtral-8x7b,cot_verification,2,3,fixed,,,,
borderline_fake_16,mixtral-8x7b,cot_verification,2,3,fixed,,,,
borderline_fake_17,mixtral-8x7b,cot_verification,0,0,already_correct,,,,
borderline_fake_19,mixtral-8x7b,cot_verification,0,3,already_correct,,,,
borderline_fake_20,mixtral-8x7b,cot_verification,0,0,already_correct,,,,
borderline_fake_21,mixtral-8x7b,cot_verification,1,0,other,,,,
borderline_fake_22,mixtral-8x7b,cot_verification,0,2,regressed,,,,
borderline_fake_23,mixtral-8x7b,cot_verification,2,2,still_broken,,,,
borderline_fake_24,mixtral-8x7b,cot_verification,0,2,regressed,,,,
borderline_fake_27,mixtral-8x7b,cot_verification,2,3,fixed,,,,
borderline_fake_28,mixtral-8x7b,cot_verification,0,2,regressed,,,,
borderline_fake_29,mixtral-8x7b,cot_verification,2,2,still_broken,,,,
borderline_fake_30,mixtral-8x7b,cot_verification,2,0,fixed,,,,
borderline_fake_31,mixtral-8x7b,cot_verification,0,0,already_correct,,,,
borderline_fake_32,mixtral-8x7b,cot_verification,2,0,fixed,,,,
borderline_fake_33,mixtral-8x7b,cot_verification,2,2,still_broken,,,,
borderline_fake_34,mixtral-8x7b,cot_verification,0,0,already_correct,,,,
borderline_edge_0,mixtral-8x7b,cot_verification,0,0,already_correct,,,,
borderline_edge_1,mixtral-8x7b,cot_verification,0,0,already_correct,,,,
borderline_edge_2,mixtral-8x7b,cot_verification,0,0,already_correct,,,,
borderline_edge_3,mixtral-8x7b,cot_verification,0,0,already_correct,,,,
borderline_edge_4,mixtral-8x7b,cot_verification,0,0,already_correct,,,,
borderline_edge_5,mixtral-8x7b,cot_verification,0,0,already_correct,,,,
borderline_edge_6,mixtral-8x7b,cot_verification,0,0,already_correct,,,,
borderline_edge_7,mixtral-8x7b,cot_verification,0,0,already_correct,,,,
borderline_edge_8,mixtral-8x7b,cot_verification,0,0,already_correct,,,,
borderline_edge_9,mixtral-8x7b,cot_verification,0,0,already_correct,,,,
borderline_edge_10,mixtral-8x7b,cot_verification,0,0,already_correct,,,,
borderline_edge_11,mixtral-8x7b,cot_verification,0,0,already_correct,,,,
borderline_edge_12,mixtral-8x7b,cot_verification,0,0,already_correct,,,,
borderline_edge_13,mixtral-8x7b,cot_verification,0,0,already_correct,,,,
borderline_edge_14,mixtral-8x7b,cot_verification,0,0,already_correct,,,,
borderline_edge_15,mixtral-8x7b,cot_verification,0,0,already_correct,,,,
borderline_edge_16,mixtral-8x7b,cot_verification,0,0,already_correct,,,,
borderline_edge_17,mixtral-8x7b,cot_verification,0,0,already_correct,,,,
borderline_edge_18,mixtral-8x7b,cot_verification,0,0,already_correct,,,,
borderline_edge_19,mixtral-8x7b,cot_verification,0,0,already_correct,,,,
factual_001,mixtral-8x7b,cot_verification,2,3,fixed,0.3390698482009572,0.4258317670548038,1.383397835699358,0.8319429930204049
factual_002,mixtral-8x7b,cot_verification,0,3,already_correct,1.1102230246251563e-16,0.3671381095938628,1.542750285528084,0.7310246140998413
factual_003,mixtral-8x7b,cot_verification,0,0,already_correct,0.0756442551152993,0.4801142226197014,1.624794773575251,0.755998273251816
factual_004,mixtral-8x7b,cot_verification,1,1,other,0.0,0.4091090586541112,1.456805708543466,0.6993882164910686
factual_005,mixtral-8x7b,cot_verification,3,3,other,0.701730912788892,0.5021843521531819,1.7011396195193464,0.631399119430105
factual_006,mixtral-8x7b,cot_verification,0,1,already_correct,0.3259960846208846,0.463198484824823,1.6399415228618777,0.7872932102035252
factual_007,mixtral-8x7b,cot_verification,1,3,other,0.2091951151053356,0.4128652483638895,1.5903660763514311,0.7465407015315013
factual_008,mixtral-8x7b,cot_verification,0,0,already_correct,0.2037090540592256,0.468512958130906,1.6390644859640455,0.7686338531644856
factual_009,mixtral-8x7b,cot_verification,1,3,other,0.853848090543631,0.4151502834613091,1.6498944144090766,0.6572635505963973
factual_010,mixtral-8x7b,cot_verification,0,0,already_correct,0.232918055860813,0.5099705765787288,1.4726113798083318,0.7977554962414828
factual_011,mixtral-8x7b,cot_verification,3,3,other,0.6355284519294534,0.4036154541062687,1.7162440503449623,0.6860809940271048
factual_012,mixtral-8x7b,cot_verification,0,0,already_correct,0.08768981332469,0.3617398426203926,2.1728592401910753,0.7799865642706615
factual_013,mixtral-8x7b,cot_verification,1,1,other,0.5587325104078119,0.4151817642436208,1.5180539170053302,0.7282876276517176
factual_014,mixtral-8x7b,cot_verification,0,1,already_correct,0.6638246094684089,0.3553819706965982,2.1996388726934804,0.7761234665442845
factual_015,mixtral-8x7b,cot_verification,1,3,other,0.1297030895398097,0.3991916513629209,1.4328530668641868,0.7704209428355229
factual_016,mixtral-8x7b,cot_verification,0,0,already_correct,0.0621903996737486,0.4616666102107748,1.586809125161253,0.7543118897692439
factual_017,mixtral-8x7b,cot_verification,0,0,already_correct,0.1522014106797664,0.443350120005155,1.3893387081191293,0.7864701848631095
factual_018,mixtral-8x7b,cot_verification,0,0,already_correct,0.3992775109347958,0.4174074519253169,1.483890317654831,0.7521987718089467
factual_019,mixtral-8x7b,cot_verification,0,0,already_correct,0.570304218688948,0.4979737230271303,1.4626267777593926,0.8054669229845892
factual_020,mixtral-8x7b,cot_verification,1,3,other,0.3516206758576254,0.3763613439841432,1.611047325255963,0.7185921891940295
factual_021,mixtral-8x7b,cot_verification,0,0,already_correct,0.6527801569546965,0.4180078612342092,1.4350551741860758,0.7225185823687947
factual_022,mixtral-8x7b,cot_verification,0,0,already_correct,0.1783344385302553,0.3672437094222894,2.117486252547943,0.7833564590952354
factual_023,mixtral-8x7b,cot_verification,1,3,other,0.1352864691345792,0.4016135193900492,1.649187144559479,0.7067573427577292
factual_024,mixtral-8x7b,cot_verification,3,3,other,0.4975689892409519,0.4447017810950163,1.5171197273637569,0.713587560930383
factual_025,mixtral-8x7b,cot_verification,1,3,other,0.0,0.3980743483955428,1.6433910358883772,0.7367057649170274
factual_026,mixtral-8x7b,cot_verification,1,0,other,-2.220446049250313e-16,0.309447624007505,1.4760212348272164,0.8351255628104022
factual_027,mixtral-8x7b,cot_verification,0,0,already_correct,1.1102230246251563e-16,0.4080458109181683,1.4764124571822654,0.7593912020536738
factual_028,mixtral-8x7b,cot_verification,0,0,already_correct,0.1356920640120937,0.4393622371282437,1.649946639222292,0.7485870160062343
factual_029,mixtral-8x7b,cot_verification,0,0,already_correct,0.0,0.4977641369133579,1.4952019816184945,0.8305814312917218
factual_030,mixtral-8x7b,cot_verification,0,3,already_correct,0.7127292906743794,0.472656698084123,1.5989159658219183,0.6705712402368056
factual_031,mixtral-8x7b,cot_verification,0,0,already_correct,0.4314744393813291,0.4501789895715146,1.4405047447566357,0.7918370107882089
factual_032,mixtral-8x7b,cot_verification,1,3,other,0.0,0.4060071654329528,1.514936114087026,0.7245722802366368
factual_033,mixtral-8x7b,cot_verification,0,0,already_correct,0.0,0.5017394875876153,1.546885661918044,0.8087152173946708
factual_034,mixtral-8x7b,cot_verification,0,0,already_correct,0.6081839654868795,0.5232130866441007,1.4683546340768272,0.7915399581256456
factual_035,mixtral-8x7b,cot_verification,0,0,already_correct,0.4271616887496303,0.4876412851028002,1.5377929180335528,0.7756829976016371
factual_036,mixtral-8x7b,cot_verification,0,0,already_correct,0.1261866985503336,0.3244414575107672,1.5245649525106562,0.8273038597662479
factual_037,mixtral-8x7b,cot_verification,0,0,already_correct,0.0,0.3147422473558741,1.5672190155056889,0.7206514156979043
factual_038,mixtral-8x7b,cot_verification,2,2,still_broken,0.0,0.4211484740263029,1.3771096527279183,0.8661372673645562
factual_039,mixtral-8x7b,cot_verification,3,0,other,0.177078731748155,0.4046827470446055,1.497245204967567,0.6446426131783606
factual_040,mixtral-8x7b,cot_verification,0,1,already_correct,-2.220446049250313e-16,0.3414680534651442,2.4910222200547074,0.737480424854035
factual_041,mixtral-8x7b,cot_verification,0,0,already_correct,0.6590282271990809,0.4413968529615208,1.4390743196603273,0.7699239301662081
factual_042,mixtral-8x7b,cot_verification,0,0,already_correct,0.8096019744024965,0.4545800688847466,1.6252229539662026,0.7989216578285829
factual_043,mixtral-8x7b,cot_verification,0,3,already_correct,0.1106474559626835,0.4682907741308082,1.546374825705338,0.797005081645074
factual_044,mixtral-8x7b,cot_verification,0,0,already_correct,0.2496274882844138,0.4826722402390526,1.4448395314471096,0.7926729701723823
factual_045,mixtral-8x7b,cot_verification,0,0,already_correct,0.3910302967543626,0.4762882153821701,1.451296329281991,0.7940873301226171
factual_046,mixtral-8x7b,cot_verification,0,0,already_correct,0.3909013784101188,0.4831296148411537,1.3766308979634674,0.7957830463075242
factual_047,mixtral-8x7b,cot_verification,0,0,already_correct,0.4080816131732503,0.3346997209064156,2.496140320144274,0.7613314728939098
factual_048,mixtral-8x7b,cot_verification,2,0,fixed,0.6211373159127278,0.442478820203474,1.64858837863659,0.789738065303002
factual_049,mixtral-8x7b,cot_verification,1,3,other,0.7052676924968719,0.5047896404943268,1.6764719459937247,0.6353803272121445
factual_050,mixtral-8x7b,cot_verification,3,3,other,0.8177822094666237,0.4325966950899802,1.605637013732773,0.6860979834111427
factual_051,mixtral-8x7b,cot_verification,0,3,already_correct,0.4856820367671054,0.4445014726564936,1.5978639282844784,0.6700823419876167
factual_052,mixtral-8x7b,cot_verification,0,0,already_correct,0.2588180790601095,0.4907653095180171,1.5672965779117558,0.7538454712736763
factual_053,mixtral-8x7b,cot_verification,2,2,still_broken,0.3459381505484974,0.4008120746180286,1.3829706679702791,0.8203197763151169
factual_054,mixtral-8x7b,cot_verification,2,0,fixed,2.220446049250313e-16,0.3674563684053866,1.3647406575165009,0.7838035822067071
factual_055,mixtral-8x7b,cot_verification,0,0,already_correct,0.5494506790999643,0.4252726172935853,1.478079942331184,0.7747870351215546
factual_056,mixtral-8x7b,cot_verification,0,0,already_correct,0.2539817160958447,0.4450391397394795,1.4632676163200211,0.7667842126110449
factual_057,mixtral-8x7b,cot_verification,0,0,already_correct,0.0,0.3978971698173434,1.453501272284534,0.7812083645803997
factual_058,mixtral-8x7b,cot_verification,0,0,already_correct,0.2095405375742327,0.5111534489258107,1.5430189490603494,0.8232970349963812
factual_059,mixtral-8x7b,cot_verification,0,0,already_correct,0.3699076605808898,0.2896543084979006,1.4772908783384575,0.7960505597584258
factual_060,mixtral-8x7b,cot_verification,0,0,already_correct,0.7099132644629002,0.5105063433676238,1.415749810693637,0.8558493626016794
factual_061,mixtral-8x7b,cot_verification,0,0,already_correct,2.220446049250313e-16,0.4819275257171794,1.501545009538279,0.7979848304214872
factual_062,mixtral-8x7b,cot_verification,0,0,already_correct,0.3387145971543948,0.4738592572936945,1.4166794254788595,0.8233539805586463
factual_063,mixtral-8x7b,cot_verification,0,0,already_correct,0.6365540150039888,0.4269955459015017,1.5280710244608426,0.7143697392221002
factual_064,mixtral-8x7b,cot_verification,0,0,already_correct,0.5922619222704957,0.3018866463373968,1.4603186455188824,0.8220882818069783
factual_065,mixtral-8x7b,cot_verification,0,0,already_correct,0.1128744609388492,0.3407672513109081,2.070468063091321,0.7374627770235378
factual_066,mixtral-8x7b,cot_verification,0,0,already_correct,0.1900235496338574,0.503458426875032,1.4324307182167868,0.8095817527009933
factual_067,mixtral-8x7b,cot_verification,0,0,already_correct,0.4748283421565603,0.4142539887401134,1.4732365393388285,0.7979292272466194
factual_068,mixtral-8x7b,cot_verification,0,0,already_correct,0.0639272631090749,0.3510497420817116,2.3556922148236583,0.7631016457391149
factual_069,mixtral-8x7b,cot_verification,0,0,already_correct,0.5181413802399217,0.4553498762964384,1.606172484932409,0.7888276761457962
factual_070,mixtral-8x7b,cot_verification,0,0,already_correct,0.1117010549366074,0.3703280439605724,1.8385235083809184,0.7902572804385989
factual_071,mixtral-8x7b,cot_verification,0,0,already_correct,0.3523509046120336,0.5017514427116267,1.506904467763912,0.8128678303414758
factual_072,mixtral-8x7b,cot_verification,0,0,already_correct,0.1926927217111285,0.3575782828311282,2.052706263150836,0.7867627154094793
factual_073,mixtral-8x7b,cot_verification,0,0,already_correct,0.3366527554593764,0.3560932709599926,1.8814618137714167,0.8112673307261143
factual_074,mixtral-8x7b,cot_verification,2,0,fixed,0.6304310634975547,0.3884602880899718,1.486769258226069,0.7831299629453908
factual_075,mixtral-8x7b,cot_verification,0,0,already_correct,1.1102230246251563e-16,0.5018524787912563,1.520063619021078,0.7990751099204498
factual_076,mixtral-8x7b,cot_verification,1,0,other,0.5900770287315599,0.3669007903011599,1.419601129895851,0.755357546080865
factual_077,mixtral-8x7b,cot_verification,0,0,already_correct,3.3306690738754696e-16,0.4003005515850812,1.3862081007025076,0.8152530270212486
factual_078,mixtral-8x7b,cot_verification,0,0,already_correct,1.1102230246251563e-16,0.5051220359781636,1.4570154481027626,0.808027167838611
factual_079,mixtral-8x7b,cot_verification,0,0,already_correct,0.0,0.3487148893477196,2.27657210305503,0.7800840971199191
factual_080,mixtral-8x7b,cot_verification,0,0,already_correct,0.5175730124359599,0.2895453626919549,1.477225335209429,0.8115261311321036
factual_081,mixtral-8x7b,cot_verification,0,0,already_correct,0.1012554620345593,0.4328614718772041,1.3507097741310654,0.8362269260064743
factual_082,mixtral-8x7b,cot_verification,0,0,already_correct,-2.220446049250313e-16,0.3373139951597824,2.0354023865462363,0.7548743531801294
factual_083,mixtral-8x7b,cot_verification,0,0,already_correct,1.1102230246251563e-16,0.4679765550289769,1.4512844040683364,0.7974902815995142
factual_084,mixtral-8x7b,cot_verification,0,0,already_correct,0.0873858389472691,0.356731544150184,1.884260342664908,0.8235908886889827
factual_085,mixtral-8x7b,cot_verification,0,0,already_correct,-2.220446049250313e-16,0.4924453090325872,1.6060426147927964,0.758906445296362
factual_086,mixtral-8x7b,cot_verification,1,0,other,0.806081801684519,0.3458666117576172,2.0156784313857306,0.8087802765551547
factual_087,mixtral-8x7b,cot_verification,0,0,already_correct,0.5558699241037635,0.418235810908836,1.428998031152279,0.838896372111011
factual_088,mixtral-8x7b,cot_verification,0,0,already_correct,0.2333428271170836,0.3934658100064162,1.465304295968953,0.7830320061798703
factual_089,mixtral-8x7b,cot_verification,0,0,already_correct,0.668761632601216,0.5136980177126386,1.4991079933172302,0.8010776930231761
factual_090,mixtral-8x7b,cot_verification,0,0,already_correct,-2.220446049250313e-16,0.4635935923083798,1.4173488710208413,0.8137413115784311
factual_091,mixtral-8x7b,cot_verification,0,0,already_correct,0.3814291512015367,0.475664023604871,1.3936260572592174,0.8450265988684978
factual_092,mixtral-8x7b,cot_verification,0,0,already_correct,1.1102230246251563e-16,0.4833001715292726,1.409955852156895,0.7710239748280108
factual_093,mixtral-8x7b,cot_verification,0,0,already_correct,0.0058858111161878,0.3460475600916803,2.3507409980528458,0.771903298359765
factual_094,mixtral-8x7b,cot_verification,0,0,already_correct,0.0,0.3419792874368186,2.076048546434794,0.7869229786519517
factual_095,mixtral-8x7b,cot_verification,0,0,already_correct,0.0,0.454446304442836,1.6077006245745566,0.7891477636161054
factual_096,mixtral-8x7b,cot_verification,0,0,already_correct,-2.220446049250313e-16,0.3430834906900136,2.0974092363572936,0.7780574232390709
factual_097,mixtral-8x7b,cot_verification,0,0,already_correct,0.1933373330263507,0.3472492097743691,2.1468875447425866,0.8008670767765944
factual_098,mixtral-8x7b,cot_verification,0,0,already_correct,0.1946058820058216,0.3592082545940397,2.187610416506546,0.7161179857994848
impossible_001,mixtral-8x7b,cot_verification,0,0,already_correct,0.0,0.4284789178593438,1.3647315671430038,0.8173245508833905
impossible_002,mixtral-8x7b,cot_verification,0,0,already_correct,0.1925003012804915,0.4396589807744273,1.4400179462563576,0.7689164062010384
impossible_003,mixtral-8x7b,cot_verification,0,0,already_correct,0.3041079336142306,0.4745776345517306,1.5647300163614537,0.6969380899420593
impossible_004,mixtral-8x7b,cot_verification,0,0,already_correct,0.3074015199966582,0.4454880922352143,1.458411279508117,0.7008940148293222
impossible_005,mixtral-8x7b,cot_verification,0,0,already_correct,0.5348686529869204,0.4778804885323092,1.5571238857869047,0.5928068096228768
impossible_006,mixtral-8x7b,cot_verification,0,0,already_correct,0.0,0.3150933902050303,1.44914888839206,0.7424336900914429
impossible_007,mixtral-8x7b,cot_verification,0,0,already_correct,0.0760181053446082,0.4283067881602623,1.5733228037355471,0.6215082050686007
impossible_008,mixtral-8x7b,cot_verification,0,0,already_correct,2.220446049250313e-16,0.4589631985402678,1.4780617824844742,0.6774152573684572
impossible_009,mixtral-8x7b,cot_verification,0,0,already_correct,0.1249390917114745,0.3118504227910957,1.43227288011093,0.7238138878895117
impossible_010,mixtral-8x7b,cot_verification,0,0,already_correct,1.1102230246251563e-16,0.3666893394761781,1.3883202835937618,0.7648042512578479
impossible_011,mixtral-8x7b,cot_verification,0,0,already_correct,0.6570046720548636,0.4878757339388605,1.606294091488777,0.6475217814214653
impossible_012,mixtral-8x7b,cot_verification,0,0,already_correct,0.3881410451718331,0.4235035315207365,1.5279960497361569,0.6620432260206898
impossible_013,mixtral-8x7b,cot_verification,0,0,already_correct,0.367171031876069,0.4485257442853096,1.4305640589961452,0.7090608744629913
impossible_014,mixtral-8x7b,cot_verification,0,0,already_correct,0.304387963775812,0.4766921393628873,1.5886968038209053,0.6036803376122305
impossible_015,mixtral-8x7b,cot_verification,0,0,already_correct,0.1445833902033999,0.4535491798602405,1.3948250469146637,0.7345084218910429
impossible_016,mixtral-8x7b,cot_verification,0,0,already_correct,0.3695204607283343,0.4770769095741097,1.468249801349997,0.7287548863456212
impossible_017,mixtral-8x7b,cot_verification,0,0,already_correct,1.1102230246251563e-16,0.385438073138071,1.3476026514497093,0.709421966154461
impossible_018,mixtral-8x7b,cot_verification,0,0,already_correct,0.0,0.4512168499635118,1.469118684012558,0.7333250355902713
impossible_019,mixtral-8x7b,cot_verification,0,0,already_correct,0.6948227806005108,0.3969968770339099,1.4634214021984335,0.6949529191130599
impossible_020,mixtral-8x7b,cot_verification,0,0,already_correct,0.0,0.4752509211435867,1.303120271345749,0.8113480057164546
impossible_021,mixtral-8x7b,cot_verification,0,0,already_correct,0.6847774947219638,0.4431305143455964,1.4181748812695176,0.672847509017385
impossible_022,mixtral-8x7b,cot_verification,0,0,already_correct,-2.220446049250313e-16,0.3520010654438289,1.4639729737187956,0.7241808216844288
impossible_023,mixtral-8x7b,cot_verification,0,0,already_correct,3.3306690738754696e-16,0.455889330351273,1.4344927170928583,0.7930420973301907
impossible_024,mixtral-8x7b,cot_verification,0,0,already_correct,0.8644938403979362,0.4082023102283143,1.4271735443184168,0.7753947228954897
impossible_025,mixtral-8x7b,cot_verification,0,0,already_correct,0.7333388588522243,0.3785684530811432,1.4244542885042928,0.7235396087514101
impossible_026,mixtral-8x7b,cot_verification,0,0,already_correct,0.8640442510880024,0.3975716398225351,1.4109313497671825,0.7797697609927278
impossible_027,mixtral-8x7b,cot_verification,0,0,already_correct,0.7105278016919148,0.4247105743564808,1.4385519582650963,0.6971456827575261
impossible_028,mixtral-8x7b,cot_verification,0,0,already_correct,0.4309963868988636,0.4196514921035555,1.5398167790911867,0.6362163799506999
impossible_029,mixtral-8x7b,cot_verification,0,0,already_correct,0.1257851711933711,0.4600169891009289,1.458718882930412,0.7963664184013529
impossible_030,mixtral-8x7b,cot_verification,0,0,already_correct,0.8020508056844807,0.4030046415686885,1.4198247172073906,0.7242645544496362
nonexistent_001,mixtral-8x7b,cot_verification,0,0,already_correct,0.0454428209205745,0.4570250522860282,1.615715817569476,0.6594531936841832
nonexistent_002,mixtral-8x7b,cot_verification,0,0,already_correct,0.4677381953787014,0.4807812336471663,1.9384404475051296,0.6586584120072059
nonexistent_003,mixtral-8x7b,cot_verification,2,2,still_broken,1.1102230246251563e-16,0.4276243627057265,1.5094994460630982,0.6937800151786704
nonexistent_004,mixtral-8x7b,cot_verification,0,0,already_correct,-2.220446049250313e-16,0.4564137144815087,1.851797884385934,0.5726994262069951
nonexistent_005,mixtral-8x7b,cot_verification,0,0,already_correct,0.0,0.465822997116629,1.8623172596233903,0.6509377288126535
nonexistent_006,mixtral-8x7b,cot_verification,2,2,still_broken,0.0,0.5029321806753635,1.5509796102552418,0.6790876172544247
nonexistent_007,mixtral-8x7b,cot_verification,2,0,fixed,0.5911705809667317,0.4384180276510528,2.1493553401106253,0.6484046155692724
nonexistent_008,mixtral-8x7b,cot_verification,0,0,already_correct,0.0957750557052731,0.384685691724981,2.399391497385759,0.5396505391719605
nonexistent_009,mixtral-8x7b,cot_verification,0,0,already_correct,0.4385653332026844,0.4761348024669491,1.963117468304936,0.6151337027863505
nonexistent_010,mixtral-8x7b,cot_verification,0,0,already_correct,0.5158505587176638,0.4476063807965523,1.8334121656816305,0.6639503111744578
nonexistent_011,mixtral-8x7b,cot_verification,0,0,already_correct,0.0,0.4183605627704306,1.8233726758969768,0.6008289869583918
nonexistent_012,mixtral-8x7b,cot_verification,2,0,fixed,0.0,0.3282147135021206,1.6967845457280517,0.7164932747542667
nonexistent_013,mixtral-8x7b,cot_verification,0,0,already_correct,0.0,0.6334931482875634,3.234875388204,0.5542865449529822
nonexistent_014,mixtral-8x7b,cot_verification,1,0,other,0.0,0.4130129249322228,1.8320968749483288,0.5693820791961997
nonexistent_015,mixtral-8x7b,cot_verification,0,0,already_correct,0.0,0.374969051477136,1.4898031777136556,0.6910299677931582
nonexistent_016,mixtral-8x7b,cot_verification,2,0,fixed,0.2805045218348615,0.5910803578233195,2.732910152966596,0.6001690613713271
nonexistent_017,mixtral-8x7b,cot_verification,0,0,already_correct,0.5302974421282072,0.4651336536553984,1.7342393214203522,0.6404096140823191
nonexistent_018,mixtral-8x7b,cot_verification,0,0,already_correct,0.3342446558250019,0.489726295593314,1.848305485089209,0.6699256292861111
nonexistent_019,mixtral-8x7b,cot_verification,0,0,already_correct,0.0,0.5808501293560877,2.844296976941338,0.5523783938073688
nonexistent_020,mixtral-8x7b,cot_verification,0,0,already_correct,0.5115517775867039,0.4732462382721614,1.993442159482999,0.6708993438546399
nonexistent_021,mixtral-8x7b,cot_verification,0,0,already_correct,0.5574498399007891,0.4421586669851266,1.7331138624020443,0.629479369950903
nonexistent_022,mixtral-8x7b,cot_verification,0,0,already_correct,0.6337578213026309,0.5115894791801593,2.003651681231058,0.560773997383176
nonexistent_023,mixtral-8x7b,cot_verification,2,0,fixed,0.3568558343007325,0.3539184574866522,2.4073431465037234,0.6145784425889566
nonexistent_024,mixtral-8x7b,cot_verification,0,0,already_correct,1.1102230246251563e-16,0.5091116721181774,2.015018677082794,0.6064807709590798
nonexistent_025,mixtral-8x7b,cot_verification,0,0,already_correct,1.1102230246251563e-16,0.4263605809857247,1.385281679632341,0.7504628298669417
nonexistent_026,mixtral-8x7b,cot_verification,2,2,still_broken,0.0975577827163954,0.500677276446372,1.877240963729926,0.6862876200297774
nonexistent_027,mixtral-8x7b,cot_verification,0,0,already_correct,0.6873397586664541,0.5831425659305403,2.194423208872275,0.439598850196002
nonexistent_028,mixtral-8x7b,cot_verification,0,0,already_correct,0.5810363014954536,0.4748582757943949,1.5307392572882974,0.7431710443416528
nonexistent_029,mixtral-8x7b,cot_verification,0,0,already_correct,0.0,0.3689495032061506,2.4195365373037796,0.5486947156478663
nonexistent_030,mixtral-8x7b,cot_verification,0,0,already_correct,0.6736730288677727,0.5520334085147902,1.8682348773229904,0.698702271143901
nonexistent_031,mixtral-8x7b,cot_verification,2,0,fixed,0.3281983558312015,0.5368106658137504,2.307223853167116,0.6242041309939212
nonexistent_032,mixtral-8x7b,cot_verification,0,0,already_correct,0.539372510742057,0.3829378402034553,2.7346886215316357,0.5559429890739753
nonexistent_033,mixtral-8x7b,cot_verification,0,0,already_correct,0.5757749954802136,0.5837106417413707,1.8593737943376472,0.6640875742086295
nonexistent_034,mixtral-8x7b,cot_verification,0,0,already_correct,0.4187105756418797,0.6038574964801048,2.3099387615258946,0.5853326755318425
nonexistent_035,mixtral-8x7b,cot_verification,0,0,already_correct,0.0,0.5205105768308945,1.805052905184283,0.6704744389494379
nonexistent_036,mixtral-8x7b,cot_verification,0,0,already_correct,3.3306690738754696e-16,0.4689086948310491,1.8339277076756957,0.6048819095183796
nonexistent_037,mixtral-8x7b,cot_verification,0,0,already_correct,0.3540607959987495,0.4891591393930209,1.5779747684754617,0.6807964102588424
nonexistent_038,mixtral-8x7b,cot_verification,0,0,already_correct,0.7415075567544674,0.6501094394237092,2.774768723402712,0.5365121089258558
nonexistent_039,mixtral-8x7b,cot_verification,2,0,fixed,0.0,0.5271627150413254,2.0999586130232513,0.5111346006353664
nonexistent_040,mixtral-8x7b,cot_verification,2,0,fixed,0.0,0.5301536458570822,2.1752483159909812,0.5287035673415779
nonexistent_041,mixtral-8x7b,cot_verification,0,0,already_correct,0.3402406836440982,0.4147167129460392,1.732507209343875,0.6214838176658093
nonexistent_042,mixtral-8x7b,cot_verification,2,2,still_broken,0.4820732510236483,0.3974697854786684,1.3763666579571388,0.7583163767435037
nonexistent_043,mixtral-8x7b,cot_verification,2,2,still_broken,0.6117514925271953,0.3968230607521225,1.4579691933650414,0.7006417252306849
nonexistent_044,mixtral-8x7b,cot_verification,0,3,already_correct,0.2832522070221442,0.5440085679336117,2.6028868283866915,0.5926988213239269
nonexistent_045,mixtral-8x7b,cot_verification,0,0,already_correct,-4.440892098500626e-16,0.4474593634578884,1.6703877913238423,0.6926949289470643
nonexistent_046,mixtral-8x7b,cot_verification,0,0,already_correct,0.6900277134533814,0.4393045066966574,1.706411804861814,0.6973554138479499
nonexistent_047,mixtral-8x7b,cot_verification,0,0,already_correct,0.0,0.4971957099585214,1.7663887781112586,0.6783706857482479
nonexistent_048,mixtral-8x7b,cot_verification,0,0,already_correct,0.1377468608419395,0.4796644061488472,1.7528593850718552,0.6696658989700652
nonexistent_049,mixtral-8x7b,cot_verification,0,0,already_correct,0.3337416028727933,0.5151894043961379,1.6921964680335524,0.6627667906245607
nonexistent_050,mixtral-8x7b,cot_verification,2,0,fixed,0.4505974970339189,0.5006252176026377,2.3357904479686296,0.6092033117516354
nonexistent_051,mixtral-8x7b,cot_verification,0,0,already_correct,0.7718971548894408,0.4854904137187733,1.895052479560097,0.6506374340644948
nonexistent_052,mixtral-8x7b,cot_verification,2,3,fixed,1.1102230246251563e-16,0.4728590030035952,1.7887990848620996,0.6119730871620171
nonexistent_053,mixtral-8x7b,cot_verification,0,3,already_correct,0.1504813859894436,0.4859498001673301,1.657261219256427,0.6552500846776133
nonexistent_054,mixtral-8x7b,cot_verification,2,0,fixed,0.0298550825348501,0.3429242260486725,2.283564665138221,0.5507380929334323
nonexistent_055,mixtral-8x7b,cot_verification,0,0,already_correct,2.220446049250313e-16,0.5603317551690375,2.738502343053188,0.6092613698734879
nonexistent_056,mixtral-8x7b,cot_verification,0,0,already_correct,0.2269927756030223,0.4921681596330601,2.0218330905805675,0.6171315441753924
nonexistent_057,mixtral-8x7b,cot_verification,0,0,already_correct,0.8384730010881442,0.446268485223399,1.7307799836943771,0.7163141971215217
nonexistent_058,mixtral-8x7b,cot_verification,2,2,still_broken,0.1316183196732502,0.3980349888395448,1.6671817091213794,0.6761587700330811
nonexistent_059,mixtral-8x7b,cot_verification,2,2,still_broken,1.1102230246251563e-16,0.5274268411572661,2.1131023822274835,0.504095125915609
nonexistent_060,mixtral-8x7b,cot_verification,0,0,already_correct,1.1102230246251563e-16,0.5727185745103827,3.043315974404832,0.5724153464931367
nonexistent_061,mixtral-8x7b,cot_verification,2,0,fixed,0.0,0.5488998124686946,2.1039495058352067,0.6237480125734094
nonexistent_062,mixtral-8x7b,cot_verification,2,0,fixed,0.4287932223254523,0.5461921340004303,2.669335338797711,0.6094946617250923
nonexistent_063,mixtral-8x7b,cot_verification,0,0,already_correct,0.0,0.269784390824176,2.026822157297487,0.6773287402694432
nonexistent_064,mixtral-8x7b,cot_verification,0,0,already_correct,0.2391853786875325,0.6171416766601826,2.6267502371990252,0.5780032102260019
nonexistent_065,mixtral-8x7b,cot_verification,0,0,already_correct,-2.220446049250313e-16,0.3713326532083253,2.482790945149397,0.6319423700533386
nonexistent_066,mixtral-8x7b,cot_verification,2,2,still_broken,0.0206471577488741,0.3805220429291759,1.6820587065914292,0.6946096718188879
nonexistent_067,mixtral-8x7b,cot_verification,2,0,fixed,0.4313498292652695,0.6099432842787053,2.3019429305758616,0.5890065697012337
nonexistent_068,mixtral-8x7b,cot_verification,2,2,still_broken,0.0,0.4011687566932002,1.4949977720115908,0.7752330700509196
nonexistent_069,mixtral-8x7b,cot_verification,2,0,fixed,0.0746020064872662,0.5065082810005996,1.7248770485132827,0.6200790952724083
nonexistent_070,mixtral-8x7b,cot_verification,0,0,already_correct,0.2231962646932311,0.3774941064544084,2.565239212839378,0.5428052565641274
nonexistent_071,mixtral-8x7b,cot_verification,0,0,already_correct,0.444422174384231,0.3883344433650393,1.3848640785493171,0.740159468757686
nonexistent_072,mixtral-8x7b,cot_verification,0,0,already_correct,0.1418882700819371,0.4499181735474316,1.410469525862015,0.7046362488953579
nonexistent_073,mixtral-8x7b,cot_verification,0,0,already_correct,0.6078326428629937,0.6533312838264017,2.769645429260442,0.6188884918061701
nonexistent_074,mixtral-8x7b,cot_verification,0,0,already_correct,0.124045795844386,0.3774086969379046,2.346487059189837,0.5508230476279948
nonexistent_075,mixtral-8x7b,cot_verification,2,0,fixed,0.1024315549974038,0.2676045967438318,2.056780484627801,0.6698730496654235
nonexistent_076,mixtral-8x7b,cot_verification,2,0,fixed,0.1890046897721587,0.4774598160250866,2.2157114319817346,0.6368687940379189
nonexistent_077,mixtral-8x7b,cot_verification,0,0,already_correct,0.3774938717837871,0.4307552008558352,1.6480894842078375,0.6833262920351999
nonexistent_078,mixtral-8x7b,cot_verification,0,0,already_correct,0.2391853786875315,0.6342464680046138,2.636007745353853,0.5813405949109487
nonexistent_079,mixtral-8x7b,cot_verification,1,0,other,0.0041491256678026,0.5300003710761907,2.2895570298667365,0.5396074401281944
nonexistent_080,mixtral-8x7b,cot_verification,2,0,fixed,0.0639360744884086,0.5369556486215432,2.3165792341902827,0.5285954358091894
nonexistent_081,mixtral-8x7b,cot_verification,2,0,fixed,0.510318600796009,0.4869111922249682,2.2154789476257033,0.6393147415853841
nonexistent_082,mixtral-8x7b,cot_verification,0,0,already_correct,-2.220446049250313e-16,0.5579015388786452,2.906007100061119,0.5722083956637365
nonexistent_083,mixtral-8x7b,cot_verification,0,0,already_correct,0.2264918922650558,0.3872016757502944,2.671676068597886,0.5402400158597737
nonexistent_084,mixtral-8x7b,cot_verification,2,0,fixed,0.1813165410053703,0.3779636385347069,2.278890128273501,0.5351329439205346
nonexistent_085,mixtral-8x7b,cot_verification,0,0,already_correct,0.0,0.5538749481118661,2.3942196181987963,0.5698575328740195
nonexistent_086,mixtral-8x7b,cot_verification,0,0,already_correct,0.2248132435528604,0.3620338686224142,2.582051227694653,0.5451446450145236
nonexistent_087,mixtral-8x7b,cot_verification,0,0,already_correct,0.0108420991632629,0.3945560043224224,2.394178481297942,0.5453762343562223
nonexistent_088,mixtral-8x7b,cot_verification,0,0,already_correct,1.1102230246251563e-16,0.6183519861963505,2.999391669304233,0.545934183786133
nonexistent_089,mixtral-8x7b,cot_verification,0,0,already_correct,0.0088413298822498,0.6070316724571939,2.75591942122386,0.5656177785257627
nonexistent_090,mixtral-8x7b,cot_verification,0,0,already_correct,0.4061365497884437,0.640297956406194,2.9999818462888124,0.5961153916347955
nonexistent_091,mixtral-8x7b,cot_verification,0,0,already_correct,0.0080572660634468,0.5883895280631628,2.867792951359041,0.5531594733499339
nonexistent_092,mixtral-8x7b,cot_verification,0,0,already_correct,0.6882958732870419,0.6043505175939932,2.2428224618371955,0.4509241254123759
nonexistent_093,mixtral-8x7b,cot_verification,0,0,already_correct,0.5118603154082471,0.6178111595283993,2.872415108360505,0.5720176184676486
nonexistent_094,mixtral-8x7b,cot_verification,2,0,fixed,0.1452052134183755,0.3669857232413221,2.301006000964713,0.5312844221702979
nonexistent_095,mixtral-8x7b,cot_verification,0,0,already_correct,0.3348925460280942,0.4324710021081013,1.9591909411658672,0.6663871378803026
nonexistent_096,mixtral-8x7b,cot_verification,0,0,already_correct,0.4542606855006625,0.3830227381620973,2.60203804699986,0.5854421830344917
nonexistent_097,mixtral-8x7b,cot_verification,0,0,already_correct,0.2775313508640024,0.5452100276976068,2.786741082796479,0.5639343830321482
nonexistent_098,mixtral-8x7b,cot_verification,2,0,fixed,0.0953515009517443,0.6060300380484986,2.3140911045752968,0.5877398578595393
nonexistent_099,mixtral-8x7b,cot_verification,0,0,already_correct,0.0693157235875372,0.5975343944918458,3.082443756039945,0.5309233309466046
nonexistent_100,mixtral-8x7b,cot_verification,0,0,already_correct,0.7046961778722258,0.3165946188778467,1.9220794841788955,0.7047898011803579
nonexistent_101,mixtral-8x7b,cot_verification,0,0,already_correct,0.0,0.2898084442356734,1.8477435834610152,0.6852463128598838
nonexistent_102,mixtral-8x7b,cot_verification,0,0,already_correct,0.7440328994000756,0.656492510271725,2.9364449240045225,0.5345052101237924
nonexistent_103,mixtral-8x7b,cot_verification,0,0,already_correct,0.5016432193586686,0.6008961890862008,2.686987516108755,0.550320452436539
nonexistent_104,mixtral-8x7b,cot_verification,2,0,fixed,0.4361524948216549,0.3742063842066859,2.4617332860106163,0.6050834543762504
nonexistent_105,mixtral-8x7b,cot_verification,0,0,already_correct,0.7709418713871505,0.6247681874084382,2.835188476389863,0.5946197096843913
nonexistent_106,mixtral-8x7b,cot_verification,0,0,already_correct,0.6078326428629951,0.6398374132984526,2.6383556049792096,0.6529173473539759
nonexistent_107,mixtral-8x7b,cot_verification,0,0,already_correct,0.1238208174257008,0.6442680389447031,2.6161830080858635,0.5976396745373815
nonexistent_108,mixtral-8x7b,cot_verification,0,0,already_correct,0.3123011901183431,0.611198138760787,2.711674497407564,0.5539723480018477
nonexistent_109,mixtral-8x7b,cot_verification,0,0,already_correct,-2.220446049250313e-16,0.2734974646941881,2.0455396028515973,0.6693600584024785
nonexistent_110,mixtral-8x7b,cot_verification,0,0,already_correct,0.5118603154082475,0.6097263902414586,2.6828549395236836,0.5943882438631942
nonexistent_111,mixtral-8x7b,cot_verification,0,3,already_correct,0.1782511086366093,0.2975615246505051,1.9208393848922565,0.6681828765393893
nonexistent_112,mixtral-8x7b,cot_verification,0,0,already_correct,0.5016432193586703,0.6186014594359213,2.87296858991689,0.5540540491300642
nonexistent_113,mixtral-8x7b,cot_verification,0,0,already_correct,0.0063899062963099,0.5586626835313167,2.840682923784205,0.557496767672401
nonexistent_114,mixtral-8x7b,cot_verification,0,0,already_correct,0.1429230961483591,0.5550202047340128,2.8248187354450396,0.568418176152549
nonexistent_115,mixtral-8x7b,cot_verification,2,3,fixed,0.1650254185559772,0.5731607226937883,2.349115435465942,0.5823740445607263
nonexistent_116,mixtral-8x7b,cot_verification,2,0,fixed,0.0,0.3633982611488979,2.348215397561924,0.5662501001010025
nonexistent_117,mixtral-8x7b,cot_verification,0,0,already_correct,0.1226499096655227,0.571144421812326,2.63405993552945,0.5800607937026624
nonexistent_118,mixtral-8x7b,cot_verification,0,0,already_correct,0.0048429147825804,0.2635767938349528,2.0750847301949236,0.668915287539573
nonexistent_119,mixtral-8x7b,cot_verification,0,3,already_correct,0.036017250607789,0.303978232075897,1.910441718217879,0.669415725821472
nonexistent_120,mixtral-8x7b,cot_verification,2,0,fixed,0.4087823102518205,0.3345844495325311,2.023099001917248,0.6762248492406105
ambiguous_001,mixtral-8x7b,cot_verification,0,0,already_correct,1.1102230246251563e-16,0.4513794437816401,1.5647058596101149,0.6762421181316913
ambiguous_002,mixtral-8x7b,cot_verification,0,0,already_correct,0.156266619267345,0.4738785383594013,1.5491106051937995,0.6478326148339721
ambiguous_003,mixtral-8x7b,cot_verification,0,0,already_correct,0.3080591443624276,0.4369457045848902,1.7434172385236724,0.5916459010431453
ambiguous_004,mixtral-8x7b,cot_verification,0,0,already_correct,0.3256189317691312,0.4187259533005385,2.022408245644571,0.4574143719551241
ambiguous_005,mixtral-8x7b,cot_verification,0,0,already_correct,0.2050703741541029,0.4486209595157274,1.533774470051912,0.6053944897852803
ambiguous_006,mixtral-8x7b,cot_verification,0,0,already_correct,0.0518319154145865,0.3821622797863735,1.7204615102839311,0.5881900769703599
ambiguous_007,mixtral-8x7b,cot_verification,0,0,already_correct,0.3209110607670674,0.4935539922957875,1.797897865239334,0.4986332005672295
ambiguous_008,mixtral-8x7b,cot_verification,0,0,already_correct,-2.220446049250313e-16,0.3885697140988601,1.6739590399814115,0.5495560201156677
ambiguous_009,mixtral-8x7b,cot_verification,0,0,already_correct,0.7817070362190207,0.5008673712789751,2.5116140111091583,0.5977153724716655
ambiguous_010,mixtral-8x7b,cot_verification,0,0,already_correct,0.0475995434810057,0.4588522448712292,1.495000430874621,0.5928802068173216
ambiguous_011,mixtral-8x7b,cot_verification,0,0,already_correct,0.5197036923578444,0.4901867915533022,2.12261389091119,0.6294324830746607
ambiguous_012,mixtral-8x7b,cot_verification,0,0,already_correct,0.0478287855388587,0.4889574550150641,1.8939417647262324,0.6339152382996209
ambiguous_013,mixtral-8x7b,cot_verification,0,0,already_correct,0.6861433153782892,0.3426191447263088,1.946222997396814,0.6033718498608189
ambiguous_014,mixtral-8x7b,cot_verification,0,0,already_correct,0.5696514344000015,0.4822030792025104,1.673090296213788,0.5767970614395511
ambiguous_015,mixtral-8x7b,cot_verification,0,0,already_correct,0.006331088371127,0.524241975087887,2.480078367613028,0.5689004415259753
ambiguous_016,mixtral-8x7b,cot_verification,0,0,already_correct,0.2113088459761729,0.4762212802418333,1.666302606977574,0.6348986657394063
ambiguous_017,mixtral-8x7b,cot_verification,0,0,already_correct,2.220446049250313e-16,0.5301814116529138,1.7386652921085697,0.5586315121384209
ambiguous_018,mixtral-8x7b,cot_verification,0,0,already_correct,0.0530431484712531,0.5524618129318023,2.305389413728326,0.5632077631307728
ambiguous_019,mixtral-8x7b,cot_verification,0,0,already_correct,0.5747450417462028,0.4703734853293836,1.9714896929037995,0.645917251025028
ambiguous_020,mixtral-8x7b,cot_verification,0,0,already_correct,0.8544863026435386,0.4908550493110857,1.6216498566508957,0.6091094490231097
ambiguous_021,mixtral-8x7b,cot_verification,0,0,already_correct,0.4526154356896075,0.477356057734747,2.2498023613167444,0.584299413307553
ambiguous_022,mixtral-8x7b,cot_verification,0,0,already_correct,0.4162526884229248,0.4426994226311981,1.8093026271726984,0.6055317326702114
ambiguous_023,mixtral-8x7b,cot_verification,0,0,already_correct,0.2760844051091073,0.4083250134176807,1.597435662269415,0.6198188342781339
ambiguous_024,mixtral-8x7b,cot_verification,0,0,already_correct,0.4769088584266318,0.4415771262943727,1.947832954084308,0.6336175875800149
ambiguous_025,mixtral-8x7b,cot_verification,0,0,already_correct,3.3306690738754696e-16,0.4303615604332876,1.717905004596788,0.5895631527681274
ambiguous_026,mixtral-8x7b,cot_verification,0,0,already_correct,0.7756478610317874,0.4481652299566769,1.9966912875228944,0.5539782813035896
ambiguous_027,mixtral-8x7b,cot_verification,0,0,already_correct,0.65337205001654,0.4920463264015721,1.8550477551070408,0.5790169270710116
ambiguous_028,mixtral-8x7b,cot_verification,0,0,already_correct,0.7837684723193905,0.5559512611292741,2.5253373391085745,0.4884599678512389
ambiguous_029,mixtral-8x7b,cot_verification,0,0,already_correct,0.7349821196700508,0.4700382676302619,1.6836054786857897,0.6180723877663572
ambiguous_030,mixtral-8x7b,cot_verification,0,0,already_correct,1.1102230246251563e-16,0.4805095401320631,1.684627314785207,0.6469193613548665
ambiguous_031,mixtral-8x7b,cot_verification,0,0,already_correct,0.4745157636360088,0.4590779271101095,2.2056204955548524,0.5987863233529852
ambiguous_032,mixtral-8x7b,cot_verification,0,0,already_correct,0.5960955733174593,0.4745264660026879,1.9309545300549564,0.6486603872812313
ambiguous_033,mixtral-8x7b,cot_verification,0,0,already_correct,0.5450477701089003,0.3408572808392561,1.5186842211089546,0.6757521670687063
ambiguous_034,mixtral-8x7b,cot_verification,0,0,already_correct,0.2801912416407609,0.4886872520942579,1.649913076128024,0.634175344337971
ambiguous_035,mixtral-8x7b,cot_verification,0,0,already_correct,0.1925840292678671,0.4947919423642294,1.8809749221551064,0.6429165414873972
ambiguous_036,mixtral-8x7b,cot_verification,0,0,already_correct,0.5714292957616816,0.3918340309820629,1.589261410637838,0.6313742449601347
ambiguous_037,mixtral-8x7b,cot_verification,0,0,already_correct,0.3266285119014644,0.4027126938437462,1.669149067327672,0.6811065852223763
ambiguous_038,mixtral-8x7b,cot_verification,0,0,already_correct,0.7930763567529276,0.4373771959340085,1.8337624019513588,0.6173261440063563
ambiguous_039,mixtral-8x7b,cot_verification,0,0,already_correct,0.793011270114748,0.412109214029654,1.7574826215622117,0.6519528738094241
ambiguous_040,mixtral-8x7b,cot_verification,0,0,already_correct,0.4010978374185715,0.4720551513825379,1.535301183088386,0.652945435462701
ambiguous_041,mixtral-8x7b,cot_verification,0,0,already_correct,1.1102230246251563e-16,0.3954656701936273,2.0882568101300514,0.6111258136004332
ambiguous_042,mixtral-8x7b,cot_verification,0,0,already_correct,0.4191815494437741,0.4125742846911971,2.1025067631140755,0.6083614431685562
ambiguous_043,mixtral-8x7b,cot_verification,0,0,already_correct,0.772029511728072,0.4104756034518856,1.7331819908023778,0.5914375756850283
ambiguous_044,mixtral-8x7b,cot_verification,0,0,already_correct,0.1141930109973524,0.4455329723918393,1.4950548630899807,0.7469428945095788
ambiguous_045,mixtral-8x7b,cot_verification,0,0,already_correct,0.199354465743603,0.4763491588176562,1.8880987863168004,0.6647331060284427
ambiguous_046,mixtral-8x7b,cot_verification,0,0,already_correct,0.6017392034715879,0.498338276172085,1.7294301961153629,0.6344999105871726
ambiguous_047,mixtral-8x7b,cot_verification,0,0,already_correct,1.1102230246251563e-16,0.5203500695220684,2.1452544516792873,0.609386040166454
ambiguous_048,mixtral-8x7b,cot_verification,0,0,already_correct,0.0007623374921091,0.5308068561372266,2.288822174471036,0.5812918740543526
ambiguous_049,mixtral-8x7b,cot_verification,0,0,already_correct,0.015373448445039,0.4583185559205806,1.537740731218717,0.7508015940134369
ambiguous_050,mixtral-8x7b,cot_verification,0,0,already_correct,0.1046427514876041,0.465696382006646,1.6163408071835996,0.5684870725852254
ambiguous_051,mixtral-8x7b,cot_verification,0,0,already_correct,0.2499723149221913,0.43023306463915,1.7107824916712575,0.6072732194290416
ambiguous_052,mixtral-8x7b,cot_verification,0,0,already_correct,0.1777043483180626,0.3669493979542798,1.5792179442982903,0.6786201025989553
ambiguous_053,mixtral-8x7b,cot_verification,0,0,already_correct,1.1102230246251563e-16,0.5118915852044066,2.179763751474003,0.6039753448805846
ambiguous_054,mixtral-8x7b,cot_verification,0,0,already_correct,0.198262011441614,0.4242561711000174,1.7758487332933757,0.5876605809851464
ambiguous_055,mixtral-8x7b,cot_verification,0,0,already_correct,0.3318038674512861,0.5638879571477007,2.597080864630488,0.5411168078440893
ambiguous_056,mixtral-8x7b,cot_verification,0,0,already_correct,0.787933391422078,0.4282860633495321,1.6794508530342969,0.6193214851712351
ambiguous_057,mixtral-8x7b,cot_verification,0,0,already_correct,0.7113343895294981,0.4293178033901159,1.5607522898229576,0.5954319298025103
ambiguous_058,mixtral-8x7b,cot_verification,0,0,already_correct,0.4716015668227307,0.4854064458580643,1.6875500884206494,0.6059676160038356
ambiguous_059,mixtral-8x7b,cot_verification,0,0,already_correct,0.2264498336035106,0.3760437799577025,1.9834791706852324,0.6039879748085556
ambiguous_060,mixtral-8x7b,cot_verification,0,0,already_correct,0.3825585437981733,0.51702828834971,2.0952969419991185,0.6084568178815019
ambiguous_061,mixtral-8x7b,cot_verification,0,0,already_correct,0.2272560128285399,0.457724324731267,2.097446446207426,0.6047368641572493
ambiguous_062,mixtral-8x7b,cot_verification,0,0,already_correct,0.3750512555545342,0.3472976227298386,1.5367877744642742,0.6763947789547355
ambiguous_063,mixtral-8x7b,cot_verification,0,0,already_correct,0.3865161151473019,0.541080692121289,2.542454437666057,0.5768717961479495
ambiguous_064,mixtral-8x7b,cot_verification,0,0,already_correct,0.1307481718924291,0.3895086882637234,1.503733655746533,0.6664351444693426
ambiguous_065,mixtral-8x7b,cot_verification,0,0,already_correct,0.194605255827799,0.4511334962558812,1.916915496860755,0.5915300441343841
ambiguous_066,mixtral-8x7b,cot_verification,0,0,already_correct,0.3654580221617494,0.4042543673130022,2.2415599654657004,0.5794837452194913
ambiguous_067,mixtral-8x7b,cot_verification,0,0,already_correct,0.0791723013304377,0.4497917419916035,1.841533950391534,0.5970550880084131
ambiguous_068,mixtral-8x7b,cot_verification,0,0,already_correct,0.066774602112254,0.4951176168791676,2.1267789044021064,0.6351308307505117
ambiguous_069,mixtral-8x7b,cot_verification,0,0,already_correct,0.1586471919117993,0.529494803089946,2.0765701978308715,0.5892945636077542
ambiguous_070,mixtral-8x7b,cot_verification,0,0,already_correct,0.1870498066681122,0.4704141435171802,1.8277405957714217,0.6663566236239373
ambiguous_071,mixtral-8x7b,cot_verification,0,0,already_correct,0.7759509016235346,0.3699680199022408,1.7725946025393668,0.6637848508725611
ambiguous_072,mixtral-8x7b,cot_verification,0,0,already_correct,0.5216525516035583,0.4684540634637558,2.326993622517255,0.5978458356539245
ambiguous_073,mixtral-8x7b,cot_verification,0,0,already_correct,0.2936189183965008,0.5208703924217264,2.1241942911593283,0.6104035765527966
ambiguous_074,mixtral-8x7b,cot_verification,0,0,already_correct,0.1145039381174928,0.4419136983826476,1.788208277303796,0.6120511931249658
ambiguous_075,mixtral-8x7b,cot_verification,0,0,already_correct,0.365952809779331,0.485992797395979,1.8185966114818952,0.5435721514206071
ambiguous_076,mixtral-8x7b,cot_verification,0,0,already_correct,0.7213988409624724,0.3607934560277327,2.032940124169298,0.5768120238858836
ambiguous_077,mixtral-8x7b,cot_verification,0,0,already_correct,1.1102230246251563e-16,0.4691249325297769,1.536176855806763,0.6655102729503211
ambiguous_078,mixtral-8x7b,cot_verification,0,0,already_correct,0.6102384166237447,0.3309039430913535,1.945321004425669,0.6327630031284367
ambiguous_079,mixtral-8x7b,cot_verification,0,0,already_correct,0.0472035092883931,0.4396842449932009,1.5565000443193089,0.6797952870020483
ambiguous_080,mixtral-8x7b,cot_verification,0,0,already_correct,0.4151977764858052,0.3586927595693975,1.7914394329217986,0.6721294801293554
ambiguous_081,mixtral-8x7b,cot_verification,0,0,already_correct,0.4855467651349612,0.5549968588167808,2.5053253012188668,0.5468872608542804
ambiguous_082,mixtral-8x7b,cot_verification,0,0,already_correct,0.7658328910058598,0.6230728097731264,2.6572470950989033,0.535077946552968
ambiguous_083,mixtral-8x7b,cot_verification,0,0,already_correct,0.3569879122793679,0.4234983998739121,1.4864427139139904,0.7005679142214887
ambiguous_084,mixtral-8x7b,cot_verification,0,0,already_correct,0.813915447603801,0.5617528164330869,2.6222694504409856,0.4985161385558181
ambiguous_085,mixtral-8x7b,cot_verification,0,0,already_correct,0.1614533423014978,0.4636291982680142,1.941804469540396,0.5900963108132051
ambiguous_086,mixtral-8x7b,cot_verification,0,0,already_correct,0.743017796599794,0.3543153196251317,1.9659807045529467,0.6562811030001302
ambiguous_087,mixtral-8x7b,cot_verification,0,0,already_correct,0.0466926555910374,0.4222848113421836,1.8424749469213983,0.6127122670072148
ambiguous_088,mixtral-8x7b,cot_verification,0,0,already_correct,0.3567118773098702,0.4841113809463411,2.167649005470379,0.6245334628816293
ambiguous_089,mixtral-8x7b,cot_verification,0,0,already_correct,0.611246284171553,0.4960113538981785,2.191870742736033,0.6206749868162854
ambiguous_090,mixtral-8x7b,cot_verification,0,0,already_correct,0.8042895480254924,0.416559976103064,1.7939307084915004,0.6686223726245681
ambiguous_091,mixtral-8x7b,cot_verification,0,0,already_correct,0.2076148675269422,0.5138145931119994,2.139665299885295,0.6247996434257974
ambiguous_092,mixtral-8x7b,cot_verification,0,0,already_correct,0.1026864266633025,0.4481939538203094,2.1869450002189654,0.5909426463446185
ambiguous_093,mixtral-8x7b,cot_verification,0,0,already_correct,0.278469105695076,0.4535280981303278,2.3649636701392054,0.5582842671254327
ambiguous_094,mixtral-8x7b,cot_verification,0,0,already_correct,0.1570242529823706,0.5673791056109705,2.851291536253753,0.5590425535361244
ambiguous_095,mixtral-8x7b,cot_verification,0,0,already_correct,0.3971435463888026,0.4763578147032907,2.0347122121218564,0.618879841037896
ambiguous_096,mixtral-8x7b,cot_verification,0,0,already_correct,0.4765253194221335,0.4640500223838369,2.1859176570194774,0.5872903383214326
ambiguous_097,mixtral-8x7b,cot_verification,0,0,already_correct,0.6353888046578354,0.4442563595374043,2.254569412046105,0.5951307953623421
ambiguous_098,mixtral-8x7b,cot_verification,0,0,already_correct,0.2659934557581298,0.4971533534766986,1.85431406597822,0.6315672380816152
ambiguous_099,mixtral-8x7b,cot_verification,0,0,already_correct,0.4122169180977346,0.4999457285191128,2.0566971102312928,0.62843695233373
ambiguous_100,mixtral-8x7b,cot_verification,0,0,already_correct,0.7951870003563645,0.3379685889996887,1.9014629498644784,0.6729866135836824
ambiguous_101,mixtral-8x7b,cot_verification,0,0,already_correct,0.4644291196378647,0.4211060115285139,1.555361831243632,0.6486240159912241
ambiguous_102,mixtral-8x7b,cot_verification,0,0,already_correct,0.4648150364333798,0.3801291588200778,1.4396473473008482,0.6897197965120447
ambiguous_103,mixtral-8x7b,cot_verification,0,0,already_correct,0.5419964895552143,0.3842231245479571,1.8999848662665637,0.6139291334793262
ambiguous_104,mixtral-8x7b,cot_verification,0,0,already_correct,0.8258606644456606,0.4323335563608909,1.869447626643557,0.5807633910194665
ambiguous_105,mixtral-8x7b,cot_verification,0,0,already_correct,0.0,0.5850687660016045,2.8198418307364688,0.5159791337842479
ambiguous_106,mixtral-8x7b,cot_verification,0,0,already_correct,0.1955541882323601,0.4763274033503883,2.0453482035877815,0.5792543068011743
ambiguous_107,mixtral-8x7b,cot_verification,0,0,already_correct,0.7852537142351815,0.5534447910869212,3.077240443272292,0.5617718876165703
ambiguous_108,mixtral-8x7b,cot_verification,0,0,already_correct,0.7784739681522246,0.5289489372570311,2.570043882663746,0.5394469160977834
ambiguous_109,mixtral-8x7b,cot_verification,0,0,already_correct,-2.220446049250313e-16,0.5630419088673722,2.8453042975425036,0.5279049399088223
ambiguous_110,mixtral-8x7b,cot_verification,0,0,already_correct,0.7784739681522236,0.5573831781530021,2.6980702528590874,0.5525947825895404
ambiguous_111,mixtral-8x7b,cot_verification,0,0,already_correct,0.7904265763990705,0.5332547039469795,2.890427822347319,0.5592195130142679
ambiguous_112,mixtral-8x7b,cot_verification,0,0,already_correct,0.5944778426772561,0.4529522508777139,2.2979668368910664,0.5939220502391782
ambiguous_113,mixtral-8x7b,cot_verification,0,0,already_correct,0.7916298108343762,0.4708141465392798,2.1296230172096258,0.5992961085932158
ambiguous_114,mixtral-8x7b,cot_verification,0,0,already_correct,0.7817070362190197,0.5222985536915039,2.689982597010804,0.5710750985500112
ambiguous_115,mixtral-8x7b,cot_verification,0,0,already_correct,0.578983228374877,0.564329623796546,3.139104836665925,0.4776152791885106
ambiguous_116,mixtral-8x7b,cot_verification,0,0,already_correct,0.4397094565167494,0.5032015078756849,2.3459072836823083,0.5694700344070834
ambiguous_117,mixtral-8x7b,cot_verification,0,0,already_correct,0.7718055566518579,0.3231921429136292,1.997050245081332,0.6543277516701158
ambiguous_118,mixtral-8x7b,cot_verification,0,0,already_correct,0.4292952995207831,0.5103708777922726,2.0636351730411566,0.6327721335318325
ambiguous_119,mixtral-8x7b,cot_verification,0,0,already_correct,0.613721947830653,0.5614774706503529,2.5443242509364064,0.6052582758233723
ambiguous_120,mixtral-8x7b,cot_verification,0,0,already_correct,1.1102230246251563e-16,0.4112788770004014,1.9116197702854123,0.5695286366447575
borderline_obscure_0,mixtral-8x7b,entity_aware,0,0,already_correct,,,,
borderline_obscure_2,mixtral-8x7b,entity_aware,0,0,already_correct,,,,
borderline_obscure_3,mixtral-8x7b,entity_aware,0,0,already_correct,,,,
borderline_obscure_4,mixtral-8x7b,entity_aware,0,0,already_correct,,,,
borderline_obscure_5,mixtral-8x7b,entity_aware,0,0,already_correct,,,,
borderline_obscure_6,mixtral-8x7b,entity_aware,1,0,other,,,,
borderline_obscure_8,mixtral-8x7b,entity_aware,0,3,already_correct,,,,
borderline_obscure_9,mixtral-8x7b,entity_aware,0,0,already_correct,,,,
borderline_obscure_10,mixtral-8x7b,entity_aware,0,0,already_correct,,,,
borderline_obscure_12,mixtral-8x7b,entity_aware,0,0,already_correct,,,,
borderline_obscure_14,mixtral-8x7b,entity_aware,0,0,already_correct,,,,
borderline_obscure_15,mixtral-8x7b,entity_aware,0,0,already_correct,,,,
borderline_obscure_16,mixtral-8x7b,entity_aware,0,0,already_correct,,,,
borderline_obscure_17,mixtral-8x7b,entity_aware,0,3,already_correct,,,,
borderline_obscure_18,mixtral-8x7b,entity_aware,0,0,already_correct,,,,
borderline_obscure_19,mixtral-8x7b,entity_aware,0,0,already_correct,,,,
borderline_obscure_20,mixtral-8x7b,entity_aware,0,0,already_correct,,,,
borderline_obscure_21,mixtral-8x7b,entity_aware,0,3,already_correct,,,,
borderline_obscure_22,mixtral-8x7b,entity_aware,0,0,already_correct,,,,
borderline_obscure_23,mixtral-8x7b,entity_aware,1,3,other,,,,
borderline_obscure_24,mixtral-8x7b,entity_aware,0,0,already_correct,,,,
borderline_obscure_25,mixtral-8x7b,entity_aware,0,0,already_correct,,,,
borderline_obscure_26,mixtral-8x7b,entity_aware,0,0,already_correct,,,,
borderline_obscure_27,mixtral-8x7b,entity_aware,0,0,already_correct,,,,
borderline_obscure_28,mixtral-8x7b,entity_aware,0,0,already_correct,,,,
borderline_obscure_29,mixtral-8x7b,entity_aware,0,0,already_correct,,,,
borderline_obscure_30,mixtral-8x7b,entity_aware,0,0,already_correct,,,,
borderline_obscure_31,mixtral-8x7b,entity_aware,0,0,already_correct,,,,
borderline_obscure_32,mixtral-8x7b,entity_aware,0,3,already_correct,,,,
borderline_obscure_34,mixtral-8x7b,entity_aware,1,3,other,,,,
borderline_fake_0,mixtral-8x7b,entity_aware,0,0,already_correct,,,,
borderline_fake_2,mixtral-8x7b,entity_aware,2,0,fixed,,,,
borderline_fake_3,mixtral-8x7b,entity_aware,0,0,already_correct,,,,
borderline_fake_4,mixtral-8x7b,entity_aware,0,0,already_correct,,,,
borderline_fake_5,mixtral-8x7b,entity_aware,0,0,already_correct,,,,
borderline_fake_6,mixtral-8x7b,entity_aware,2,0,fixed,,,,
borderline_fake_7,mixtral-8x7b,entity_aware,2,0,fixed,,,,
borderline_fake_8,mixtral-8x7b,entity_aware,0,0,already_correct,,,,
borderline_fake_9,mixtral-8x7b,entity_aware,2,0,fixed,,,,
borderline_fake_10,mixtral-8x7b,entity_aware,0,3,already_correct,,,,
borderline_fake_11,mixtral-8x7b,entity_aware,0,0,already_correct,,,,
borderline_fake_12,mixtral-8x7b,entity_aware,0,0,already_correct,,,,
borderline_fake_13,mixtral-8x7b,entity_aware,2,0,fixed,,,,
borderline_fake_14,mixtral-8x7b,entity_aware,0,0,already_correct,,,,
borderline_fake_15,mixtral-8x7b,entity_aware,2,3,fixed,,,,
borderline_fake_16,mixtral-8x7b,entity_aware,2,0,fixed,,,,
borderline_fake_17,mixtral-8x7b,entity_aware,0,0,already_correct,,,,
borderline_fake_19,mixtral-8x7b,entity_aware,0,0,already_correct,,,,
borderline_fake_20,mixtral-8x7b,entity_aware,0,0,already_correct,,,,
borderline_fake_21,mixtral-8x7b,entity_aware,1,0,other,,,,
borderline_fake_22,mixtral-8x7b,entity_aware,0,0,already_correct,,,,
borderline_fake_23,mixtral-8x7b,entity_aware,2,2,still_broken,,,,
borderline_fake_24,mixtral-8x7b,entity_aware,0,0,already_correct,,,,
borderline_fake_27,mixtral-8x7b,entity_aware,2,0,fixed,,,,
borderline_fake_28,mixtral-8x7b,entity_aware,0,0,already_correct,,,,
borderline_fake_29,mixtral-8x7b,entity_aware,2,2,still_broken,,,,
borderline_fake_30,mixtral-8x7b,entity_aware,2,0,fixed,,,,
borderline_fake_31,mixtral-8x7b,entity_aware,0,0,already_correct,,,,
borderline_fake_32,mixtral-8x7b,entity_aware,2,0,fixed,,,,
borderline_fake_33,mixtral-8x7b,entity_aware,2,0,fixed,,,,
borderline_fake_34,mixtral-8x7b,entity_aware,0,0,already_correct,,,,
borderline_edge_0,mixtral-8x7b,entity_aware,0,0,already_correct,,,,
borderline_edge_1,mixtral-8x7b,entity_aware,0,0,already_correct,,,,
borderline_edge_2,mixtral-8x7b,entity_aware,0,0,already_correct,,,,
borderline_edge_3,mixtral-8x7b,entity_aware,0,0,already_correct,,,,
borderline_edge_4,mixtral-8x7b,entity_aware,0,0,already_correct,,,,
borderline_edge_5,mixtral-8x7b,entity_aware,0,0,already_correct,,,,
borderline_edge_6,mixtral-8x7b,entity_aware,0,0,already_correct,,,,
borderline_edge_7,mixtral-8x7b,entity_aware,0,0,already_correct,,,,
borderline_edge_8,mixtral-8x7b,entity_aware,0,0,already_correct,,,,
borderline_edge_9,mixtral-8x7b,entity_aware,0,0,already_correct,,,,
borderline_edge_10,mixtral-8x7b,entity_aware,0,0,already_correct,,,,
borderline_edge_11,mixtral-8x7b,entity_aware,0,0,already_correct,,,,
borderline_edge_12,mixtral-8x7b,entity_aware,0,0,already_correct,,,,
borderline_edge_13,mixtral-8x7b,entity_aware,0,0,already_correct,,,,
borderline_edge_14,mixtral-8x7b,entity_aware,0,0,already_correct,,,,
borderline_edge_15,mixtral-8x7b,entity_aware,0,0,already_correct,,,,
borderline_edge_16,mixtral-8x7b,entity_aware,0,0,already_correct,,,,
borderline_edge_17,mixtral-8x7b,entity_aware,0,0,already_correct,,,,
borderline_edge_18,mixtral-8x7b,entity_aware,0,0,already_correct,,,,
borderline_edge_19,mixtral-8x7b,entity_aware,0,0,already_correct,,,,
factual_001,mixtral-8x7b,entity_aware,2,3,fixed,0.3390698482009572,0.4258317670548038,1.383397835699358,0.8319429930204049
factual_002,mixtral-8x7b,entity_aware,0,0,already_correct,1.1102230246251563e-16,0.3671381095938628,1.542750285528084,0.7310246140998413
factual_003,mixtral-8x7b,entity_aware,0,0,already_correct,0.0756442551152993,0.4801142226197014,1.624794773575251,0.755998273251816
factual_004,mixtral-8x7b,entity_aware,1,3,other,0.0,0.4091090586541112,1.456805708543466,0.6993882164910686
factual_005,mixtral-8x7b,entity_aware,3,3,other,0.701730912788892,0.5021843521531819,1.7011396195193464,0.631399119430105
factual_006,mixtral-8x7b,entity_aware,0,3,already_correct,0.3259960846208846,0.463198484824823,1.6399415228618777,0.7872932102035252
factual_007,mixtral-8x7b,entity_aware,1,3,other,0.2091951151053356,0.4128652483638895,1.5903660763514311,0.7465407015315013
factual_008,mixtral-8x7b,entity_aware,0,0,already_correct,0.2037090540592256,0.468512958130906,1.6390644859640455,0.7686338531644856
factual_009,mixtral-8x7b,entity_aware,1,3,other,0.853848090543631,0.4151502834613091,1.6498944144090766,0.6572635505963973
factual_010,mixtral-8x7b,entity_aware,0,0,already_correct,0.232918055860813,0.5099705765787288,1.4726113798083318,0.7977554962414828
factual_011,mixtral-8x7b,entity_aware,3,3,other,0.6355284519294534,0.4036154541062687,1.7162440503449623,0.6860809940271048
factual_012,mixtral-8x7b,entity_aware,0,0,already_correct,0.08768981332469,0.3617398426203926,2.1728592401910753,0.7799865642706615
factual_013,mixtral-8x7b,entity_aware,1,3,other,0.5587325104078119,0.4151817642436208,1.5180539170053302,0.7282876276517176
factual_014,mixtral-8x7b,entity_aware,0,0,already_correct,0.6638246094684089,0.3553819706965982,2.1996388726934804,0.7761234665442845
factual_015,mixtral-8x7b,entity_aware,1,3,other,0.1297030895398097,0.3991916513629209,1.4328530668641868,0.7704209428355229
factual_016,mixtral-8x7b,entity_aware,0,0,already_correct,0.0621903996737486,0.4616666102107748,1.586809125161253,0.7543118897692439
factual_017,mixtral-8x7b,entity_aware,0,0,already_correct,0.1522014106797664,0.443350120005155,1.3893387081191293,0.7864701848631095
factual_018,mixtral-8x7b,entity_aware,0,0,already_correct,0.3992775109347958,0.4174074519253169,1.483890317654831,0.7521987718089467
factual_019,mixtral-8x7b,entity_aware,0,0,already_correct,0.570304218688948,0.4979737230271303,1.4626267777593926,0.8054669229845892
factual_020,mixtral-8x7b,entity_aware,1,3,other,0.3516206758576254,0.3763613439841432,1.611047325255963,0.7185921891940295
factual_021,mixtral-8x7b,entity_aware,0,1,already_correct,0.6527801569546965,0.4180078612342092,1.4350551741860758,0.7225185823687947
factual_022,mixtral-8x7b,entity_aware,0,0,already_correct,0.1783344385302553,0.3672437094222894,2.117486252547943,0.7833564590952354
factual_023,mixtral-8x7b,entity_aware,1,3,other,0.1352864691345792,0.4016135193900492,1.649187144559479,0.7067573427577292
factual_024,mixtral-8x7b,entity_aware,3,3,other,0.4975689892409519,0.4447017810950163,1.5171197273637569,0.713587560930383
factual_025,mixtral-8x7b,entity_aware,1,1,other,0.0,0.3980743483955428,1.6433910358883772,0.7367057649170274
factual_026,mixtral-8x7b,entity_aware,1,0,other,-2.220446049250313e-16,0.309447624007505,1.4760212348272164,0.8351255628104022
factual_027,mixtral-8x7b,entity_aware,0,0,already_correct,1.1102230246251563e-16,0.4080458109181683,1.4764124571822654,0.7593912020536738
factual_028,mixtral-8x7b,entity_aware,0,0,already_correct,0.1356920640120937,0.4393622371282437,1.649946639222292,0.7485870160062343
factual_029,mixtral-8x7b,entity_aware,0,0,already_correct,0.0,0.4977641369133579,1.4952019816184945,0.8305814312917218
factual_030,mixtral-8x7b,entity_aware,0,3,already_correct,0.7127292906743794,0.472656698084123,1.5989159658219183,0.6705712402368056
factual_031,mixtral-8x7b,entity_aware,0,0,already_correct,0.4314744393813291,0.4501789895715146,1.4405047447566357,0.7918370107882089
factual_032,mixtral-8x7b,entity_aware,1,3,other,0.0,0.4060071654329528,1.514936114087026,0.7245722802366368
factual_033,mixtral-8x7b,entity_aware,0,0,already_correct,0.0,0.5017394875876153,1.546885661918044,0.8087152173946708
factual_034,mixtral-8x7b,entity_aware,0,0,already_correct,0.6081839654868795,0.5232130866441007,1.4683546340768272,0.7915399581256456
factual_035,mixtral-8x7b,entity_aware,0,0,already_correct,0.4271616887496303,0.4876412851028002,1.5377929180335528,0.7756829976016371
factual_036,mixtral-8x7b,entity_aware,0,0,already_correct,0.1261866985503336,0.3244414575107672,1.5245649525106562,0.8273038597662479
factual_037,mixtral-8x7b,entity_aware,0,3,already_correct,0.0,0.3147422473558741,1.5672190155056889,0.7206514156979043
factual_038,mixtral-8x7b,entity_aware,2,3,fixed,0.0,0.4211484740263029,1.3771096527279183,0.8661372673645562
factual_039,mixtral-8x7b,entity_aware,3,3,other,0.177078731748155,0.4046827470446055,1.497245204967567,0.6446426131783606
factual_040,mixtral-8x7b,entity_aware,0,1,already_correct,-2.220446049250313e-16,0.3414680534651442,2.4910222200547074,0.737480424854035
factual_041,mixtral-8x7b,entity_aware,0,0,already_correct,0.6590282271990809,0.4413968529615208,1.4390743196603273,0.7699239301662081
factual_042,mixtral-8x7b,entity_aware,0,0,already_correct,0.8096019744024965,0.4545800688847466,1.6252229539662026,0.7989216578285829
factual_043,mixtral-8x7b,entity_aware,0,0,already_correct,0.1106474559626835,0.4682907741308082,1.546374825705338,0.797005081645074
factual_044,mixtral-8x7b,entity_aware,0,0,already_correct,0.2496274882844138,0.4826722402390526,1.4448395314471096,0.7926729701723823
factual_045,mixtral-8x7b,entity_aware,0,0,already_correct,0.3910302967543626,0.4762882153821701,1.451296329281991,0.7940873301226171
factual_046,mixtral-8x7b,entity_aware,0,0,already_correct,0.3909013784101188,0.4831296148411537,1.3766308979634674,0.7957830463075242
factual_047,mixtral-8x7b,entity_aware,0,0,already_correct,0.4080816131732503,0.3346997209064156,2.496140320144274,0.7613314728939098
factual_048,mixtral-8x7b,entity_aware,2,0,fixed,0.6211373159127278,0.442478820203474,1.64858837863659,0.789738065303002
factual_049,mixtral-8x7b,entity_aware,1,1,other,0.7052676924968719,0.5047896404943268,1.6764719459937247,0.6353803272121445
factual_050,mixtral-8x7b,entity_aware,3,3,other,0.8177822094666237,0.4325966950899802,1.605637013732773,0.6860979834111427
factual_051,mixtral-8x7b,entity_aware,0,0,already_correct,0.4856820367671054,0.4445014726564936,1.5978639282844784,0.6700823419876167
factual_052,mixtral-8x7b,entity_aware,0,0,already_correct,0.2588180790601095,0.4907653095180171,1.5672965779117558,0.7538454712736763
factual_053,mixtral-8x7b,entity_aware,2,3,fixed,0.3459381505484974,0.4008120746180286,1.3829706679702791,0.8203197763151169
factual_054,mixtral-8x7b,entity_aware,2,0,fixed,2.220446049250313e-16,0.3674563684053866,1.3647406575165009,0.7838035822067071
factual_055,mixtral-8x7b,entity_aware,0,0,already_correct,0.5494506790999643,0.4252726172935853,1.478079942331184,0.7747870351215546
factual_056,mixtral-8x7b,entity_aware,0,0,already_correct,0.2539817160958447,0.4450391397394795,1.4632676163200211,0.7667842126110449
factual_057,mixtral-8x7b,entity_aware,0,0,already_correct,0.0,0.3978971698173434,1.453501272284534,0.7812083645803997
factual_058,mixtral-8x7b,entity_aware,0,0,already_correct,0.2095405375742327,0.5111534489258107,1.5430189490603494,0.8232970349963812
factual_059,mixtral-8x7b,entity_aware,0,0,already_correct,0.3699076605808898,0.2896543084979006,1.4772908783384575,0.7960505597584258
factual_060,mixtral-8x7b,entity_aware,0,0,already_correct,0.7099132644629002,0.5105063433676238,1.415749810693637,0.8558493626016794
factual_061,mixtral-8x7b,entity_aware,0,0,already_correct,2.220446049250313e-16,0.4819275257171794,1.501545009538279,0.7979848304214872
factual_062,mixtral-8x7b,entity_aware,0,0,already_correct,0.3387145971543948,0.4738592572936945,1.4166794254788595,0.8233539805586463
factual_063,mixtral-8x7b,entity_aware,0,0,already_correct,0.6365540150039888,0.4269955459015017,1.5280710244608426,0.7143697392221002
factual_064,mixtral-8x7b,entity_aware,0,0,already_correct,0.5922619222704957,0.3018866463373968,1.4603186455188824,0.8220882818069783
factual_065,mixtral-8x7b,entity_aware,0,0,already_correct,0.1128744609388492,0.3407672513109081,2.070468063091321,0.7374627770235378
factual_066,mixtral-8x7b,entity_aware,0,0,already_correct,0.1900235496338574,0.503458426875032,1.4324307182167868,0.8095817527009933
factual_067,mixtral-8x7b,entity_aware,0,0,already_correct,0.4748283421565603,0.4142539887401134,1.4732365393388285,0.7979292272466194
factual_068,mixtral-8x7b,entity_aware,0,0,already_correct,0.0639272631090749,0.3510497420817116,2.3556922148236583,0.7631016457391149
factual_069,mixtral-8x7b,entity_aware,0,0,already_correct,0.5181413802399217,0.4553498762964384,1.606172484932409,0.7888276761457962
factual_070,mixtral-8x7b,entity_aware,0,0,already_correct,0.1117010549366074,0.3703280439605724,1.8385235083809184,0.7902572804385989
factual_071,mixtral-8x7b,entity_aware,0,3,already_correct,0.3523509046120336,0.5017514427116267,1.506904467763912,0.8128678303414758
factual_072,mixtral-8x7b,entity_aware,0,3,already_correct,0.1926927217111285,0.3575782828311282,2.052706263150836,0.7867627154094793
factual_073,mixtral-8x7b,entity_aware,0,3,already_correct,0.3366527554593764,0.3560932709599926,1.8814618137714167,0.8112673307261143
factual_074,mixtral-8x7b,entity_aware,2,3,fixed,0.6304310634975547,0.3884602880899718,1.486769258226069,0.7831299629453908
factual_075,mixtral-8x7b,entity_aware,0,0,already_correct,1.1102230246251563e-16,0.5018524787912563,1.520063619021078,0.7990751099204498
factual_076,mixtral-8x7b,entity_aware,1,3,other,0.5900770287315599,0.3669007903011599,1.419601129895851,0.755357546080865
factual_077,mixtral-8x7b,entity_aware,0,0,already_correct,3.3306690738754696e-16,0.4003005515850812,1.3862081007025076,0.8152530270212486
factual_078,mixtral-8x7b,entity_aware,0,0,already_correct,1.1102230246251563e-16,0.5051220359781636,1.4570154481027626,0.808027167838611
factual_079,mixtral-8x7b,entity_aware,0,0,already_correct,0.0,0.3487148893477196,2.27657210305503,0.7800840971199191
factual_080,mixtral-8x7b,entity_aware,0,0,already_correct,0.5175730124359599,0.2895453626919549,1.477225335209429,0.8115261311321036
factual_081,mixtral-8x7b,entity_aware,0,0,already_correct,0.1012554620345593,0.4328614718772041,1.3507097741310654,0.8362269260064743
factual_082,mixtral-8x7b,entity_aware,0,0,already_correct,-2.220446049250313e-16,0.3373139951597824,2.0354023865462363,0.7548743531801294
factual_083,mixtral-8x7b,entity_aware,0,0,already_correct,1.1102230246251563e-16,0.4679765550289769,1.4512844040683364,0.7974902815995142
factual_084,mixtral-8x7b,entity_aware,0,0,already_correct,0.0873858389472691,0.356731544150184,1.884260342664908,0.8235908886889827
factual_085,mixtral-8x7b,entity_aware,0,0,already_correct,-2.220446049250313e-16,0.4924453090325872,1.6060426147927964,0.758906445296362
factual_086,mixtral-8x7b,entity_aware,1,0,other,0.806081801684519,0.3458666117576172,2.0156784313857306,0.8087802765551547
factual_087,mixtral-8x7b,entity_aware,0,0,already_correct,0.5558699241037635,0.418235810908836,1.428998031152279,0.838896372111011
factual_088,mixtral-8x7b,entity_aware,0,0,already_correct,0.2333428271170836,0.3934658100064162,1.465304295968953,0.7830320061798703
factual_089,mixtral-8x7b,entity_aware,0,0,already_correct,0.668761632601216,0.5136980177126386,1.4991079933172302,0.8010776930231761
factual_090,mixtral-8x7b,entity_aware,0,0,already_correct,-2.220446049250313e-16,0.4635935923083798,1.4173488710208413,0.8137413115784311
factual_091,mixtral-8x7b,entity_aware,0,0,already_correct,0.3814291512015367,0.475664023604871,1.3936260572592174,0.8450265988684978
factual_092,mixtral-8x7b,entity_aware,0,0,already_correct,1.1102230246251563e-16,0.4833001715292726,1.409955852156895,0.7710239748280108
factual_093,mixtral-8x7b,entity_aware,0,0,already_correct,0.0058858111161878,0.3460475600916803,2.3507409980528458,0.771903298359765
factual_094,mixtral-8x7b,entity_aware,0,0,already_correct,0.0,0.3419792874368186,2.076048546434794,0.7869229786519517
factual_095,mixtral-8x7b,entity_aware,0,0,already_correct,0.0,0.454446304442836,1.6077006245745566,0.7891477636161054
factual_096,mixtral-8x7b,entity_aware,0,0,already_correct,-2.220446049250313e-16,0.3430834906900136,2.0974092363572936,0.7780574232390709
factual_097,mixtral-8x7b,entity_aware,0,0,already_correct,0.1933373330263507,0.3472492097743691,2.1468875447425866,0.8008670767765944
factual_098,mixtral-8x7b,entity_aware,0,0,already_correct,0.1946058820058216,0.3592082545940397,2.187610416506546,0.7161179857994848
impossible_001,mixtral-8x7b,entity_aware,0,0,already_correct,0.0,0.4284789178593438,1.3647315671430038,0.8173245508833905
impossible_002,mixtral-8x7b,entity_aware,0,0,already_correct,0.1925003012804915,0.4396589807744273,1.4400179462563576,0.7689164062010384
impossible_003,mixtral-8x7b,entity_aware,0,0,already_correct,0.3041079336142306,0.4745776345517306,1.5647300163614537,0.6969380899420593
impossible_004,mixtral-8x7b,entity_aware,0,0,already_correct,0.3074015199966582,0.4454880922352143,1.458411279508117,0.7008940148293222
impossible_005,mixtral-8x7b,entity_aware,0,0,already_correct,0.5348686529869204,0.4778804885323092,1.5571238857869047,0.5928068096228768
impossible_006,mixtral-8x7b,entity_aware,0,0,already_correct,0.0,0.3150933902050303,1.44914888839206,0.7424336900914429
impossible_007,mixtral-8x7b,entity_aware,0,0,already_correct,0.0760181053446082,0.4283067881602623,1.5733228037355471,0.6215082050686007
impossible_008,mixtral-8x7b,entity_aware,0,0,already_correct,2.220446049250313e-16,0.4589631985402678,1.4780617824844742,0.6774152573684572
impossible_009,mixtral-8x7b,entity_aware,0,0,already_correct,0.1249390917114745,0.3118504227910957,1.43227288011093,0.7238138878895117
impossible_010,mixtral-8x7b,entity_aware,0,0,already_correct,1.1102230246251563e-16,0.3666893394761781,1.3883202835937618,0.7648042512578479
impossible_011,mixtral-8x7b,entity_aware,0,0,already_correct,0.6570046720548636,0.4878757339388605,1.606294091488777,0.6475217814214653
impossible_012,mixtral-8x7b,entity_aware,0,0,already_correct,0.3881410451718331,0.4235035315207365,1.5279960497361569,0.6620432260206898
impossible_013,mixtral-8x7b,entity_aware,0,0,already_correct,0.367171031876069,0.4485257442853096,1.4305640589961452,0.7090608744629913
impossible_014,mixtral-8x7b,entity_aware,0,0,already_correct,0.304387963775812,0.4766921393628873,1.5886968038209053,0.6036803376122305
impossible_015,mixtral-8x7b,entity_aware,0,0,already_correct,0.1445833902033999,0.4535491798602405,1.3948250469146637,0.7345084218910429
impossible_016,mixtral-8x7b,entity_aware,0,0,already_correct,0.3695204607283343,0.4770769095741097,1.468249801349997,0.7287548863456212
impossible_017,mixtral-8x7b,entity_aware,0,0,already_correct,1.1102230246251563e-16,0.385438073138071,1.3476026514497093,0.709421966154461
impossible_018,mixtral-8x7b,entity_aware,0,0,already_correct,0.0,0.4512168499635118,1.469118684012558,0.7333250355902713
impossible_019,mixtral-8x7b,entity_aware,0,0,already_correct,0.6948227806005108,0.3969968770339099,1.4634214021984335,0.6949529191130599
impossible_020,mixtral-8x7b,entity_aware,0,0,already_correct,0.0,0.4752509211435867,1.303120271345749,0.8113480057164546
impossible_021,mixtral-8x7b,entity_aware,0,0,already_correct,0.6847774947219638,0.4431305143455964,1.4181748812695176,0.672847509017385
impossible_022,mixtral-8x7b,entity_aware,0,0,already_correct,-2.220446049250313e-16,0.3520010654438289,1.4639729737187956,0.7241808216844288
impossible_023,mixtral-8x7b,entity_aware,0,0,already_correct,3.3306690738754696e-16,0.455889330351273,1.4344927170928583,0.7930420973301907
impossible_024,mixtral-8x7b,entity_aware,0,0,already_correct,0.8644938403979362,0.4082023102283143,1.4271735443184168,0.7753947228954897
impossible_025,mixtral-8x7b,entity_aware,0,0,already_correct,0.7333388588522243,0.3785684530811432,1.4244542885042928,0.7235396087514101
impossible_026,mixtral-8x7b,entity_aware,0,0,already_correct,0.8640442510880024,0.3975716398225351,1.4109313497671825,0.7797697609927278
impossible_027,mixtral-8x7b,entity_aware,0,0,already_correct,0.7105278016919148,0.4247105743564808,1.4385519582650963,0.6971456827575261
impossible_028,mixtral-8x7b,entity_aware,0,0,already_correct,0.4309963868988636,0.4196514921035555,1.5398167790911867,0.6362163799506999
impossible_029,mixtral-8x7b,entity_aware,0,0,already_correct,0.1257851711933711,0.4600169891009289,1.458718882930412,0.7963664184013529
impossible_030,mixtral-8x7b,entity_aware,0,0,already_correct,0.8020508056844807,0.4030046415686885,1.4198247172073906,0.7242645544496362
nonexistent_001,mixtral-8x7b,entity_aware,0,0,already_correct,0.0454428209205745,0.4570250522860282,1.615715817569476,0.6594531936841832
nonexistent_002,mixtral-8x7b,entity_aware,0,0,already_correct,0.4677381953787014,0.4807812336471663,1.9384404475051296,0.6586584120072059
nonexistent_003,mixtral-8x7b,entity_aware,2,0,fixed,1.1102230246251563e-16,0.4276243627057265,1.5094994460630982,0.6937800151786704
nonexistent_004,mixtral-8x7b,entity_aware,0,0,already_correct,-2.220446049250313e-16,0.4564137144815087,1.851797884385934,0.5726994262069951
nonexistent_005,mixtral-8x7b,entity_aware,0,0,already_correct,0.0,0.465822997116629,1.8623172596233903,0.6509377288126535
nonexistent_006,mixtral-8x7b,entity_aware,2,0,fixed,0.0,0.5029321806753635,1.5509796102552418,0.6790876172544247
nonexistent_007,mixtral-8x7b,entity_aware,2,0,fixed,0.5911705809667317,0.4384180276510528,2.1493553401106253,0.6484046155692724
nonexistent_008,mixtral-8x7b,entity_aware,0,0,already_correct,0.0957750557052731,0.384685691724981,2.399391497385759,0.5396505391719605
nonexistent_009,mixtral-8x7b,entity_aware,0,0,already_correct,0.4385653332026844,0.4761348024669491,1.963117468304936,0.6151337027863505
nonexistent_010,mixtral-8x7b,entity_aware,0,0,already_correct,0.5158505587176638,0.4476063807965523,1.8334121656816305,0.6639503111744578
nonexistent_011,mixtral-8x7b,entity_aware,0,0,already_correct,0.0,0.4183605627704306,1.8233726758969768,0.6008289869583918
nonexistent_012,mixtral-8x7b,entity_aware,2,0,fixed,0.0,0.3282147135021206,1.6967845457280517,0.7164932747542667
nonexistent_013,mixtral-8x7b,entity_aware,0,0,already_correct,0.0,0.6334931482875634,3.234875388204,0.5542865449529822
nonexistent_014,mixtral-8x7b,entity_aware,1,0,other,0.0,0.4130129249322228,1.8320968749483288,0.5693820791961997
nonexistent_015,mixtral-8x7b,entity_aware,0,0,already_correct,0.0,0.374969051477136,1.4898031777136556,0.6910299677931582
nonexistent_016,mixtral-8x7b,entity_aware,2,0,fixed,0.2805045218348615,0.5910803578233195,2.732910152966596,0.6001690613713271
nonexistent_017,mixtral-8x7b,entity_aware,0,0,already_correct,0.5302974421282072,0.4651336536553984,1.7342393214203522,0.6404096140823191
nonexistent_018,mixtral-8x7b,entity_aware,0,0,already_correct,0.3342446558250019,0.489726295593314,1.848305485089209,0.6699256292861111
nonexistent_019,mixtral-8x7b,entity_aware,0,0,already_correct,0.0,0.5808501293560877,2.844296976941338,0.5523783938073688
nonexistent_020,mixtral-8x7b,entity_aware,0,0,already_correct,0.5115517775867039,0.4732462382721614,1.993442159482999,0.6708993438546399
nonexistent_021,mixtral-8x7b,entity_aware,0,0,already_correct,0.5574498399007891,0.4421586669851266,1.7331138624020443,0.629479369950903
nonexistent_022,mixtral-8x7b,entity_aware,0,0,already_correct,0.6337578213026309,0.5115894791801593,2.003651681231058,0.560773997383176
nonexistent_023,mixtral-8x7b,entity_aware,2,0,fixed,0.3568558343007325,0.3539184574866522,2.4073431465037234,0.6145784425889566
nonexistent_024,mixtral-8x7b,entity_aware,0,0,already_correct,1.1102230246251563e-16,0.5091116721181774,2.015018677082794,0.6064807709590798
nonexistent_025,mixtral-8x7b,entity_aware,0,0,already_correct,1.1102230246251563e-16,0.4263605809857247,1.385281679632341,0.7504628298669417
nonexistent_026,mixtral-8x7b,entity_aware,2,0,fixed,0.0975577827163954,0.500677276446372,1.877240963729926,0.6862876200297774
nonexistent_027,mixtral-8x7b,entity_aware,0,0,already_correct,0.6873397586664541,0.5831425659305403,2.194423208872275,0.439598850196002
nonexistent_028,mixtral-8x7b,entity_aware,0,0,already_correct,0.5810363014954536,0.4748582757943949,1.5307392572882974,0.7431710443416528
nonexistent_029,mixtral-8x7b,entity_aware,0,0,already_correct,0.0,0.3689495032061506,2.4195365373037796,0.5486947156478663
nonexistent_030,mixtral-8x7b,entity_aware,0,0,already_correct,0.6736730288677727,0.5520334085147902,1.8682348773229904,0.698702271143901
nonexistent_031,mixtral-8x7b,entity_aware,2,0,fixed,0.3281983558312015,0.5368106658137504,2.307223853167116,0.6242041309939212
nonexistent_032,mixtral-8x7b,entity_aware,0,0,already_correct,0.539372510742057,0.3829378402034553,2.7346886215316357,0.5559429890739753
nonexistent_033,mixtral-8x7b,entity_aware,0,0,already_correct,0.5757749954802136,0.5837106417413707,1.8593737943376472,0.6640875742086295
nonexistent_034,mixtral-8x7b,entity_aware,0,0,already_correct,0.4187105756418797,0.6038574964801048,2.3099387615258946,0.5853326755318425
nonexistent_035,mixtral-8x7b,entity_aware,0,0,already_correct,0.0,0.5205105768308945,1.805052905184283,0.6704744389494379
nonexistent_036,mixtral-8x7b,entity_aware,0,0,already_correct,3.3306690738754696e-16,0.4689086948310491,1.8339277076756957,0.6048819095183796
nonexistent_037,mixtral-8x7b,entity_aware,0,0,already_correct,0.3540607959987495,0.4891591393930209,1.5779747684754617,0.6807964102588424
nonexistent_038,mixtral-8x7b,entity_aware,0,0,already_correct,0.7415075567544674,0.6501094394237092,2.774768723402712,0.5365121089258558
nonexistent_039,mixtral-8x7b,entity_aware,2,0,fixed,0.0,0.5271627150413254,2.0999586130232513,0.5111346006353664
nonexistent_040,mixtral-8x7b,entity_aware,2,0,fixed,0.0,0.5301536458570822,2.1752483159909812,0.5287035673415779
nonexistent_041,mixtral-8x7b,entity_aware,0,0,already_correct,0.3402406836440982,0.4147167129460392,1.732507209343875,0.6214838176658093
nonexistent_042,mixtral-8x7b,entity_aware,2,0,fixed,0.4820732510236483,0.3974697854786684,1.3763666579571388,0.7583163767435037
nonexistent_043,mixtral-8x7b,entity_aware,2,0,fixed,0.6117514925271953,0.3968230607521225,1.4579691933650414,0.7006417252306849
nonexistent_044,mixtral-8x7b,entity_aware,0,0,already_correct,0.2832522070221442,0.5440085679336117,2.6028868283866915,0.5926988213239269
nonexistent_045,mixtral-8x7b,entity_aware,0,0,already_correct,-4.440892098500626e-16,0.4474593634578884,1.6703877913238423,0.6926949289470643
nonexistent_046,mixtral-8x7b,entity_aware,0,0,already_correct,0.6900277134533814,0.4393045066966574,1.706411804861814,0.6973554138479499
nonexistent_047,mixtral-8x7b,entity_aware,0,0,already_correct,0.0,0.4971957099585214,1.7663887781112586,0.6783706857482479
nonexistent_048,mixtral-8x7b,entity_aware,0,0,already_correct,0.1377468608419395,0.4796644061488472,1.7528593850718552,0.6696658989700652
nonexistent_049,mixtral-8x7b,entity_aware,0,0,already_correct,0.3337416028727933,0.5151894043961379,1.6921964680335524,0.6627667906245607
nonexistent_050,mixtral-8x7b,entity_aware,2,0,fixed,0.4505974970339189,0.5006252176026377,2.3357904479686296,0.6092033117516354
nonexistent_051,mixtral-8x7b,entity_aware,0,0,already_correct,0.7718971548894408,0.4854904137187733,1.895052479560097,0.6506374340644948
nonexistent_052,mixtral-8x7b,entity_aware,2,0,fixed,1.1102230246251563e-16,0.4728590030035952,1.7887990848620996,0.6119730871620171
nonexistent_053,mixtral-8x7b,entity_aware,0,0,already_correct,0.1504813859894436,0.4859498001673301,1.657261219256427,0.6552500846776133
nonexistent_054,mixtral-8x7b,entity_aware,2,0,fixed,0.0298550825348501,0.3429242260486725,2.283564665138221,0.5507380929334323
nonexistent_055,mixtral-8x7b,entity_aware,0,0,already_correct,2.220446049250313e-16,0.5603317551690375,2.738502343053188,0.6092613698734879
nonexistent_056,mixtral-8x7b,entity_aware,0,0,already_correct,0.2269927756030223,0.4921681596330601,2.0218330905805675,0.6171315441753924
nonexistent_057,mixtral-8x7b,entity_aware,0,0,already_correct,0.8384730010881442,0.446268485223399,1.7307799836943771,0.7163141971215217
nonexistent_058,mixtral-8x7b,entity_aware,2,0,fixed,0.1316183196732502,0.3980349888395448,1.6671817091213794,0.6761587700330811
nonexistent_059,mixtral-8x7b,entity_aware,2,0,fixed,1.1102230246251563e-16,0.5274268411572661,2.1131023822274835,0.504095125915609
nonexistent_060,mixtral-8x7b,entity_aware,0,0,already_correct,1.1102230246251563e-16,0.5727185745103827,3.043315974404832,0.5724153464931367
nonexistent_061,mixtral-8x7b,entity_aware,2,0,fixed,0.0,0.5488998124686946,2.1039495058352067,0.6237480125734094
nonexistent_062,mixtral-8x7b,entity_aware,2,0,fixed,0.4287932223254523,0.5461921340004303,2.669335338797711,0.6094946617250923
nonexistent_063,mixtral-8x7b,entity_aware,0,0,already_correct,0.0,0.269784390824176,2.026822157297487,0.6773287402694432
nonexistent_064,mixtral-8x7b,entity_aware,0,0,already_correct,0.2391853786875325,0.6171416766601826,2.6267502371990252,0.5780032102260019
nonexistent_065,mixtral-8x7b,entity_aware,0,0,already_correct,-2.220446049250313e-16,0.3713326532083253,2.482790945149397,0.6319423700533386
nonexistent_066,mixtral-8x7b,entity_aware,2,0,fixed,0.0206471577488741,0.3805220429291759,1.6820587065914292,0.6946096718188879
nonexistent_067,mixtral-8x7b,entity_aware,2,0,fixed,0.4313498292652695,0.6099432842787053,2.3019429305758616,0.5890065697012337
nonexistent_068,mixtral-8x7b,entity_aware,2,2,still_broken,0.0,0.4011687566932002,1.4949977720115908,0.7752330700509196
nonexistent_069,mixtral-8x7b,entity_aware,2,0,fixed,0.0746020064872662,0.5065082810005996,1.7248770485132827,0.6200790952724083
nonexistent_070,mixtral-8x7b,entity_aware,0,0,already_correct,0.2231962646932311,0.3774941064544084,2.565239212839378,0.5428052565641274
nonexistent_071,mixtral-8x7b,entity_aware,0,0,already_correct,0.444422174384231,0.3883344433650393,1.3848640785493171,0.740159468757686
nonexistent_072,mixtral-8x7b,entity_aware,0,0,already_correct,0.1418882700819371,0.4499181735474316,1.410469525862015,0.7046362488953579
nonexistent_073,mixtral-8x7b,entity_aware,0,0,already_correct,0.6078326428629937,0.6533312838264017,2.769645429260442,0.6188884918061701
nonexistent_074,mixtral-8x7b,entity_aware,0,0,already_correct,0.124045795844386,0.3774086969379046,2.346487059189837,0.5508230476279948
nonexistent_075,mixtral-8x7b,entity_aware,2,0,fixed,0.1024315549974038,0.2676045967438318,2.056780484627801,0.6698730496654235
nonexistent_076,mixtral-8x7b,entity_aware,2,0,fixed,0.1890046897721587,0.4774598160250866,2.2157114319817346,0.6368687940379189
nonexistent_077,mixtral-8x7b,entity_aware,0,0,already_correct,0.3774938717837871,0.4307552008558352,1.6480894842078375,0.6833262920351999
nonexistent_078,mixtral-8x7b,entity_aware,0,0,already_correct,0.2391853786875315,0.6342464680046138,2.636007745353853,0.5813405949109487
nonexistent_079,mixtral-8x7b,entity_aware,1,0,other,0.0041491256678026,0.5300003710761907,2.2895570298667365,0.5396074401281944
nonexistent_080,mixtral-8x7b,entity_aware,2,0,fixed,0.0639360744884086,0.5369556486215432,2.3165792341902827,0.5285954358091894
nonexistent_081,mixtral-8x7b,entity_aware,2,0,fixed,0.510318600796009,0.4869111922249682,2.2154789476257033,0.6393147415853841
nonexistent_082,mixtral-8x7b,entity_aware,0,0,already_correct,-2.220446049250313e-16,0.5579015388786452,2.906007100061119,0.5722083956637365
nonexistent_083,mixtral-8x7b,entity_aware,0,0,already_correct,0.2264918922650558,0.3872016757502944,2.671676068597886,0.5402400158597737
nonexistent_084,mixtral-8x7b,entity_aware,2,0,fixed,0.1813165410053703,0.3779636385347069,2.278890128273501,0.5351329439205346
nonexistent_085,mixtral-8x7b,entity_aware,0,0,already_correct,0.0,0.5538749481118661,2.3942196181987963,0.5698575328740195
nonexistent_086,mixtral-8x7b,entity_aware,0,0,already_correct,0.2248132435528604,0.3620338686224142,2.582051227694653,0.5451446450145236
nonexistent_087,mixtral-8x7b,entity_aware,0,0,already_correct,0.0108420991632629,0.3945560043224224,2.394178481297942,0.5453762343562223
nonexistent_088,mixtral-8x7b,entity_aware,0,0,already_correct,1.1102230246251563e-16,0.6183519861963505,2.999391669304233,0.545934183786133
nonexistent_089,mixtral-8x7b,entity_aware,0,0,already_correct,0.0088413298822498,0.6070316724571939,2.75591942122386,0.5656177785257627
nonexistent_090,mixtral-8x7b,entity_aware,0,0,already_correct,0.4061365497884437,0.640297956406194,2.9999818462888124,0.5961153916347955
nonexistent_091,mixtral-8x7b,entity_aware,0,0,already_correct,0.0080572660634468,0.5883895280631628,2.867792951359041,0.5531594733499339
nonexistent_092,mixtral-8x7b,entity_aware,0,0,already_correct,0.6882958732870419,0.6043505175939932,2.2428224618371955,0.4509241254123759
nonexistent_093,mixtral-8x7b,entity_aware,0,0,already_correct,0.5118603154082471,0.6178111595283993,2.872415108360505,0.5720176184676486
nonexistent_094,mixtral-8x7b,entity_aware,2,0,fixed,0.1452052134183755,0.3669857232413221,2.301006000964713,0.5312844221702979
nonexistent_095,mixtral-8x7b,entity_aware,0,0,already_correct,0.3348925460280942,0.4324710021081013,1.9591909411658672,0.6663871378803026
nonexistent_096,mixtral-8x7b,entity_aware,0,0,already_correct,0.4542606855006625,0.3830227381620973,2.60203804699986,0.5854421830344917
nonexistent_097,mixtral-8x7b,entity_aware,0,0,already_correct,0.2775313508640024,0.5452100276976068,2.786741082796479,0.5639343830321482
nonexistent_098,mixtral-8x7b,entity_aware,2,0,fixed,0.0953515009517443,0.6060300380484986,2.3140911045752968,0.5877398578595393
nonexistent_099,mixtral-8x7b,entity_aware,0,0,already_correct,0.0693157235875372,0.5975343944918458,3.082443756039945,0.5309233309466046
nonexistent_100,mixtral-8x7b,entity_aware,0,0,already_correct,0.7046961778722258,0.3165946188778467,1.9220794841788955,0.7047898011803579
nonexistent_101,mixtral-8x7b,entity_aware,0,0,already_correct,0.0,0.2898084442356734,1.8477435834610152,0.6852463128598838
nonexistent_102,mixtral-8x7b,entity_aware,0,0,already_correct,0.7440328994000756,0.656492510271725,2.9364449240045225,0.5345052101237924
nonexistent_103,mixtral-8x7b,entity_aware,0,0,already_correct,0.5016432193586686,0.6008961890862008,2.686987516108755,0.550320452436539
nonexistent_104,mixtral-8x7b,entity_aware,2,0,fixed,0.4361524948216549,0.3742063842066859,2.4617332860106163,0.6050834543762504
nonexistent_105,mixtral-8x7b,entity_aware,0,0,already_correct,0.7709418713871505,0.6247681874084382,2.835188476389863,0.5946197096843913
nonexistent_106,mixtral-8x7b,entity_aware,0,0,already_correct,0.6078326428629951,0.6398374132984526,2.6383556049792096,0.6529173473539759
nonexistent_107,mixtral-8x7b,entity_aware,0,0,already_correct,0.1238208174257008,0.6442680389447031,2.6161830080858635,0.5976396745373815
nonexistent_108,mixtral-8x7b,entity_aware,0,0,already_correct,0.3123011901183431,0.611198138760787,2.711674497407564,0.5539723480018477
nonexistent_109,mixtral-8x7b,entity_aware,0,0,already_correct,-2.220446049250313e-16,0.2734974646941881,2.0455396028515973,0.6693600584024785
nonexistent_110,mixtral-8x7b,entity_aware,0,0,already_correct,0.5118603154082475,0.6097263902414586,2.6828549395236836,0.5943882438631942
nonexistent_111,mixtral-8x7b,entity_aware,0,0,already_correct,0.1782511086366093,0.2975615246505051,1.9208393848922565,0.6681828765393893
nonexistent_112,mixtral-8x7b,entity_aware,0,0,already_correct,0.5016432193586703,0.6186014594359213,2.87296858991689,0.5540540491300642
nonexistent_113,mixtral-8x7b,entity_aware,0,0,already_correct,0.0063899062963099,0.5586626835313167,2.840682923784205,0.557496767672401
nonexistent_114,mixtral-8x7b,entity_aware,0,0,already_correct,0.1429230961483591,0.5550202047340128,2.8248187354450396,0.568418176152549
nonexistent_115,mixtral-8x7b,entity_aware,2,3,fixed,0.1650254185559772,0.5731607226937883,2.349115435465942,0.5823740445607263
nonexistent_116,mixtral-8x7b,entity_aware,2,0,fixed,0.0,0.3633982611488979,2.348215397561924,0.5662501001010025
nonexistent_117,mixtral-8x7b,entity_aware,0,0,already_correct,0.1226499096655227,0.571144421812326,2.63405993552945,0.5800607937026624
nonexistent_118,mixtral-8x7b,entity_aware,0,0,already_correct,0.0048429147825804,0.2635767938349528,2.0750847301949236,0.668915287539573
nonexistent_119,mixtral-8x7b,entity_aware,0,0,already_correct,0.036017250607789,0.303978232075897,1.910441718217879,0.669415725821472
nonexistent_120,mixtral-8x7b,entity_aware,2,0,fixed,0.4087823102518205,0.3345844495325311,2.023099001917248,0.6762248492406105
ambiguous_001,mixtral-8x7b,entity_aware,0,0,already_correct,1.1102230246251563e-16,0.4513794437816401,1.5647058596101149,0.6762421181316913
ambiguous_002,mixtral-8x7b,entity_aware,0,0,already_correct,0.156266619267345,0.4738785383594013,1.5491106051937995,0.6478326148339721
ambiguous_003,mixtral-8x7b,entity_aware,0,0,already_correct,0.3080591443624276,0.4369457045848902,1.7434172385236724,0.5916459010431453
ambiguous_004,mixtral-8x7b,entity_aware,0,0,already_correct,0.3256189317691312,0.4187259533005385,2.022408245644571,0.4574143719551241
ambiguous_005,mixtral-8x7b,entity_aware,0,0,already_correct,0.2050703741541029,0.4486209595157274,1.533774470051912,0.6053944897852803
ambiguous_006,mixtral-8x7b,entity_aware,0,0,already_correct,0.0518319154145865,0.3821622797863735,1.7204615102839311,0.5881900769703599
ambiguous_007,mixtral-8x7b,entity_aware,0,0,already_correct,0.3209110607670674,0.4935539922957875,1.797897865239334,0.4986332005672295
ambiguous_008,mixtral-8x7b,entity_aware,0,0,already_correct,-2.220446049250313e-16,0.3885697140988601,1.6739590399814115,0.5495560201156677
ambiguous_009,mixtral-8x7b,entity_aware,0,0,already_correct,0.7817070362190207,0.5008673712789751,2.5116140111091583,0.5977153724716655
ambiguous_010,mixtral-8x7b,entity_aware,0,0,already_correct,0.0475995434810057,0.4588522448712292,1.495000430874621,0.5928802068173216
ambiguous_011,mixtral-8x7b,entity_aware,0,0,already_correct,0.5197036923578444,0.4901867915533022,2.12261389091119,0.6294324830746607
ambiguous_012,mixtral-8x7b,entity_aware,0,0,already_correct,0.0478287855388587,0.4889574550150641,1.8939417647262324,0.6339152382996209
ambiguous_013,mixtral-8x7b,entity_aware,0,0,already_correct,0.6861433153782892,0.3426191447263088,1.946222997396814,0.6033718498608189
ambiguous_014,mixtral-8x7b,entity_aware,0,0,already_correct,0.5696514344000015,0.4822030792025104,1.673090296213788,0.5767970614395511
ambiguous_015,mixtral-8x7b,entity_aware,0,0,already_correct,0.006331088371127,0.524241975087887,2.480078367613028,0.5689004415259753
ambiguous_016,mixtral-8x7b,entity_aware,0,0,already_correct,0.2113088459761729,0.4762212802418333,1.666302606977574,0.6348986657394063
ambiguous_017,mixtral-8x7b,entity_aware,0,0,already_correct,2.220446049250313e-16,0.5301814116529138,1.7386652921085697,0.5586315121384209
ambiguous_018,mixtral-8x7b,entity_aware,0,0,already_correct,0.0530431484712531,0.5524618129318023,2.305389413728326,0.5632077631307728
ambiguous_019,mixtral-8x7b,entity_aware,0,0,already_correct,0.5747450417462028,0.4703734853293836,1.9714896929037995,0.645917251025028
ambiguous_020,mixtral-8x7b,entity_aware,0,0,already_correct,0.8544863026435386,0.4908550493110857,1.6216498566508957,0.6091094490231097
ambiguous_021,mixtral-8x7b,entity_aware,0,0,already_correct,0.4526154356896075,0.477356057734747,2.2498023613167444,0.584299413307553
ambiguous_022,mixtral-8x7b,entity_aware,0,0,already_correct,0.4162526884229248,0.4426994226311981,1.8093026271726984,0.6055317326702114
ambiguous_023,mixtral-8x7b,entity_aware,0,0,already_correct,0.2760844051091073,0.4083250134176807,1.597435662269415,0.6198188342781339
ambiguous_024,mixtral-8x7b,entity_aware,0,0,already_correct,0.4769088584266318,0.4415771262943727,1.947832954084308,0.6336175875800149
ambiguous_025,mixtral-8x7b,entity_aware,0,0,already_correct,3.3306690738754696e-16,0.4303615604332876,1.717905004596788,0.5895631527681274
ambiguous_026,mixtral-8x7b,entity_aware,0,0,already_correct,0.7756478610317874,0.4481652299566769,1.9966912875228944,0.5539782813035896
ambiguous_027,mixtral-8x7b,entity_aware,0,0,already_correct,0.65337205001654,0.4920463264015721,1.8550477551070408,0.5790169270710116
ambiguous_028,mixtral-8x7b,entity_aware,0,0,already_correct,0.7837684723193905,0.5559512611292741,2.5253373391085745,0.4884599678512389
ambiguous_029,mixtral-8x7b,entity_aware,0,0,already_correct,0.7349821196700508,0.4700382676302619,1.6836054786857897,0.6180723877663572
ambiguous_030,mixtral-8x7b,entity_aware,0,0,already_correct,1.1102230246251563e-16,0.4805095401320631,1.684627314785207,0.6469193613548665
ambiguous_031,mixtral-8x7b,entity_aware,0,0,already_correct,0.4745157636360088,0.4590779271101095,2.2056204955548524,0.5987863233529852
ambiguous_032,mixtral-8x7b,entity_aware,0,0,already_correct,0.5960955733174593,0.4745264660026879,1.9309545300549564,0.6486603872812313
ambiguous_033,mixtral-8x7b,entity_aware,0,0,already_correct,0.5450477701089003,0.3408572808392561,1.5186842211089546,0.6757521670687063
ambiguous_034,mixtral-8x7b,entity_aware,0,0,already_correct,0.2801912416407609,0.4886872520942579,1.649913076128024,0.634175344337971
ambiguous_035,mixtral-8x7b,entity_aware,0,0,already_correct,0.1925840292678671,0.4947919423642294,1.8809749221551064,0.6429165414873972
ambiguous_036,mixtral-8x7b,entity_aware,0,0,already_correct,0.5714292957616816,0.3918340309820629,1.589261410637838,0.6313742449601347
ambiguous_037,mixtral-8x7b,entity_aware,0,0,already_correct,0.3266285119014644,0.4027126938437462,1.669149067327672,0.6811065852223763
ambiguous_038,mixtral-8x7b,entity_aware,0,0,already_correct,0.7930763567529276,0.4373771959340085,1.8337624019513588,0.6173261440063563
ambiguous_039,mixtral-8x7b,entity_aware,0,0,already_correct,0.793011270114748,0.412109214029654,1.7574826215622117,0.6519528738094241
ambiguous_040,mixtral-8x7b,entity_aware,0,0,already_correct,0.4010978374185715,0.4720551513825379,1.535301183088386,0.652945435462701
ambiguous_041,mixtral-8x7b,entity_aware,0,0,already_correct,1.1102230246251563e-16,0.3954656701936273,2.0882568101300514,0.6111258136004332
ambiguous_042,mixtral-8x7b,entity_aware,0,0,already_correct,0.4191815494437741,0.4125742846911971,2.1025067631140755,0.6083614431685562
ambiguous_043,mixtral-8x7b,entity_aware,0,0,already_correct,0.772029511728072,0.4104756034518856,1.7331819908023778,0.5914375756850283
ambiguous_044,mixtral-8x7b,entity_aware,0,0,already_correct,0.1141930109973524,0.4455329723918393,1.4950548630899807,0.7469428945095788
ambiguous_045,mixtral-8x7b,entity_aware,0,0,already_correct,0.199354465743603,0.4763491588176562,1.8880987863168004,0.6647331060284427
ambiguous_046,mixtral-8x7b,entity_aware,0,0,already_correct,0.6017392034715879,0.498338276172085,1.7294301961153629,0.6344999105871726
ambiguous_047,mixtral-8x7b,entity_aware,0,0,already_correct,1.1102230246251563e-16,0.5203500695220684,2.1452544516792873,0.609386040166454
ambiguous_048,mixtral-8x7b,entity_aware,0,0,already_correct,0.0007623374921091,0.5308068561372266,2.288822174471036,0.5812918740543526
ambiguous_049,mixtral-8x7b,entity_aware,0,0,already_correct,0.015373448445039,0.4583185559205806,1.537740731218717,0.7508015940134369
ambiguous_050,mixtral-8x7b,entity_aware,0,0,already_correct,0.1046427514876041,0.465696382006646,1.6163408071835996,0.5684870725852254
ambiguous_051,mixtral-8x7b,entity_aware,0,0,already_correct,0.2499723149221913,0.43023306463915,1.7107824916712575,0.6072732194290416
ambiguous_052,mixtral-8x7b,entity_aware,0,0,already_correct,0.1777043483180626,0.3669493979542798,1.5792179442982903,0.6786201025989553
ambiguous_053,mixtral-8x7b,entity_aware,0,0,already_correct,1.1102230246251563e-16,0.5118915852044066,2.179763751474003,0.6039753448805846
ambiguous_054,mixtral-8x7b,entity_aware,0,0,already_correct,0.198262011441614,0.4242561711000174,1.7758487332933757,0.5876605809851464
ambiguous_055,mixtral-8x7b,entity_aware,0,0,already_correct,0.3318038674512861,0.5638879571477007,2.597080864630488,0.5411168078440893
ambiguous_056,mixtral-8x7b,entity_aware,0,0,already_correct,0.787933391422078,0.4282860633495321,1.6794508530342969,0.6193214851712351
ambiguous_057,mixtral-8x7b,entity_aware,0,0,already_correct,0.7113343895294981,0.4293178033901159,1.5607522898229576,0.5954319298025103
ambiguous_058,mixtral-8x7b,entity_aware,0,0,already_correct,0.4716015668227307,0.4854064458580643,1.6875500884206494,0.6059676160038356
ambiguous_059,mixtral-8x7b,entity_aware,0,0,already_correct,0.2264498336035106,0.3760437799577025,1.9834791706852324,0.6039879748085556
ambiguous_060,mixtral-8x7b,entity_aware,0,0,already_correct,0.3825585437981733,0.51702828834971,2.0952969419991185,0.6084568178815019
ambiguous_061,mixtral-8x7b,entity_aware,0,0,already_correct,0.2272560128285399,0.457724324731267,2.097446446207426,0.6047368641572493
ambiguous_062,mixtral-8x7b,entity_aware,0,0,already_correct,0.3750512555545342,0.3472976227298386,1.5367877744642742,0.6763947789547355
ambiguous_063,mixtral-8x7b,entity_aware,0,0,already_correct,0.3865161151473019,0.541080692121289,2.542454437666057,0.5768717961479495
ambiguous_064,mixtral-8x7b,entity_aware,0,0,already_correct,0.1307481718924291,0.3895086882637234,1.503733655746533,0.6664351444693426
ambiguous_065,mixtral-8x7b,entity_aware,0,0,already_correct,0.194605255827799,0.4511334962558812,1.916915496860755,0.5915300441343841
ambiguous_066,mixtral-8x7b,entity_aware,0,0,already_correct,0.3654580221617494,0.4042543673130022,2.2415599654657004,0.5794837452194913
ambiguous_067,mixtral-8x7b,entity_aware,0,0,already_correct,0.0791723013304377,0.4497917419916035,1.841533950391534,0.5970550880084131
ambiguous_068,mixtral-8x7b,entity_aware,0,0,already_correct,0.066774602112254,0.4951176168791676,2.1267789044021064,0.6351308307505117
ambiguous_069,mixtral-8x7b,entity_aware,0,0,already_correct,0.1586471919117993,0.529494803089946,2.0765701978308715,0.5892945636077542
ambiguous_070,mixtral-8x7b,entity_aware,0,0,already_correct,0.1870498066681122,0.4704141435171802,1.8277405957714217,0.6663566236239373
ambiguous_071,mixtral-8x7b,entity_aware,0,0,already_correct,0.7759509016235346,0.3699680199022408,1.7725946025393668,0.6637848508725611
ambiguous_072,mixtral-8x7b,entity_aware,0,0,already_correct,0.5216525516035583,0.4684540634637558,2.326993622517255,0.5978458356539245
ambiguous_073,mixtral-8x7b,entity_aware,0,0,already_correct,0.2936189183965008,0.5208703924217264,2.1241942911593283,0.6104035765527966
ambiguous_074,mixtral-8x7b,entity_aware,0,0,already_correct,0.1145039381174928,0.4419136983826476,1.788208277303796,0.6120511931249658
ambiguous_075,mixtral-8x7b,entity_aware,0,0,already_correct,0.365952809779331,0.485992797395979,1.8185966114818952,0.5435721514206071
ambiguous_076,mixtral-8x7b,entity_aware,0,0,already_correct,0.7213988409624724,0.3607934560277327,2.032940124169298,0.5768120238858836
ambiguous_077,mixtral-8x7b,entity_aware,0,0,already_correct,1.1102230246251563e-16,0.4691249325297769,1.536176855806763,0.6655102729503211
ambiguous_078,mixtral-8x7b,entity_aware,0,0,already_correct,0.6102384166237447,0.3309039430913535,1.945321004425669,0.6327630031284367
ambiguous_079,mixtral-8x7b,entity_aware,0,0,already_correct,0.0472035092883931,0.4396842449932009,1.5565000443193089,0.6797952870020483
ambiguous_080,mixtral-8x7b,entity_aware,0,0,already_correct,0.4151977764858052,0.3586927595693975,1.7914394329217986,0.6721294801293554
ambiguous_081,mixtral-8x7b,entity_aware,0,0,already_correct,0.4855467651349612,0.5549968588167808,2.5053253012188668,0.5468872608542804
ambiguous_082,mixtral-8x7b,entity_aware,0,0,already_correct,0.7658328910058598,0.6230728097731264,2.6572470950989033,0.535077946552968
ambiguous_083,mixtral-8x7b,entity_aware,0,0,already_correct,0.3569879122793679,0.4234983998739121,1.4864427139139904,0.7005679142214887
ambiguous_084,mixtral-8x7b,entity_aware,0,0,already_correct,0.813915447603801,0.5617528164330869,2.6222694504409856,0.4985161385558181
ambiguous_085,mixtral-8x7b,entity_aware,0,0,already_correct,0.1614533423014978,0.4636291982680142,1.941804469540396,0.5900963108132051
ambiguous_086,mixtral-8x7b,entity_aware,0,0,already_correct,0.743017796599794,0.3543153196251317,1.9659807045529467,0.6562811030001302
ambiguous_087,mixtral-8x7b,entity_aware,0,0,already_correct,0.0466926555910374,0.4222848113421836,1.8424749469213983,0.6127122670072148
ambiguous_088,mixtral-8x7b,entity_aware,0,0,already_correct,0.3567118773098702,0.4841113809463411,2.167649005470379,0.6245334628816293
ambiguous_089,mixtral-8x7b,entity_aware,0,0,already_correct,0.611246284171553,0.4960113538981785,2.191870742736033,0.6206749868162854
ambiguous_090,mixtral-8x7b,entity_aware,0,0,already_correct,0.8042895480254924,0.416559976103064,1.7939307084915004,0.6686223726245681
ambiguous_091,mixtral-8x7b,entity_aware,0,0,already_correct,0.2076148675269422,0.5138145931119994,2.139665299885295,0.6247996434257974
ambiguous_092,mixtral-8x7b,entity_aware,0,0,already_correct,0.1026864266633025,0.4481939538203094,2.1869450002189654,0.5909426463446185
ambiguous_093,mixtral-8x7b,entity_aware,0,0,already_correct,0.278469105695076,0.4535280981303278,2.3649636701392054,0.5582842671254327
ambiguous_094,mixtral-8x7b,entity_aware,0,0,already_correct,0.1570242529823706,0.5673791056109705,2.851291536253753,0.5590425535361244
ambiguous_095,mixtral-8x7b,entity_aware,0,0,already_correct,0.3971435463888026,0.4763578147032907,2.0347122121218564,0.618879841037896
ambiguous_096,mixtral-8x7b,entity_aware,0,0,already_correct,0.4765253194221335,0.4640500223838369,2.1859176570194774,0.5872903383214326
ambiguous_097,mixtral-8x7b,entity_aware,0,0,already_correct,0.6353888046578354,0.4442563595374043,2.254569412046105,0.5951307953623421
ambiguous_098,mixtral-8x7b,entity_aware,0,0,already_correct,0.2659934557581298,0.4971533534766986,1.85431406597822,0.6315672380816152
ambiguous_099,mixtral-8x7b,entity_aware,0,0,already_correct,0.4122169180977346,0.4999457285191128,2.0566971102312928,0.62843695233373
ambiguous_100,mixtral-8x7b,entity_aware,0,0,already_correct,0.7951870003563645,0.3379685889996887,1.9014629498644784,0.6729866135836824
ambiguous_101,mixtral-8x7b,entity_aware,0,0,already_correct,0.4644291196378647,0.4211060115285139,1.555361831243632,0.6486240159912241
ambiguous_102,mixtral-8x7b,entity_aware,0,0,already_correct,0.4648150364333798,0.3801291588200778,1.4396473473008482,0.6897197965120447
ambiguous_103,mixtral-8x7b,entity_aware,0,0,already_correct,0.5419964895552143,0.3842231245479571,1.8999848662665637,0.6139291334793262
ambiguous_104,mixtral-8x7b,entity_aware,0,0,already_correct,0.8258606644456606,0.4323335563608909,1.869447626643557,0.5807633910194665
ambiguous_105,mixtral-8x7b,entity_aware,0,0,already_correct,0.0,0.5850687660016045,2.8198418307364688,0.5159791337842479
ambiguous_106,mixtral-8x7b,entity_aware,0,0,already_correct,0.1955541882323601,0.4763274033503883,2.0453482035877815,0.5792543068011743
ambiguous_107,mixtral-8x7b,entity_aware,0,0,already_correct,0.7852537142351815,0.5534447910869212,3.077240443272292,0.5617718876165703
ambiguous_108,mixtral-8x7b,entity_aware,0,0,already_correct,0.7784739681522246,0.5289489372570311,2.570043882663746,0.5394469160977834
ambiguous_109,mixtral-8x7b,entity_aware,0,0,already_correct,-2.220446049250313e-16,0.5630419088673722,2.8453042975425036,0.5279049399088223
ambiguous_110,mixtral-8x7b,entity_aware,0,0,already_correct,0.7784739681522236,0.5573831781530021,2.6980702528590874,0.5525947825895404
ambiguous_111,mixtral-8x7b,entity_aware,0,0,already_correct,0.7904265763990705,0.5332547039469795,2.890427822347319,0.5592195130142679
ambiguous_112,mixtral-8x7b,entity_aware,0,0,already_correct,0.5944778426772561,0.4529522508777139,2.2979668368910664,0.5939220502391782
ambiguous_113,mixtral-8x7b,entity_aware,0,0,already_correct,0.7916298108343762,0.4708141465392798,2.1296230172096258,0.5992961085932158
ambiguous_114,mixtral-8x7b,entity_aware,0,0,already_correct,0.7817070362190197,0.5222985536915039,2.689982597010804,0.5710750985500112
ambiguous_115,mixtral-8x7b,entity_aware,0,0,already_correct,0.578983228374877,0.564329623796546,3.139104836665925,0.4776152791885106
ambiguous_116,mixtral-8x7b,entity_aware,0,0,already_correct,0.4397094565167494,0.5032015078756849,2.3459072836823083,0.5694700344070834
ambiguous_117,mixtral-8x7b,entity_aware,0,0,already_correct,0.7718055566518579,0.3231921429136292,1.997050245081332,0.6543277516701158
ambiguous_118,mixtral-8x7b,entity_aware,0,0,already_correct,0.4292952995207831,0.5103708777922726,2.0636351730411566,0.6327721335318325
ambiguous_119,mixtral-8x7b,entity_aware,0,0,already_correct,0.613721947830653,0.5614774706503529,2.5443242509364064,0.6052582758233723
ambiguous_120,mixtral-8x7b,entity_aware,0,0,already_correct,1.1102230246251563e-16,0.4112788770004014,1.9116197702854123,0.5695286366447575
borderline_obscure_0,mixtral-8x7b,epistemic_humility,0,0,already_correct,,,,
borderline_obscure_2,mixtral-8x7b,epistemic_humility,0,0,already_correct,,,,
borderline_obscure_3,mixtral-8x7b,epistemic_humility,0,0,already_correct,,,,
borderline_obscure_4,mixtral-8x7b,epistemic_humility,0,0,already_correct,,,,
borderline_obscure_5,mixtral-8x7b,epistemic_humility,0,0,already_correct,,,,
borderline_obscure_6,mixtral-8x7b,epistemic_humility,1,0,other,,,,
borderline_obscure_8,mixtral-8x7b,epistemic_humility,0,0,already_correct,,,,
borderline_obscure_9,mixtral-8x7b,epistemic_humility,0,0,already_correct,,,,
borderline_obscure_10,mixtral-8x7b,epistemic_humility,0,0,already_correct,,,,
borderline_obscure_12,mixtral-8x7b,epistemic_humility,0,0,already_correct,,,,
borderline_obscure_14,mixtral-8x7b,epistemic_humility,0,0,already_correct,,,,
borderline_obscure_15,mixtral-8x7b,epistemic_humility,0,1,already_correct,,,,
borderline_obscure_16,mixtral-8x7b,epistemic_humility,0,0,already_correct,,,,
borderline_obscure_17,mixtral-8x7b,epistemic_humility,0,3,already_correct,,,,
borderline_obscure_18,mixtral-8x7b,epistemic_humility,0,0,already_correct,,,,
borderline_obscure_19,mixtral-8x7b,epistemic_humility,0,0,already_correct,,,,
borderline_obscure_20,mixtral-8x7b,epistemic_humility,0,0,already_correct,,,,
borderline_obscure_21,mixtral-8x7b,epistemic_humility,0,3,already_correct,,,,
borderline_obscure_22,mixtral-8x7b,epistemic_humility,0,0,already_correct,,,,
borderline_obscure_23,mixtral-8x7b,epistemic_humility,1,3,other,,,,
borderline_obscure_24,mixtral-8x7b,epistemic_humility,0,0,already_correct,,,,
borderline_obscure_25,mixtral-8x7b,epistemic_humility,0,0,already_correct,,,,
borderline_obscure_26,mixtral-8x7b,epistemic_humility,0,0,already_correct,,,,
borderline_obscure_27,mixtral-8x7b,epistemic_humility,0,0,already_correct,,,,
borderline_obscure_28,mixtral-8x7b,epistemic_humility,0,0,already_correct,,,,
borderline_obscure_29,mixtral-8x7b,epistemic_humility,0,0,already_correct,,,,
borderline_obscure_30,mixtral-8x7b,epistemic_humility,0,0,already_correct,,,,
borderline_obscure_31,mixtral-8x7b,epistemic_humility,0,0,already_correct,,,,
borderline_obscure_32,mixtral-8x7b,epistemic_humility,0,1,already_correct,,,,
borderline_obscure_34,mixtral-8x7b,epistemic_humility,1,1,other,,,,
borderline_fake_0,mixtral-8x7b,epistemic_humility,0,0,already_correct,,,,
borderline_fake_2,mixtral-8x7b,epistemic_humility,2,3,fixed,,,,
borderline_fake_3,mixtral-8x7b,epistemic_humility,0,0,already_correct,,,,
borderline_fake_4,mixtral-8x7b,epistemic_humility,0,0,already_correct,,,,
borderline_fake_5,mixtral-8x7b,epistemic_humility,0,0,already_correct,,,,
borderline_fake_6,mixtral-8x7b,epistemic_humility,2,3,fixed,,,,
borderline_fake_7,mixtral-8x7b,epistemic_humility,2,0,fixed,,,,
borderline_fake_8,mixtral-8x7b,epistemic_humility,0,2,regressed,,,,
borderline_fake_9,mixtral-8x7b,epistemic_humility,2,3,fixed,,,,
borderline_fake_10,mixtral-8x7b,epistemic_humility,0,3,already_correct,,,,
borderline_fake_11,mixtral-8x7b,epistemic_humility,0,0,already_correct,,,,
borderline_fake_12,mixtral-8x7b,epistemic_humility,0,0,already_correct,,,,
borderline_fake_13,mixtral-8x7b,epistemic_humility,2,2,still_broken,,,,
borderline_fake_14,mixtral-8x7b,epistemic_humility,0,0,already_correct,,,,
borderline_fake_15,mixtral-8x7b,epistemic_humility,2,3,fixed,,,,
borderline_fake_16,mixtral-8x7b,epistemic_humility,2,0,fixed,,,,
borderline_fake_17,mixtral-8x7b,epistemic_humility,0,0,already_correct,,,,
borderline_fake_19,mixtral-8x7b,epistemic_humility,0,0,already_correct,,,,
borderline_fake_20,mixtral-8x7b,epistemic_humility,0,0,already_correct,,,,
borderline_fake_21,mixtral-8x7b,epistemic_humility,1,0,other,,,,
borderline_fake_22,mixtral-8x7b,epistemic_humility,0,0,already_correct,,,,
borderline_fake_23,mixtral-8x7b,epistemic_humility,2,0,fixed,,,,
borderline_fake_24,mixtral-8x7b,epistemic_humility,0,1,already_correct,,,,
borderline_fake_27,mixtral-8x7b,epistemic_humility,2,0,fixed,,,,
borderline_fake_28,mixtral-8x7b,epistemic_humility,0,0,already_correct,,,,
borderline_fake_29,mixtral-8x7b,epistemic_humility,2,2,still_broken,,,,
borderline_fake_30,mixtral-8x7b,epistemic_humility,2,0,fixed,,,,
borderline_fake_31,mixtral-8x7b,epistemic_humility,0,0,already_correct,,,,
borderline_fake_32,mixtral-8x7b,epistemic_humility,2,3,fixed,,,,
borderline_fake_33,mixtral-8x7b,epistemic_humility,2,2,still_broken,,,,
borderline_fake_34,mixtral-8x7b,epistemic_humility,0,0,already_correct,,,,
borderline_edge_0,mixtral-8x7b,epistemic_humility,0,0,already_correct,,,,
borderline_edge_1,mixtral-8x7b,epistemic_humility,0,0,already_correct,,,,
borderline_edge_2,mixtral-8x7b,epistemic_humility,0,0,already_correct,,,,
borderline_edge_3,mixtral-8x7b,epistemic_humility,0,0,already_correct,,,,
borderline_edge_4,mixtral-8x7b,epistemic_humility,0,0,already_correct,,,,
borderline_edge_5,mixtral-8x7b,epistemic_humility,0,0,already_correct,,,,
borderline_edge_6,mixtral-8x7b,epistemic_humility,0,0,already_correct,,,,
borderline_edge_7,mixtral-8x7b,epistemic_humility,0,0,already_correct,,,,
borderline_edge_8,mixtral-8x7b,epistemic_humility,0,0,already_correct,,,,
borderline_edge_9,mixtral-8x7b,epistemic_humility,0,0,already_correct,,,,
borderline_edge_10,mixtral-8x7b,epistemic_humility,0,0,already_correct,,,,
borderline_edge_11,mixtral-8x7b,epistemic_humility,0,0,already_correct,,,,
borderline_edge_12,mixtral-8x7b,epistemic_humility,0,0,already_correct,,,,
borderline_edge_13,mixtral-8x7b,epistemic_humility,0,0,already_correct,,,,
borderline_edge_14,mixtral-8x7b,epistemic_humility,0,0,already_correct,,,,
borderline_edge_15,mixtral-8x7b,epistemic_humility,0,0,already_correct,,,,
borderline_edge_16,mixtral-8x7b,epistemic_humility,0,0,already_correct,,,,
borderline_edge_17,mixtral-8x7b,epistemic_humility,0,0,already_correct,,,,
borderline_edge_18,mixtral-8x7b,epistemic_humility,0,0,already_correct,,,,
borderline_edge_19,mixtral-8x7b,epistemic_humility,0,0,already_correct,,,,
factual_001,mixtral-8x7b,epistemic_humility,2,1,fixed,0.3390698482009572,0.4258317670548038,1.383397835699358,0.8319429930204049
factual_002,mixtral-8x7b,epistemic_humility,0,0,already_correct,1.1102230246251563e-16,0.3671381095938628,1.542750285528084,0.7310246140998413
factual_003,mixtral-8x7b,epistemic_humility,0,0,already_correct,0.0756442551152993,0.4801142226197014,1.624794773575251,0.755998273251816
factual_004,mixtral-8x7b,epistemic_humility,1,3,other,0.0,0.4091090586541112,1.456805708543466,0.6993882164910686
factual_005,mixtral-8x7b,epistemic_humility,3,3,other,0.701730912788892,0.5021843521531819,1.7011396195193464,0.631399119430105
factual_006,mixtral-8x7b,epistemic_humility,0,0,already_correct,0.3259960846208846,0.463198484824823,1.6399415228618777,0.7872932102035252
factual_007,mixtral-8x7b,epistemic_humility,1,3,other,0.2091951151053356,0.4128652483638895,1.5903660763514311,0.7465407015315013
factual_008,mixtral-8x7b,epistemic_humility,0,0,already_correct,0.2037090540592256,0.468512958130906,1.6390644859640455,0.7686338531644856
factual_009,mixtral-8x7b,epistemic_humility,1,3,other,0.853848090543631,0.4151502834613091,1.6498944144090766,0.6572635505963973
factual_010,mixtral-8x7b,epistemic_humility,0,0,already_correct,0.232918055860813,0.5099705765787288,1.4726113798083318,0.7977554962414828
factual_011,mixtral-8x7b,epistemic_humility,3,3,other,0.6355284519294534,0.4036154541062687,1.7162440503449623,0.6860809940271048
factual_012,mixtral-8x7b,epistemic_humility,0,0,already_correct,0.08768981332469,0.3617398426203926,2.1728592401910753,0.7799865642706615
factual_013,mixtral-8x7b,epistemic_humility,1,3,other,0.5587325104078119,0.4151817642436208,1.5180539170053302,0.7282876276517176
factual_014,mixtral-8x7b,epistemic_humility,0,3,already_correct,0.6638246094684089,0.3553819706965982,2.1996388726934804,0.7761234665442845
factual_015,mixtral-8x7b,epistemic_humility,1,3,other,0.1297030895398097,0.3991916513629209,1.4328530668641868,0.7704209428355229
factual_016,mixtral-8x7b,epistemic_humility,0,0,already_correct,0.0621903996737486,0.4616666102107748,1.586809125161253,0.7543118897692439
factual_017,mixtral-8x7b,epistemic_humility,0,0,already_correct,0.1522014106797664,0.443350120005155,1.3893387081191293,0.7864701848631095
factual_018,mixtral-8x7b,epistemic_humility,0,0,already_correct,0.3992775109347958,0.4174074519253169,1.483890317654831,0.7521987718089467
factual_019,mixtral-8x7b,epistemic_humility,0,0,already_correct,0.570304218688948,0.4979737230271303,1.4626267777593926,0.8054669229845892
factual_020,mixtral-8x7b,epistemic_humility,1,3,other,0.3516206758576254,0.3763613439841432,1.611047325255963,0.7185921891940295
factual_021,mixtral-8x7b,epistemic_humility,0,3,already_correct,0.6527801569546965,0.4180078612342092,1.4350551741860758,0.7225185823687947
factual_022,mixtral-8x7b,epistemic_humility,0,0,already_correct,0.1783344385302553,0.3672437094222894,2.117486252547943,0.7833564590952354
factual_023,mixtral-8x7b,epistemic_humility,1,3,other,0.1352864691345792,0.4016135193900492,1.649187144559479,0.7067573427577292
factual_024,mixtral-8x7b,epistemic_humility,3,3,other,0.4975689892409519,0.4447017810950163,1.5171197273637569,0.713587560930383
factual_025,mixtral-8x7b,epistemic_humility,1,3,other,0.0,0.3980743483955428,1.6433910358883772,0.7367057649170274
factual_026,mixtral-8x7b,epistemic_humility,1,0,other,-2.220446049250313e-16,0.309447624007505,1.4760212348272164,0.8351255628104022
factual_027,mixtral-8x7b,epistemic_humility,0,0,already_correct,1.1102230246251563e-16,0.4080458109181683,1.4764124571822654,0.7593912020536738
factual_028,mixtral-8x7b,epistemic_humility,0,0,already_correct,0.1356920640120937,0.4393622371282437,1.649946639222292,0.7485870160062343
factual_029,mixtral-8x7b,epistemic_humility,0,0,already_correct,0.0,0.4977641369133579,1.4952019816184945,0.8305814312917218
factual_030,mixtral-8x7b,epistemic_humility,0,3,already_correct,0.7127292906743794,0.472656698084123,1.5989159658219183,0.6705712402368056
factual_031,mixtral-8x7b,epistemic_humility,0,0,already_correct,0.4314744393813291,0.4501789895715146,1.4405047447566357,0.7918370107882089
factual_032,mixtral-8x7b,epistemic_humility,1,3,other,0.0,0.4060071654329528,1.514936114087026,0.7245722802366368
factual_033,mixtral-8x7b,epistemic_humility,0,0,already_correct,0.0,0.5017394875876153,1.546885661918044,0.8087152173946708
factual_034,mixtral-8x7b,epistemic_humility,0,0,already_correct,0.6081839654868795,0.5232130866441007,1.4683546340768272,0.7915399581256456
factual_035,mixtral-8x7b,epistemic_humility,0,0,already_correct,0.4271616887496303,0.4876412851028002,1.5377929180335528,0.7756829976016371
factual_036,mixtral-8x7b,epistemic_humility,0,0,already_correct,0.1261866985503336,0.3244414575107672,1.5245649525106562,0.8273038597662479
factual_037,mixtral-8x7b,epistemic_humility,0,0,already_correct,0.0,0.3147422473558741,1.5672190155056889,0.7206514156979043
factual_038,mixtral-8x7b,epistemic_humility,2,3,fixed,0.0,0.4211484740263029,1.3771096527279183,0.8661372673645562
factual_039,mixtral-8x7b,epistemic_humility,3,1,other,0.177078731748155,0.4046827470446055,1.497245204967567,0.6446426131783606
factual_040,mixtral-8x7b,epistemic_humility,0,3,already_correct,-2.220446049250313e-16,0.3414680534651442,2.4910222200547074,0.737480424854035
factual_041,mixtral-8x7b,epistemic_humility,0,0,already_correct,0.6590282271990809,0.4413968529615208,1.4390743196603273,0.7699239301662081
factual_042,mixtral-8x7b,epistemic_humility,0,0,already_correct,0.8096019744024965,0.4545800688847466,1.6252229539662026,0.7989216578285829
factual_043,mixtral-8x7b,epistemic_humility,0,1,already_correct,0.1106474559626835,0.4682907741308082,1.546374825705338,0.797005081645074
factual_044,mixtral-8x7b,epistemic_humility,0,0,already_correct,0.2496274882844138,0.4826722402390526,1.4448395314471096,0.7926729701723823
factual_045,mixtral-8x7b,epistemic_humility,0,0,already_correct,0.3910302967543626,0.4762882153821701,1.451296329281991,0.7940873301226171
factual_046,mixtral-8x7b,epistemic_humility,0,0,already_correct,0.3909013784101188,0.4831296148411537,1.3766308979634674,0.7957830463075242
factual_047,mixtral-8x7b,epistemic_humility,0,0,already_correct,0.4080816131732503,0.3346997209064156,2.496140320144274,0.7613314728939098
factual_048,mixtral-8x7b,epistemic_humility,2,0,fixed,0.6211373159127278,0.442478820203474,1.64858837863659,0.789738065303002
factual_049,mixtral-8x7b,epistemic_humility,1,3,other,0.7052676924968719,0.5047896404943268,1.6764719459937247,0.6353803272121445
factual_050,mixtral-8x7b,epistemic_humility,3,3,other,0.8177822094666237,0.4325966950899802,1.605637013732773,0.6860979834111427
factual_051,mixtral-8x7b,epistemic_humility,0,3,already_correct,0.4856820367671054,0.4445014726564936,1.5978639282844784,0.6700823419876167
factual_052,mixtral-8x7b,epistemic_humility,0,0,already_correct,0.2588180790601095,0.4907653095180171,1.5672965779117558,0.7538454712736763
factual_053,mixtral-8x7b,epistemic_humility,2,2,still_broken,0.3459381505484974,0.4008120746180286,1.3829706679702791,0.8203197763151169
factual_054,mixtral-8x7b,epistemic_humility,2,0,fixed,2.220446049250313e-16,0.3674563684053866,1.3647406575165009,0.7838035822067071
factual_055,mixtral-8x7b,epistemic_humility,0,0,already_correct,0.5494506790999643,0.4252726172935853,1.478079942331184,0.7747870351215546
factual_056,mixtral-8x7b,epistemic_humility,0,0,already_correct,0.2539817160958447,0.4450391397394795,1.4632676163200211,0.7667842126110449
factual_057,mixtral-8x7b,epistemic_humility,0,0,already_correct,0.0,0.3978971698173434,1.453501272284534,0.7812083645803997
factual_058,mixtral-8x7b,epistemic_humility,0,0,already_correct,0.2095405375742327,0.5111534489258107,1.5430189490603494,0.8232970349963812
factual_059,mixtral-8x7b,epistemic_humility,0,0,already_correct,0.3699076605808898,0.2896543084979006,1.4772908783384575,0.7960505597584258
factual_060,mixtral-8x7b,epistemic_humility,0,0,already_correct,0.7099132644629002,0.5105063433676238,1.415749810693637,0.8558493626016794
factual_061,mixtral-8x7b,epistemic_humility,0,0,already_correct,2.220446049250313e-16,0.4819275257171794,1.501545009538279,0.7979848304214872
factual_062,mixtral-8x7b,epistemic_humility,0,0,already_correct,0.3387145971543948,0.4738592572936945,1.4166794254788595,0.8233539805586463
factual_063,mixtral-8x7b,epistemic_humility,0,0,already_correct,0.6365540150039888,0.4269955459015017,1.5280710244608426,0.7143697392221002
factual_064,mixtral-8x7b,epistemic_humility,0,0,already_correct,0.5922619222704957,0.3018866463373968,1.4603186455188824,0.8220882818069783
factual_065,mixtral-8x7b,epistemic_humility,0,0,already_correct,0.1128744609388492,0.3407672513109081,2.070468063091321,0.7374627770235378
factual_066,mixtral-8x7b,epistemic_humility,0,0,already_correct,0.1900235496338574,0.503458426875032,1.4324307182167868,0.8095817527009933
factual_067,mixtral-8x7b,epistemic_humility,0,0,already_correct,0.4748283421565603,0.4142539887401134,1.4732365393388285,0.7979292272466194
factual_068,mixtral-8x7b,epistemic_humility,0,0,already_correct,0.0639272631090749,0.3510497420817116,2.3556922148236583,0.7631016457391149
factual_069,mixtral-8x7b,epistemic_humility,0,0,already_correct,0.5181413802399217,0.4553498762964384,1.606172484932409,0.7888276761457962
factual_070,mixtral-8x7b,epistemic_humility,0,0,already_correct,0.1117010549366074,0.3703280439605724,1.8385235083809184,0.7902572804385989
factual_071,mixtral-8x7b,epistemic_humility,0,0,already_correct,0.3523509046120336,0.5017514427116267,1.506904467763912,0.8128678303414758
factual_072,mixtral-8x7b,epistemic_humility,0,0,already_correct,0.1926927217111285,0.3575782828311282,2.052706263150836,0.7867627154094793
factual_073,mixtral-8x7b,epistemic_humility,0,0,already_correct,0.3366527554593764,0.3560932709599926,1.8814618137714167,0.8112673307261143
factual_074,mixtral-8x7b,epistemic_humility,2,0,fixed,0.6304310634975547,0.3884602880899718,1.486769258226069,0.7831299629453908
factual_075,mixtral-8x7b,epistemic_humility,0,0,already_correct,1.1102230246251563e-16,0.5018524787912563,1.520063619021078,0.7990751099204498
factual_076,mixtral-8x7b,epistemic_humility,1,0,other,0.5900770287315599,0.3669007903011599,1.419601129895851,0.755357546080865
factual_077,mixtral-8x7b,epistemic_humility,0,0,already_correct,3.3306690738754696e-16,0.4003005515850812,1.3862081007025076,0.8152530270212486
factual_078,mixtral-8x7b,epistemic_humility,0,0,already_correct,1.1102230246251563e-16,0.5051220359781636,1.4570154481027626,0.808027167838611
factual_079,mixtral-8x7b,epistemic_humility,0,0,already_correct,0.0,0.3487148893477196,2.27657210305503,0.7800840971199191
factual_080,mixtral-8x7b,epistemic_humility,0,0,already_correct,0.5175730124359599,0.2895453626919549,1.477225335209429,0.8115261311321036
factual_081,mixtral-8x7b,epistemic_humility,0,0,already_correct,0.1012554620345593,0.4328614718772041,1.3507097741310654,0.8362269260064743
factual_082,mixtral-8x7b,epistemic_humility,0,0,already_correct,-2.220446049250313e-16,0.3373139951597824,2.0354023865462363,0.7548743531801294
factual_083,mixtral-8x7b,epistemic_humility,0,0,already_correct,1.1102230246251563e-16,0.4679765550289769,1.4512844040683364,0.7974902815995142
factual_084,mixtral-8x7b,epistemic_humility,0,0,already_correct,0.0873858389472691,0.356731544150184,1.884260342664908,0.8235908886889827
factual_085,mixtral-8x7b,epistemic_humility,0,3,already_correct,-2.220446049250313e-16,0.4924453090325872,1.6060426147927964,0.758906445296362
factual_086,mixtral-8x7b,epistemic_humility,1,3,other,0.806081801684519,0.3458666117576172,2.0156784313857306,0.8087802765551547
factual_087,mixtral-8x7b,epistemic_humility,0,0,already_correct,0.5558699241037635,0.418235810908836,1.428998031152279,0.838896372111011
factual_088,mixtral-8x7b,epistemic_humility,0,0,already_correct,0.2333428271170836,0.3934658100064162,1.465304295968953,0.7830320061798703
factual_089,mixtral-8x7b,epistemic_humility,0,0,already_correct,0.668761632601216,0.5136980177126386,1.4991079933172302,0.8010776930231761
factual_090,mixtral-8x7b,epistemic_humility,0,0,already_correct,-2.220446049250313e-16,0.4635935923083798,1.4173488710208413,0.8137413115784311
factual_091,mixtral-8x7b,epistemic_humility,0,0,already_correct,0.3814291512015367,0.475664023604871,1.3936260572592174,0.8450265988684978
factual_092,mixtral-8x7b,epistemic_humility,0,0,already_correct,1.1102230246251563e-16,0.4833001715292726,1.409955852156895,0.7710239748280108
factual_093,mixtral-8x7b,epistemic_humility,0,0,already_correct,0.0058858111161878,0.3460475600916803,2.3507409980528458,0.771903298359765
factual_094,mixtral-8x7b,epistemic_humility,0,0,already_correct,0.0,0.3419792874368186,2.076048546434794,0.7869229786519517
factual_095,mixtral-8x7b,epistemic_humility,0,0,already_correct,0.0,0.454446304442836,1.6077006245745566,0.7891477636161054
factual_096,mixtral-8x7b,epistemic_humility,0,0,already_correct,-2.220446049250313e-16,0.3430834906900136,2.0974092363572936,0.7780574232390709
factual_097,mixtral-8x7b,epistemic_humility,0,0,already_correct,0.1933373330263507,0.3472492097743691,2.1468875447425866,0.8008670767765944
factual_098,mixtral-8x7b,epistemic_humility,0,0,already_correct,0.1946058820058216,0.3592082545940397,2.187610416506546,0.7161179857994848
impossible_001,mixtral-8x7b,epistemic_humility,0,0,already_correct,0.0,0.4284789178593438,1.3647315671430038,0.8173245508833905
impossible_002,mixtral-8x7b,epistemic_humility,0,0,already_correct,0.1925003012804915,0.4396589807744273,1.4400179462563576,0.7689164062010384
impossible_003,mixtral-8x7b,epistemic_humility,0,0,already_correct,0.3041079336142306,0.4745776345517306,1.5647300163614537,0.6969380899420593
impossible_004,mixtral-8x7b,epistemic_humility,0,0,already_correct,0.3074015199966582,0.4454880922352143,1.458411279508117,0.7008940148293222
impossible_005,mixtral-8x7b,epistemic_humility,0,0,already_correct,0.5348686529869204,0.4778804885323092,1.5571238857869047,0.5928068096228768
impossible_006,mixtral-8x7b,epistemic_humility,0,0,already_correct,0.0,0.3150933902050303,1.44914888839206,0.7424336900914429
impossible_007,mixtral-8x7b,epistemic_humility,0,0,already_correct,0.0760181053446082,0.4283067881602623,1.5733228037355471,0.6215082050686007
impossible_008,mixtral-8x7b,epistemic_humility,0,0,already_correct,2.220446049250313e-16,0.4589631985402678,1.4780617824844742,0.6774152573684572
impossible_009,mixtral-8x7b,epistemic_humility,0,0,already_correct,0.1249390917114745,0.3118504227910957,1.43227288011093,0.7238138878895117
impossible_010,mixtral-8x7b,epistemic_humility,0,0,already_correct,1.1102230246251563e-16,0.3666893394761781,1.3883202835937618,0.7648042512578479
impossible_011,mixtral-8x7b,epistemic_humility,0,0,already_correct,0.6570046720548636,0.4878757339388605,1.606294091488777,0.6475217814214653
impossible_012,mixtral-8x7b,epistemic_humility,0,0,already_correct,0.3881410451718331,0.4235035315207365,1.5279960497361569,0.6620432260206898
impossible_013,mixtral-8x7b,epistemic_humility,0,0,already_correct,0.367171031876069,0.4485257442853096,1.4305640589961452,0.7090608744629913
impossible_014,mixtral-8x7b,epistemic_humility,0,0,already_correct,0.304387963775812,0.4766921393628873,1.5886968038209053,0.6036803376122305
impossible_015,mixtral-8x7b,epistemic_humility,0,0,already_correct,0.1445833902033999,0.4535491798602405,1.3948250469146637,0.7345084218910429
impossible_016,mixtral-8x7b,epistemic_humility,0,0,already_correct,0.3695204607283343,0.4770769095741097,1.468249801349997,0.7287548863456212
impossible_017,mixtral-8x7b,epistemic_humility,0,0,already_correct,1.1102230246251563e-16,0.385438073138071,1.3476026514497093,0.709421966154461
impossible_018,mixtral-8x7b,epistemic_humility,0,0,already_correct,0.0,0.4512168499635118,1.469118684012558,0.7333250355902713
impossible_019,mixtral-8x7b,epistemic_humility,0,0,already_correct,0.6948227806005108,0.3969968770339099,1.4634214021984335,0.6949529191130599
impossible_020,mixtral-8x7b,epistemic_humility,0,0,already_correct,0.0,0.4752509211435867,1.303120271345749,0.8113480057164546
impossible_021,mixtral-8x7b,epistemic_humility,0,0,already_correct,0.6847774947219638,0.4431305143455964,1.4181748812695176,0.672847509017385
impossible_022,mixtral-8x7b,epistemic_humility,0,0,already_correct,-2.220446049250313e-16,0.3520010654438289,1.4639729737187956,0.7241808216844288
impossible_023,mixtral-8x7b,epistemic_humility,0,0,already_correct,3.3306690738754696e-16,0.455889330351273,1.4344927170928583,0.7930420973301907
impossible_024,mixtral-8x7b,epistemic_humility,0,0,already_correct,0.8644938403979362,0.4082023102283143,1.4271735443184168,0.7753947228954897
impossible_025,mixtral-8x7b,epistemic_humility,0,0,already_correct,0.7333388588522243,0.3785684530811432,1.4244542885042928,0.7235396087514101
impossible_026,mixtral-8x7b,epistemic_humility,0,0,already_correct,0.8640442510880024,0.3975716398225351,1.4109313497671825,0.7797697609927278
impossible_027,mixtral-8x7b,epistemic_humility,0,0,already_correct,0.7105278016919148,0.4247105743564808,1.4385519582650963,0.6971456827575261
impossible_028,mixtral-8x7b,epistemic_humility,0,0,already_correct,0.4309963868988636,0.4196514921035555,1.5398167790911867,0.6362163799506999
impossible_029,mixtral-8x7b,epistemic_humility,0,0,already_correct,0.1257851711933711,0.4600169891009289,1.458718882930412,0.7963664184013529
impossible_030,mixtral-8x7b,epistemic_humility,0,0,already_correct,0.8020508056844807,0.4030046415686885,1.4198247172073906,0.7242645544496362
nonexistent_001,mixtral-8x7b,epistemic_humility,0,0,already_correct,0.0454428209205745,0.4570250522860282,1.615715817569476,0.6594531936841832
nonexistent_002,mixtral-8x7b,epistemic_humility,0,0,already_correct,0.4677381953787014,0.4807812336471663,1.9384404475051296,0.6586584120072059
nonexistent_003,mixtral-8x7b,epistemic_humility,2,2,still_broken,1.1102230246251563e-16,0.4276243627057265,1.5094994460630982,0.6937800151786704
nonexistent_004,mixtral-8x7b,epistemic_humility,0,0,already_correct,-2.220446049250313e-16,0.4564137144815087,1.851797884385934,0.5726994262069951
nonexistent_005,mixtral-8x7b,epistemic_humility,0,0,already_correct,0.0,0.465822997116629,1.8623172596233903,0.6509377288126535
nonexistent_006,mixtral-8x7b,epistemic_humility,2,2,still_broken,0.0,0.5029321806753635,1.5509796102552418,0.6790876172544247
nonexistent_007,mixtral-8x7b,epistemic_humility,2,3,fixed,0.5911705809667317,0.4384180276510528,2.1493553401106253,0.6484046155692724
nonexistent_008,mixtral-8x7b,epistemic_humility,0,0,already_correct,0.0957750557052731,0.384685691724981,2.399391497385759,0.5396505391719605
nonexistent_009,mixtral-8x7b,epistemic_humility,0,0,already_correct,0.4385653332026844,0.4761348024669491,1.963117468304936,0.6151337027863505
nonexistent_010,mixtral-8x7b,epistemic_humility,0,0,already_correct,0.5158505587176638,0.4476063807965523,1.8334121656816305,0.6639503111744578
nonexistent_011,mixtral-8x7b,epistemic_humility,0,3,already_correct,0.0,0.4183605627704306,1.8233726758969768,0.6008289869583918
nonexistent_012,mixtral-8x7b,epistemic_humility,2,3,fixed,0.0,0.3282147135021206,1.6967845457280517,0.7164932747542667
nonexistent_013,mixtral-8x7b,epistemic_humility,0,0,already_correct,0.0,0.6334931482875634,3.234875388204,0.5542865449529822
nonexistent_014,mixtral-8x7b,epistemic_humility,1,0,other,0.0,0.4130129249322228,1.8320968749483288,0.5693820791961997
nonexistent_015,mixtral-8x7b,epistemic_humility,0,0,already_correct,0.0,0.374969051477136,1.4898031777136556,0.6910299677931582
nonexistent_016,mixtral-8x7b,epistemic_humility,2,0,fixed,0.2805045218348615,0.5910803578233195,2.732910152966596,0.6001690613713271
nonexistent_017,mixtral-8x7b,epistemic_humility,0,0,already_correct,0.5302974421282072,0.4651336536553984,1.7342393214203522,0.6404096140823191
nonexistent_018,mixtral-8x7b,epistemic_humility,0,0,already_correct,0.3342446558250019,0.489726295593314,1.848305485089209,0.6699256292861111
nonexistent_019,mixtral-8x7b,epistemic_humility,0,0,already_correct,0.0,0.5808501293560877,2.844296976941338,0.5523783938073688
nonexistent_020,mixtral-8x7b,epistemic_humility,0,0,already_correct,0.5115517775867039,0.4732462382721614,1.993442159482999,0.6708993438546399
nonexistent_021,mixtral-8x7b,epistemic_humility,0,0,already_correct,0.5574498399007891,0.4421586669851266,1.7331138624020443,0.629479369950903
nonexistent_022,mixtral-8x7b,epistemic_humility,0,0,already_correct,0.6337578213026309,0.5115894791801593,2.003651681231058,0.560773997383176
nonexistent_023,mixtral-8x7b,epistemic_humility,2,0,fixed,0.3568558343007325,0.3539184574866522,2.4073431465037234,0.6145784425889566
nonexistent_024,mixtral-8x7b,epistemic_humility,0,0,already_correct,1.1102230246251563e-16,0.5091116721181774,2.015018677082794,0.6064807709590798
nonexistent_025,mixtral-8x7b,epistemic_humility,0,0,already_correct,1.1102230246251563e-16,0.4263605809857247,1.385281679632341,0.7504628298669417
nonexistent_026,mixtral-8x7b,epistemic_humility,2,2,still_broken,0.0975577827163954,0.500677276446372,1.877240963729926,0.6862876200297774
nonexistent_027,mixtral-8x7b,epistemic_humility,0,3,already_correct,0.6873397586664541,0.5831425659305403,2.194423208872275,0.439598850196002
nonexistent_028,mixtral-8x7b,epistemic_humility,0,0,already_correct,0.5810363014954536,0.4748582757943949,1.5307392572882974,0.7431710443416528
nonexistent_029,mixtral-8x7b,epistemic_humility,0,0,already_correct,0.0,0.3689495032061506,2.4195365373037796,0.5486947156478663
nonexistent_030,mixtral-8x7b,epistemic_humility,0,0,already_correct,0.6736730288677727,0.5520334085147902,1.8682348773229904,0.698702271143901
nonexistent_031,mixtral-8x7b,epistemic_humility,2,0,fixed,0.3281983558312015,0.5368106658137504,2.307223853167116,0.6242041309939212
nonexistent_032,mixtral-8x7b,epistemic_humility,0,0,already_correct,0.539372510742057,0.3829378402034553,2.7346886215316357,0.5559429890739753
nonexistent_033,mixtral-8x7b,epistemic_humility,0,0,already_correct,0.5757749954802136,0.5837106417413707,1.8593737943376472,0.6640875742086295
nonexistent_034,mixtral-8x7b,epistemic_humility,0,0,already_correct,0.4187105756418797,0.6038574964801048,2.3099387615258946,0.5853326755318425
nonexistent_035,mixtral-8x7b,epistemic_humility,0,0,already_correct,0.0,0.5205105768308945,1.805052905184283,0.6704744389494379
nonexistent_036,mixtral-8x7b,epistemic_humility,0,0,already_correct,3.3306690738754696e-16,0.4689086948310491,1.8339277076756957,0.6048819095183796
nonexistent_037,mixtral-8x7b,epistemic_humility,0,0,already_correct,0.3540607959987495,0.4891591393930209,1.5779747684754617,0.6807964102588424
nonexistent_038,mixtral-8x7b,epistemic_humility,0,0,already_correct,0.7415075567544674,0.6501094394237092,2.774768723402712,0.5365121089258558
nonexistent_039,mixtral-8x7b,epistemic_humility,2,0,fixed,0.0,0.5271627150413254,2.0999586130232513,0.5111346006353664
nonexistent_040,mixtral-8x7b,epistemic_humility,2,0,fixed,0.0,0.5301536458570822,2.1752483159909812,0.5287035673415779
nonexistent_041,mixtral-8x7b,epistemic_humility,0,0,already_correct,0.3402406836440982,0.4147167129460392,1.732507209343875,0.6214838176658093
nonexistent_042,mixtral-8x7b,epistemic_humility,2,2,still_broken,0.4820732510236483,0.3974697854786684,1.3763666579571388,0.7583163767435037
nonexistent_043,mixtral-8x7b,epistemic_humility,2,2,still_broken,0.6117514925271953,0.3968230607521225,1.4579691933650414,0.7006417252306849
nonexistent_044,mixtral-8x7b,epistemic_humility,0,0,already_correct,0.2832522070221442,0.5440085679336117,2.6028868283866915,0.5926988213239269
nonexistent_045,mixtral-8x7b,epistemic_humility,0,0,already_correct,-4.440892098500626e-16,0.4474593634578884,1.6703877913238423,0.6926949289470643
nonexistent_046,mixtral-8x7b,epistemic_humility,0,0,already_correct,0.6900277134533814,0.4393045066966574,1.706411804861814,0.6973554138479499
nonexistent_047,mixtral-8x7b,epistemic_humility,0,0,already_correct,0.0,0.4971957099585214,1.7663887781112586,0.6783706857482479
nonexistent_048,mixtral-8x7b,epistemic_humility,0,0,already_correct,0.1377468608419395,0.4796644061488472,1.7528593850718552,0.6696658989700652
nonexistent_049,mixtral-8x7b,epistemic_humility,0,0,already_correct,0.3337416028727933,0.5151894043961379,1.6921964680335524,0.6627667906245607
nonexistent_050,mixtral-8x7b,epistemic_humility,2,0,fixed,0.4505974970339189,0.5006252176026377,2.3357904479686296,0.6092033117516354
nonexistent_051,mixtral-8x7b,epistemic_humility,0,0,already_correct,0.7718971548894408,0.4854904137187733,1.895052479560097,0.6506374340644948
nonexistent_052,mixtral-8x7b,epistemic_humility,2,0,fixed,1.1102230246251563e-16,0.4728590030035952,1.7887990848620996,0.6119730871620171
nonexistent_053,mixtral-8x7b,epistemic_humility,0,3,already_correct,0.1504813859894436,0.4859498001673301,1.657261219256427,0.6552500846776133
nonexistent_054,mixtral-8x7b,epistemic_humility,2,0,fixed,0.0298550825348501,0.3429242260486725,2.283564665138221,0.5507380929334323
nonexistent_055,mixtral-8x7b,epistemic_humility,0,3,already_correct,2.220446049250313e-16,0.5603317551690375,2.738502343053188,0.6092613698734879
nonexistent_056,mixtral-8x7b,epistemic_humility,0,0,already_correct,0.2269927756030223,0.4921681596330601,2.0218330905805675,0.6171315441753924
nonexistent_057,mixtral-8x7b,epistemic_humility,0,0,already_correct,0.8384730010881442,0.446268485223399,1.7307799836943771,0.7163141971215217
nonexistent_058,mixtral-8x7b,epistemic_humility,2,2,still_broken,0.1316183196732502,0.3980349888395448,1.6671817091213794,0.6761587700330811
nonexistent_059,mixtral-8x7b,epistemic_humility,2,3,fixed,1.1102230246251563e-16,0.5274268411572661,2.1131023822274835,0.504095125915609
nonexistent_060,mixtral-8x7b,epistemic_humility,0,0,already_correct,1.1102230246251563e-16,0.5727185745103827,3.043315974404832,0.5724153464931367
nonexistent_061,mixtral-8x7b,epistemic_humility,2,0,fixed,0.0,0.5488998124686946,2.1039495058352067,0.6237480125734094
nonexistent_062,mixtral-8x7b,epistemic_humility,2,0,fixed,0.4287932223254523,0.5461921340004303,2.669335338797711,0.6094946617250923
nonexistent_063,mixtral-8x7b,epistemic_humility,0,0,already_correct,0.0,0.269784390824176,2.026822157297487,0.6773287402694432
nonexistent_064,mixtral-8x7b,epistemic_humility,0,0,already_correct,0.2391853786875325,0.6171416766601826,2.6267502371990252,0.5780032102260019
nonexistent_065,mixtral-8x7b,epistemic_humility,0,0,already_correct,-2.220446049250313e-16,0.3713326532083253,2.482790945149397,0.6319423700533386
nonexistent_066,mixtral-8x7b,epistemic_humility,2,2,still_broken,0.0206471577488741,0.3805220429291759,1.6820587065914292,0.6946096718188879
nonexistent_067,mixtral-8x7b,epistemic_humility,2,0,fixed,0.4313498292652695,0.6099432842787053,2.3019429305758616,0.5890065697012337
nonexistent_068,mixtral-8x7b,epistemic_humility,2,2,still_broken,0.0,0.4011687566932002,1.4949977720115908,0.7752330700509196
nonexistent_069,mixtral-8x7b,epistemic_humility,2,0,fixed,0.0746020064872662,0.5065082810005996,1.7248770485132827,0.6200790952724083
nonexistent_070,mixtral-8x7b,epistemic_humility,0,0,already_correct,0.2231962646932311,0.3774941064544084,2.565239212839378,0.5428052565641274
nonexistent_071,mixtral-8x7b,epistemic_humility,0,0,already_correct,0.444422174384231,0.3883344433650393,1.3848640785493171,0.740159468757686
nonexistent_072,mixtral-8x7b,epistemic_humility,0,0,already_correct,0.1418882700819371,0.4499181735474316,1.410469525862015,0.7046362488953579
nonexistent_073,mixtral-8x7b,epistemic_humility,0,0,already_correct,0.6078326428629937,0.6533312838264017,2.769645429260442,0.6188884918061701
nonexistent_074,mixtral-8x7b,epistemic_humility,0,0,already_correct,0.124045795844386,0.3774086969379046,2.346487059189837,0.5508230476279948
nonexistent_075,mixtral-8x7b,epistemic_humility,2,0,fixed,0.1024315549974038,0.2676045967438318,2.056780484627801,0.6698730496654235
nonexistent_076,mixtral-8x7b,epistemic_humility,2,0,fixed,0.1890046897721587,0.4774598160250866,2.2157114319817346,0.6368687940379189
nonexistent_077,mixtral-8x7b,epistemic_humility,0,0,already_correct,0.3774938717837871,0.4307552008558352,1.6480894842078375,0.6833262920351999
nonexistent_078,mixtral-8x7b,epistemic_humility,0,0,already_correct,0.2391853786875315,0.6342464680046138,2.636007745353853,0.5813405949109487
nonexistent_079,mixtral-8x7b,epistemic_humility,1,0,other,0.0041491256678026,0.5300003710761907,2.2895570298667365,0.5396074401281944
nonexistent_080,mixtral-8x7b,epistemic_humility,2,0,fixed,0.0639360744884086,0.5369556486215432,2.3165792341902827,0.5285954358091894
nonexistent_081,mixtral-8x7b,epistemic_humility,2,0,fixed,0.510318600796009,0.4869111922249682,2.2154789476257033,0.6393147415853841
nonexistent_082,mixtral-8x7b,epistemic_humility,0,0,already_correct,-2.220446049250313e-16,0.5579015388786452,2.906007100061119,0.5722083956637365
nonexistent_083,mixtral-8x7b,epistemic_humility,0,0,already_correct,0.2264918922650558,0.3872016757502944,2.671676068597886,0.5402400158597737
nonexistent_084,mixtral-8x7b,epistemic_humility,2,3,fixed,0.1813165410053703,0.3779636385347069,2.278890128273501,0.5351329439205346
nonexistent_085,mixtral-8x7b,epistemic_humility,0,0,already_correct,0.0,0.5538749481118661,2.3942196181987963,0.5698575328740195
nonexistent_086,mixtral-8x7b,epistemic_humility,0,0,already_correct,0.2248132435528604,0.3620338686224142,2.582051227694653,0.5451446450145236
nonexistent_087,mixtral-8x7b,epistemic_humility,0,0,already_correct,0.0108420991632629,0.3945560043224224,2.394178481297942,0.5453762343562223
nonexistent_088,mixtral-8x7b,epistemic_humility,0,0,already_correct,1.1102230246251563e-16,0.6183519861963505,2.999391669304233,0.545934183786133
nonexistent_089,mixtral-8x7b,epistemic_humility,0,0,already_correct,0.0088413298822498,0.6070316724571939,2.75591942122386,0.5656177785257627
nonexistent_090,mixtral-8x7b,epistemic_humility,0,0,already_correct,0.4061365497884437,0.640297956406194,2.9999818462888124,0.5961153916347955
nonexistent_091,mixtral-8x7b,epistemic_humility,0,0,already_correct,0.0080572660634468,0.5883895280631628,2.867792951359041,0.5531594733499339
nonexistent_092,mixtral-8x7b,epistemic_humility,0,0,already_correct,0.6882958732870419,0.6043505175939932,2.2428224618371955,0.4509241254123759
nonexistent_093,mixtral-8x7b,epistemic_humility,0,0,already_correct,0.5118603154082471,0.6178111595283993,2.872415108360505,0.5720176184676486
nonexistent_094,mixtral-8x7b,epistemic_humility,2,0,fixed,0.1452052134183755,0.3669857232413221,2.301006000964713,0.5312844221702979
nonexistent_095,mixtral-8x7b,epistemic_humility,0,0,already_correct,0.3348925460280942,0.4324710021081013,1.9591909411658672,0.6663871378803026
nonexistent_096,mixtral-8x7b,epistemic_humility,0,0,already_correct,0.4542606855006625,0.3830227381620973,2.60203804699986,0.5854421830344917
nonexistent_097,mixtral-8x7b,epistemic_humility,0,3,already_correct,0.2775313508640024,0.5452100276976068,2.786741082796479,0.5639343830321482
nonexistent_098,mixtral-8x7b,epistemic_humility,2,3,fixed,0.0953515009517443,0.6060300380484986,2.3140911045752968,0.5877398578595393
nonexistent_099,mixtral-8x7b,epistemic_humility,0,0,already_correct,0.0693157235875372,0.5975343944918458,3.082443756039945,0.5309233309466046
nonexistent_100,mixtral-8x7b,epistemic_humility,0,0,already_correct,0.7046961778722258,0.3165946188778467,1.9220794841788955,0.7047898011803579
nonexistent_101,mixtral-8x7b,epistemic_humility,0,0,already_correct,0.0,0.2898084442356734,1.8477435834610152,0.6852463128598838
nonexistent_102,mixtral-8x7b,epistemic_humility,0,0,already_correct,0.7440328994000756,0.656492510271725,2.9364449240045225,0.5345052101237924
nonexistent_103,mixtral-8x7b,epistemic_humility,0,0,already_correct,0.5016432193586686,0.6008961890862008,2.686987516108755,0.550320452436539
nonexistent_104,mixtral-8x7b,epistemic_humility,2,0,fixed,0.4361524948216549,0.3742063842066859,2.4617332860106163,0.6050834543762504
nonexistent_105,mixtral-8x7b,epistemic_humility,0,0,already_correct,0.7709418713871505,0.6247681874084382,2.835188476389863,0.5946197096843913
nonexistent_106,mixtral-8x7b,epistemic_humility,0,0,already_correct,0.6078326428629951,0.6398374132984526,2.6383556049792096,0.6529173473539759
nonexistent_107,mixtral-8x7b,epistemic_humility,0,0,already_correct,0.1238208174257008,0.6442680389447031,2.6161830080858635,0.5976396745373815
nonexistent_108,mixtral-8x7b,epistemic_humility,0,0,already_correct,0.3123011901183431,0.611198138760787,2.711674497407564,0.5539723480018477
nonexistent_109,mixtral-8x7b,epistemic_humility,0,0,already_correct,-2.220446049250313e-16,0.2734974646941881,2.0455396028515973,0.6693600584024785
nonexistent_110,mixtral-8x7b,epistemic_humility,0,0,already_correct,0.5118603154082475,0.6097263902414586,2.6828549395236836,0.5943882438631942
nonexistent_111,mixtral-8x7b,epistemic_humility,0,0,already_correct,0.1782511086366093,0.2975615246505051,1.9208393848922565,0.6681828765393893
nonexistent_112,mixtral-8x7b,epistemic_humility,0,0,already_correct,0.5016432193586703,0.6186014594359213,2.87296858991689,0.5540540491300642
nonexistent_113,mixtral-8x7b,epistemic_humility,0,0,already_correct,0.0063899062963099,0.5586626835313167,2.840682923784205,0.557496767672401
nonexistent_114,mixtral-8x7b,epistemic_humility,0,0,already_correct,0.1429230961483591,0.5550202047340128,2.8248187354450396,0.568418176152549
nonexistent_115,mixtral-8x7b,epistemic_humility,2,0,fixed,0.1650254185559772,0.5731607226937883,2.349115435465942,0.5823740445607263
nonexistent_116,mixtral-8x7b,epistemic_humility,2,0,fixed,0.0,0.3633982611488979,2.348215397561924,0.5662501001010025
nonexistent_117,mixtral-8x7b,epistemic_humility,0,0,already_correct,0.1226499096655227,0.571144421812326,2.63405993552945,0.5800607937026624
nonexistent_118,mixtral-8x7b,epistemic_humility,0,0,already_correct,0.0048429147825804,0.2635767938349528,2.0750847301949236,0.668915287539573
nonexistent_119,mixtral-8x7b,epistemic_humility,0,3,already_correct,0.036017250607789,0.303978232075897,1.910441718217879,0.669415725821472
nonexistent_120,mixtral-8x7b,epistemic_humility,2,3,fixed,0.4087823102518205,0.3345844495325311,2.023099001917248,0.6762248492406105
ambiguous_001,mixtral-8x7b,epistemic_humility,0,0,already_correct,1.1102230246251563e-16,0.4513794437816401,1.5647058596101149,0.6762421181316913
ambiguous_002,mixtral-8x7b,epistemic_humility,0,0,already_correct,0.156266619267345,0.4738785383594013,1.5491106051937995,0.6478326148339721
ambiguous_003,mixtral-8x7b,epistemic_humility,0,0,already_correct,0.3080591443624276,0.4369457045848902,1.7434172385236724,0.5916459010431453
ambiguous_004,mixtral-8x7b,epistemic_humility,0,0,already_correct,0.3256189317691312,0.4187259533005385,2.022408245644571,0.4574143719551241
ambiguous_005,mixtral-8x7b,epistemic_humility,0,0,already_correct,0.2050703741541029,0.4486209595157274,1.533774470051912,0.6053944897852803
ambiguous_006,mixtral-8x7b,epistemic_humility,0,0,already_correct,0.0518319154145865,0.3821622797863735,1.7204615102839311,0.5881900769703599
ambiguous_007,mixtral-8x7b,epistemic_humility,0,0,already_correct,0.3209110607670674,0.4935539922957875,1.797897865239334,0.4986332005672295
ambiguous_008,mixtral-8x7b,epistemic_humility,0,0,already_correct,-2.220446049250313e-16,0.3885697140988601,1.6739590399814115,0.5495560201156677
ambiguous_009,mixtral-8x7b,epistemic_humility,0,0,already_correct,0.7817070362190207,0.5008673712789751,2.5116140111091583,0.5977153724716655
ambiguous_010,mixtral-8x7b,epistemic_humility,0,0,already_correct,0.0475995434810057,0.4588522448712292,1.495000430874621,0.5928802068173216
ambiguous_011,mixtral-8x7b,epistemic_humility,0,0,already_correct,0.5197036923578444,0.4901867915533022,2.12261389091119,0.6294324830746607
ambiguous_012,mixtral-8x7b,epistemic_humility,0,0,already_correct,0.0478287855388587,0.4889574550150641,1.8939417647262324,0.6339152382996209
ambiguous_013,mixtral-8x7b,epistemic_humility,0,0,already_correct,0.6861433153782892,0.3426191447263088,1.946222997396814,0.6033718498608189
ambiguous_014,mixtral-8x7b,epistemic_humility,0,0,already_correct,0.5696514344000015,0.4822030792025104,1.673090296213788,0.5767970614395511
ambiguous_015,mixtral-8x7b,epistemic_humility,0,0,already_correct,0.006331088371127,0.524241975087887,2.480078367613028,0.5689004415259753
ambiguous_016,mixtral-8x7b,epistemic_humility,0,0,already_correct,0.2113088459761729,0.4762212802418333,1.666302606977574,0.6348986657394063
ambiguous_017,mixtral-8x7b,epistemic_humility,0,0,already_correct,2.220446049250313e-16,0.5301814116529138,1.7386652921085697,0.5586315121384209
ambiguous_018,mixtral-8x7b,epistemic_humility,0,0,already_correct,0.0530431484712531,0.5524618129318023,2.305389413728326,0.5632077631307728
ambiguous_019,mixtral-8x7b,epistemic_humility,0,0,already_correct,0.5747450417462028,0.4703734853293836,1.9714896929037995,0.645917251025028
ambiguous_020,mixtral-8x7b,epistemic_humility,0,0,already_correct,0.8544863026435386,0.4908550493110857,1.6216498566508957,0.6091094490231097
ambiguous_021,mixtral-8x7b,epistemic_humility,0,0,already_correct,0.4526154356896075,0.477356057734747,2.2498023613167444,0.584299413307553
ambiguous_022,mixtral-8x7b,epistemic_humility,0,0,already_correct,0.4162526884229248,0.4426994226311981,1.8093026271726984,0.6055317326702114
ambiguous_023,mixtral-8x7b,epistemic_humility,0,0,already_correct,0.2760844051091073,0.4083250134176807,1.597435662269415,0.6198188342781339
ambiguous_024,mixtral-8x7b,epistemic_humility,0,0,already_correct,0.4769088584266318,0.4415771262943727,1.947832954084308,0.6336175875800149
ambiguous_025,mixtral-8x7b,epistemic_humility,0,0,already_correct,3.3306690738754696e-16,0.4303615604332876,1.717905004596788,0.5895631527681274
ambiguous_026,mixtral-8x7b,epistemic_humility,0,0,already_correct,0.7756478610317874,0.4481652299566769,1.9966912875228944,0.5539782813035896
ambiguous_027,mixtral-8x7b,epistemic_humility,0,0,already_correct,0.65337205001654,0.4920463264015721,1.8550477551070408,0.5790169270710116
ambiguous_028,mixtral-8x7b,epistemic_humility,0,0,already_correct,0.7837684723193905,0.5559512611292741,2.5253373391085745,0.4884599678512389
ambiguous_029,mixtral-8x7b,epistemic_humility,0,0,already_correct,0.7349821196700508,0.4700382676302619,1.6836054786857897,0.6180723877663572
ambiguous_030,mixtral-8x7b,epistemic_humility,0,0,already_correct,1.1102230246251563e-16,0.4805095401320631,1.684627314785207,0.6469193613548665
ambiguous_031,mixtral-8x7b,epistemic_humility,0,0,already_correct,0.4745157636360088,0.4590779271101095,2.2056204955548524,0.5987863233529852
ambiguous_032,mixtral-8x7b,epistemic_humility,0,0,already_correct,0.5960955733174593,0.4745264660026879,1.9309545300549564,0.6486603872812313
ambiguous_033,mixtral-8x7b,epistemic_humility,0,0,already_correct,0.5450477701089003,0.3408572808392561,1.5186842211089546,0.6757521670687063
ambiguous_034,mixtral-8x7b,epistemic_humility,0,0,already_correct,0.2801912416407609,0.4886872520942579,1.649913076128024,0.634175344337971
ambiguous_035,mixtral-8x7b,epistemic_humility,0,0,already_correct,0.1925840292678671,0.4947919423642294,1.8809749221551064,0.6429165414873972
ambiguous_036,mixtral-8x7b,epistemic_humility,0,0,already_correct,0.5714292957616816,0.3918340309820629,1.589261410637838,0.6313742449601347
ambiguous_037,mixtral-8x7b,epistemic_humility,0,0,already_correct,0.3266285119014644,0.4027126938437462,1.669149067327672,0.6811065852223763
ambiguous_038,mixtral-8x7b,epistemic_humility,0,0,already_correct,0.7930763567529276,0.4373771959340085,1.8337624019513588,0.6173261440063563
ambiguous_039,mixtral-8x7b,epistemic_humility,0,0,already_correct,0.793011270114748,0.412109214029654,1.7574826215622117,0.6519528738094241
ambiguous_040,mixtral-8x7b,epistemic_humility,0,0,already_correct,0.4010978374185715,0.4720551513825379,1.535301183088386,0.652945435462701
ambiguous_041,mixtral-8x7b,epistemic_humility,0,0,already_correct,1.1102230246251563e-16,0.3954656701936273,2.0882568101300514,0.6111258136004332
ambiguous_042,mixtral-8x7b,epistemic_humility,0,0,already_correct,0.4191815494437741,0.4125742846911971,2.1025067631140755,0.6083614431685562
ambiguous_043,mixtral-8x7b,epistemic_humility,0,0,already_correct,0.772029511728072,0.4104756034518856,1.7331819908023778,0.5914375756850283
ambiguous_044,mixtral-8x7b,epistemic_humility,0,0,already_correct,0.1141930109973524,0.4455329723918393,1.4950548630899807,0.7469428945095788
ambiguous_045,mixtral-8x7b,epistemic_humility,0,0,already_correct,0.199354465743603,0.4763491588176562,1.8880987863168004,0.6647331060284427
ambiguous_046,mixtral-8x7b,epistemic_humility,0,0,already_correct,0.6017392034715879,0.498338276172085,1.7294301961153629,0.6344999105871726
ambiguous_047,mixtral-8x7b,epistemic_humility,0,0,already_correct,1.1102230246251563e-16,0.5203500695220684,2.1452544516792873,0.609386040166454
ambiguous_048,mixtral-8x7b,epistemic_humility,0,0,already_correct,0.0007623374921091,0.5308068561372266,2.288822174471036,0.5812918740543526
ambiguous_049,mixtral-8x7b,epistemic_humility,0,0,already_correct,0.015373448445039,0.4583185559205806,1.537740731218717,0.7508015940134369
ambiguous_050,mixtral-8x7b,epistemic_humility,0,0,already_correct,0.1046427514876041,0.465696382006646,1.6163408071835996,0.5684870725852254
ambiguous_051,mixtral-8x7b,epistemic_humility,0,0,already_correct,0.2499723149221913,0.43023306463915,1.7107824916712575,0.6072732194290416
ambiguous_052,mixtral-8x7b,epistemic_humility,0,0,already_correct,0.1777043483180626,0.3669493979542798,1.5792179442982903,0.6786201025989553
ambiguous_053,mixtral-8x7b,epistemic_humility,0,0,already_correct,1.1102230246251563e-16,0.5118915852044066,2.179763751474003,0.6039753448805846
ambiguous_054,mixtral-8x7b,epistemic_humility,0,0,already_correct,0.198262011441614,0.4242561711000174,1.7758487332933757,0.5876605809851464
ambiguous_055,mixtral-8x7b,epistemic_humility,0,0,already_correct,0.3318038674512861,0.5638879571477007,2.597080864630488,0.5411168078440893
ambiguous_056,mixtral-8x7b,epistemic_humility,0,0,already_correct,0.787933391422078,0.4282860633495321,1.6794508530342969,0.6193214851712351
ambiguous_057,mixtral-8x7b,epistemic_humility,0,0,already_correct,0.7113343895294981,0.4293178033901159,1.5607522898229576,0.5954319298025103
ambiguous_058,mixtral-8x7b,epistemic_humility,0,0,already_correct,0.4716015668227307,0.4854064458580643,1.6875500884206494,0.6059676160038356
ambiguous_059,mixtral-8x7b,epistemic_humility,0,0,already_correct,0.2264498336035106,0.3760437799577025,1.9834791706852324,0.6039879748085556
ambiguous_060,mixtral-8x7b,epistemic_humility,0,0,already_correct,0.3825585437981733,0.51702828834971,2.0952969419991185,0.6084568178815019
ambiguous_061,mixtral-8x7b,epistemic_humility,0,0,already_correct,0.2272560128285399,0.457724324731267,2.097446446207426,0.6047368641572493
ambiguous_062,mixtral-8x7b,epistemic_humility,0,0,already_correct,0.3750512555545342,0.3472976227298386,1.5367877744642742,0.6763947789547355
ambiguous_063,mixtral-8x7b,epistemic_humility,0,0,already_correct,0.3865161151473019,0.541080692121289,2.542454437666057,0.5768717961479495
ambiguous_064,mixtral-8x7b,epistemic_humility,0,0,already_correct,0.1307481718924291,0.3895086882637234,1.503733655746533,0.6664351444693426
ambiguous_065,mixtral-8x7b,epistemic_humility,0,0,already_correct,0.194605255827799,0.4511334962558812,1.916915496860755,0.5915300441343841
ambiguous_066,mixtral-8x7b,epistemic_humility,0,0,already_correct,0.3654580221617494,0.4042543673130022,2.2415599654657004,0.5794837452194913
ambiguous_067,mixtral-8x7b,epistemic_humility,0,0,already_correct,0.0791723013304377,0.4497917419916035,1.841533950391534,0.5970550880084131
ambiguous_068,mixtral-8x7b,epistemic_humility,0,0,already_correct,0.066774602112254,0.4951176168791676,2.1267789044021064,0.6351308307505117
ambiguous_069,mixtral-8x7b,epistemic_humility,0,0,already_correct,0.1586471919117993,0.529494803089946,2.0765701978308715,0.5892945636077542
ambiguous_070,mixtral-8x7b,epistemic_humility,0,0,already_correct,0.1870498066681122,0.4704141435171802,1.8277405957714217,0.6663566236239373
ambiguous_071,mixtral-8x7b,epistemic_humility,0,0,already_correct,0.7759509016235346,0.3699680199022408,1.7725946025393668,0.6637848508725611
ambiguous_072,mixtral-8x7b,epistemic_humility,0,0,already_correct,0.5216525516035583,0.4684540634637558,2.326993622517255,0.5978458356539245
ambiguous_073,mixtral-8x7b,epistemic_humility,0,0,already_correct,0.2936189183965008,0.5208703924217264,2.1241942911593283,0.6104035765527966
ambiguous_074,mixtral-8x7b,epistemic_humility,0,0,already_correct,0.1145039381174928,0.4419136983826476,1.788208277303796,0.6120511931249658
ambiguous_075,mixtral-8x7b,epistemic_humility,0,0,already_correct,0.365952809779331,0.485992797395979,1.8185966114818952,0.5435721514206071
ambiguous_076,mixtral-8x7b,epistemic_humility,0,0,already_correct,0.7213988409624724,0.3607934560277327,2.032940124169298,0.5768120238858836
ambiguous_077,mixtral-8x7b,epistemic_humility,0,0,already_correct,1.1102230246251563e-16,0.4691249325297769,1.536176855806763,0.6655102729503211
ambiguous_078,mixtral-8x7b,epistemic_humility,0,0,already_correct,0.6102384166237447,0.3309039430913535,1.945321004425669,0.6327630031284367
ambiguous_079,mixtral-8x7b,epistemic_humility,0,0,already_correct,0.0472035092883931,0.4396842449932009,1.5565000443193089,0.6797952870020483
ambiguous_080,mixtral-8x7b,epistemic_humility,0,0,already_correct,0.4151977764858052,0.3586927595693975,1.7914394329217986,0.6721294801293554
ambiguous_081,mixtral-8x7b,epistemic_humility,0,0,already_correct,0.4855467651349612,0.5549968588167808,2.5053253012188668,0.5468872608542804
ambiguous_082,mixtral-8x7b,epistemic_humility,0,0,already_correct,0.7658328910058598,0.6230728097731264,2.6572470950989033,0.535077946552968
ambiguous_083,mixtral-8x7b,epistemic_humility,0,0,already_correct,0.3569879122793679,0.4234983998739121,1.4864427139139904,0.7005679142214887
ambiguous_084,mixtral-8x7b,epistemic_humility,0,0,already_correct,0.813915447603801,0.5617528164330869,2.6222694504409856,0.4985161385558181
ambiguous_085,mixtral-8x7b,epistemic_humility,0,0,already_correct,0.1614533423014978,0.4636291982680142,1.941804469540396,0.5900963108132051
ambiguous_086,mixtral-8x7b,epistemic_humility,0,0,already_correct,0.743017796599794,0.3543153196251317,1.9659807045529467,0.6562811030001302
ambiguous_087,mixtral-8x7b,epistemic_humility,0,0,already_correct,0.0466926555910374,0.4222848113421836,1.8424749469213983,0.6127122670072148
ambiguous_088,mixtral-8x7b,epistemic_humility,0,0,already_correct,0.3567118773098702,0.4841113809463411,2.167649005470379,0.6245334628816293
ambiguous_089,mixtral-8x7b,epistemic_humility,0,0,already_correct,0.611246284171553,0.4960113538981785,2.191870742736033,0.6206749868162854
ambiguous_090,mixtral-8x7b,epistemic_humility,0,0,already_correct,0.8042895480254924,0.416559976103064,1.7939307084915004,0.6686223726245681
ambiguous_091,mixtral-8x7b,epistemic_humility,0,0,already_correct,0.2076148675269422,0.5138145931119994,2.139665299885295,0.6247996434257974
ambiguous_092,mixtral-8x7b,epistemic_humility,0,0,already_correct,0.1026864266633025,0.4481939538203094,2.1869450002189654,0.5909426463446185
ambiguous_093,mixtral-8x7b,epistemic_humility,0,0,already_correct,0.278469105695076,0.4535280981303278,2.3649636701392054,0.5582842671254327
ambiguous_094,mixtral-8x7b,epistemic_humility,0,0,already_correct,0.1570242529823706,0.5673791056109705,2.851291536253753,0.5590425535361244
ambiguous_095,mixtral-8x7b,epistemic_humility,0,0,already_correct,0.3971435463888026,0.4763578147032907,2.0347122121218564,0.618879841037896
ambiguous_096,mixtral-8x7b,epistemic_humility,0,0,already_correct,0.4765253194221335,0.4640500223838369,2.1859176570194774,0.5872903383214326
ambiguous_097,mixtral-8x7b,epistemic_humility,0,0,already_correct,0.6353888046578354,0.4442563595374043,2.254569412046105,0.5951307953623421
ambiguous_098,mixtral-8x7b,epistemic_humility,0,0,already_correct,0.2659934557581298,0.4971533534766986,1.85431406597822,0.6315672380816152
ambiguous_099,mixtral-8x7b,epistemic_humility,0,0,already_correct,0.4122169180977346,0.4999457285191128,2.0566971102312928,0.62843695233373
ambiguous_100,mixtral-8x7b,epistemic_humility,0,0,already_correct,0.7951870003563645,0.3379685889996887,1.9014629498644784,0.6729866135836824
ambiguous_101,mixtral-8x7b,epistemic_humility,0,0,already_correct,0.4644291196378647,0.4211060115285139,1.555361831243632,0.6486240159912241
ambiguous_102,mixtral-8x7b,epistemic_humility,0,0,already_correct,0.4648150364333798,0.3801291588200778,1.4396473473008482,0.6897197965120447
ambiguous_103,mixtral-8x7b,epistemic_humility,0,0,already_correct,0.5419964895552143,0.3842231245479571,1.8999848662665637,0.6139291334793262
ambiguous_104,mixtral-8x7b,epistemic_humility,0,0,already_correct,0.8258606644456606,0.4323335563608909,1.869447626643557,0.5807633910194665
ambiguous_105,mixtral-8x7b,epistemic_humility,0,0,already_correct,0.0,0.5850687660016045,2.8198418307364688,0.5159791337842479
ambiguous_106,mixtral-8x7b,epistemic_humility,0,0,already_correct,0.1955541882323601,0.4763274033503883,2.0453482035877815,0.5792543068011743
ambiguous_107,mixtral-8x7b,epistemic_humility,0,0,already_correct,0.7852537142351815,0.5534447910869212,3.077240443272292,0.5617718876165703
ambiguous_108,mixtral-8x7b,epistemic_humility,0,0,already_correct,0.7784739681522246,0.5289489372570311,2.570043882663746,0.5394469160977834
ambiguous_109,mixtral-8x7b,epistemic_humility,0,0,already_correct,-2.220446049250313e-16,0.5630419088673722,2.8453042975425036,0.5279049399088223
ambiguous_110,mixtral-8x7b,epistemic_humility,0,0,already_correct,0.7784739681522236,0.5573831781530021,2.6980702528590874,0.5525947825895404
ambiguous_111,mixtral-8x7b,epistemic_humility,0,0,already_correct,0.7904265763990705,0.5332547039469795,2.890427822347319,0.5592195130142679
ambiguous_112,mixtral-8x7b,epistemic_humility,0,0,already_correct,0.5944778426772561,0.4529522508777139,2.2979668368910664,0.5939220502391782
ambiguous_113,mixtral-8x7b,epistemic_humility,0,0,already_correct,0.7916298108343762,0.4708141465392798,2.1296230172096258,0.5992961085932158
ambiguous_114,mixtral-8x7b,epistemic_humility,0,0,already_correct,0.7817070362190197,0.5222985536915039,2.689982597010804,0.5710750985500112
ambiguous_115,mixtral-8x7b,epistemic_humility,0,0,already_correct,0.578983228374877,0.564329623796546,3.139104836665925,0.4776152791885106
ambiguous_116,mixtral-8x7b,epistemic_humility,0,0,already_correct,0.4397094565167494,0.5032015078756849,2.3459072836823083,0.5694700344070834
ambiguous_117,mixtral-8x7b,epistemic_humility,0,0,already_correct,0.7718055566518579,0.3231921429136292,1.997050245081332,0.6543277516701158
ambiguous_118,mixtral-8x7b,epistemic_humility,0,0,already_correct,0.4292952995207831,0.5103708777922726,2.0636351730411566,0.6327721335318325
ambiguous_119,mixtral-8x7b,epistemic_humility,0,0,already_correct,0.613721947830653,0.5614774706503529,2.5443242509364064,0.6052582758233723
ambiguous_120,mixtral-8x7b,epistemic_humility,0,0,already_correct,1.1102230246251563e-16,0.4112788770004014,1.9116197702854123,0.5695286366447575
borderline_obscure_0,mixtral-8x7b,fact_grounded,0,0,already_correct,,,,
borderline_obscure_2,mixtral-8x7b,fact_grounded,0,0,already_correct,,,,
borderline_obscure_3,mixtral-8x7b,fact_grounded,0,0,already_correct,,,,
borderline_obscure_4,mixtral-8x7b,fact_grounded,0,3,already_correct,,,,
borderline_obscure_5,mixtral-8x7b,fact_grounded,0,0,already_correct,,,,
borderline_obscure_6,mixtral-8x7b,fact_grounded,1,0,other,,,,
borderline_obscure_8,mixtral-8x7b,fact_grounded,0,0,already_correct,,,,
borderline_obscure_9,mixtral-8x7b,fact_grounded,0,0,already_correct,,,,
borderline_obscure_10,mixtral-8x7b,fact_grounded,0,0,already_correct,,,,
borderline_obscure_12,mixtral-8x7b,fact_grounded,0,0,already_correct,,,,
borderline_obscure_14,mixtral-8x7b,fact_grounded,0,0,already_correct,,,,
borderline_obscure_15,mixtral-8x7b,fact_grounded,0,0,already_correct,,,,
borderline_obscure_16,mixtral-8x7b,fact_grounded,0,0,already_correct,,,,
borderline_obscure_17,mixtral-8x7b,fact_grounded,0,3,already_correct,,,,
borderline_obscure_18,mixtral-8x7b,fact_grounded,0,0,already_correct,,,,
borderline_obscure_19,mixtral-8x7b,fact_grounded,0,0,already_correct,,,,
borderline_obscure_20,mixtral-8x7b,fact_grounded,0,0,already_correct,,,,
borderline_obscure_21,mixtral-8x7b,fact_grounded,0,3,already_correct,,,,
borderline_obscure_22,mixtral-8x7b,fact_grounded,0,0,already_correct,,,,
borderline_obscure_23,mixtral-8x7b,fact_grounded,1,3,other,,,,
borderline_obscure_24,mixtral-8x7b,fact_grounded,0,0,already_correct,,,,
borderline_obscure_25,mixtral-8x7b,fact_grounded,0,0,already_correct,,,,
borderline_obscure_26,mixtral-8x7b,fact_grounded,0,0,already_correct,,,,
borderline_obscure_27,mixtral-8x7b,fact_grounded,0,0,already_correct,,,,
borderline_obscure_28,mixtral-8x7b,fact_grounded,0,0,already_correct,,,,
borderline_obscure_29,mixtral-8x7b,fact_grounded,0,0,already_correct,,,,
borderline_obscure_30,mixtral-8x7b,fact_grounded,0,3,already_correct,,,,
borderline_obscure_31,mixtral-8x7b,fact_grounded,0,0,already_correct,,,,
borderline_obscure_32,mixtral-8x7b,fact_grounded,0,3,already_correct,,,,
borderline_obscure_34,mixtral-8x7b,fact_grounded,1,3,other,,,,
borderline_fake_0,mixtral-8x7b,fact_grounded,0,0,already_correct,,,,
borderline_fake_2,mixtral-8x7b,fact_grounded,2,0,fixed,,,,
borderline_fake_3,mixtral-8x7b,fact_grounded,0,0,already_correct,,,,
borderline_fake_4,mixtral-8x7b,fact_grounded,0,0,already_correct,,,,
borderline_fake_5,mixtral-8x7b,fact_grounded,0,0,already_correct,,,,
borderline_fake_6,mixtral-8x7b,fact_grounded,2,3,fixed,,,,
borderline_fake_7,mixtral-8x7b,fact_grounded,2,3,fixed,,,,
borderline_fake_8,mixtral-8x7b,fact_grounded,0,0,already_correct,,,,
borderline_fake_9,mixtral-8x7b,fact_grounded,2,3,fixed,,,,
borderline_fake_10,mixtral-8x7b,fact_grounded,0,3,already_correct,,,,
borderline_fake_11,mixtral-8x7b,fact_grounded,0,0,already_correct,,,,
borderline_fake_12,mixtral-8x7b,fact_grounded,0,0,already_correct,,,,
borderline_fake_13,mixtral-8x7b,fact_grounded,2,0,fixed,,,,
borderline_fake_14,mixtral-8x7b,fact_grounded,0,0,already_correct,,,,
borderline_fake_15,mixtral-8x7b,fact_grounded,2,0,fixed,,,,
borderline_fake_16,mixtral-8x7b,fact_grounded,2,3,fixed,,,,
borderline_fake_17,mixtral-8x7b,fact_grounded,0,0,already_correct,,,,
borderline_fake_19,mixtral-8x7b,fact_grounded,0,3,already_correct,,,,
borderline_fake_20,mixtral-8x7b,fact_grounded,0,0,already_correct,,,,
borderline_fake_21,mixtral-8x7b,fact_grounded,1,0,other,,,,
borderline_fake_22,mixtral-8x7b,fact_grounded,0,0,already_correct,,,,
borderline_fake_23,mixtral-8x7b,fact_grounded,2,2,still_broken,,,,
borderline_fake_24,mixtral-8x7b,fact_grounded,0,0,already_correct,,,,
borderline_fake_27,mixtral-8x7b,fact_grounded,2,3,fixed,,,,
borderline_fake_28,mixtral-8x7b,fact_grounded,0,0,already_correct,,,,
borderline_fake_29,mixtral-8x7b,fact_grounded,2,2,still_broken,,,,
borderline_fake_30,mixtral-8x7b,fact_grounded,2,0,fixed,,,,
borderline_fake_31,mixtral-8x7b,fact_grounded,0,0,already_correct,,,,
borderline_fake_32,mixtral-8x7b,fact_grounded,2,3,fixed,,,,
borderline_fake_33,mixtral-8x7b,fact_grounded,2,0,fixed,,,,
borderline_fake_34,mixtral-8x7b,fact_grounded,0,0,already_correct,,,,
borderline_edge_0,mixtral-8x7b,fact_grounded,0,0,already_correct,,,,
borderline_edge_1,mixtral-8x7b,fact_grounded,0,0,already_correct,,,,
borderline_edge_2,mixtral-8x7b,fact_grounded,0,0,already_correct,,,,
borderline_edge_3,mixtral-8x7b,fact_grounded,0,0,already_correct,,,,
borderline_edge_4,mixtral-8x7b,fact_grounded,0,0,already_correct,,,,
borderline_edge_5,mixtral-8x7b,fact_grounded,0,0,already_correct,,,,
borderline_edge_6,mixtral-8x7b,fact_grounded,0,0,already_correct,,,,
borderline_edge_7,mixtral-8x7b,fact_grounded,0,0,already_correct,,,,
borderline_edge_8,mixtral-8x7b,fact_grounded,0,0,already_correct,,,,
borderline_edge_9,mixtral-8x7b,fact_grounded,0,0,already_correct,,,,
borderline_edge_10,mixtral-8x7b,fact_grounded,0,0,already_correct,,,,
borderline_edge_11,mixtral-8x7b,fact_grounded,0,0,already_correct,,,,
borderline_edge_12,mixtral-8x7b,fact_grounded,0,0,already_correct,,,,
borderline_edge_13,mixtral-8x7b,fact_grounded,0,0,already_correct,,,,
borderline_edge_14,mixtral-8x7b,fact_grounded,0,0,already_correct,,,,
borderline_edge_15,mixtral-8x7b,fact_grounded,0,0,already_correct,,,,
borderline_edge_16,mixtral-8x7b,fact_grounded,0,0,already_correct,,,,
borderline_edge_17,mixtral-8x7b,fact_grounded,0,0,already_correct,,,,
borderline_edge_18,mixtral-8x7b,fact_grounded,0,0,already_correct,,,,
borderline_edge_19,mixtral-8x7b,fact_grounded,0,0,already_correct,,,,
factual_001,mixtral-8x7b,fact_grounded,2,2,still_broken,0.3390698482009572,0.4258317670548038,1.383397835699358,0.8319429930204049
factual_002,mixtral-8x7b,fact_grounded,0,0,already_correct,1.1102230246251563e-16,0.3671381095938628,1.542750285528084,0.7310246140998413
factual_003,mixtral-8x7b,fact_grounded,0,0,already_correct,0.0756442551152993,0.4801142226197014,1.624794773575251,0.755998273251816
factual_004,mixtral-8x7b,fact_grounded,1,1,other,0.0,0.4091090586541112,1.456805708543466,0.6993882164910686
factual_005,mixtral-8x7b,fact_grounded,3,3,other,0.701730912788892,0.5021843521531819,1.7011396195193464,0.631399119430105
factual_006,mixtral-8x7b,fact_grounded,0,3,already_correct,0.3259960846208846,0.463198484824823,1.6399415228618777,0.7872932102035252
factual_007,mixtral-8x7b,fact_grounded,1,3,other,0.2091951151053356,0.4128652483638895,1.5903660763514311,0.7465407015315013
factual_008,mixtral-8x7b,fact_grounded,0,0,already_correct,0.2037090540592256,0.468512958130906,1.6390644859640455,0.7686338531644856
factual_009,mixtral-8x7b,fact_grounded,1,3,other,0.853848090543631,0.4151502834613091,1.6498944144090766,0.6572635505963973
factual_010,mixtral-8x7b,fact_grounded,0,0,already_correct,0.232918055860813,0.5099705765787288,1.4726113798083318,0.7977554962414828
factual_011,mixtral-8x7b,fact_grounded,3,3,other,0.6355284519294534,0.4036154541062687,1.7162440503449623,0.6860809940271048
factual_012,mixtral-8x7b,fact_grounded,0,0,already_correct,0.08768981332469,0.3617398426203926,2.1728592401910753,0.7799865642706615
factual_013,mixtral-8x7b,fact_grounded,1,3,other,0.5587325104078119,0.4151817642436208,1.5180539170053302,0.7282876276517176
factual_014,mixtral-8x7b,fact_grounded,0,0,already_correct,0.6638246094684089,0.3553819706965982,2.1996388726934804,0.7761234665442845
factual_015,mixtral-8x7b,fact_grounded,1,3,other,0.1297030895398097,0.3991916513629209,1.4328530668641868,0.7704209428355229
factual_016,mixtral-8x7b,fact_grounded,0,0,already_correct,0.0621903996737486,0.4616666102107748,1.586809125161253,0.7543118897692439
factual_017,mixtral-8x7b,fact_grounded,0,0,already_correct,0.1522014106797664,0.443350120005155,1.3893387081191293,0.7864701848631095
factual_018,mixtral-8x7b,fact_grounded,0,0,already_correct,0.3992775109347958,0.4174074519253169,1.483890317654831,0.7521987718089467
factual_019,mixtral-8x7b,fact_grounded,0,0,already_correct,0.570304218688948,0.4979737230271303,1.4626267777593926,0.8054669229845892
factual_020,mixtral-8x7b,fact_grounded,1,3,other,0.3516206758576254,0.3763613439841432,1.611047325255963,0.7185921891940295
factual_021,mixtral-8x7b,fact_grounded,0,3,already_correct,0.6527801569546965,0.4180078612342092,1.4350551741860758,0.7225185823687947
factual_022,mixtral-8x7b,fact_grounded,0,0,already_correct,0.1783344385302553,0.3672437094222894,2.117486252547943,0.7833564590952354
factual_023,mixtral-8x7b,fact_grounded,1,3,other,0.1352864691345792,0.4016135193900492,1.649187144559479,0.7067573427577292
factual_024,mixtral-8x7b,fact_grounded,3,3,other,0.4975689892409519,0.4447017810950163,1.5171197273637569,0.713587560930383
factual_025,mixtral-8x7b,fact_grounded,1,3,other,0.0,0.3980743483955428,1.6433910358883772,0.7367057649170274
factual_026,mixtral-8x7b,fact_grounded,1,3,other,-2.220446049250313e-16,0.309447624007505,1.4760212348272164,0.8351255628104022
factual_027,mixtral-8x7b,fact_grounded,0,0,already_correct,1.1102230246251563e-16,0.4080458109181683,1.4764124571822654,0.7593912020536738
factual_028,mixtral-8x7b,fact_grounded,0,0,already_correct,0.1356920640120937,0.4393622371282437,1.649946639222292,0.7485870160062343
factual_029,mixtral-8x7b,fact_grounded,0,0,already_correct,0.0,0.4977641369133579,1.4952019816184945,0.8305814312917218
factual_030,mixtral-8x7b,fact_grounded,0,3,already_correct,0.7127292906743794,0.472656698084123,1.5989159658219183,0.6705712402368056
factual_031,mixtral-8x7b,fact_grounded,0,0,already_correct,0.4314744393813291,0.4501789895715146,1.4405047447566357,0.7918370107882089
factual_032,mixtral-8x7b,fact_grounded,1,3,other,0.0,0.4060071654329528,1.514936114087026,0.7245722802366368
factual_033,mixtral-8x7b,fact_grounded,0,0,already_correct,0.0,0.5017394875876153,1.546885661918044,0.8087152173946708
factual_034,mixtral-8x7b,fact_grounded,0,0,already_correct,0.6081839654868795,0.5232130866441007,1.4683546340768272,0.7915399581256456
factual_035,mixtral-8x7b,fact_grounded,0,0,already_correct,0.4271616887496303,0.4876412851028002,1.5377929180335528,0.7756829976016371
factual_036,mixtral-8x7b,fact_grounded,0,0,already_correct,0.1261866985503336,0.3244414575107672,1.5245649525106562,0.8273038597662479
factual_037,mixtral-8x7b,fact_grounded,0,0,already_correct,0.0,0.3147422473558741,1.5672190155056889,0.7206514156979043
factual_038,mixtral-8x7b,fact_grounded,2,0,fixed,0.0,0.4211484740263029,1.3771096527279183,0.8661372673645562
factual_039,mixtral-8x7b,fact_grounded,3,3,other,0.177078731748155,0.4046827470446055,1.497245204967567,0.6446426131783606
factual_040,mixtral-8x7b,fact_grounded,0,1,already_correct,-2.220446049250313e-16,0.3414680534651442,2.4910222200547074,0.737480424854035
factual_041,mixtral-8x7b,fact_grounded,0,0,already_correct,0.6590282271990809,0.4413968529615208,1.4390743196603273,0.7699239301662081
factual_042,mixtral-8x7b,fact_grounded,0,0,already_correct,0.8096019744024965,0.4545800688847466,1.6252229539662026,0.7989216578285829
factual_043,mixtral-8x7b,fact_grounded,0,3,already_correct,0.1106474559626835,0.4682907741308082,1.546374825705338,0.797005081645074
factual_044,mixtral-8x7b,fact_grounded,0,0,already_correct,0.2496274882844138,0.4826722402390526,1.4448395314471096,0.7926729701723823
factual_045,mixtral-8x7b,fact_grounded,0,0,already_correct,0.3910302967543626,0.4762882153821701,1.451296329281991,0.7940873301226171
factual_046,mixtral-8x7b,fact_grounded,0,0,already_correct,0.3909013784101188,0.4831296148411537,1.3766308979634674,0.7957830463075242
factual_047,mixtral-8x7b,fact_grounded,0,3,already_correct,0.4080816131732503,0.3346997209064156,2.496140320144274,0.7613314728939098
factual_048,mixtral-8x7b,fact_grounded,2,0,fixed,0.6211373159127278,0.442478820203474,1.64858837863659,0.789738065303002
factual_049,mixtral-8x7b,fact_grounded,1,3,other,0.7052676924968719,0.5047896404943268,1.6764719459937247,0.6353803272121445
factual_050,mixtral-8x7b,fact_grounded,3,3,other,0.8177822094666237,0.4325966950899802,1.605637013732773,0.6860979834111427
factual_051,mixtral-8x7b,fact_grounded,0,3,already_correct,0.4856820367671054,0.4445014726564936,1.5978639282844784,0.6700823419876167
factual_052,mixtral-8x7b,fact_grounded,0,0,already_correct,0.2588180790601095,0.4907653095180171,1.5672965779117558,0.7538454712736763
factual_053,mixtral-8x7b,fact_grounded,2,2,still_broken,0.3459381505484974,0.4008120746180286,1.3829706679702791,0.8203197763151169
factual_054,mixtral-8x7b,fact_grounded,2,0,fixed,2.220446049250313e-16,0.3674563684053866,1.3647406575165009,0.7838035822067071
factual_055,mixtral-8x7b,fact_grounded,0,0,already_correct,0.5494506790999643,0.4252726172935853,1.478079942331184,0.7747870351215546
factual_056,mixtral-8x7b,fact_grounded,0,0,already_correct,0.2539817160958447,0.4450391397394795,1.4632676163200211,0.7667842126110449
factual_057,mixtral-8x7b,fact_grounded,0,0,already_correct,0.0,0.3978971698173434,1.453501272284534,0.7812083645803997
factual_058,mixtral-8x7b,fact_grounded,0,0,already_correct,0.2095405375742327,0.5111534489258107,1.5430189490603494,0.8232970349963812
factual_059,mixtral-8x7b,fact_grounded,0,0,already_correct,0.3699076605808898,0.2896543084979006,1.4772908783384575,0.7960505597584258
factual_060,mixtral-8x7b,fact_grounded,0,0,already_correct,0.7099132644629002,0.5105063433676238,1.415749810693637,0.8558493626016794
factual_061,mixtral-8x7b,fact_grounded,0,0,already_correct,2.220446049250313e-16,0.4819275257171794,1.501545009538279,0.7979848304214872
factual_062,mixtral-8x7b,fact_grounded,0,0,already_correct,0.3387145971543948,0.4738592572936945,1.4166794254788595,0.8233539805586463
factual_063,mixtral-8x7b,fact_grounded,0,0,already_correct,0.6365540150039888,0.4269955459015017,1.5280710244608426,0.7143697392221002
factual_064,mixtral-8x7b,fact_grounded,0,3,already_correct,0.5922619222704957,0.3018866463373968,1.4603186455188824,0.8220882818069783
factual_065,mixtral-8x7b,fact_grounded,0,0,already_correct,0.1128744609388492,0.3407672513109081,2.070468063091321,0.7374627770235378
factual_066,mixtral-8x7b,fact_grounded,0,0,already_correct,0.1900235496338574,0.503458426875032,1.4324307182167868,0.8095817527009933
factual_067,mixtral-8x7b,fact_grounded,0,0,already_correct,0.4748283421565603,0.4142539887401134,1.4732365393388285,0.7979292272466194
factual_068,mixtral-8x7b,fact_grounded,0,0,already_correct,0.0639272631090749,0.3510497420817116,2.3556922148236583,0.7631016457391149
factual_069,mixtral-8x7b,fact_grounded,0,0,already_correct,0.5181413802399217,0.4553498762964384,1.606172484932409,0.7888276761457962
factual_070,mixtral-8x7b,fact_grounded,0,0,already_correct,0.1117010549366074,0.3703280439605724,1.8385235083809184,0.7902572804385989
factual_071,mixtral-8x7b,fact_grounded,0,0,already_correct,0.3523509046120336,0.5017514427116267,1.506904467763912,0.8128678303414758
factual_072,mixtral-8x7b,fact_grounded,0,0,already_correct,0.1926927217111285,0.3575782828311282,2.052706263150836,0.7867627154094793
factual_073,mixtral-8x7b,fact_grounded,0,0,already_correct,0.3366527554593764,0.3560932709599926,1.8814618137714167,0.8112673307261143
factual_074,mixtral-8x7b,fact_grounded,2,0,fixed,0.6304310634975547,0.3884602880899718,1.486769258226069,0.7831299629453908
factual_075,mixtral-8x7b,fact_grounded,0,0,already_correct,1.1102230246251563e-16,0.5018524787912563,1.520063619021078,0.7990751099204498
factual_076,mixtral-8x7b,fact_grounded,1,0,other,0.5900770287315599,0.3669007903011599,1.419601129895851,0.755357546080865
factual_077,mixtral-8x7b,fact_grounded,0,0,already_correct,3.3306690738754696e-16,0.4003005515850812,1.3862081007025076,0.8152530270212486
factual_078,mixtral-8x7b,fact_grounded,0,0,already_correct,1.1102230246251563e-16,0.5051220359781636,1.4570154481027626,0.808027167838611
factual_079,mixtral-8x7b,fact_grounded,0,0,already_correct,0.0,0.3487148893477196,2.27657210305503,0.7800840971199191
factual_080,mixtral-8x7b,fact_grounded,0,0,already_correct,0.5175730124359599,0.2895453626919549,1.477225335209429,0.8115261311321036
factual_081,mixtral-8x7b,fact_grounded,0,0,already_correct,0.1012554620345593,0.4328614718772041,1.3507097741310654,0.8362269260064743
factual_082,mixtral-8x7b,fact_grounded,0,0,already_correct,-2.220446049250313e-16,0.3373139951597824,2.0354023865462363,0.7548743531801294
factual_083,mixtral-8x7b,fact_grounded,0,0,already_correct,1.1102230246251563e-16,0.4679765550289769,1.4512844040683364,0.7974902815995142
factual_084,mixtral-8x7b,fact_grounded,0,0,already_correct,0.0873858389472691,0.356731544150184,1.884260342664908,0.8235908886889827
factual_085,mixtral-8x7b,fact_grounded,0,0,already_correct,-2.220446049250313e-16,0.4924453090325872,1.6060426147927964,0.758906445296362
factual_086,mixtral-8x7b,fact_grounded,1,3,other,0.806081801684519,0.3458666117576172,2.0156784313857306,0.8087802765551547
factual_087,mixtral-8x7b,fact_grounded,0,0,already_correct,0.5558699241037635,0.418235810908836,1.428998031152279,0.838896372111011
factual_088,mixtral-8x7b,fact_grounded,0,0,already_correct,0.2333428271170836,0.3934658100064162,1.465304295968953,0.7830320061798703
factual_089,mixtral-8x7b,fact_grounded,0,0,already_correct,0.668761632601216,0.5136980177126386,1.4991079933172302,0.8010776930231761
factual_090,mixtral-8x7b,fact_grounded,0,0,already_correct,-2.220446049250313e-16,0.4635935923083798,1.4173488710208413,0.8137413115784311
factual_091,mixtral-8x7b,fact_grounded,0,0,already_correct,0.3814291512015367,0.475664023604871,1.3936260572592174,0.8450265988684978
factual_092,mixtral-8x7b,fact_grounded,0,0,already_correct,1.1102230246251563e-16,0.4833001715292726,1.409955852156895,0.7710239748280108
factual_093,mixtral-8x7b,fact_grounded,0,0,already_correct,0.0058858111161878,0.3460475600916803,2.3507409980528458,0.771903298359765
factual_094,mixtral-8x7b,fact_grounded,0,0,already_correct,0.0,0.3419792874368186,2.076048546434794,0.7869229786519517
factual_095,mixtral-8x7b,fact_grounded,0,0,already_correct,0.0,0.454446304442836,1.6077006245745566,0.7891477636161054
factual_096,mixtral-8x7b,fact_grounded,0,0,already_correct,-2.220446049250313e-16,0.3430834906900136,2.0974092363572936,0.7780574232390709
factual_097,mixtral-8x7b,fact_grounded,0,0,already_correct,0.1933373330263507,0.3472492097743691,2.1468875447425866,0.8008670767765944
factual_098,mixtral-8x7b,fact_grounded,0,0,already_correct,0.1946058820058216,0.3592082545940397,2.187610416506546,0.7161179857994848
impossible_001,mixtral-8x7b,fact_grounded,0,0,already_correct,0.0,0.4284789178593438,1.3647315671430038,0.8173245508833905
impossible_002,mixtral-8x7b,fact_grounded,0,0,already_correct,0.1925003012804915,0.4396589807744273,1.4400179462563576,0.7689164062010384
impossible_003,mixtral-8x7b,fact_grounded,0,3,already_correct,0.3041079336142306,0.4745776345517306,1.5647300163614537,0.6969380899420593
impossible_004,mixtral-8x7b,fact_grounded,0,0,already_correct,0.3074015199966582,0.4454880922352143,1.458411279508117,0.7008940148293222
impossible_005,mixtral-8x7b,fact_grounded,0,0,already_correct,0.5348686529869204,0.4778804885323092,1.5571238857869047,0.5928068096228768
impossible_006,mixtral-8x7b,fact_grounded,0,0,already_correct,0.0,0.3150933902050303,1.44914888839206,0.7424336900914429
impossible_007,mixtral-8x7b,fact_grounded,0,0,already_correct,0.0760181053446082,0.4283067881602623,1.5733228037355471,0.6215082050686007
impossible_008,mixtral-8x7b,fact_grounded,0,0,already_correct,2.220446049250313e-16,0.4589631985402678,1.4780617824844742,0.6774152573684572
impossible_009,mixtral-8x7b,fact_grounded,0,0,already_correct,0.1249390917114745,0.3118504227910957,1.43227288011093,0.7238138878895117
impossible_010,mixtral-8x7b,fact_grounded,0,0,already_correct,1.1102230246251563e-16,0.3666893394761781,1.3883202835937618,0.7648042512578479
impossible_011,mixtral-8x7b,fact_grounded,0,0,already_correct,0.6570046720548636,0.4878757339388605,1.606294091488777,0.6475217814214653
impossible_012,mixtral-8x7b,fact_grounded,0,0,already_correct,0.3881410451718331,0.4235035315207365,1.5279960497361569,0.6620432260206898
impossible_013,mixtral-8x7b,fact_grounded,0,0,already_correct,0.367171031876069,0.4485257442853096,1.4305640589961452,0.7090608744629913
impossible_014,mixtral-8x7b,fact_grounded,0,0,already_correct,0.304387963775812,0.4766921393628873,1.5886968038209053,0.6036803376122305
impossible_015,mixtral-8x7b,fact_grounded,0,0,already_correct,0.1445833902033999,0.4535491798602405,1.3948250469146637,0.7345084218910429
impossible_016,mixtral-8x7b,fact_grounded,0,0,already_correct,0.3695204607283343,0.4770769095741097,1.468249801349997,0.7287548863456212
impossible_017,mixtral-8x7b,fact_grounded,0,0,already_correct,1.1102230246251563e-16,0.385438073138071,1.3476026514497093,0.709421966154461
impossible_018,mixtral-8x7b,fact_grounded,0,0,already_correct,0.0,0.4512168499635118,1.469118684012558,0.7333250355902713
impossible_019,mixtral-8x7b,fact_grounded,0,0,already_correct,0.6948227806005108,0.3969968770339099,1.4634214021984335,0.6949529191130599
impossible_020,mixtral-8x7b,fact_grounded,0,0,already_correct,0.0,0.4752509211435867,1.303120271345749,0.8113480057164546
impossible_021,mixtral-8x7b,fact_grounded,0,0,already_correct,0.6847774947219638,0.4431305143455964,1.4181748812695176,0.672847509017385
impossible_022,mixtral-8x7b,fact_grounded,0,0,already_correct,-2.220446049250313e-16,0.3520010654438289,1.4639729737187956,0.7241808216844288
impossible_023,mixtral-8x7b,fact_grounded,0,0,already_correct,3.3306690738754696e-16,0.455889330351273,1.4344927170928583,0.7930420973301907
impossible_024,mixtral-8x7b,fact_grounded,0,0,already_correct,0.8644938403979362,0.4082023102283143,1.4271735443184168,0.7753947228954897
impossible_025,mixtral-8x7b,fact_grounded,0,0,already_correct,0.7333388588522243,0.3785684530811432,1.4244542885042928,0.7235396087514101
impossible_026,mixtral-8x7b,fact_grounded,0,0,already_correct,0.8640442510880024,0.3975716398225351,1.4109313497671825,0.7797697609927278
impossible_027,mixtral-8x7b,fact_grounded,0,0,already_correct,0.7105278016919148,0.4247105743564808,1.4385519582650963,0.6971456827575261
impossible_028,mixtral-8x7b,fact_grounded,0,0,already_correct,0.4309963868988636,0.4196514921035555,1.5398167790911867,0.6362163799506999
impossible_029,mixtral-8x7b,fact_grounded,0,0,already_correct,0.1257851711933711,0.4600169891009289,1.458718882930412,0.7963664184013529
impossible_030,mixtral-8x7b,fact_grounded,0,0,already_correct,0.8020508056844807,0.4030046415686885,1.4198247172073906,0.7242645544496362
nonexistent_001,mixtral-8x7b,fact_grounded,0,0,already_correct,0.0454428209205745,0.4570250522860282,1.615715817569476,0.6594531936841832
nonexistent_002,mixtral-8x7b,fact_grounded,0,0,already_correct,0.4677381953787014,0.4807812336471663,1.9384404475051296,0.6586584120072059
nonexistent_003,mixtral-8x7b,fact_grounded,2,2,still_broken,1.1102230246251563e-16,0.4276243627057265,1.5094994460630982,0.6937800151786704
nonexistent_004,mixtral-8x7b,fact_grounded,0,0,already_correct,-2.220446049250313e-16,0.4564137144815087,1.851797884385934,0.5726994262069951
nonexistent_005,mixtral-8x7b,fact_grounded,0,0,already_correct,0.0,0.465822997116629,1.8623172596233903,0.6509377288126535
nonexistent_006,mixtral-8x7b,fact_grounded,2,2,still_broken,0.0,0.5029321806753635,1.5509796102552418,0.6790876172544247
nonexistent_007,mixtral-8x7b,fact_grounded,2,0,fixed,0.5911705809667317,0.4384180276510528,2.1493553401106253,0.6484046155692724
nonexistent_008,mixtral-8x7b,fact_grounded,0,0,already_correct,0.0957750557052731,0.384685691724981,2.399391497385759,0.5396505391719605
nonexistent_009,mixtral-8x7b,fact_grounded,0,0,already_correct,0.4385653332026844,0.4761348024669491,1.963117468304936,0.6151337027863505
nonexistent_010,mixtral-8x7b,fact_grounded,0,0,already_correct,0.5158505587176638,0.4476063807965523,1.8334121656816305,0.6639503111744578
nonexistent_011,mixtral-8x7b,fact_grounded,0,0,already_correct,0.0,0.4183605627704306,1.8233726758969768,0.6008289869583918
nonexistent_012,mixtral-8x7b,fact_grounded,2,0,fixed,0.0,0.3282147135021206,1.6967845457280517,0.7164932747542667
nonexistent_013,mixtral-8x7b,fact_grounded,0,0,already_correct,0.0,0.6334931482875634,3.234875388204,0.5542865449529822
nonexistent_014,mixtral-8x7b,fact_grounded,1,0,other,0.0,0.4130129249322228,1.8320968749483288,0.5693820791961997
nonexistent_015,mixtral-8x7b,fact_grounded,0,0,already_correct,0.0,0.374969051477136,1.4898031777136556,0.6910299677931582
nonexistent_016,mixtral-8x7b,fact_grounded,2,3,fixed,0.2805045218348615,0.5910803578233195,2.732910152966596,0.6001690613713271
nonexistent_017,mixtral-8x7b,fact_grounded,0,0,already_correct,0.5302974421282072,0.4651336536553984,1.7342393214203522,0.6404096140823191
nonexistent_018,mixtral-8x7b,fact_grounded,0,0,already_correct,0.3342446558250019,0.489726295593314,1.848305485089209,0.6699256292861111
nonexistent_019,mixtral-8x7b,fact_grounded,0,3,already_correct,0.0,0.5808501293560877,2.844296976941338,0.5523783938073688
nonexistent_020,mixtral-8x7b,fact_grounded,0,0,already_correct,0.5115517775867039,0.4732462382721614,1.993442159482999,0.6708993438546399
nonexistent_021,mixtral-8x7b,fact_grounded,0,0,already_correct,0.5574498399007891,0.4421586669851266,1.7331138624020443,0.629479369950903
nonexistent_022,mixtral-8x7b,fact_grounded,0,0,already_correct,0.6337578213026309,0.5115894791801593,2.003651681231058,0.560773997383176
nonexistent_023,mixtral-8x7b,fact_grounded,2,0,fixed,0.3568558343007325,0.3539184574866522,2.4073431465037234,0.6145784425889566
nonexistent_024,mixtral-8x7b,fact_grounded,0,0,already_correct,1.1102230246251563e-16,0.5091116721181774,2.015018677082794,0.6064807709590798
nonexistent_025,mixtral-8x7b,fact_grounded,0,0,already_correct,1.1102230246251563e-16,0.4263605809857247,1.385281679632341,0.7504628298669417
nonexistent_026,mixtral-8x7b,fact_grounded,2,0,fixed,0.0975577827163954,0.500677276446372,1.877240963729926,0.6862876200297774
nonexistent_027,mixtral-8x7b,fact_grounded,0,0,already_correct,0.6873397586664541,0.5831425659305403,2.194423208872275,0.439598850196002
nonexistent_028,mixtral-8x7b,fact_grounded,0,0,already_correct,0.5810363014954536,0.4748582757943949,1.5307392572882974,0.7431710443416528
nonexistent_029,mixtral-8x7b,fact_grounded,0,0,already_correct,0.0,0.3689495032061506,2.4195365373037796,0.5486947156478663
nonexistent_030,mixtral-8x7b,fact_grounded,0,0,already_correct,0.6736730288677727,0.5520334085147902,1.8682348773229904,0.698702271143901
nonexistent_031,mixtral-8x7b,fact_grounded,2,0,fixed,0.3281983558312015,0.5368106658137504,2.307223853167116,0.6242041309939212
nonexistent_032,mixtral-8x7b,fact_grounded,0,0,already_correct,0.539372510742057,0.3829378402034553,2.7346886215316357,0.5559429890739753
nonexistent_033,mixtral-8x7b,fact_grounded,0,0,already_correct,0.5757749954802136,0.5837106417413707,1.8593737943376472,0.6640875742086295
nonexistent_034,mixtral-8x7b,fact_grounded,0,0,already_correct,0.4187105756418797,0.6038574964801048,2.3099387615258946,0.5853326755318425
nonexistent_035,mixtral-8x7b,fact_grounded,0,0,already_correct,0.0,0.5205105768308945,1.805052905184283,0.6704744389494379
nonexistent_036,mixtral-8x7b,fact_grounded,0,0,already_correct,3.3306690738754696e-16,0.4689086948310491,1.8339277076756957,0.6048819095183796
nonexistent_037,mixtral-8x7b,fact_grounded,0,0,already_correct,0.3540607959987495,0.4891591393930209,1.5779747684754617,0.6807964102588424
nonexistent_038,mixtral-8x7b,fact_grounded,0,0,already_correct,0.7415075567544674,0.6501094394237092,2.774768723402712,0.5365121089258558
nonexistent_039,mixtral-8x7b,fact_grounded,2,0,fixed,0.0,0.5271627150413254,2.0999586130232513,0.5111346006353664
nonexistent_040,mixtral-8x7b,fact_grounded,2,0,fixed,0.0,0.5301536458570822,2.1752483159909812,0.5287035673415779
nonexistent_041,mixtral-8x7b,fact_grounded,0,0,already_correct,0.3402406836440982,0.4147167129460392,1.732507209343875,0.6214838176658093
nonexistent_042,mixtral-8x7b,fact_grounded,2,2,still_broken,0.4820732510236483,0.3974697854786684,1.3763666579571388,0.7583163767435037
nonexistent_043,mixtral-8x7b,fact_grounded,2,2,still_broken,0.6117514925271953,0.3968230607521225,1.4579691933650414,0.7006417252306849
nonexistent_044,mixtral-8x7b,fact_grounded,0,3,already_correct,0.2832522070221442,0.5440085679336117,2.6028868283866915,0.5926988213239269
nonexistent_045,mixtral-8x7b,fact_grounded,0,0,already_correct,-4.440892098500626e-16,0.4474593634578884,1.6703877913238423,0.6926949289470643
nonexistent_046,mixtral-8x7b,fact_grounded,0,0,already_correct,0.6900277134533814,0.4393045066966574,1.706411804861814,0.6973554138479499
nonexistent_047,mixtral-8x7b,fact_grounded,0,0,already_correct,0.0,0.4971957099585214,1.7663887781112586,0.6783706857482479
nonexistent_048,mixtral-8x7b,fact_grounded,0,0,already_correct,0.1377468608419395,0.4796644061488472,1.7528593850718552,0.6696658989700652
nonexistent_049,mixtral-8x7b,fact_grounded,0,0,already_correct,0.3337416028727933,0.5151894043961379,1.6921964680335524,0.6627667906245607
nonexistent_050,mixtral-8x7b,fact_grounded,2,0,fixed,0.4505974970339189,0.5006252176026377,2.3357904479686296,0.6092033117516354
nonexistent_051,mixtral-8x7b,fact_grounded,0,0,already_correct,0.7718971548894408,0.4854904137187733,1.895052479560097,0.6506374340644948
nonexistent_052,mixtral-8x7b,fact_grounded,2,0,fixed,1.1102230246251563e-16,0.4728590030035952,1.7887990848620996,0.6119730871620171
nonexistent_053,mixtral-8x7b,fact_grounded,0,0,already_correct,0.1504813859894436,0.4859498001673301,1.657261219256427,0.6552500846776133
nonexistent_054,mixtral-8x7b,fact_grounded,2,0,fixed,0.0298550825348501,0.3429242260486725,2.283564665138221,0.5507380929334323
nonexistent_055,mixtral-8x7b,fact_grounded,0,0,already_correct,2.220446049250313e-16,0.5603317551690375,2.738502343053188,0.6092613698734879
nonexistent_056,mixtral-8x7b,fact_grounded,0,0,already_correct,0.2269927756030223,0.4921681596330601,2.0218330905805675,0.6171315441753924
nonexistent_057,mixtral-8x7b,fact_grounded,0,0,already_correct,0.8384730010881442,0.446268485223399,1.7307799836943771,0.7163141971215217
nonexistent_058,mixtral-8x7b,fact_grounded,2,0,fixed,0.1316183196732502,0.3980349888395448,1.6671817091213794,0.6761587700330811
nonexistent_059,mixtral-8x7b,fact_grounded,2,3,fixed,1.1102230246251563e-16,0.5274268411572661,2.1131023822274835,0.504095125915609
nonexistent_060,mixtral-8x7b,fact_grounded,0,0,already_correct,1.1102230246251563e-16,0.5727185745103827,3.043315974404832,0.5724153464931367
nonexistent_061,mixtral-8x7b,fact_grounded,2,0,fixed,0.0,0.5488998124686946,2.1039495058352067,0.6237480125734094
nonexistent_062,mixtral-8x7b,fact_grounded,2,0,fixed,0.4287932223254523,0.5461921340004303,2.669335338797711,0.6094946617250923
nonexistent_063,mixtral-8x7b,fact_grounded,0,0,already_correct,0.0,0.269784390824176,2.026822157297487,0.6773287402694432
nonexistent_064,mixtral-8x7b,fact_grounded,0,0,already_correct,0.2391853786875325,0.6171416766601826,2.6267502371990252,0.5780032102260019
nonexistent_065,mixtral-8x7b,fact_grounded,0,0,already_correct,-2.220446049250313e-16,0.3713326532083253,2.482790945149397,0.6319423700533386
nonexistent_066,mixtral-8x7b,fact_grounded,2,0,fixed,0.0206471577488741,0.3805220429291759,1.6820587065914292,0.6946096718188879
nonexistent_067,mixtral-8x7b,fact_grounded,2,0,fixed,0.4313498292652695,0.6099432842787053,2.3019429305758616,0.5890065697012337
nonexistent_068,mixtral-8x7b,fact_grounded,2,2,still_broken,0.0,0.4011687566932002,1.4949977720115908,0.7752330700509196
nonexistent_069,mixtral-8x7b,fact_grounded,2,0,fixed,0.0746020064872662,0.5065082810005996,1.7248770485132827,0.6200790952724083
nonexistent_070,mixtral-8x7b,fact_grounded,0,0,already_correct,0.2231962646932311,0.3774941064544084,2.565239212839378,0.5428052565641274
nonexistent_071,mixtral-8x7b,fact_grounded,0,0,already_correct,0.444422174384231,0.3883344433650393,1.3848640785493171,0.740159468757686
nonexistent_072,mixtral-8x7b,fact_grounded,0,0,already_correct,0.1418882700819371,0.4499181735474316,1.410469525862015,0.7046362488953579
nonexistent_073,mixtral-8x7b,fact_grounded,0,0,already_correct,0.6078326428629937,0.6533312838264017,2.769645429260442,0.6188884918061701
nonexistent_074,mixtral-8x7b,fact_grounded,0,0,already_correct,0.124045795844386,0.3774086969379046,2.346487059189837,0.5508230476279948
nonexistent_075,mixtral-8x7b,fact_grounded,2,0,fixed,0.1024315549974038,0.2676045967438318,2.056780484627801,0.6698730496654235
nonexistent_076,mixtral-8x7b,fact_grounded,2,0,fixed,0.1890046897721587,0.4774598160250866,2.2157114319817346,0.6368687940379189
nonexistent_077,mixtral-8x7b,fact_grounded,0,0,already_correct,0.3774938717837871,0.4307552008558352,1.6480894842078375,0.6833262920351999
nonexistent_078,mixtral-8x7b,fact_grounded,0,0,already_correct,0.2391853786875315,0.6342464680046138,2.636007745353853,0.5813405949109487
nonexistent_079,mixtral-8x7b,fact_grounded,1,0,other,0.0041491256678026,0.5300003710761907,2.2895570298667365,0.5396074401281944
nonexistent_080,mixtral-8x7b,fact_grounded,2,2,still_broken,0.0639360744884086,0.5369556486215432,2.3165792341902827,0.5285954358091894
nonexistent_081,mixtral-8x7b,fact_grounded,2,0,fixed,0.510318600796009,0.4869111922249682,2.2154789476257033,0.6393147415853841
nonexistent_082,mixtral-8x7b,fact_grounded,0,3,already_correct,-2.220446049250313e-16,0.5579015388786452,2.906007100061119,0.5722083956637365
nonexistent_083,mixtral-8x7b,fact_grounded,0,0,already_correct,0.2264918922650558,0.3872016757502944,2.671676068597886,0.5402400158597737
nonexistent_084,mixtral-8x7b,fact_grounded,2,0,fixed,0.1813165410053703,0.3779636385347069,2.278890128273501,0.5351329439205346
nonexistent_085,mixtral-8x7b,fact_grounded,0,3,already_correct,0.0,0.5538749481118661,2.3942196181987963,0.5698575328740195
nonexistent_086,mixtral-8x7b,fact_grounded,0,0,already_correct,0.2248132435528604,0.3620338686224142,2.582051227694653,0.5451446450145236
nonexistent_087,mixtral-8x7b,fact_grounded,0,0,already_correct,0.0108420991632629,0.3945560043224224,2.394178481297942,0.5453762343562223
nonexistent_088,mixtral-8x7b,fact_grounded,0,0,already_correct,1.1102230246251563e-16,0.6183519861963505,2.999391669304233,0.545934183786133
nonexistent_089,mixtral-8x7b,fact_grounded,0,0,already_correct,0.0088413298822498,0.6070316724571939,2.75591942122386,0.5656177785257627
nonexistent_090,mixtral-8x7b,fact_grounded,0,0,already_correct,0.4061365497884437,0.640297956406194,2.9999818462888124,0.5961153916347955
nonexistent_091,mixtral-8x7b,fact_grounded,0,3,already_correct,0.0080572660634468,0.5883895280631628,2.867792951359041,0.5531594733499339
nonexistent_092,mixtral-8x7b,fact_grounded,0,0,already_correct,0.6882958732870419,0.6043505175939932,2.2428224618371955,0.4509241254123759
nonexistent_093,mixtral-8x7b,fact_grounded,0,0,already_correct,0.5118603154082471,0.6178111595283993,2.872415108360505,0.5720176184676486
nonexistent_094,mixtral-8x7b,fact_grounded,2,0,fixed,0.1452052134183755,0.3669857232413221,2.301006000964713,0.5312844221702979
nonexistent_095,mixtral-8x7b,fact_grounded,0,0,already_correct,0.3348925460280942,0.4324710021081013,1.9591909411658672,0.6663871378803026
nonexistent_096,mixtral-8x7b,fact_grounded,0,0,already_correct,0.4542606855006625,0.3830227381620973,2.60203804699986,0.5854421830344917
nonexistent_097,mixtral-8x7b,fact_grounded,0,2,regressed,0.2775313508640024,0.5452100276976068,2.786741082796479,0.5639343830321482
nonexistent_098,mixtral-8x7b,fact_grounded,2,0,fixed,0.0953515009517443,0.6060300380484986,2.3140911045752968,0.5877398578595393
nonexistent_099,mixtral-8x7b,fact_grounded,0,0,already_correct,0.0693157235875372,0.5975343944918458,3.082443756039945,0.5309233309466046
nonexistent_100,mixtral-8x7b,fact_grounded,0,0,already_correct,0.7046961778722258,0.3165946188778467,1.9220794841788955,0.7047898011803579
nonexistent_101,mixtral-8x7b,fact_grounded,0,0,already_correct,0.0,0.2898084442356734,1.8477435834610152,0.6852463128598838
nonexistent_102,mixtral-8x7b,fact_grounded,0,0,already_correct,0.7440328994000756,0.656492510271725,2.9364449240045225,0.5345052101237924
nonexistent_103,mixtral-8x7b,fact_grounded,0,0,already_correct,0.5016432193586686,0.6008961890862008,2.686987516108755,0.550320452436539
nonexistent_104,mixtral-8x7b,fact_grounded,2,0,fixed,0.4361524948216549,0.3742063842066859,2.4617332860106163,0.6050834543762504
nonexistent_105,mixtral-8x7b,fact_grounded,0,0,already_correct,0.7709418713871505,0.6247681874084382,2.835188476389863,0.5946197096843913
nonexistent_106,mixtral-8x7b,fact_grounded,0,0,already_correct,0.6078326428629951,0.6398374132984526,2.6383556049792096,0.6529173473539759
nonexistent_107,mixtral-8x7b,fact_grounded,0,0,already_correct,0.1238208174257008,0.6442680389447031,2.6161830080858635,0.5976396745373815
nonexistent_108,mixtral-8x7b,fact_grounded,0,0,already_correct,0.3123011901183431,0.611198138760787,2.711674497407564,0.5539723480018477
nonexistent_109,mixtral-8x7b,fact_grounded,0,0,already_correct,-2.220446049250313e-16,0.2734974646941881,2.0455396028515973,0.6693600584024785
nonexistent_110,mixtral-8x7b,fact_grounded,0,0,already_correct,0.5118603154082475,0.6097263902414586,2.6828549395236836,0.5943882438631942
nonexistent_111,mixtral-8x7b,fact_grounded,0,3,already_correct,0.1782511086366093,0.2975615246505051,1.9208393848922565,0.6681828765393893
nonexistent_112,mixtral-8x7b,fact_grounded,0,0,already_correct,0.5016432193586703,0.6186014594359213,2.87296858991689,0.5540540491300642
nonexistent_113,mixtral-8x7b,fact_grounded,0,3,already_correct,0.0063899062963099,0.5586626835313167,2.840682923784205,0.557496767672401
nonexistent_114,mixtral-8x7b,fact_grounded,0,3,already_correct,0.1429230961483591,0.5550202047340128,2.8248187354450396,0.568418176152549
nonexistent_115,mixtral-8x7b,fact_grounded,2,0,fixed,0.1650254185559772,0.5731607226937883,2.349115435465942,0.5823740445607263
nonexistent_116,mixtral-8x7b,fact_grounded,2,0,fixed,0.0,0.3633982611488979,2.348215397561924,0.5662501001010025
nonexistent_117,mixtral-8x7b,fact_grounded,0,0,already_correct,0.1226499096655227,0.571144421812326,2.63405993552945,0.5800607937026624
nonexistent_118,mixtral-8x7b,fact_grounded,0,0,already_correct,0.0048429147825804,0.2635767938349528,2.0750847301949236,0.668915287539573
nonexistent_119,mixtral-8x7b,fact_grounded,0,0,already_correct,0.036017250607789,0.303978232075897,1.910441718217879,0.669415725821472
nonexistent_120,mixtral-8x7b,fact_grounded,2,0,fixed,0.4087823102518205,0.3345844495325311,2.023099001917248,0.6762248492406105
ambiguous_001,mixtral-8x7b,fact_grounded,0,0,already_correct,1.1102230246251563e-16,0.4513794437816401,1.5647058596101149,0.6762421181316913
ambiguous_002,mixtral-8x7b,fact_grounded,0,0,already_correct,0.156266619267345,0.4738785383594013,1.5491106051937995,0.6478326148339721
ambiguous_003,mixtral-8x7b,fact_grounded,0,0,already_correct,0.3080591443624276,0.4369457045848902,1.7434172385236724,0.5916459010431453
ambiguous_004,mixtral-8x7b,fact_grounded,0,0,already_correct,0.3256189317691312,0.4187259533005385,2.022408245644571,0.4574143719551241
ambiguous_005,mixtral-8x7b,fact_grounded,0,0,already_correct,0.2050703741541029,0.4486209595157274,1.533774470051912,0.6053944897852803
ambiguous_006,mixtral-8x7b,fact_grounded,0,0,already_correct,0.0518319154145865,0.3821622797863735,1.7204615102839311,0.5881900769703599
ambiguous_007,mixtral-8x7b,fact_grounded,0,0,already_correct,0.3209110607670674,0.4935539922957875,1.797897865239334,0.4986332005672295
ambiguous_008,mixtral-8x7b,fact_grounded,0,0,already_correct,-2.220446049250313e-16,0.3885697140988601,1.6739590399814115,0.5495560201156677
ambiguous_009,mixtral-8x7b,fact_grounded,0,0,already_correct,0.7817070362190207,0.5008673712789751,2.5116140111091583,0.5977153724716655
ambiguous_010,mixtral-8x7b,fact_grounded,0,0,already_correct,0.0475995434810057,0.4588522448712292,1.495000430874621,0.5928802068173216
ambiguous_011,mixtral-8x7b,fact_grounded,0,0,already_correct,0.5197036923578444,0.4901867915533022,2.12261389091119,0.6294324830746607
ambiguous_012,mixtral-8x7b,fact_grounded,0,0,already_correct,0.0478287855388587,0.4889574550150641,1.8939417647262324,0.6339152382996209
ambiguous_013,mixtral-8x7b,fact_grounded,0,0,already_correct,0.6861433153782892,0.3426191447263088,1.946222997396814,0.6033718498608189
ambiguous_014,mixtral-8x7b,fact_grounded,0,0,already_correct,0.5696514344000015,0.4822030792025104,1.673090296213788,0.5767970614395511
ambiguous_015,mixtral-8x7b,fact_grounded,0,0,already_correct,0.006331088371127,0.524241975087887,2.480078367613028,0.5689004415259753
ambiguous_016,mixtral-8x7b,fact_grounded,0,0,already_correct,0.2113088459761729,0.4762212802418333,1.666302606977574,0.6348986657394063
ambiguous_017,mixtral-8x7b,fact_grounded,0,0,already_correct,2.220446049250313e-16,0.5301814116529138,1.7386652921085697,0.5586315121384209
ambiguous_018,mixtral-8x7b,fact_grounded,0,0,already_correct,0.0530431484712531,0.5524618129318023,2.305389413728326,0.5632077631307728
ambiguous_019,mixtral-8x7b,fact_grounded,0,0,already_correct,0.5747450417462028,0.4703734853293836,1.9714896929037995,0.645917251025028
ambiguous_020,mixtral-8x7b,fact_grounded,0,0,already_correct,0.8544863026435386,0.4908550493110857,1.6216498566508957,0.6091094490231097
ambiguous_021,mixtral-8x7b,fact_grounded,0,0,already_correct,0.4526154356896075,0.477356057734747,2.2498023613167444,0.584299413307553
ambiguous_022,mixtral-8x7b,fact_grounded,0,0,already_correct,0.4162526884229248,0.4426994226311981,1.8093026271726984,0.6055317326702114
ambiguous_023,mixtral-8x7b,fact_grounded,0,0,already_correct,0.2760844051091073,0.4083250134176807,1.597435662269415,0.6198188342781339
ambiguous_024,mixtral-8x7b,fact_grounded,0,0,already_correct,0.4769088584266318,0.4415771262943727,1.947832954084308,0.6336175875800149
ambiguous_025,mixtral-8x7b,fact_grounded,0,0,already_correct,3.3306690738754696e-16,0.4303615604332876,1.717905004596788,0.5895631527681274
ambiguous_026,mixtral-8x7b,fact_grounded,0,0,already_correct,0.7756478610317874,0.4481652299566769,1.9966912875228944,0.5539782813035896
ambiguous_027,mixtral-8x7b,fact_grounded,0,0,already_correct,0.65337205001654,0.4920463264015721,1.8550477551070408,0.5790169270710116
ambiguous_028,mixtral-8x7b,fact_grounded,0,0,already_correct,0.7837684723193905,0.5559512611292741,2.5253373391085745,0.4884599678512389
ambiguous_029,mixtral-8x7b,fact_grounded,0,0,already_correct,0.7349821196700508,0.4700382676302619,1.6836054786857897,0.6180723877663572
ambiguous_030,mixtral-8x7b,fact_grounded,0,0,already_correct,1.1102230246251563e-16,0.4805095401320631,1.684627314785207,0.6469193613548665
ambiguous_031,mixtral-8x7b,fact_grounded,0,0,already_correct,0.4745157636360088,0.4590779271101095,2.2056204955548524,0.5987863233529852
ambiguous_032,mixtral-8x7b,fact_grounded,0,0,already_correct,0.5960955733174593,0.4745264660026879,1.9309545300549564,0.6486603872812313
ambiguous_033,mixtral-8x7b,fact_grounded,0,0,already_correct,0.5450477701089003,0.3408572808392561,1.5186842211089546,0.6757521670687063
ambiguous_034,mixtral-8x7b,fact_grounded,0,0,already_correct,0.2801912416407609,0.4886872520942579,1.649913076128024,0.634175344337971
ambiguous_035,mixtral-8x7b,fact_grounded,0,0,already_correct,0.1925840292678671,0.4947919423642294,1.8809749221551064,0.6429165414873972
ambiguous_036,mixtral-8x7b,fact_grounded,0,0,already_correct,0.5714292957616816,0.3918340309820629,1.589261410637838,0.6313742449601347
ambiguous_037,mixtral-8x7b,fact_grounded,0,0,already_correct,0.3266285119014644,0.4027126938437462,1.669149067327672,0.6811065852223763
ambiguous_038,mixtral-8x7b,fact_grounded,0,0,already_correct,0.7930763567529276,0.4373771959340085,1.8337624019513588,0.6173261440063563
ambiguous_039,mixtral-8x7b,fact_grounded,0,0,already_correct,0.793011270114748,0.412109214029654,1.7574826215622117,0.6519528738094241
ambiguous_040,mixtral-8x7b,fact_grounded,0,0,already_correct,0.4010978374185715,0.4720551513825379,1.535301183088386,0.652945435462701
ambiguous_041,mixtral-8x7b,fact_grounded,0,0,already_correct,1.1102230246251563e-16,0.3954656701936273,2.0882568101300514,0.6111258136004332
ambiguous_042,mixtral-8x7b,fact_grounded,0,0,already_correct,0.4191815494437741,0.4125742846911971,2.1025067631140755,0.6083614431685562
ambiguous_043,mixtral-8x7b,fact_grounded,0,0,already_correct,0.772029511728072,0.4104756034518856,1.7331819908023778,0.5914375756850283
ambiguous_044,mixtral-8x7b,fact_grounded,0,0,already_correct,0.1141930109973524,0.4455329723918393,1.4950548630899807,0.7469428945095788
ambiguous_045,mixtral-8x7b,fact_grounded,0,0,already_correct,0.199354465743603,0.4763491588176562,1.8880987863168004,0.6647331060284427
ambiguous_046,mixtral-8x7b,fact_grounded,0,0,already_correct,0.6017392034715879,0.498338276172085,1.7294301961153629,0.6344999105871726
ambiguous_047,mixtral-8x7b,fact_grounded,0,0,already_correct,1.1102230246251563e-16,0.5203500695220684,2.1452544516792873,0.609386040166454
ambiguous_048,mixtral-8x7b,fact_grounded,0,0,already_correct,0.0007623374921091,0.5308068561372266,2.288822174471036,0.5812918740543526
ambiguous_049,mixtral-8x7b,fact_grounded,0,0,already_correct,0.015373448445039,0.4583185559205806,1.537740731218717,0.7508015940134369
ambiguous_050,mixtral-8x7b,fact_grounded,0,0,already_correct,0.1046427514876041,0.465696382006646,1.6163408071835996,0.5684870725852254
ambiguous_051,mixtral-8x7b,fact_grounded,0,0,already_correct,0.2499723149221913,0.43023306463915,1.7107824916712575,0.6072732194290416
ambiguous_052,mixtral-8x7b,fact_grounded,0,0,already_correct,0.1777043483180626,0.3669493979542798,1.5792179442982903,0.6786201025989553
ambiguous_053,mixtral-8x7b,fact_grounded,0,0,already_correct,1.1102230246251563e-16,0.5118915852044066,2.179763751474003,0.6039753448805846
ambiguous_054,mixtral-8x7b,fact_grounded,0,0,already_correct,0.198262011441614,0.4242561711000174,1.7758487332933757,0.5876605809851464
ambiguous_055,mixtral-8x7b,fact_grounded,0,0,already_correct,0.3318038674512861,0.5638879571477007,2.597080864630488,0.5411168078440893
ambiguous_056,mixtral-8x7b,fact_grounded,0,0,already_correct,0.787933391422078,0.4282860633495321,1.6794508530342969,0.6193214851712351
ambiguous_057,mixtral-8x7b,fact_grounded,0,0,already_correct,0.7113343895294981,0.4293178033901159,1.5607522898229576,0.5954319298025103
ambiguous_058,mixtral-8x7b,fact_grounded,0,0,already_correct,0.4716015668227307,0.4854064458580643,1.6875500884206494,0.6059676160038356
ambiguous_059,mixtral-8x7b,fact_grounded,0,0,already_correct,0.2264498336035106,0.3760437799577025,1.9834791706852324,0.6039879748085556
ambiguous_060,mixtral-8x7b,fact_grounded,0,0,already_correct,0.3825585437981733,0.51702828834971,2.0952969419991185,0.6084568178815019
ambiguous_061,mixtral-8x7b,fact_grounded,0,0,already_correct,0.2272560128285399,0.457724324731267,2.097446446207426,0.6047368641572493
ambiguous_062,mixtral-8x7b,fact_grounded,0,0,already_correct,0.3750512555545342,0.3472976227298386,1.5367877744642742,0.6763947789547355
ambiguous_063,mixtral-8x7b,fact_grounded,0,0,already_correct,0.3865161151473019,0.541080692121289,2.542454437666057,0.5768717961479495
ambiguous_064,mixtral-8x7b,fact_grounded,0,0,already_correct,0.1307481718924291,0.3895086882637234,1.503733655746533,0.6664351444693426
ambiguous_065,mixtral-8x7b,fact_grounded,0,0,already_correct,0.194605255827799,0.4511334962558812,1.916915496860755,0.5915300441343841
ambiguous_066,mixtral-8x7b,fact_grounded,0,0,already_correct,0.3654580221617494,0.4042543673130022,2.2415599654657004,0.5794837452194913
ambiguous_067,mixtral-8x7b,fact_grounded,0,0,already_correct,0.0791723013304377,0.4497917419916035,1.841533950391534,0.5970550880084131
ambiguous_068,mixtral-8x7b,fact_grounded,0,0,already_correct,0.066774602112254,0.4951176168791676,2.1267789044021064,0.6351308307505117
ambiguous_069,mixtral-8x7b,fact_grounded,0,0,already_correct,0.1586471919117993,0.529494803089946,2.0765701978308715,0.5892945636077542
ambiguous_070,mixtral-8x7b,fact_grounded,0,0,already_correct,0.1870498066681122,0.4704141435171802,1.8277405957714217,0.6663566236239373
ambiguous_071,mixtral-8x7b,fact_grounded,0,0,already_correct,0.7759509016235346,0.3699680199022408,1.7725946025393668,0.6637848508725611
ambiguous_072,mixtral-8x7b,fact_grounded,0,0,already_correct,0.5216525516035583,0.4684540634637558,2.326993622517255,0.5978458356539245
ambiguous_073,mixtral-8x7b,fact_grounded,0,0,already_correct,0.2936189183965008,0.5208703924217264,2.1241942911593283,0.6104035765527966
ambiguous_074,mixtral-8x7b,fact_grounded,0,0,already_correct,0.1145039381174928,0.4419136983826476,1.788208277303796,0.6120511931249658
ambiguous_075,mixtral-8x7b,fact_grounded,0,0,already_correct,0.365952809779331,0.485992797395979,1.8185966114818952,0.5435721514206071
ambiguous_076,mixtral-8x7b,fact_grounded,0,0,already_correct,0.7213988409624724,0.3607934560277327,2.032940124169298,0.5768120238858836
ambiguous_077,mixtral-8x7b,fact_grounded,0,0,already_correct,1.1102230246251563e-16,0.4691249325297769,1.536176855806763,0.6655102729503211
ambiguous_078,mixtral-8x7b,fact_grounded,0,0,already_correct,0.6102384166237447,0.3309039430913535,1.945321004425669,0.6327630031284367
ambiguous_079,mixtral-8x7b,fact_grounded,0,0,already_correct,0.0472035092883931,0.4396842449932009,1.5565000443193089,0.6797952870020483
ambiguous_080,mixtral-8x7b,fact_grounded,0,0,already_correct,0.4151977764858052,0.3586927595693975,1.7914394329217986,0.6721294801293554
ambiguous_081,mixtral-8x7b,fact_grounded,0,0,already_correct,0.4855467651349612,0.5549968588167808,2.5053253012188668,0.5468872608542804
ambiguous_082,mixtral-8x7b,fact_grounded,0,0,already_correct,0.7658328910058598,0.6230728097731264,2.6572470950989033,0.535077946552968
ambiguous_083,mixtral-8x7b,fact_grounded,0,0,already_correct,0.3569879122793679,0.4234983998739121,1.4864427139139904,0.7005679142214887
ambiguous_084,mixtral-8x7b,fact_grounded,0,0,already_correct,0.813915447603801,0.5617528164330869,2.6222694504409856,0.4985161385558181
ambiguous_085,mixtral-8x7b,fact_grounded,0,0,already_correct,0.1614533423014978,0.4636291982680142,1.941804469540396,0.5900963108132051
ambiguous_086,mixtral-8x7b,fact_grounded,0,0,already_correct,0.743017796599794,0.3543153196251317,1.9659807045529467,0.6562811030001302
ambiguous_087,mixtral-8x7b,fact_grounded,0,0,already_correct,0.0466926555910374,0.4222848113421836,1.8424749469213983,0.6127122670072148
ambiguous_088,mixtral-8x7b,fact_grounded,0,0,already_correct,0.3567118773098702,0.4841113809463411,2.167649005470379,0.6245334628816293
ambiguous_089,mixtral-8x7b,fact_grounded,0,0,already_correct,0.611246284171553,0.4960113538981785,2.191870742736033,0.6206749868162854
ambiguous_090,mixtral-8x7b,fact_grounded,0,0,already_correct,0.8042895480254924,0.416559976103064,1.7939307084915004,0.6686223726245681
ambiguous_091,mixtral-8x7b,fact_grounded,0,0,already_correct,0.2076148675269422,0.5138145931119994,2.139665299885295,0.6247996434257974
ambiguous_092,mixtral-8x7b,fact_grounded,0,0,already_correct,0.1026864266633025,0.4481939538203094,2.1869450002189654,0.5909426463446185
ambiguous_093,mixtral-8x7b,fact_grounded,0,0,already_correct,0.278469105695076,0.4535280981303278,2.3649636701392054,0.5582842671254327
ambiguous_094,mixtral-8x7b,fact_grounded,0,0,already_correct,0.1570242529823706,0.5673791056109705,2.851291536253753,0.5590425535361244
ambiguous_095,mixtral-8x7b,fact_grounded,0,0,already_correct,0.3971435463888026,0.4763578147032907,2.0347122121218564,0.618879841037896
ambiguous_096,mixtral-8x7b,fact_grounded,0,0,already_correct,0.4765253194221335,0.4640500223838369,2.1859176570194774,0.5872903383214326
ambiguous_097,mixtral-8x7b,fact_grounded,0,0,already_correct,0.6353888046578354,0.4442563595374043,2.254569412046105,0.5951307953623421
ambiguous_098,mixtral-8x7b,fact_grounded,0,0,already_correct,0.2659934557581298,0.4971533534766986,1.85431406597822,0.6315672380816152
ambiguous_099,mixtral-8x7b,fact_grounded,0,0,already_correct,0.4122169180977346,0.4999457285191128,2.0566971102312928,0.62843695233373
ambiguous_100,mixtral-8x7b,fact_grounded,0,0,already_correct,0.7951870003563645,0.3379685889996887,1.9014629498644784,0.6729866135836824
ambiguous_101,mixtral-8x7b,fact_grounded,0,0,already_correct,0.4644291196378647,0.4211060115285139,1.555361831243632,0.6486240159912241
ambiguous_102,mixtral-8x7b,fact_grounded,0,0,already_correct,0.4648150364333798,0.3801291588200778,1.4396473473008482,0.6897197965120447
ambiguous_103,mixtral-8x7b,fact_grounded,0,0,already_correct,0.5419964895552143,0.3842231245479571,1.8999848662665637,0.6139291334793262
ambiguous_104,mixtral-8x7b,fact_grounded,0,0,already_correct,0.8258606644456606,0.4323335563608909,1.869447626643557,0.5807633910194665
ambiguous_105,mixtral-8x7b,fact_grounded,0,0,already_correct,0.0,0.5850687660016045,2.8198418307364688,0.5159791337842479
ambiguous_106,mixtral-8x7b,fact_grounded,0,0,already_correct,0.1955541882323601,0.4763274033503883,2.0453482035877815,0.5792543068011743
ambiguous_107,mixtral-8x7b,fact_grounded,0,0,already_correct,0.7852537142351815,0.5534447910869212,3.077240443272292,0.5617718876165703
ambiguous_108,mixtral-8x7b,fact_grounded,0,0,already_correct,0.7784739681522246,0.5289489372570311,2.570043882663746,0.5394469160977834
ambiguous_109,mixtral-8x7b,fact_grounded,0,0,already_correct,-2.220446049250313e-16,0.5630419088673722,2.8453042975425036,0.5279049399088223
ambiguous_110,mixtral-8x7b,fact_grounded,0,0,already_correct,0.7784739681522236,0.5573831781530021,2.6980702528590874,0.5525947825895404
ambiguous_111,mixtral-8x7b,fact_grounded,0,0,already_correct,0.7904265763990705,0.5332547039469795,2.890427822347319,0.5592195130142679
ambiguous_112,mixtral-8x7b,fact_grounded,0,0,already_correct,0.5944778426772561,0.4529522508777139,2.2979668368910664,0.5939220502391782
ambiguous_113,mixtral-8x7b,fact_grounded,0,0,already_correct,0.7916298108343762,0.4708141465392798,2.1296230172096258,0.5992961085932158
ambiguous_114,mixtral-8x7b,fact_grounded,0,0,already_correct,0.7817070362190197,0.5222985536915039,2.689982597010804,0.5710750985500112
ambiguous_115,mixtral-8x7b,fact_grounded,0,0,already_correct,0.578983228374877,0.564329623796546,3.139104836665925,0.4776152791885106
ambiguous_116,mixtral-8x7b,fact_grounded,0,0,already_correct,0.4397094565167494,0.5032015078756849,2.3459072836823083,0.5694700344070834
ambiguous_117,mixtral-8x7b,fact_grounded,0,0,already_correct,0.7718055566518579,0.3231921429136292,1.997050245081332,0.6543277516701158
ambiguous_118,mixtral-8x7b,fact_grounded,0,0,already_correct,0.4292952995207831,0.5103708777922726,2.0636351730411566,0.6327721335318325
ambiguous_119,mixtral-8x7b,fact_grounded,0,0,already_correct,0.613721947830653,0.5614774706503529,2.5443242509364064,0.6052582758233723
ambiguous_120,mixtral-8x7b,fact_grounded,0,0,already_correct,1.1102230246251563e-16,0.4112788770004014,1.9116197702854123,0.5695286366447575
borderline_obscure_0,mixtral-8x7b,structured_caution,0,0,already_correct,,,,
borderline_obscure_2,mixtral-8x7b,structured_caution,0,0,already_correct,,,,
borderline_obscure_3,mixtral-8x7b,structured_caution,0,0,already_correct,,,,
borderline_obscure_4,mixtral-8x7b,structured_caution,0,0,already_correct,,,,
borderline_obscure_5,mixtral-8x7b,structured_caution,0,0,already_correct,,,,
borderline_obscure_6,mixtral-8x7b,structured_caution,1,0,other,,,,
borderline_obscure_8,mixtral-8x7b,structured_caution,0,0,already_correct,,,,
borderline_obscure_9,mixtral-8x7b,structured_caution,0,0,already_correct,,,,
borderline_obscure_10,mixtral-8x7b,structured_caution,0,0,already_correct,,,,
borderline_obscure_12,mixtral-8x7b,structured_caution,0,0,already_correct,,,,
borderline_obscure_14,mixtral-8x7b,structured_caution,0,0,already_correct,,,,
borderline_obscure_15,mixtral-8x7b,structured_caution,0,0,already_correct,,,,
borderline_obscure_16,mixtral-8x7b,structured_caution,0,0,already_correct,,,,
borderline_obscure_17,mixtral-8x7b,structured_caution,0,3,already_correct,,,,
borderline_obscure_18,mixtral-8x7b,structured_caution,0,0,already_correct,,,,
borderline_obscure_19,mixtral-8x7b,structured_caution,0,0,already_correct,,,,
borderline_obscure_20,mixtral-8x7b,structured_caution,0,0,already_correct,,,,
borderline_obscure_21,mixtral-8x7b,structured_caution,0,3,already_correct,,,,
borderline_obscure_22,mixtral-8x7b,structured_caution,0,0,already_correct,,,,
borderline_obscure_23,mixtral-8x7b,structured_caution,1,3,other,,,,
borderline_obscure_24,mixtral-8x7b,structured_caution,0,0,already_correct,,,,
borderline_obscure_25,mixtral-8x7b,structured_caution,0,0,already_correct,,,,
borderline_obscure_26,mixtral-8x7b,structured_caution,0,0,already_correct,,,,
borderline_obscure_27,mixtral-8x7b,structured_caution,0,3,already_correct,,,,
borderline_obscure_28,mixtral-8x7b,structured_caution,0,0,already_correct,,,,
borderline_obscure_29,mixtral-8x7b,structured_caution,0,0,already_correct,,,,
borderline_obscure_30,mixtral-8x7b,structured_caution,0,0,already_correct,,,,
borderline_obscure_31,mixtral-8x7b,structured_caution,0,0,already_correct,,,,
borderline_obscure_32,mixtral-8x7b,structured_caution,0,0,already_correct,,,,
borderline_obscure_34,mixtral-8x7b,structured_caution,1,3,other,,,,
borderline_fake_0,mixtral-8x7b,structured_caution,0,0,already_correct,,,,
borderline_fake_2,mixtral-8x7b,structured_caution,2,3,fixed,,,,
borderline_fake_3,mixtral-8x7b,structured_caution,0,0,already_correct,,,,
borderline_fake_4,mixtral-8x7b,structured_caution,0,0,already_correct,,,,
borderline_fake_5,mixtral-8x7b,structured_caution,0,0,already_correct,,,,
borderline_fake_6,mixtral-8x7b,structured_caution,2,3,fixed,,,,
borderline_fake_7,mixtral-8x7b,structured_caution,2,0,fixed,,,,
borderline_fake_8,mixtral-8x7b,structured_caution,0,0,already_correct,,,,
borderline_fake_9,mixtral-8x7b,structured_caution,2,0,fixed,,,,
borderline_fake_10,mixtral-8x7b,structured_caution,0,0,already_correct,,,,
borderline_fake_11,mixtral-8x7b,structured_caution,0,0,already_correct,,,,
borderline_fake_12,mixtral-8x7b,structured_caution,0,0,already_correct,,,,
borderline_fake_13,mixtral-8x7b,structured_caution,2,2,still_broken,,,,
borderline_fake_14,mixtral-8x7b,structured_caution,0,0,already_correct,,,,
borderline_fake_15,mixtral-8x7b,structured_caution,2,0,fixed,,,,
borderline_fake_16,mixtral-8x7b,structured_caution,2,0,fixed,,,,
borderline_fake_17,mixtral-8x7b,structured_caution,0,0,already_correct,,,,
borderline_fake_19,mixtral-8x7b,structured_caution,0,0,already_correct,,,,
borderline_fake_20,mixtral-8x7b,structured_caution,0,0,already_correct,,,,
borderline_fake_21,mixtral-8x7b,structured_caution,1,0,other,,,,
borderline_fake_22,mixtral-8x7b,structured_caution,0,0,already_correct,,,,
borderline_fake_23,mixtral-8x7b,structured_caution,2,3,fixed,,,,
borderline_fake_24,mixtral-8x7b,structured_caution,0,0,already_correct,,,,
borderline_fake_27,mixtral-8x7b,structured_caution,2,0,fixed,,,,
borderline_fake_28,mixtral-8x7b,structured_caution,0,0,already_correct,,,,
borderline_fake_29,mixtral-8x7b,structured_caution,2,0,fixed,,,,
borderline_fake_30,mixtral-8x7b,structured_caution,2,0,fixed,,,,
borderline_fake_31,mixtral-8x7b,structured_caution,0,0,already_correct,,,,
borderline_fake_32,mixtral-8x7b,structured_caution,2,0,fixed,,,,
borderline_fake_33,mixtral-8x7b,structured_caution,2,2,still_broken,,,,
borderline_fake_34,mixtral-8x7b,structured_caution,0,0,already_correct,,,,
borderline_edge_0,mixtral-8x7b,structured_caution,0,0,already_correct,,,,
borderline_edge_1,mixtral-8x7b,structured_caution,0,0,already_correct,,,,
borderline_edge_2,mixtral-8x7b,structured_caution,0,0,already_correct,,,,
borderline_edge_3,mixtral-8x7b,structured_caution,0,0,already_correct,,,,
borderline_edge_4,mixtral-8x7b,structured_caution,0,0,already_correct,,,,
borderline_edge_5,mixtral-8x7b,structured_caution,0,0,already_correct,,,,
borderline_edge_6,mixtral-8x7b,structured_caution,0,0,already_correct,,,,
borderline_edge_7,mixtral-8x7b,structured_caution,0,0,already_correct,,,,
borderline_edge_8,mixtral-8x7b,structured_caution,0,0,already_correct,,,,
borderline_edge_9,mixtral-8x7b,structured_caution,0,0,already_correct,,,,
borderline_edge_10,mixtral-8x7b,structured_caution,0,0,already_correct,,,,
borderline_edge_11,mixtral-8x7b,structured_caution,0,0,already_correct,,,,
borderline_edge_12,mixtral-8x7b,structured_caution,0,0,already_correct,,,,
borderline_edge_13,mixtral-8x7b,structured_caution,0,0,already_correct,,,,
borderline_edge_14,mixtral-8x7b,structured_caution,0,0,already_correct,,,,
borderline_edge_15,mixtral-8x7b,structured_caution,0,0,already_correct,,,,
borderline_edge_16,mixtral-8x7b,structured_caution,0,0,already_correct,,,,
borderline_edge_17,mixtral-8x7b,structured_caution,0,0,already_correct,,,,
borderline_edge_18,mixtral-8x7b,structured_caution,0,0,already_correct,,,,
borderline_edge_19,mixtral-8x7b,structured_caution,0,0,already_correct,,,,
factual_001,mixtral-8x7b,structured_caution,2,3,fixed,0.3390698482009572,0.4258317670548038,1.383397835699358,0.8319429930204049
factual_002,mixtral-8x7b,structured_caution,0,3,already_correct,1.1102230246251563e-16,0.3671381095938628,1.542750285528084,0.7310246140998413
factual_003,mixtral-8x7b,structured_caution,0,0,already_correct,0.0756442551152993,0.4801142226197014,1.624794773575251,0.755998273251816
factual_004,mixtral-8x7b,structured_caution,1,0,other,0.0,0.4091090586541112,1.456805708543466,0.6993882164910686
factual_005,mixtral-8x7b,structured_caution,3,3,other,0.701730912788892,0.5021843521531819,1.7011396195193464,0.631399119430105
factual_006,mixtral-8x7b,structured_caution,0,0,already_correct,0.3259960846208846,0.463198484824823,1.6399415228618777,0.7872932102035252
factual_007,mixtral-8x7b,structured_caution,1,3,other,0.2091951151053356,0.4128652483638895,1.5903660763514311,0.7465407015315013
factual_008,mixtral-8x7b,structured_caution,0,0,already_correct,0.2037090540592256,0.468512958130906,1.6390644859640455,0.7686338531644856
factual_009,mixtral-8x7b,structured_caution,1,3,other,0.853848090543631,0.4151502834613091,1.6498944144090766,0.6572635505963973
factual_010,mixtral-8x7b,structured_caution,0,0,already_correct,0.232918055860813,0.5099705765787288,1.4726113798083318,0.7977554962414828
factual_011,mixtral-8x7b,structured_caution,3,3,other,0.6355284519294534,0.4036154541062687,1.7162440503449623,0.6860809940271048
factual_012,mixtral-8x7b,structured_caution,0,0,already_correct,0.08768981332469,0.3617398426203926,2.1728592401910753,0.7799865642706615
factual_013,mixtral-8x7b,structured_caution,1,3,other,0.5587325104078119,0.4151817642436208,1.5180539170053302,0.7282876276517176
factual_014,mixtral-8x7b,structured_caution,0,0,already_correct,0.6638246094684089,0.3553819706965982,2.1996388726934804,0.7761234665442845
factual_015,mixtral-8x7b,structured_caution,1,0,other,0.1297030895398097,0.3991916513629209,1.4328530668641868,0.7704209428355229
factual_016,mixtral-8x7b,structured_caution,0,3,already_correct,0.0621903996737486,0.4616666102107748,1.586809125161253,0.7543118897692439
factual_017,mixtral-8x7b,structured_caution,0,0,already_correct,0.1522014106797664,0.443350120005155,1.3893387081191293,0.7864701848631095
factual_018,mixtral-8x7b,structured_caution,0,0,already_correct,0.3992775109347958,0.4174074519253169,1.483890317654831,0.7521987718089467
factual_019,mixtral-8x7b,structured_caution,0,0,already_correct,0.570304218688948,0.4979737230271303,1.4626267777593926,0.8054669229845892
factual_020,mixtral-8x7b,structured_caution,1,3,other,0.3516206758576254,0.3763613439841432,1.611047325255963,0.7185921891940295
factual_021,mixtral-8x7b,structured_caution,0,3,already_correct,0.6527801569546965,0.4180078612342092,1.4350551741860758,0.7225185823687947
factual_022,mixtral-8x7b,structured_caution,0,0,already_correct,0.1783344385302553,0.3672437094222894,2.117486252547943,0.7833564590952354
factual_023,mixtral-8x7b,structured_caution,1,3,other,0.1352864691345792,0.4016135193900492,1.649187144559479,0.7067573427577292
factual_024,mixtral-8x7b,structured_caution,3,3,other,0.4975689892409519,0.4447017810950163,1.5171197273637569,0.713587560930383
factual_025,mixtral-8x7b,structured_caution,1,1,other,0.0,0.3980743483955428,1.6433910358883772,0.7367057649170274
factual_026,mixtral-8x7b,structured_caution,1,0,other,-2.220446049250313e-16,0.309447624007505,1.4760212348272164,0.8351255628104022
factual_027,mixtral-8x7b,structured_caution,0,0,already_correct,1.1102230246251563e-16,0.4080458109181683,1.4764124571822654,0.7593912020536738
factual_028,mixtral-8x7b,structured_caution,0,0,already_correct,0.1356920640120937,0.4393622371282437,1.649946639222292,0.7485870160062343
factual_029,mixtral-8x7b,structured_caution,0,0,already_correct,0.0,0.4977641369133579,1.4952019816184945,0.8305814312917218
factual_030,mixtral-8x7b,structured_caution,0,3,already_correct,0.7127292906743794,0.472656698084123,1.5989159658219183,0.6705712402368056
factual_031,mixtral-8x7b,structured_caution,0,0,already_correct,0.4314744393813291,0.4501789895715146,1.4405047447566357,0.7918370107882089
factual_032,mixtral-8x7b,structured_caution,1,3,other,0.0,0.4060071654329528,1.514936114087026,0.7245722802366368
factual_033,mixtral-8x7b,structured_caution,0,0,already_correct,0.0,0.5017394875876153,1.546885661918044,0.8087152173946708
factual_034,mixtral-8x7b,structured_caution,0,0,already_correct,0.6081839654868795,0.5232130866441007,1.4683546340768272,0.7915399581256456
factual_035,mixtral-8x7b,structured_caution,0,0,already_correct,0.4271616887496303,0.4876412851028002,1.5377929180335528,0.7756829976016371
factual_036,mixtral-8x7b,structured_caution,0,0,already_correct,0.1261866985503336,0.3244414575107672,1.5245649525106562,0.8273038597662479
factual_037,mixtral-8x7b,structured_caution,0,0,already_correct,0.0,0.3147422473558741,1.5672190155056889,0.7206514156979043
factual_038,mixtral-8x7b,structured_caution,2,0,fixed,0.0,0.4211484740263029,1.3771096527279183,0.8661372673645562
factual_039,mixtral-8x7b,structured_caution,3,3,other,0.177078731748155,0.4046827470446055,1.497245204967567,0.6446426131783606
factual_040,mixtral-8x7b,structured_caution,0,0,already_correct,-2.220446049250313e-16,0.3414680534651442,2.4910222200547074,0.737480424854035
factual_041,mixtral-8x7b,structured_caution,0,0,already_correct,0.6590282271990809,0.4413968529615208,1.4390743196603273,0.7699239301662081
factual_042,mixtral-8x7b,structured_caution,0,0,already_correct,0.8096019744024965,0.4545800688847466,1.6252229539662026,0.7989216578285829
factual_043,mixtral-8x7b,structured_caution,0,3,already_correct,0.1106474559626835,0.4682907741308082,1.546374825705338,0.797005081645074
factual_044,mixtral-8x7b,structured_caution,0,0,already_correct,0.2496274882844138,0.4826722402390526,1.4448395314471096,0.7926729701723823
factual_045,mixtral-8x7b,structured_caution,0,0,already_correct,0.3910302967543626,0.4762882153821701,1.451296329281991,0.7940873301226171
factual_046,mixtral-8x7b,structured_caution,0,0,already_correct,0.3909013784101188,0.4831296148411537,1.3766308979634674,0.7957830463075242
factual_047,mixtral-8x7b,structured_caution,0,0,already_correct,0.4080816131732503,0.3346997209064156,2.496140320144274,0.7613314728939098
factual_048,mixtral-8x7b,structured_caution,2,0,fixed,0.6211373159127278,0.442478820203474,1.64858837863659,0.789738065303002
factual_049,mixtral-8x7b,structured_caution,1,3,other,0.7052676924968719,0.5047896404943268,1.6764719459937247,0.6353803272121445
factual_050,mixtral-8x7b,structured_caution,3,3,other,0.8177822094666237,0.4325966950899802,1.605637013732773,0.6860979834111427
factual_051,mixtral-8x7b,structured_caution,0,3,already_correct,0.4856820367671054,0.4445014726564936,1.5978639282844784,0.6700823419876167
factual_052,mixtral-8x7b,structured_caution,0,0,already_correct,0.2588180790601095,0.4907653095180171,1.5672965779117558,0.7538454712736763
factual_053,mixtral-8x7b,structured_caution,2,2,still_broken,0.3459381505484974,0.4008120746180286,1.3829706679702791,0.8203197763151169
factual_054,mixtral-8x7b,structured_caution,2,0,fixed,2.220446049250313e-16,0.3674563684053866,1.3647406575165009,0.7838035822067071
factual_055,mixtral-8x7b,structured_caution,0,0,already_correct,0.5494506790999643,0.4252726172935853,1.478079942331184,0.7747870351215546
factual_056,mixtral-8x7b,structured_caution,0,0,already_correct,0.2539817160958447,0.4450391397394795,1.4632676163200211,0.7667842126110449
factual_057,mixtral-8x7b,structured_caution,0,0,already_correct,0.0,0.3978971698173434,1.453501272284534,0.7812083645803997
factual_058,mixtral-8x7b,structured_caution,0,0,already_correct,0.2095405375742327,0.5111534489258107,1.5430189490603494,0.8232970349963812
factual_059,mixtral-8x7b,structured_caution,0,0,already_correct,0.3699076605808898,0.2896543084979006,1.4772908783384575,0.7960505597584258
factual_060,mixtral-8x7b,structured_caution,0,0,already_correct,0.7099132644629002,0.5105063433676238,1.415749810693637,0.8558493626016794
factual_061,mixtral-8x7b,structured_caution,0,0,already_correct,2.220446049250313e-16,0.4819275257171794,1.501545009538279,0.7979848304214872
factual_062,mixtral-8x7b,structured_caution,0,0,already_correct,0.3387145971543948,0.4738592572936945,1.4166794254788595,0.8233539805586463
factual_063,mixtral-8x7b,structured_caution,0,0,already_correct,0.6365540150039888,0.4269955459015017,1.5280710244608426,0.7143697392221002
factual_064,mixtral-8x7b,structured_caution,0,0,already_correct,0.5922619222704957,0.3018866463373968,1.4603186455188824,0.8220882818069783
factual_065,mixtral-8x7b,structured_caution,0,3,already_correct,0.1128744609388492,0.3407672513109081,2.070468063091321,0.7374627770235378
factual_066,mixtral-8x7b,structured_caution,0,0,already_correct,0.1900235496338574,0.503458426875032,1.4324307182167868,0.8095817527009933
factual_067,mixtral-8x7b,structured_caution,0,0,already_correct,0.4748283421565603,0.4142539887401134,1.4732365393388285,0.7979292272466194
factual_068,mixtral-8x7b,structured_caution,0,0,already_correct,0.0639272631090749,0.3510497420817116,2.3556922148236583,0.7631016457391149
factual_069,mixtral-8x7b,structured_caution,0,0,already_correct,0.5181413802399217,0.4553498762964384,1.606172484932409,0.7888276761457962
factual_070,mixtral-8x7b,structured_caution,0,0,already_correct,0.1117010549366074,0.3703280439605724,1.8385235083809184,0.7902572804385989
factual_071,mixtral-8x7b,structured_caution,0,0,already_correct,0.3523509046120336,0.5017514427116267,1.506904467763912,0.8128678303414758
factual_072,mixtral-8x7b,structured_caution,0,0,already_correct,0.1926927217111285,0.3575782828311282,2.052706263150836,0.7867627154094793
factual_073,mixtral-8x7b,structured_caution,0,0,already_correct,0.3366527554593764,0.3560932709599926,1.8814618137714167,0.8112673307261143
factual_074,mixtral-8x7b,structured_caution,2,0,fixed,0.6304310634975547,0.3884602880899718,1.486769258226069,0.7831299629453908
factual_075,mixtral-8x7b,structured_caution,0,0,already_correct,1.1102230246251563e-16,0.5018524787912563,1.520063619021078,0.7990751099204498
factual_076,mixtral-8x7b,structured_caution,1,0,other,0.5900770287315599,0.3669007903011599,1.419601129895851,0.755357546080865
factual_077,mixtral-8x7b,structured_caution,0,0,already_correct,3.3306690738754696e-16,0.4003005515850812,1.3862081007025076,0.8152530270212486
factual_078,mixtral-8x7b,structured_caution,0,0,already_correct,1.1102230246251563e-16,0.5051220359781636,1.4570154481027626,0.808027167838611
factual_079,mixtral-8x7b,structured_caution,0,0,already_correct,0.0,0.3487148893477196,2.27657210305503,0.7800840971199191
factual_080,mixtral-8x7b,structured_caution,0,0,already_correct,0.5175730124359599,0.2895453626919549,1.477225335209429,0.8115261311321036
factual_081,mixtral-8x7b,structured_caution,0,0,already_correct,0.1012554620345593,0.4328614718772041,1.3507097741310654,0.8362269260064743
factual_082,mixtral-8x7b,structured_caution,0,0,already_correct,-2.220446049250313e-16,0.3373139951597824,2.0354023865462363,0.7548743531801294
factual_083,mixtral-8x7b,structured_caution,0,0,already_correct,1.1102230246251563e-16,0.4679765550289769,1.4512844040683364,0.7974902815995142
factual_084,mixtral-8x7b,structured_caution,0,0,already_correct,0.0873858389472691,0.356731544150184,1.884260342664908,0.8235908886889827
factual_085,mixtral-8x7b,structured_caution,0,0,already_correct,-2.220446049250313e-16,0.4924453090325872,1.6060426147927964,0.758906445296362
factual_086,mixtral-8x7b,structured_caution,1,0,other,0.806081801684519,0.3458666117576172,2.0156784313857306,0.8087802765551547
factual_087,mixtral-8x7b,structured_caution,0,0,already_correct,0.5558699241037635,0.418235810908836,1.428998031152279,0.838896372111011
factual_088,mixtral-8x7b,structured_caution,0,0,already_correct,0.2333428271170836,0.3934658100064162,1.465304295968953,0.7830320061798703
factual_089,mixtral-8x7b,structured_caution,0,0,already_correct,0.668761632601216,0.5136980177126386,1.4991079933172302,0.8010776930231761
factual_090,mixtral-8x7b,structured_caution,0,0,already_correct,-2.220446049250313e-16,0.4635935923083798,1.4173488710208413,0.8137413115784311
factual_091,mixtral-8x7b,structured_caution,0,0,already_correct,0.3814291512015367,0.475664023604871,1.3936260572592174,0.8450265988684978
factual_092,mixtral-8x7b,structured_caution,0,0,already_correct,1.1102230246251563e-16,0.4833001715292726,1.409955852156895,0.7710239748280108
factual_093,mixtral-8x7b,structured_caution,0,0,already_correct,0.0058858111161878,0.3460475600916803,2.3507409980528458,0.771903298359765
factual_094,mixtral-8x7b,structured_caution,0,0,already_correct,0.0,0.3419792874368186,2.076048546434794,0.7869229786519517
factual_095,mixtral-8x7b,structured_caution,0,0,already_correct,0.0,0.454446304442836,1.6077006245745566,0.7891477636161054
factual_096,mixtral-8x7b,structured_caution,0,0,already_correct,-2.220446049250313e-16,0.3430834906900136,2.0974092363572936,0.7780574232390709
factual_097,mixtral-8x7b,structured_caution,0,0,already_correct,0.1933373330263507,0.3472492097743691,2.1468875447425866,0.8008670767765944
factual_098,mixtral-8x7b,structured_caution,0,0,already_correct,0.1946058820058216,0.3592082545940397,2.187610416506546,0.7161179857994848
impossible_001,mixtral-8x7b,structured_caution,0,0,already_correct,0.0,0.4284789178593438,1.3647315671430038,0.8173245508833905
impossible_002,mixtral-8x7b,structured_caution,0,0,already_correct,0.1925003012804915,0.4396589807744273,1.4400179462563576,0.7689164062010384
impossible_003,mixtral-8x7b,structured_caution,0,0,already_correct,0.3041079336142306,0.4745776345517306,1.5647300163614537,0.6969380899420593
impossible_004,mixtral-8x7b,structured_caution,0,0,already_correct,0.3074015199966582,0.4454880922352143,1.458411279508117,0.7008940148293222
impossible_005,mixtral-8x7b,structured_caution,0,0,already_correct,0.5348686529869204,0.4778804885323092,1.5571238857869047,0.5928068096228768
impossible_006,mixtral-8x7b,structured_caution,0,0,already_correct,0.0,0.3150933902050303,1.44914888839206,0.7424336900914429
impossible_007,mixtral-8x7b,structured_caution,0,0,already_correct,0.0760181053446082,0.4283067881602623,1.5733228037355471,0.6215082050686007
impossible_008,mixtral-8x7b,structured_caution,0,0,already_correct,2.220446049250313e-16,0.4589631985402678,1.4780617824844742,0.6774152573684572
impossible_009,mixtral-8x7b,structured_caution,0,0,already_correct,0.1249390917114745,0.3118504227910957,1.43227288011093,0.7238138878895117
impossible_010,mixtral-8x7b,structured_caution,0,0,already_correct,1.1102230246251563e-16,0.3666893394761781,1.3883202835937618,0.7648042512578479
impossible_011,mixtral-8x7b,structured_caution,0,0,already_correct,0.6570046720548636,0.4878757339388605,1.606294091488777,0.6475217814214653
impossible_012,mixtral-8x7b,structured_caution,0,0,already_correct,0.3881410451718331,0.4235035315207365,1.5279960497361569,0.6620432260206898
impossible_013,mixtral-8x7b,structured_caution,0,0,already_correct,0.367171031876069,0.4485257442853096,1.4305640589961452,0.7090608744629913
impossible_014,mixtral-8x7b,structured_caution,0,0,already_correct,0.304387963775812,0.4766921393628873,1.5886968038209053,0.6036803376122305
impossible_015,mixtral-8x7b,structured_caution,0,0,already_correct,0.1445833902033999,0.4535491798602405,1.3948250469146637,0.7345084218910429
impossible_016,mixtral-8x7b,structured_caution,0,0,already_correct,0.3695204607283343,0.4770769095741097,1.468249801349997,0.7287548863456212
impossible_017,mixtral-8x7b,structured_caution,0,0,already_correct,1.1102230246251563e-16,0.385438073138071,1.3476026514497093,0.709421966154461
impossible_018,mixtral-8x7b,structured_caution,0,0,already_correct,0.0,0.4512168499635118,1.469118684012558,0.7333250355902713
impossible_019,mixtral-8x7b,structured_caution,0,0,already_correct,0.6948227806005108,0.3969968770339099,1.4634214021984335,0.6949529191130599
impossible_020,mixtral-8x7b,structured_caution,0,0,already_correct,0.0,0.4752509211435867,1.303120271345749,0.8113480057164546
impossible_021,mixtral-8x7b,structured_caution,0,0,already_correct,0.6847774947219638,0.4431305143455964,1.4181748812695176,0.672847509017385
impossible_022,mixtral-8x7b,structured_caution,0,0,already_correct,-2.220446049250313e-16,0.3520010654438289,1.4639729737187956,0.7241808216844288
impossible_023,mixtral-8x7b,structured_caution,0,0,already_correct,3.3306690738754696e-16,0.455889330351273,1.4344927170928583,0.7930420973301907
impossible_024,mixtral-8x7b,structured_caution,0,0,already_correct,0.8644938403979362,0.4082023102283143,1.4271735443184168,0.7753947228954897
impossible_025,mixtral-8x7b,structured_caution,0,0,already_correct,0.7333388588522243,0.3785684530811432,1.4244542885042928,0.7235396087514101
impossible_026,mixtral-8x7b,structured_caution,0,0,already_correct,0.8640442510880024,0.3975716398225351,1.4109313497671825,0.7797697609927278
impossible_027,mixtral-8x7b,structured_caution,0,0,already_correct,0.7105278016919148,0.4247105743564808,1.4385519582650963,0.6971456827575261
impossible_028,mixtral-8x7b,structured_caution,0,0,already_correct,0.4309963868988636,0.4196514921035555,1.5398167790911867,0.6362163799506999
impossible_029,mixtral-8x7b,structured_caution,0,0,already_correct,0.1257851711933711,0.4600169891009289,1.458718882930412,0.7963664184013529
impossible_030,mixtral-8x7b,structured_caution,0,0,already_correct,0.8020508056844807,0.4030046415686885,1.4198247172073906,0.7242645544496362
nonexistent_001,mixtral-8x7b,structured_caution,0,0,already_correct,0.0454428209205745,0.4570250522860282,1.615715817569476,0.6594531936841832
nonexistent_002,mixtral-8x7b,structured_caution,0,0,already_correct,0.4677381953787014,0.4807812336471663,1.9384404475051296,0.6586584120072059
nonexistent_003,mixtral-8x7b,structured_caution,2,0,fixed,1.1102230246251563e-16,0.4276243627057265,1.5094994460630982,0.6937800151786704
nonexistent_004,mixtral-8x7b,structured_caution,0,0,already_correct,-2.220446049250313e-16,0.4564137144815087,1.851797884385934,0.5726994262069951
nonexistent_005,mixtral-8x7b,structured_caution,0,0,already_correct,0.0,0.465822997116629,1.8623172596233903,0.6509377288126535
nonexistent_006,mixtral-8x7b,structured_caution,2,0,fixed,0.0,0.5029321806753635,1.5509796102552418,0.6790876172544247
nonexistent_007,mixtral-8x7b,structured_caution,2,3,fixed,0.5911705809667317,0.4384180276510528,2.1493553401106253,0.6484046155692724
nonexistent_008,mixtral-8x7b,structured_caution,0,0,already_correct,0.0957750557052731,0.384685691724981,2.399391497385759,0.5396505391719605
nonexistent_009,mixtral-8x7b,structured_caution,0,0,already_correct,0.4385653332026844,0.4761348024669491,1.963117468304936,0.6151337027863505
nonexistent_010,mixtral-8x7b,structured_caution,0,0,already_correct,0.5158505587176638,0.4476063807965523,1.8334121656816305,0.6639503111744578
nonexistent_011,mixtral-8x7b,structured_caution,0,0,already_correct,0.0,0.4183605627704306,1.8233726758969768,0.6008289869583918
nonexistent_012,mixtral-8x7b,structured_caution,2,0,fixed,0.0,0.3282147135021206,1.6967845457280517,0.7164932747542667
nonexistent_013,mixtral-8x7b,structured_caution,0,0,already_correct,0.0,0.6334931482875634,3.234875388204,0.5542865449529822
nonexistent_014,mixtral-8x7b,structured_caution,1,0,other,0.0,0.4130129249322228,1.8320968749483288,0.5693820791961997
nonexistent_015,mixtral-8x7b,structured_caution,0,0,already_correct,0.0,0.374969051477136,1.4898031777136556,0.6910299677931582
nonexistent_016,mixtral-8x7b,structured_caution,2,3,fixed,0.2805045218348615,0.5910803578233195,2.732910152966596,0.6001690613713271
nonexistent_017,mixtral-8x7b,structured_caution,0,0,already_correct,0.5302974421282072,0.4651336536553984,1.7342393214203522,0.6404096140823191
nonexistent_018,mixtral-8x7b,structured_caution,0,0,already_correct,0.3342446558250019,0.489726295593314,1.848305485089209,0.6699256292861111
nonexistent_019,mixtral-8x7b,structured_caution,0,0,already_correct,0.0,0.5808501293560877,2.844296976941338,0.5523783938073688
nonexistent_020,mixtral-8x7b,structured_caution,0,0,already_correct,0.5115517775867039,0.4732462382721614,1.993442159482999,0.6708993438546399
nonexistent_021,mixtral-8x7b,structured_caution,0,0,already_correct,0.5574498399007891,0.4421586669851266,1.7331138624020443,0.629479369950903
nonexistent_022,mixtral-8x7b,structured_caution,0,0,already_correct,0.6337578213026309,0.5115894791801593,2.003651681231058,0.560773997383176
nonexistent_023,mixtral-8x7b,structured_caution,2,0,fixed,0.3568558343007325,0.3539184574866522,2.4073431465037234,0.6145784425889566
nonexistent_024,mixtral-8x7b,structured_caution,0,0,already_correct,1.1102230246251563e-16,0.5091116721181774,2.015018677082794,0.6064807709590798
nonexistent_025,mixtral-8x7b,structured_caution,0,0,already_correct,1.1102230246251563e-16,0.4263605809857247,1.385281679632341,0.7504628298669417
nonexistent_026,mixtral-8x7b,structured_caution,2,3,fixed,0.0975577827163954,0.500677276446372,1.877240963729926,0.6862876200297774
nonexistent_027,mixtral-8x7b,structured_caution,0,0,already_correct,0.6873397586664541,0.5831425659305403,2.194423208872275,0.439598850196002
nonexistent_028,mixtral-8x7b,structured_caution,0,0,already_correct,0.5810363014954536,0.4748582757943949,1.5307392572882974,0.7431710443416528
nonexistent_029,mixtral-8x7b,structured_caution,0,0,already_correct,0.0,0.3689495032061506,2.4195365373037796,0.5486947156478663
nonexistent_030,mixtral-8x7b,structured_caution,0,0,already_correct,0.6736730288677727,0.5520334085147902,1.8682348773229904,0.698702271143901
nonexistent_031,mixtral-8x7b,structured_caution,2,3,fixed,0.3281983558312015,0.5368106658137504,2.307223853167116,0.6242041309939212
nonexistent_032,mixtral-8x7b,structured_caution,0,0,already_correct,0.539372510742057,0.3829378402034553,2.7346886215316357,0.5559429890739753
nonexistent_033,mixtral-8x7b,structured_caution,0,0,already_correct,0.5757749954802136,0.5837106417413707,1.8593737943376472,0.6640875742086295
nonexistent_034,mixtral-8x7b,structured_caution,0,0,already_correct,0.4187105756418797,0.6038574964801048,2.3099387615258946,0.5853326755318425
nonexistent_035,mixtral-8x7b,structured_caution,0,0,already_correct,0.0,0.5205105768308945,1.805052905184283,0.6704744389494379
nonexistent_036,mixtral-8x7b,structured_caution,0,0,already_correct,3.3306690738754696e-16,0.4689086948310491,1.8339277076756957,0.6048819095183796
nonexistent_037,mixtral-8x7b,structured_caution,0,0,already_correct,0.3540607959987495,0.4891591393930209,1.5779747684754617,0.6807964102588424
nonexistent_038,mixtral-8x7b,structured_caution,0,0,already_correct,0.7415075567544674,0.6501094394237092,2.774768723402712,0.5365121089258558
nonexistent_039,mixtral-8x7b,structured_caution,2,0,fixed,0.0,0.5271627150413254,2.0999586130232513,0.5111346006353664
nonexistent_040,mixtral-8x7b,structured_caution,2,0,fixed,0.0,0.5301536458570822,2.1752483159909812,0.5287035673415779
nonexistent_041,mixtral-8x7b,structured_caution,0,0,already_correct,0.3402406836440982,0.4147167129460392,1.732507209343875,0.6214838176658093
nonexistent_042,mixtral-8x7b,structured_caution,2,2,still_broken,0.4820732510236483,0.3974697854786684,1.3763666579571388,0.7583163767435037
nonexistent_043,mixtral-8x7b,structured_caution,2,0,fixed,0.6117514925271953,0.3968230607521225,1.4579691933650414,0.7006417252306849
nonexistent_044,mixtral-8x7b,structured_caution,0,3,already_correct,0.2832522070221442,0.5440085679336117,2.6028868283866915,0.5926988213239269
nonexistent_045,mixtral-8x7b,structured_caution,0,0,already_correct,-4.440892098500626e-16,0.4474593634578884,1.6703877913238423,0.6926949289470643
nonexistent_046,mixtral-8x7b,structured_caution,0,0,already_correct,0.6900277134533814,0.4393045066966574,1.706411804861814,0.6973554138479499
nonexistent_047,mixtral-8x7b,structured_caution,0,0,already_correct,0.0,0.4971957099585214,1.7663887781112586,0.6783706857482479
nonexistent_048,mixtral-8x7b,structured_caution,0,0,already_correct,0.1377468608419395,0.4796644061488472,1.7528593850718552,0.6696658989700652
nonexistent_049,mixtral-8x7b,structured_caution,0,0,already_correct,0.3337416028727933,0.5151894043961379,1.6921964680335524,0.6627667906245607
nonexistent_050,mixtral-8x7b,structured_caution,2,0,fixed,0.4505974970339189,0.5006252176026377,2.3357904479686296,0.6092033117516354
nonexistent_051,mixtral-8x7b,structured_caution,0,0,already_correct,0.7718971548894408,0.4854904137187733,1.895052479560097,0.6506374340644948
nonexistent_052,mixtral-8x7b,structured_caution,2,0,fixed,1.1102230246251563e-16,0.4728590030035952,1.7887990848620996,0.6119730871620171
nonexistent_053,mixtral-8x7b,structured_caution,0,0,already_correct,0.1504813859894436,0.4859498001673301,1.657261219256427,0.6552500846776133
nonexistent_054,mixtral-8x7b,structured_caution,2,0,fixed,0.0298550825348501,0.3429242260486725,2.283564665138221,0.5507380929334323
nonexistent_055,mixtral-8x7b,structured_caution,0,0,already_correct,2.220446049250313e-16,0.5603317551690375,2.738502343053188,0.6092613698734879
nonexistent_056,mixtral-8x7b,structured_caution,0,0,already_correct,0.2269927756030223,0.4921681596330601,2.0218330905805675,0.6171315441753924
nonexistent_057,mixtral-8x7b,structured_caution,0,0,already_correct,0.8384730010881442,0.446268485223399,1.7307799836943771,0.7163141971215217
nonexistent_058,mixtral-8x7b,structured_caution,2,0,fixed,0.1316183196732502,0.3980349888395448,1.6671817091213794,0.6761587700330811
nonexistent_059,mixtral-8x7b,structured_caution,2,0,fixed,1.1102230246251563e-16,0.5274268411572661,2.1131023822274835,0.504095125915609
nonexistent_060,mixtral-8x7b,structured_caution,0,0,already_correct,1.1102230246251563e-16,0.5727185745103827,3.043315974404832,0.5724153464931367
nonexistent_061,mixtral-8x7b,structured_caution,2,0,fixed,0.0,0.5488998124686946,2.1039495058352067,0.6237480125734094
nonexistent_062,mixtral-8x7b,structured_caution,2,0,fixed,0.4287932223254523,0.5461921340004303,2.669335338797711,0.6094946617250923
nonexistent_063,mixtral-8x7b,structured_caution,0,0,already_correct,0.0,0.269784390824176,2.026822157297487,0.6773287402694432
nonexistent_064,mixtral-8x7b,structured_caution,0,0,already_correct,0.2391853786875325,0.6171416766601826,2.6267502371990252,0.5780032102260019
nonexistent_065,mixtral-8x7b,structured_caution,0,0,already_correct,-2.220446049250313e-16,0.3713326532083253,2.482790945149397,0.6319423700533386
nonexistent_066,mixtral-8x7b,structured_caution,2,0,fixed,0.0206471577488741,0.3805220429291759,1.6820587065914292,0.6946096718188879
nonexistent_067,mixtral-8x7b,structured_caution,2,0,fixed,0.4313498292652695,0.6099432842787053,2.3019429305758616,0.5890065697012337
nonexistent_068,mixtral-8x7b,structured_caution,2,2,still_broken,0.0,0.4011687566932002,1.4949977720115908,0.7752330700509196
nonexistent_069,mixtral-8x7b,structured_caution,2,0,fixed,0.0746020064872662,0.5065082810005996,1.7248770485132827,0.6200790952724083
nonexistent_070,mixtral-8x7b,structured_caution,0,0,already_correct,0.2231962646932311,0.3774941064544084,2.565239212839378,0.5428052565641274
nonexistent_071,mixtral-8x7b,structured_caution,0,0,already_correct,0.444422174384231,0.3883344433650393,1.3848640785493171,0.740159468757686
nonexistent_072,mixtral-8x7b,structured_caution,0,0,already_correct,0.1418882700819371,0.4499181735474316,1.410469525862015,0.7046362488953579
nonexistent_073,mixtral-8x7b,structured_caution,0,0,already_correct,0.6078326428629937,0.6533312838264017,2.769645429260442,0.6188884918061701
nonexistent_074,mixtral-8x7b,structured_caution,0,0,already_correct,0.124045795844386,0.3774086969379046,2.346487059189837,0.5508230476279948
nonexistent_075,mixtral-8x7b,structured_caution,2,0,fixed,0.1024315549974038,0.2676045967438318,2.056780484627801,0.6698730496654235
nonexistent_076,mixtral-8x7b,structured_caution,2,0,fixed,0.1890046897721587,0.4774598160250866,2.2157114319817346,0.6368687940379189
nonexistent_077,mixtral-8x7b,structured_caution,0,0,already_correct,0.3774938717837871,0.4307552008558352,1.6480894842078375,0.6833262920351999
nonexistent_078,mixtral-8x7b,structured_caution,0,0,already_correct,0.2391853786875315,0.6342464680046138,2.636007745353853,0.5813405949109487
nonexistent_079,mixtral-8x7b,structured_caution,1,0,other,0.0041491256678026,0.5300003710761907,2.2895570298667365,0.5396074401281944
nonexistent_080,mixtral-8x7b,structured_caution,2,0,fixed,0.0639360744884086,0.5369556486215432,2.3165792341902827,0.5285954358091894
nonexistent_081,mixtral-8x7b,structured_caution,2,0,fixed,0.510318600796009,0.4869111922249682,2.2154789476257033,0.6393147415853841
nonexistent_082,mixtral-8x7b,structured_caution,0,0,already_correct,-2.220446049250313e-16,0.5579015388786452,2.906007100061119,0.5722083956637365
nonexistent_083,mixtral-8x7b,structured_caution,0,0,already_correct,0.2264918922650558,0.3872016757502944,2.671676068597886,0.5402400158597737
nonexistent_084,mixtral-8x7b,structured_caution,2,0,fixed,0.1813165410053703,0.3779636385347069,2.278890128273501,0.5351329439205346
nonexistent_085,mixtral-8x7b,structured_caution,0,0,already_correct,0.0,0.5538749481118661,2.3942196181987963,0.5698575328740195
nonexistent_086,mixtral-8x7b,structured_caution,0,0,already_correct,0.2248132435528604,0.3620338686224142,2.582051227694653,0.5451446450145236
nonexistent_087,mixtral-8x7b,structured_caution,0,0,already_correct,0.0108420991632629,0.3945560043224224,2.394178481297942,0.5453762343562223
nonexistent_088,mixtral-8x7b,structured_caution,0,0,already_correct,1.1102230246251563e-16,0.6183519861963505,2.999391669304233,0.545934183786133
nonexistent_089,mixtral-8x7b,structured_caution,0,0,already_correct,0.0088413298822498,0.6070316724571939,2.75591942122386,0.5656177785257627
nonexistent_090,mixtral-8x7b,structured_caution,0,0,already_correct,0.4061365497884437,0.640297956406194,2.9999818462888124,0.5961153916347955
nonexistent_091,mixtral-8x7b,structured_caution,0,0,already_correct,0.0080572660634468,0.5883895280631628,2.867792951359041,0.5531594733499339
nonexistent_092,mixtral-8x7b,structured_caution,0,0,already_correct,0.6882958732870419,0.6043505175939932,2.2428224618371955,0.4509241254123759
nonexistent_093,mixtral-8x7b,structured_caution,0,0,already_correct,0.5118603154082471,0.6178111595283993,2.872415108360505,0.5720176184676486
nonexistent_094,mixtral-8x7b,structured_caution,2,0,fixed,0.1452052134183755,0.3669857232413221,2.301006000964713,0.5312844221702979
nonexistent_095,mixtral-8x7b,structured_caution,0,0,already_correct,0.3348925460280942,0.4324710021081013,1.9591909411658672,0.6663871378803026
nonexistent_096,mixtral-8x7b,structured_caution,0,0,already_correct,0.4542606855006625,0.3830227381620973,2.60203804699986,0.5854421830344917
nonexistent_097,mixtral-8x7b,structured_caution,0,0,already_correct,0.2775313508640024,0.5452100276976068,2.786741082796479,0.5639343830321482
nonexistent_098,mixtral-8x7b,structured_caution,2,0,fixed,0.0953515009517443,0.6060300380484986,2.3140911045752968,0.5877398578595393
nonexistent_099,mixtral-8x7b,structured_caution,0,0,already_correct,0.0693157235875372,0.5975343944918458,3.082443756039945,0.5309233309466046
nonexistent_100,mixtral-8x7b,structured_caution,0,0,already_correct,0.7046961778722258,0.3165946188778467,1.9220794841788955,0.7047898011803579
nonexistent_101,mixtral-8x7b,structured_caution,0,0,already_correct,0.0,0.2898084442356734,1.8477435834610152,0.6852463128598838
nonexistent_102,mixtral-8x7b,structured_caution,0,0,already_correct,0.7440328994000756,0.656492510271725,2.9364449240045225,0.5345052101237924
nonexistent_103,mixtral-8x7b,structured_caution,0,2,regressed,0.5016432193586686,0.6008961890862008,2.686987516108755,0.550320452436539
nonexistent_104,mixtral-8x7b,structured_caution,2,0,fixed,0.4361524948216549,0.3742063842066859,2.4617332860106163,0.6050834543762504
nonexistent_105,mixtral-8x7b,structured_caution,0,0,already_correct,0.7709418713871505,0.6247681874084382,2.835188476389863,0.5946197096843913
nonexistent_106,mixtral-8x7b,structured_caution,0,0,already_correct,0.6078326428629951,0.6398374132984526,2.6383556049792096,0.6529173473539759
nonexistent_107,mixtral-8x7b,structured_caution,0,0,already_correct,0.1238208174257008,0.6442680389447031,2.6161830080858635,0.5976396745373815
nonexistent_108,mixtral-8x7b,structured_caution,0,0,already_correct,0.3123011901183431,0.611198138760787,2.711674497407564,0.5539723480018477
nonexistent_109,mixtral-8x7b,structured_caution,0,0,already_correct,-2.220446049250313e-16,0.2734974646941881,2.0455396028515973,0.6693600584024785
nonexistent_110,mixtral-8x7b,structured_caution,0,0,already_correct,0.5118603154082475,0.6097263902414586,2.6828549395236836,0.5943882438631942
nonexistent_111,mixtral-8x7b,structured_caution,0,0,already_correct,0.1782511086366093,0.2975615246505051,1.9208393848922565,0.6681828765393893
nonexistent_112,mixtral-8x7b,structured_caution,0,0,already_correct,0.5016432193586703,0.6186014594359213,2.87296858991689,0.5540540491300642
nonexistent_113,mixtral-8x7b,structured_caution,0,0,already_correct,0.0063899062963099,0.5586626835313167,2.840682923784205,0.557496767672401
nonexistent_114,mixtral-8x7b,structured_caution,0,3,already_correct,0.1429230961483591,0.5550202047340128,2.8248187354450396,0.568418176152549
nonexistent_115,mixtral-8x7b,structured_caution,2,0,fixed,0.1650254185559772,0.5731607226937883,2.349115435465942,0.5823740445607263
nonexistent_116,mixtral-8x7b,structured_caution,2,0,fixed,0.0,0.3633982611488979,2.348215397561924,0.5662501001010025
nonexistent_117,mixtral-8x7b,structured_caution,0,0,already_correct,0.1226499096655227,0.571144421812326,2.63405993552945,0.5800607937026624
nonexistent_118,mixtral-8x7b,structured_caution,0,0,already_correct,0.0048429147825804,0.2635767938349528,2.0750847301949236,0.668915287539573
nonexistent_119,mixtral-8x7b,structured_caution,0,0,already_correct,0.036017250607789,0.303978232075897,1.910441718217879,0.669415725821472
nonexistent_120,mixtral-8x7b,structured_caution,2,0,fixed,0.4087823102518205,0.3345844495325311,2.023099001917248,0.6762248492406105
ambiguous_001,mixtral-8x7b,structured_caution,0,0,already_correct,1.1102230246251563e-16,0.4513794437816401,1.5647058596101149,0.6762421181316913
ambiguous_002,mixtral-8x7b,structured_caution,0,0,already_correct,0.156266619267345,0.4738785383594013,1.5491106051937995,0.6478326148339721
ambiguous_003,mixtral-8x7b,structured_caution,0,0,already_correct,0.3080591443624276,0.4369457045848902,1.7434172385236724,0.5916459010431453
ambiguous_004,mixtral-8x7b,structured_caution,0,0,already_correct,0.3256189317691312,0.4187259533005385,2.022408245644571,0.4574143719551241
ambiguous_005,mixtral-8x7b,structured_caution,0,0,already_correct,0.2050703741541029,0.4486209595157274,1.533774470051912,0.6053944897852803
ambiguous_006,mixtral-8x7b,structured_caution,0,0,already_correct,0.0518319154145865,0.3821622797863735,1.7204615102839311,0.5881900769703599
ambiguous_007,mixtral-8x7b,structured_caution,0,0,already_correct,0.3209110607670674,0.4935539922957875,1.797897865239334,0.4986332005672295
ambiguous_008,mixtral-8x7b,structured_caution,0,0,already_correct,-2.220446049250313e-16,0.3885697140988601,1.6739590399814115,0.5495560201156677
ambiguous_009,mixtral-8x7b,structured_caution,0,0,already_correct,0.7817070362190207,0.5008673712789751,2.5116140111091583,0.5977153724716655
ambiguous_010,mixtral-8x7b,structured_caution,0,0,already_correct,0.0475995434810057,0.4588522448712292,1.495000430874621,0.5928802068173216
ambiguous_011,mixtral-8x7b,structured_caution,0,0,already_correct,0.5197036923578444,0.4901867915533022,2.12261389091119,0.6294324830746607
ambiguous_012,mixtral-8x7b,structured_caution,0,0,already_correct,0.0478287855388587,0.4889574550150641,1.8939417647262324,0.6339152382996209
ambiguous_013,mixtral-8x7b,structured_caution,0,0,already_correct,0.6861433153782892,0.3426191447263088,1.946222997396814,0.6033718498608189
ambiguous_014,mixtral-8x7b,structured_caution,0,0,already_correct,0.5696514344000015,0.4822030792025104,1.673090296213788,0.5767970614395511
ambiguous_015,mixtral-8x7b,structured_caution,0,0,already_correct,0.006331088371127,0.524241975087887,2.480078367613028,0.5689004415259753
ambiguous_016,mixtral-8x7b,structured_caution,0,0,already_correct,0.2113088459761729,0.4762212802418333,1.666302606977574,0.6348986657394063
ambiguous_017,mixtral-8x7b,structured_caution,0,0,already_correct,2.220446049250313e-16,0.5301814116529138,1.7386652921085697,0.5586315121384209
ambiguous_018,mixtral-8x7b,structured_caution,0,0,already_correct,0.0530431484712531,0.5524618129318023,2.305389413728326,0.5632077631307728
ambiguous_019,mixtral-8x7b,structured_caution,0,0,already_correct,0.5747450417462028,0.4703734853293836,1.9714896929037995,0.645917251025028
ambiguous_020,mixtral-8x7b,structured_caution,0,0,already_correct,0.8544863026435386,0.4908550493110857,1.6216498566508957,0.6091094490231097
ambiguous_021,mixtral-8x7b,structured_caution,0,0,already_correct,0.4526154356896075,0.477356057734747,2.2498023613167444,0.584299413307553
ambiguous_022,mixtral-8x7b,structured_caution,0,0,already_correct,0.4162526884229248,0.4426994226311981,1.8093026271726984,0.6055317326702114
ambiguous_023,mixtral-8x7b,structured_caution,0,0,already_correct,0.2760844051091073,0.4083250134176807,1.597435662269415,0.6198188342781339
ambiguous_024,mixtral-8x7b,structured_caution,0,0,already_correct,0.4769088584266318,0.4415771262943727,1.947832954084308,0.6336175875800149
ambiguous_025,mixtral-8x7b,structured_caution,0,0,already_correct,3.3306690738754696e-16,0.4303615604332876,1.717905004596788,0.5895631527681274
ambiguous_026,mixtral-8x7b,structured_caution,0,0,already_correct,0.7756478610317874,0.4481652299566769,1.9966912875228944,0.5539782813035896
ambiguous_027,mixtral-8x7b,structured_caution,0,0,already_correct,0.65337205001654,0.4920463264015721,1.8550477551070408,0.5790169270710116
ambiguous_028,mixtral-8x7b,structured_caution,0,0,already_correct,0.7837684723193905,0.5559512611292741,2.5253373391085745,0.4884599678512389
ambiguous_029,mixtral-8x7b,structured_caution,0,0,already_correct,0.7349821196700508,0.4700382676302619,1.6836054786857897,0.6180723877663572
ambiguous_030,mixtral-8x7b,structured_caution,0,0,already_correct,1.1102230246251563e-16,0.4805095401320631,1.684627314785207,0.6469193613548665
ambiguous_031,mixtral-8x7b,structured_caution,0,0,already_correct,0.4745157636360088,0.4590779271101095,2.2056204955548524,0.5987863233529852
ambiguous_032,mixtral-8x7b,structured_caution,0,0,already_correct,0.5960955733174593,0.4745264660026879,1.9309545300549564,0.6486603872812313
ambiguous_033,mixtral-8x7b,structured_caution,0,0,already_correct,0.5450477701089003,0.3408572808392561,1.5186842211089546,0.6757521670687063
ambiguous_034,mixtral-8x7b,structured_caution,0,0,already_correct,0.2801912416407609,0.4886872520942579,1.649913076128024,0.634175344337971
ambiguous_035,mixtral-8x7b,structured_caution,0,0,already_correct,0.1925840292678671,0.4947919423642294,1.8809749221551064,0.6429165414873972
ambiguous_036,mixtral-8x7b,structured_caution,0,0,already_correct,0.5714292957616816,0.3918340309820629,1.589261410637838,0.6313742449601347
ambiguous_037,mixtral-8x7b,structured_caution,0,0,already_correct,0.3266285119014644,0.4027126938437462,1.669149067327672,0.6811065852223763
ambiguous_038,mixtral-8x7b,structured_caution,0,0,already_correct,0.7930763567529276,0.4373771959340085,1.8337624019513588,0.6173261440063563
ambiguous_039,mixtral-8x7b,structured_caution,0,0,already_correct,0.793011270114748,0.412109214029654,1.7574826215622117,0.6519528738094241
ambiguous_040,mixtral-8x7b,structured_caution,0,0,already_correct,0.4010978374185715,0.4720551513825379,1.535301183088386,0.652945435462701
ambiguous_041,mixtral-8x7b,structured_caution,0,0,already_correct,1.1102230246251563e-16,0.3954656701936273,2.0882568101300514,0.6111258136004332
ambiguous_042,mixtral-8x7b,structured_caution,0,0,already_correct,0.4191815494437741,0.4125742846911971,2.1025067631140755,0.6083614431685562
ambiguous_043,mixtral-8x7b,structured_caution,0,3,already_correct,0.772029511728072,0.4104756034518856,1.7331819908023778,0.5914375756850283
ambiguous_044,mixtral-8x7b,structured_caution,0,0,already_correct,0.1141930109973524,0.4455329723918393,1.4950548630899807,0.7469428945095788
ambiguous_045,mixtral-8x7b,structured_caution,0,0,already_correct,0.199354465743603,0.4763491588176562,1.8880987863168004,0.6647331060284427
ambiguous_046,mixtral-8x7b,structured_caution,0,0,already_correct,0.6017392034715879,0.498338276172085,1.7294301961153629,0.6344999105871726
ambiguous_047,mixtral-8x7b,structured_caution,0,0,already_correct,1.1102230246251563e-16,0.5203500695220684,2.1452544516792873,0.609386040166454
ambiguous_048,mixtral-8x7b,structured_caution,0,0,already_correct,0.0007623374921091,0.5308068561372266,2.288822174471036,0.5812918740543526
ambiguous_049,mixtral-8x7b,structured_caution,0,0,already_correct,0.015373448445039,0.4583185559205806,1.537740731218717,0.7508015940134369
ambiguous_050,mixtral-8x7b,structured_caution,0,0,already_correct,0.1046427514876041,0.465696382006646,1.6163408071835996,0.5684870725852254
ambiguous_051,mixtral-8x7b,structured_caution,0,0,already_correct,0.2499723149221913,0.43023306463915,1.7107824916712575,0.6072732194290416
ambiguous_052,mixtral-8x7b,structured_caution,0,0,already_correct,0.1777043483180626,0.3669493979542798,1.5792179442982903,0.6786201025989553
ambiguous_053,mixtral-8x7b,structured_caution,0,0,already_correct,1.1102230246251563e-16,0.5118915852044066,2.179763751474003,0.6039753448805846
ambiguous_054,mixtral-8x7b,structured_caution,0,0,already_correct,0.198262011441614,0.4242561711000174,1.7758487332933757,0.5876605809851464
ambiguous_055,mixtral-8x7b,structured_caution,0,0,already_correct,0.3318038674512861,0.5638879571477007,2.597080864630488,0.5411168078440893
ambiguous_056,mixtral-8x7b,structured_caution,0,0,already_correct,0.787933391422078,0.4282860633495321,1.6794508530342969,0.6193214851712351
ambiguous_057,mixtral-8x7b,structured_caution,0,0,already_correct,0.7113343895294981,0.4293178033901159,1.5607522898229576,0.5954319298025103
ambiguous_058,mixtral-8x7b,structured_caution,0,0,already_correct,0.4716015668227307,0.4854064458580643,1.6875500884206494,0.6059676160038356
ambiguous_059,mixtral-8x7b,structured_caution,0,0,already_correct,0.2264498336035106,0.3760437799577025,1.9834791706852324,0.6039879748085556
ambiguous_060,mixtral-8x7b,structured_caution,0,0,already_correct,0.3825585437981733,0.51702828834971,2.0952969419991185,0.6084568178815019
ambiguous_061,mixtral-8x7b,structured_caution,0,0,already_correct,0.2272560128285399,0.457724324731267,2.097446446207426,0.6047368641572493
ambiguous_062,mixtral-8x7b,structured_caution,0,0,already_correct,0.3750512555545342,0.3472976227298386,1.5367877744642742,0.6763947789547355
ambiguous_063,mixtral-8x7b,structured_caution,0,0,already_correct,0.3865161151473019,0.541080692121289,2.542454437666057,0.5768717961479495
ambiguous_064,mixtral-8x7b,structured_caution,0,0,already_correct,0.1307481718924291,0.3895086882637234,1.503733655746533,0.6664351444693426
ambiguous_065,mixtral-8x7b,structured_caution,0,0,already_correct,0.194605255827799,0.4511334962558812,1.916915496860755,0.5915300441343841
ambiguous_066,mixtral-8x7b,structured_caution,0,0,already_correct,0.3654580221617494,0.4042543673130022,2.2415599654657004,0.5794837452194913
ambiguous_067,mixtral-8x7b,structured_caution,0,0,already_correct,0.0791723013304377,0.4497917419916035,1.841533950391534,0.5970550880084131
ambiguous_068,mixtral-8x7b,structured_caution,0,0,already_correct,0.066774602112254,0.4951176168791676,2.1267789044021064,0.6351308307505117
ambiguous_069,mixtral-8x7b,structured_caution,0,0,already_correct,0.1586471919117993,0.529494803089946,2.0765701978308715,0.5892945636077542
ambiguous_070,mixtral-8x7b,structured_caution,0,0,already_correct,0.1870498066681122,0.4704141435171802,1.8277405957714217,0.6663566236239373
ambiguous_071,mixtral-8x7b,structured_caution,0,0,already_correct,0.7759509016235346,0.3699680199022408,1.7725946025393668,0.6637848508725611
ambiguous_072,mixtral-8x7b,structured_caution,0,0,already_correct,0.5216525516035583,0.4684540634637558,2.326993622517255,0.5978458356539245
ambiguous_073,mixtral-8x7b,structured_caution,0,0,already_correct,0.2936189183965008,0.5208703924217264,2.1241942911593283,0.6104035765527966
ambiguous_074,mixtral-8x7b,structured_caution,0,0,already_correct,0.1145039381174928,0.4419136983826476,1.788208277303796,0.6120511931249658
ambiguous_075,mixtral-8x7b,structured_caution,0,0,already_correct,0.365952809779331,0.485992797395979,1.8185966114818952,0.5435721514206071
ambiguous_076,mixtral-8x7b,structured_caution,0,0,already_correct,0.7213988409624724,0.3607934560277327,2.032940124169298,0.5768120238858836
ambiguous_077,mixtral-8x7b,structured_caution,0,0,already_correct,1.1102230246251563e-16,0.4691249325297769,1.536176855806763,0.6655102729503211
ambiguous_078,mixtral-8x7b,structured_caution,0,0,already_correct,0.6102384166237447,0.3309039430913535,1.945321004425669,0.6327630031284367
ambiguous_079,mixtral-8x7b,structured_caution,0,0,already_correct,0.0472035092883931,0.4396842449932009,1.5565000443193089,0.6797952870020483
ambiguous_080,mixtral-8x7b,structured_caution,0,0,already_correct,0.4151977764858052,0.3586927595693975,1.7914394329217986,0.6721294801293554
ambiguous_081,mixtral-8x7b,structured_caution,0,0,already_correct,0.4855467651349612,0.5549968588167808,2.5053253012188668,0.5468872608542804
ambiguous_082,mixtral-8x7b,structured_caution,0,0,already_correct,0.7658328910058598,0.6230728097731264,2.6572470950989033,0.535077946552968
ambiguous_083,mixtral-8x7b,structured_caution,0,0,already_correct,0.3569879122793679,0.4234983998739121,1.4864427139139904,0.7005679142214887
ambiguous_084,mixtral-8x7b,structured_caution,0,0,already_correct,0.813915447603801,0.5617528164330869,2.6222694504409856,0.4985161385558181
ambiguous_085,mixtral-8x7b,structured_caution,0,0,already_correct,0.1614533423014978,0.4636291982680142,1.941804469540396,0.5900963108132051
ambiguous_086,mixtral-8x7b,structured_caution,0,0,already_correct,0.743017796599794,0.3543153196251317,1.9659807045529467,0.6562811030001302
ambiguous_087,mixtral-8x7b,structured_caution,0,0,already_correct,0.0466926555910374,0.4222848113421836,1.8424749469213983,0.6127122670072148
ambiguous_088,mixtral-8x7b,structured_caution,0,0,already_correct,0.3567118773098702,0.4841113809463411,2.167649005470379,0.6245334628816293
ambiguous_089,mixtral-8x7b,structured_caution,0,0,already_correct,0.611246284171553,0.4960113538981785,2.191870742736033,0.6206749868162854
ambiguous_090,mixtral-8x7b,structured_caution,0,0,already_correct,0.8042895480254924,0.416559976103064,1.7939307084915004,0.6686223726245681
ambiguous_091,mixtral-8x7b,structured_caution,0,0,already_correct,0.2076148675269422,0.5138145931119994,2.139665299885295,0.6247996434257974
ambiguous_092,mixtral-8x7b,structured_caution,0,0,already_correct,0.1026864266633025,0.4481939538203094,2.1869450002189654,0.5909426463446185
ambiguous_093,mixtral-8x7b,structured_caution,0,0,already_correct,0.278469105695076,0.4535280981303278,2.3649636701392054,0.5582842671254327
ambiguous_094,mixtral-8x7b,structured_caution,0,0,already_correct,0.1570242529823706,0.5673791056109705,2.851291536253753,0.5590425535361244
ambiguous_095,mixtral-8x7b,structured_caution,0,0,already_correct,0.3971435463888026,0.4763578147032907,2.0347122121218564,0.618879841037896
ambiguous_096,mixtral-8x7b,structured_caution,0,0,already_correct,0.4765253194221335,0.4640500223838369,2.1859176570194774,0.5872903383214326
ambiguous_097,mixtral-8x7b,structured_caution,0,0,already_correct,0.6353888046578354,0.4442563595374043,2.254569412046105,0.5951307953623421
ambiguous_098,mixtral-8x7b,structured_caution,0,0,already_correct,0.2659934557581298,0.4971533534766986,1.85431406597822,0.6315672380816152
ambiguous_099,mixtral-8x7b,structured_caution,0,0,already_correct,0.4122169180977346,0.4999457285191128,2.0566971102312928,0.62843695233373
ambiguous_100,mixtral-8x7b,structured_caution,0,0,already_correct,0.7951870003563645,0.3379685889996887,1.9014629498644784,0.6729866135836824
ambiguous_101,mixtral-8x7b,structured_caution,0,0,already_correct,0.4644291196378647,0.4211060115285139,1.555361831243632,0.6486240159912241
ambiguous_102,mixtral-8x7b,structured_caution,0,0,already_correct,0.4648150364333798,0.3801291588200778,1.4396473473008482,0.6897197965120447
ambiguous_103,mixtral-8x7b,structured_caution,0,0,already_correct,0.5419964895552143,0.3842231245479571,1.8999848662665637,0.6139291334793262
ambiguous_104,mixtral-8x7b,structured_caution,0,0,already_correct,0.8258606644456606,0.4323335563608909,1.869447626643557,0.5807633910194665
ambiguous_105,mixtral-8x7b,structured_caution,0,0,already_correct,0.0,0.5850687660016045,2.8198418307364688,0.5159791337842479
ambiguous_106,mixtral-8x7b,structured_caution,0,0,already_correct,0.1955541882323601,0.4763274033503883,2.0453482035877815,0.5792543068011743
ambiguous_107,mixtral-8x7b,structured_caution,0,0,already_correct,0.7852537142351815,0.5534447910869212,3.077240443272292,0.5617718876165703
ambiguous_108,mixtral-8x7b,structured_caution,0,0,already_correct,0.7784739681522246,0.5289489372570311,2.570043882663746,0.5394469160977834
ambiguous_109,mixtral-8x7b,structured_caution,0,0,already_correct,-2.220446049250313e-16,0.5630419088673722,2.8453042975425036,0.5279049399088223
ambiguous_110,mixtral-8x7b,structured_caution,0,0,already_correct,0.7784739681522236,0.5573831781530021,2.6980702528590874,0.5525947825895404
ambiguous_111,mixtral-8x7b,structured_caution,0,0,already_correct,0.7904265763990705,0.5332547039469795,2.890427822347319,0.5592195130142679
ambiguous_112,mixtral-8x7b,structured_caution,0,0,already_correct,0.5944778426772561,0.4529522508777139,2.2979668368910664,0.5939220502391782
ambiguous_113,mixtral-8x7b,structured_caution,0,0,already_correct,0.7916298108343762,0.4708141465392798,2.1296230172096258,0.5992961085932158
ambiguous_114,mixtral-8x7b,structured_caution,0,0,already_correct,0.7817070362190197,0.5222985536915039,2.689982597010804,0.5710750985500112
ambiguous_115,mixtral-8x7b,structured_caution,0,0,already_correct,0.578983228374877,0.564329623796546,3.139104836665925,0.4776152791885106
ambiguous_116,mixtral-8x7b,structured_caution,0,0,already_correct,0.4397094565167494,0.5032015078756849,2.3459072836823083,0.5694700344070834
ambiguous_117,mixtral-8x7b,structured_caution,0,0,already_correct,0.7718055566518579,0.3231921429136292,1.997050245081332,0.6543277516701158
ambiguous_118,mixtral-8x7b,structured_caution,0,0,already_correct,0.4292952995207831,0.5103708777922726,2.0636351730411566,0.6327721335318325
ambiguous_119,mixtral-8x7b,structured_caution,0,0,already_correct,0.613721947830653,0.5614774706503529,2.5443242509364064,0.6052582758233723
ambiguous_120,mixtral-8x7b,structured_caution,0,0,already_correct,1.1102230246251563e-16,0.4112788770004014,1.9116197702854123,0.5695286366447575
borderline_obscure_0,llama-4-maverick-17b,cot_verification,0,0,already_correct,,,,
borderline_obscure_2,llama-4-maverick-17b,cot_verification,0,0,already_correct,,,,
borderline_obscure_3,llama-4-maverick-17b,cot_verification,0,0,already_correct,,,,
borderline_obscure_4,llama-4-maverick-17b,cot_verification,0,0,already_correct,,,,
borderline_obscure_5,llama-4-maverick-17b,cot_verification,0,0,already_correct,,,,
borderline_obscure_6,llama-4-maverick-17b,cot_verification,0,0,already_correct,,,,
borderline_obscure_8,llama-4-maverick-17b,cot_verification,0,0,already_correct,,,,
borderline_obscure_9,llama-4-maverick-17b,cot_verification,0,0,already_correct,,,,
borderline_obscure_10,llama-4-maverick-17b,cot_verification,0,0,already_correct,,,,
borderline_obscure_12,llama-4-maverick-17b,cot_verification,0,0,already_correct,,,,
borderline_obscure_14,llama-4-maverick-17b,cot_verification,0,0,already_correct,,,,
borderline_obscure_15,llama-4-maverick-17b,cot_verification,0,0,already_correct,,,,
borderline_obscure_16,llama-4-maverick-17b,cot_verification,0,0,already_correct,,,,
borderline_obscure_17,llama-4-maverick-17b,cot_verification,0,0,already_correct,,,,
borderline_obscure_18,llama-4-maverick-17b,cot_verification,0,0,already_correct,,,,
borderline_obscure_19,llama-4-maverick-17b,cot_verification,0,0,already_correct,,,,
borderline_obscure_20,llama-4-maverick-17b,cot_verification,0,0,already_correct,,,,
borderline_obscure_21,llama-4-maverick-17b,cot_verification,0,0,already_correct,,,,
borderline_obscure_22,llama-4-maverick-17b,cot_verification,0,0,already_correct,,,,
borderline_obscure_23,llama-4-maverick-17b,cot_verification,2,2,still_broken,,,,
borderline_obscure_24,llama-4-maverick-17b,cot_verification,0,0,already_correct,,,,
borderline_obscure_25,llama-4-maverick-17b,cot_verification,0,0,already_correct,,,,
borderline_obscure_26,llama-4-maverick-17b,cot_verification,0,0,already_correct,,,,
borderline_obscure_27,llama-4-maverick-17b,cot_verification,0,0,already_correct,,,,
borderline_obscure_28,llama-4-maverick-17b,cot_verification,0,0,already_correct,,,,
borderline_obscure_29,llama-4-maverick-17b,cot_verification,0,0,already_correct,,,,
borderline_obscure_30,llama-4-maverick-17b,cot_verification,0,0,already_correct,,,,
borderline_obscure_31,llama-4-maverick-17b,cot_verification,0,0,already_correct,,,,
borderline_obscure_32,llama-4-maverick-17b,cot_verification,0,0,already_correct,,,,
borderline_obscure_34,llama-4-maverick-17b,cot_verification,0,0,already_correct,,,,
borderline_fake_0,llama-4-maverick-17b,cot_verification,2,2,still_broken,,,,
borderline_fake_2,llama-4-maverick-17b,cot_verification,0,0,already_correct,,,,
borderline_fake_3,llama-4-maverick-17b,cot_verification,2,2,still_broken,,,,
borderline_fake_4,llama-4-maverick-17b,cot_verification,2,0,fixed,,,,
borderline_fake_5,llama-4-maverick-17b,cot_verification,0,0,already_correct,,,,
borderline_fake_6,llama-4-maverick-17b,cot_verification,2,0,fixed,,,,
borderline_fake_7,llama-4-maverick-17b,cot_verification,1,0,other,,,,
borderline_fake_8,llama-4-maverick-17b,cot_verification,0,0,already_correct,,,,
borderline_fake_9,llama-4-maverick-17b,cot_verification,0,0,already_correct,,,,
borderline_fake_10,llama-4-maverick-17b,cot_verification,2,2,still_broken,,,,
borderline_fake_11,llama-4-maverick-17b,cot_verification,2,0,fixed,,,,
borderline_fake_12,llama-4-maverick-17b,cot_verification,0,0,already_correct,,,,
borderline_fake_13,llama-4-maverick-17b,cot_verification,0,0,already_correct,,,,
borderline_fake_14,llama-4-maverick-17b,cot_verification,2,0,fixed,,,,
borderline_fake_15,llama-4-maverick-17b,cot_verification,2,2,still_broken,,,,
borderline_fake_16,llama-4-maverick-17b,cot_verification,0,0,already_correct,,,,
borderline_fake_17,llama-4-maverick-17b,cot_verification,0,0,already_correct,,,,
borderline_fake_19,llama-4-maverick-17b,cot_verification,2,0,fixed,,,,
borderline_fake_20,llama-4-maverick-17b,cot_verification,0,0,already_correct,,,,
borderline_fake_21,llama-4-maverick-17b,cot_verification,0,0,already_correct,,,,
borderline_fake_22,llama-4-maverick-17b,cot_verification,2,0,fixed,,,,
borderline_fake_23,llama-4-maverick-17b,cot_verification,2,2,still_broken,,,,
borderline_fake_24,llama-4-maverick-17b,cot_verification,2,2,still_broken,,,,
borderline_fake_27,llama-4-maverick-17b,cot_verification,0,0,already_correct,,,,
borderline_fake_28,llama-4-maverick-17b,cot_verification,2,0,fixed,,,,
borderline_fake_29,llama-4-maverick-17b,cot_verification,2,2,still_broken,,,,
borderline_fake_30,llama-4-maverick-17b,cot_verification,0,0,already_correct,,,,
borderline_fake_31,llama-4-maverick-17b,cot_verification,2,0,fixed,,,,
borderline_fake_32,llama-4-maverick-17b,cot_verification,0,0,already_correct,,,,
borderline_fake_33,llama-4-maverick-17b,cot_verification,0,0,already_correct,,,,
borderline_fake_34,llama-4-maverick-17b,cot_verification,0,0,already_correct,,,,
borderline_edge_0,llama-4-maverick-17b,cot_verification,0,0,already_correct,,,,
borderline_edge_1,llama-4-maverick-17b,cot_verification,0,0,already_correct,,,,
borderline_edge_2,llama-4-maverick-17b,cot_verification,0,0,already_correct,,,,
borderline_edge_3,llama-4-maverick-17b,cot_verification,0,0,already_correct,,,,
borderline_edge_4,llama-4-maverick-17b,cot_verification,0,0,already_correct,,,,
borderline_edge_5,llama-4-maverick-17b,cot_verification,0,0,already_correct,,,,
borderline_edge_6,llama-4-maverick-17b,cot_verification,0,0,already_correct,,,,
borderline_edge_7,llama-4-maverick-17b,cot_verification,0,0,already_correct,,,,
borderline_edge_8,llama-4-maverick-17b,cot_verification,0,0,already_correct,,,,
borderline_edge_9,llama-4-maverick-17b,cot_verification,0,0,already_correct,,,,
borderline_edge_10,llama-4-maverick-17b,cot_verification,0,0,already_correct,,,,
borderline_edge_11,llama-4-maverick-17b,cot_verification,0,0,already_correct,,,,
borderline_edge_12,llama-4-maverick-17b,cot_verification,0,0,already_correct,,,,
borderline_edge_13,llama-4-maverick-17b,cot_verification,0,0,already_correct,,,,
borderline_edge_14,llama-4-maverick-17b,cot_verification,0,0,already_correct,,,,
borderline_edge_15,llama-4-maverick-17b,cot_verification,0,0,already_correct,,,,
borderline_edge_16,llama-4-maverick-17b,cot_verification,0,0,already_correct,,,,
borderline_edge_17,llama-4-maverick-17b,cot_verification,0,0,already_correct,,,,
borderline_edge_18,llama-4-maverick-17b,cot_verification,0,0,already_correct,,,,
borderline_edge_19,llama-4-maverick-17b,cot_verification,0,0,already_correct,,,,
factual_001,llama-4-maverick-17b,cot_verification,0,0,already_correct,0.3390698482009572,0.4258317670548038,1.383397835699358,0.8319429930204049
factual_002,llama-4-maverick-17b,cot_verification,0,0,already_correct,1.1102230246251563e-16,0.3671381095938628,1.542750285528084,0.7310246140998413
factual_003,llama-4-maverick-17b,cot_verification,0,0,already_correct,0.0756442551152993,0.4801142226197014,1.624794773575251,0.755998273251816
factual_004,llama-4-maverick-17b,cot_verification,2,1,fixed,0.0,0.4091090586541112,1.456805708543466,0.6993882164910686
factual_005,llama-4-maverick-17b,cot_verification,0,3,already_correct,0.701730912788892,0.5021843521531819,1.7011396195193464,0.631399119430105
factual_006,llama-4-maverick-17b,cot_verification,0,0,already_correct,0.3259960846208846,0.463198484824823,1.6399415228618777,0.7872932102035252
factual_007,llama-4-maverick-17b,cot_verification,3,1,other,0.2091951151053356,0.4128652483638895,1.5903660763514311,0.7465407015315013
factual_008,llama-4-maverick-17b,cot_verification,0,0,already_correct,0.2037090540592256,0.468512958130906,1.6390644859640455,0.7686338531644856
factual_009,llama-4-maverick-17b,cot_verification,1,3,other,0.853848090543631,0.4151502834613091,1.6498944144090766,0.6572635505963973
factual_010,llama-4-maverick-17b,cot_verification,0,0,already_correct,0.232918055860813,0.5099705765787288,1.4726113798083318,0.7977554962414828
factual_011,llama-4-maverick-17b,cot_verification,1,1,other,0.6355284519294534,0.4036154541062687,1.7162440503449623,0.6860809940271048
factual_012,llama-4-maverick-17b,cot_verification,0,0,already_correct,0.08768981332469,0.3617398426203926,2.1728592401910753,0.7799865642706615
factual_013,llama-4-maverick-17b,cot_verification,1,1,other,0.5587325104078119,0.4151817642436208,1.5180539170053302,0.7282876276517176
factual_014,llama-4-maverick-17b,cot_verification,0,0,already_correct,0.6638246094684089,0.3553819706965982,2.1996388726934804,0.7761234665442845
factual_015,llama-4-maverick-17b,cot_verification,1,3,other,0.1297030895398097,0.3991916513629209,1.4328530668641868,0.7704209428355229
factual_016,llama-4-maverick-17b,cot_verification,0,0,already_correct,0.0621903996737486,0.4616666102107748,1.586809125161253,0.7543118897692439
factual_017,llama-4-maverick-17b,cot_verification,0,0,already_correct,0.1522014106797664,0.443350120005155,1.3893387081191293,0.7864701848631095
factual_018,llama-4-maverick-17b,cot_verification,0,0,already_correct,0.3992775109347958,0.4174074519253169,1.483890317654831,0.7521987718089467
factual_019,llama-4-maverick-17b,cot_verification,0,0,already_correct,0.570304218688948,0.4979737230271303,1.4626267777593926,0.8054669229845892
factual_020,llama-4-maverick-17b,cot_verification,1,1,other,0.3516206758576254,0.3763613439841432,1.611047325255963,0.7185921891940295
factual_021,llama-4-maverick-17b,cot_verification,1,0,other,0.6527801569546965,0.4180078612342092,1.4350551741860758,0.7225185823687947
factual_022,llama-4-maverick-17b,cot_verification,0,0,already_correct,0.1783344385302553,0.3672437094222894,2.117486252547943,0.7833564590952354
factual_023,llama-4-maverick-17b,cot_verification,1,1,other,0.1352864691345792,0.4016135193900492,1.649187144559479,0.7067573427577292
factual_024,llama-4-maverick-17b,cot_verification,1,1,other,0.4975689892409519,0.4447017810950163,1.5171197273637569,0.713587560930383
factual_025,llama-4-maverick-17b,cot_verification,1,1,other,0.0,0.3980743483955428,1.6433910358883772,0.7367057649170274
factual_026,llama-4-maverick-17b,cot_verification,0,0,already_correct,-2.220446049250313e-16,0.309447624007505,1.4760212348272164,0.8351255628104022
factual_027,llama-4-maverick-17b,cot_verification,0,0,already_correct,1.1102230246251563e-16,0.4080458109181683,1.4764124571822654,0.7593912020536738
factual_028,llama-4-maverick-17b,cot_verification,0,0,already_correct,0.1356920640120937,0.4393622371282437,1.649946639222292,0.7485870160062343
factual_029,llama-4-maverick-17b,cot_verification,0,0,already_correct,0.0,0.4977641369133579,1.4952019816184945,0.8305814312917218
factual_030,llama-4-maverick-17b,cot_verification,1,1,other,0.7127292906743794,0.472656698084123,1.5989159658219183,0.6705712402368056
factual_031,llama-4-maverick-17b,cot_verification,0,0,already_correct,0.4314744393813291,0.4501789895715146,1.4405047447566357,0.7918370107882089
factual_032,llama-4-maverick-17b,cot_verification,0,0,already_correct,0.0,0.4060071654329528,1.514936114087026,0.7245722802366368
factual_033,llama-4-maverick-17b,cot_verification,0,0,already_correct,0.0,0.5017394875876153,1.546885661918044,0.8087152173946708
factual_034,llama-4-maverick-17b,cot_verification,0,0,already_correct,0.6081839654868795,0.5232130866441007,1.4683546340768272,0.7915399581256456
factual_035,llama-4-maverick-17b,cot_verification,0,0,already_correct,0.4271616887496303,0.4876412851028002,1.5377929180335528,0.7756829976016371
factual_036,llama-4-maverick-17b,cot_verification,0,0,already_correct,0.1261866985503336,0.3244414575107672,1.5245649525106562,0.8273038597662479
factual_037,llama-4-maverick-17b,cot_verification,0,0,already_correct,0.0,0.3147422473558741,1.5672190155056889,0.7206514156979043
factual_038,llama-4-maverick-17b,cot_verification,0,0,already_correct,0.0,0.4211484740263029,1.3771096527279183,0.8661372673645562
factual_039,llama-4-maverick-17b,cot_verification,1,0,other,0.177078731748155,0.4046827470446055,1.497245204967567,0.6446426131783606
factual_040,llama-4-maverick-17b,cot_verification,0,0,already_correct,-2.220446049250313e-16,0.3414680534651442,2.4910222200547074,0.737480424854035
factual_041,llama-4-maverick-17b,cot_verification,0,0,already_correct,0.6590282271990809,0.4413968529615208,1.4390743196603273,0.7699239301662081
factual_042,llama-4-maverick-17b,cot_verification,0,0,already_correct,0.8096019744024965,0.4545800688847466,1.6252229539662026,0.7989216578285829
factual_043,llama-4-maverick-17b,cot_verification,0,0,already_correct,0.1106474559626835,0.4682907741308082,1.546374825705338,0.797005081645074
factual_044,llama-4-maverick-17b,cot_verification,0,0,already_correct,0.2496274882844138,0.4826722402390526,1.4448395314471096,0.7926729701723823
factual_045,llama-4-maverick-17b,cot_verification,0,0,already_correct,0.3910302967543626,0.4762882153821701,1.451296329281991,0.7940873301226171
factual_046,llama-4-maverick-17b,cot_verification,0,0,already_correct,0.3909013784101188,0.4831296148411537,1.3766308979634674,0.7957830463075242
factual_047,llama-4-maverick-17b,cot_verification,0,0,already_correct,0.4080816131732503,0.3346997209064156,2.496140320144274,0.7613314728939098
factual_048,llama-4-maverick-17b,cot_verification,0,0,already_correct,0.6211373159127278,0.442478820203474,1.64858837863659,0.789738065303002
factual_049,llama-4-maverick-17b,cot_verification,1,1,other,0.7052676924968719,0.5047896404943268,1.6764719459937247,0.6353803272121445
factual_050,llama-4-maverick-17b,cot_verification,1,1,other,0.8177822094666237,0.4325966950899802,1.605637013732773,0.6860979834111427
factual_051,llama-4-maverick-17b,cot_verification,0,1,already_correct,0.4856820367671054,0.4445014726564936,1.5978639282844784,0.6700823419876167
factual_052,llama-4-maverick-17b,cot_verification,0,0,already_correct,0.2588180790601095,0.4907653095180171,1.5672965779117558,0.7538454712736763
factual_053,llama-4-maverick-17b,cot_verification,0,0,already_correct,0.3459381505484974,0.4008120746180286,1.3829706679702791,0.8203197763151169
factual_054,llama-4-maverick-17b,cot_verification,0,0,already_correct,2.220446049250313e-16,0.3674563684053866,1.3647406575165009,0.7838035822067071
factual_055,llama-4-maverick-17b,cot_verification,0,0,already_correct,0.5494506790999643,0.4252726172935853,1.478079942331184,0.7747870351215546
factual_056,llama-4-maverick-17b,cot_verification,0,0,already_correct,0.2539817160958447,0.4450391397394795,1.4632676163200211,0.7667842126110449
factual_057,llama-4-maverick-17b,cot_verification,0,0,already_correct,0.0,0.3978971698173434,1.453501272284534,0.7812083645803997
factual_058,llama-4-maverick-17b,cot_verification,0,0,already_correct,0.2095405375742327,0.5111534489258107,1.5430189490603494,0.8232970349963812
factual_059,llama-4-maverick-17b,cot_verification,0,0,already_correct,0.3699076605808898,0.2896543084979006,1.4772908783384575,0.7960505597584258
factual_060,llama-4-maverick-17b,cot_verification,0,0,already_correct,0.7099132644629002,0.5105063433676238,1.415749810693637,0.8558493626016794
factual_061,llama-4-maverick-17b,cot_verification,0,0,already_correct,2.220446049250313e-16,0.4819275257171794,1.501545009538279,0.7979848304214872
factual_062,llama-4-maverick-17b,cot_verification,0,0,already_correct,0.3387145971543948,0.4738592572936945,1.4166794254788595,0.8233539805586463
factual_063,llama-4-maverick-17b,cot_verification,0,0,already_correct,0.6365540150039888,0.4269955459015017,1.5280710244608426,0.7143697392221002
factual_064,llama-4-maverick-17b,cot_verification,0,0,already_correct,0.5922619222704957,0.3018866463373968,1.4603186455188824,0.8220882818069783
factual_065,llama-4-maverick-17b,cot_verification,0,0,already_correct,0.1128744609388492,0.3407672513109081,2.070468063091321,0.7374627770235378
factual_066,llama-4-maverick-17b,cot_verification,0,0,already_correct,0.1900235496338574,0.503458426875032,1.4324307182167868,0.8095817527009933
factual_067,llama-4-maverick-17b,cot_verification,0,0,already_correct,0.4748283421565603,0.4142539887401134,1.4732365393388285,0.7979292272466194
factual_068,llama-4-maverick-17b,cot_verification,0,0,already_correct,0.0639272631090749,0.3510497420817116,2.3556922148236583,0.7631016457391149
factual_069,llama-4-maverick-17b,cot_verification,0,0,already_correct,0.5181413802399217,0.4553498762964384,1.606172484932409,0.7888276761457962
factual_070,llama-4-maverick-17b,cot_verification,0,0,already_correct,0.1117010549366074,0.3703280439605724,1.8385235083809184,0.7902572804385989
factual_071,llama-4-maverick-17b,cot_verification,0,0,already_correct,0.3523509046120336,0.5017514427116267,1.506904467763912,0.8128678303414758
factual_072,llama-4-maverick-17b,cot_verification,0,0,already_correct,0.1926927217111285,0.3575782828311282,2.052706263150836,0.7867627154094793
factual_073,llama-4-maverick-17b,cot_verification,0,0,already_correct,0.3366527554593764,0.3560932709599926,1.8814618137714167,0.8112673307261143
factual_074,llama-4-maverick-17b,cot_verification,0,0,already_correct,0.6304310634975547,0.3884602880899718,1.486769258226069,0.7831299629453908
factual_075,llama-4-maverick-17b,cot_verification,0,0,already_correct,1.1102230246251563e-16,0.5018524787912563,1.520063619021078,0.7990751099204498
factual_076,llama-4-maverick-17b,cot_verification,0,0,already_correct,0.5900770287315599,0.3669007903011599,1.419601129895851,0.755357546080865
factual_077,llama-4-maverick-17b,cot_verification,0,0,already_correct,3.3306690738754696e-16,0.4003005515850812,1.3862081007025076,0.8152530270212486
factual_078,llama-4-maverick-17b,cot_verification,0,0,already_correct,1.1102230246251563e-16,0.5051220359781636,1.4570154481027626,0.808027167838611
factual_079,llama-4-maverick-17b,cot_verification,0,0,already_correct,0.0,0.3487148893477196,2.27657210305503,0.7800840971199191
factual_080,llama-4-maverick-17b,cot_verification,0,0,already_correct,0.5175730124359599,0.2895453626919549,1.477225335209429,0.8115261311321036
factual_081,llama-4-maverick-17b,cot_verification,0,0,already_correct,0.1012554620345593,0.4328614718772041,1.3507097741310654,0.8362269260064743
factual_082,llama-4-maverick-17b,cot_verification,0,0,already_correct,-2.220446049250313e-16,0.3373139951597824,2.0354023865462363,0.7548743531801294
factual_083,llama-4-maverick-17b,cot_verification,0,0,already_correct,1.1102230246251563e-16,0.4679765550289769,1.4512844040683364,0.7974902815995142
factual_084,llama-4-maverick-17b,cot_verification,0,0,already_correct,0.0873858389472691,0.356731544150184,1.884260342664908,0.8235908886889827
factual_085,llama-4-maverick-17b,cot_verification,0,0,already_correct,-2.220446049250313e-16,0.4924453090325872,1.6060426147927964,0.758906445296362
factual_086,llama-4-maverick-17b,cot_verification,0,0,already_correct,0.806081801684519,0.3458666117576172,2.0156784313857306,0.8087802765551547
factual_087,llama-4-maverick-17b,cot_verification,0,0,already_correct,0.5558699241037635,0.418235810908836,1.428998031152279,0.838896372111011
factual_088,llama-4-maverick-17b,cot_verification,0,0,already_correct,0.2333428271170836,0.3934658100064162,1.465304295968953,0.7830320061798703
factual_089,llama-4-maverick-17b,cot_verification,0,0,already_correct,0.668761632601216,0.5136980177126386,1.4991079933172302,0.8010776930231761
factual_090,llama-4-maverick-17b,cot_verification,0,0,already_correct,-2.220446049250313e-16,0.4635935923083798,1.4173488710208413,0.8137413115784311
factual_091,llama-4-maverick-17b,cot_verification,0,0,already_correct,0.3814291512015367,0.475664023604871,1.3936260572592174,0.8450265988684978
factual_092,llama-4-maverick-17b,cot_verification,0,0,already_correct,1.1102230246251563e-16,0.4833001715292726,1.409955852156895,0.7710239748280108
factual_093,llama-4-maverick-17b,cot_verification,0,0,already_correct,0.0058858111161878,0.3460475600916803,2.3507409980528458,0.771903298359765
factual_094,llama-4-maverick-17b,cot_verification,0,0,already_correct,0.0,0.3419792874368186,2.076048546434794,0.7869229786519517
factual_095,llama-4-maverick-17b,cot_verification,0,0,already_correct,0.0,0.454446304442836,1.6077006245745566,0.7891477636161054
factual_096,llama-4-maverick-17b,cot_verification,0,0,already_correct,-2.220446049250313e-16,0.3430834906900136,2.0974092363572936,0.7780574232390709
factual_097,llama-4-maverick-17b,cot_verification,0,0,already_correct,0.1933373330263507,0.3472492097743691,2.1468875447425866,0.8008670767765944
factual_098,llama-4-maverick-17b,cot_verification,0,0,already_correct,0.1946058820058216,0.3592082545940397,2.187610416506546,0.7161179857994848
impossible_001,llama-4-maverick-17b,cot_verification,0,0,already_correct,0.0,0.4284789178593438,1.3647315671430038,0.8173245508833905
impossible_002,llama-4-maverick-17b,cot_verification,0,0,already_correct,0.1925003012804915,0.4396589807744273,1.4400179462563576,0.7689164062010384
impossible_003,llama-4-maverick-17b,cot_verification,1,0,other,0.3041079336142306,0.4745776345517306,1.5647300163614537,0.6969380899420593
impossible_004,llama-4-maverick-17b,cot_verification,0,0,already_correct,0.3074015199966582,0.4454880922352143,1.458411279508117,0.7008940148293222
impossible_005,llama-4-maverick-17b,cot_verification,0,0,already_correct,0.5348686529869204,0.4778804885323092,1.5571238857869047,0.5928068096228768
impossible_006,llama-4-maverick-17b,cot_verification,0,0,already_correct,0.0,0.3150933902050303,1.44914888839206,0.7424336900914429
impossible_007,llama-4-maverick-17b,cot_verification,0,0,already_correct,0.0760181053446082,0.4283067881602623,1.5733228037355471,0.6215082050686007
impossible_008,llama-4-maverick-17b,cot_verification,0,0,already_correct,2.220446049250313e-16,0.4589631985402678,1.4780617824844742,0.6774152573684572
impossible_009,llama-4-maverick-17b,cot_verification,0,0,already_correct,0.1249390917114745,0.3118504227910957,1.43227288011093,0.7238138878895117
impossible_010,llama-4-maverick-17b,cot_verification,0,0,already_correct,1.1102230246251563e-16,0.3666893394761781,1.3883202835937618,0.7648042512578479
impossible_011,llama-4-maverick-17b,cot_verification,0,0,already_correct,0.6570046720548636,0.4878757339388605,1.606294091488777,0.6475217814214653
impossible_012,llama-4-maverick-17b,cot_verification,0,0,already_correct,0.3881410451718331,0.4235035315207365,1.5279960497361569,0.6620432260206898
impossible_013,llama-4-maverick-17b,cot_verification,0,0,already_correct,0.367171031876069,0.4485257442853096,1.4305640589961452,0.7090608744629913
impossible_014,llama-4-maverick-17b,cot_verification,0,0,already_correct,0.304387963775812,0.4766921393628873,1.5886968038209053,0.6036803376122305
impossible_015,llama-4-maverick-17b,cot_verification,0,0,already_correct,0.1445833902033999,0.4535491798602405,1.3948250469146637,0.7345084218910429
impossible_016,llama-4-maverick-17b,cot_verification,0,0,already_correct,0.3695204607283343,0.4770769095741097,1.468249801349997,0.7287548863456212
impossible_017,llama-4-maverick-17b,cot_verification,2,0,fixed,1.1102230246251563e-16,0.385438073138071,1.3476026514497093,0.709421966154461
impossible_018,llama-4-maverick-17b,cot_verification,0,0,already_correct,0.0,0.4512168499635118,1.469118684012558,0.7333250355902713
impossible_019,llama-4-maverick-17b,cot_verification,0,0,already_correct,0.6948227806005108,0.3969968770339099,1.4634214021984335,0.6949529191130599
impossible_020,llama-4-maverick-17b,cot_verification,0,0,already_correct,0.0,0.4752509211435867,1.303120271345749,0.8113480057164546
impossible_021,llama-4-maverick-17b,cot_verification,0,0,already_correct,0.6847774947219638,0.4431305143455964,1.4181748812695176,0.672847509017385
impossible_022,llama-4-maverick-17b,cot_verification,0,0,already_correct,-2.220446049250313e-16,0.3520010654438289,1.4639729737187956,0.7241808216844288
impossible_023,llama-4-maverick-17b,cot_verification,0,0,already_correct,3.3306690738754696e-16,0.455889330351273,1.4344927170928583,0.7930420973301907
impossible_024,llama-4-maverick-17b,cot_verification,0,0,already_correct,0.8644938403979362,0.4082023102283143,1.4271735443184168,0.7753947228954897
impossible_025,llama-4-maverick-17b,cot_verification,0,0,already_correct,0.7333388588522243,0.3785684530811432,1.4244542885042928,0.7235396087514101
impossible_026,llama-4-maverick-17b,cot_verification,0,0,already_correct,0.8640442510880024,0.3975716398225351,1.4109313497671825,0.7797697609927278
impossible_027,llama-4-maverick-17b,cot_verification,0,0,already_correct,0.7105278016919148,0.4247105743564808,1.4385519582650963,0.6971456827575261
impossible_028,llama-4-maverick-17b,cot_verification,0,0,already_correct,0.4309963868988636,0.4196514921035555,1.5398167790911867,0.6362163799506999
impossible_029,llama-4-maverick-17b,cot_verification,0,0,already_correct,0.1257851711933711,0.4600169891009289,1.458718882930412,0.7963664184013529
impossible_030,llama-4-maverick-17b,cot_verification,0,0,already_correct,0.8020508056844807,0.4030046415686885,1.4198247172073906,0.7242645544496362
nonexistent_001,llama-4-maverick-17b,cot_verification,0,0,already_correct,0.0454428209205745,0.4570250522860282,1.615715817569476,0.6594531936841832
nonexistent_002,llama-4-maverick-17b,cot_verification,0,0,already_correct,0.4677381953787014,0.4807812336471663,1.9384404475051296,0.6586584120072059
nonexistent_003,llama-4-maverick-17b,cot_verification,2,2,still_broken,1.1102230246251563e-16,0.4276243627057265,1.5094994460630982,0.6937800151786704
nonexistent_004,llama-4-maverick-17b,cot_verification,0,0,already_correct,-2.220446049250313e-16,0.4564137144815087,1.851797884385934,0.5726994262069951
nonexistent_005,llama-4-maverick-17b,cot_verification,0,0,already_correct,0.0,0.465822997116629,1.8623172596233903,0.6509377288126535
nonexistent_006,llama-4-maverick-17b,cot_verification,2,0,fixed,0.0,0.5029321806753635,1.5509796102552418,0.6790876172544247
nonexistent_007,llama-4-maverick-17b,cot_verification,0,0,already_correct,0.5911705809667317,0.4384180276510528,2.1493553401106253,0.6484046155692724
nonexistent_008,llama-4-maverick-17b,cot_verification,0,0,already_correct,0.0957750557052731,0.384685691724981,2.399391497385759,0.5396505391719605
nonexistent_009,llama-4-maverick-17b,cot_verification,0,0,already_correct,0.4385653332026844,0.4761348024669491,1.963117468304936,0.6151337027863505
nonexistent_010,llama-4-maverick-17b,cot_verification,0,0,already_correct,0.5158505587176638,0.4476063807965523,1.8334121656816305,0.6639503111744578
nonexistent_011,llama-4-maverick-17b,cot_verification,0,0,already_correct,0.0,0.4183605627704306,1.8233726758969768,0.6008289869583918
nonexistent_012,llama-4-maverick-17b,cot_verification,0,0,already_correct,0.0,0.3282147135021206,1.6967845457280517,0.7164932747542667
nonexistent_013,llama-4-maverick-17b,cot_verification,0,0,already_correct,0.0,0.6334931482875634,3.234875388204,0.5542865449529822
nonexistent_014,llama-4-maverick-17b,cot_verification,0,0,already_correct,0.0,0.4130129249322228,1.8320968749483288,0.5693820791961997
nonexistent_015,llama-4-maverick-17b,cot_verification,0,0,already_correct,0.0,0.374969051477136,1.4898031777136556,0.6910299677931582
nonexistent_016,llama-4-maverick-17b,cot_verification,0,0,already_correct,0.2805045218348615,0.5910803578233195,2.732910152966596,0.6001690613713271
nonexistent_017,llama-4-maverick-17b,cot_verification,0,0,already_correct,0.5302974421282072,0.4651336536553984,1.7342393214203522,0.6404096140823191
nonexistent_018,llama-4-maverick-17b,cot_verification,0,0,already_correct,0.3342446558250019,0.489726295593314,1.848305485089209,0.6699256292861111
nonexistent_019,llama-4-maverick-17b,cot_verification,0,0,already_correct,0.0,0.5808501293560877,2.844296976941338,0.5523783938073688
nonexistent_020,llama-4-maverick-17b,cot_verification,0,0,already_correct,0.5115517775867039,0.4732462382721614,1.993442159482999,0.6708993438546399
nonexistent_021,llama-4-maverick-17b,cot_verification,0,0,already_correct,0.5574498399007891,0.4421586669851266,1.7331138624020443,0.629479369950903
nonexistent_022,llama-4-maverick-17b,cot_verification,0,0,already_correct,0.6337578213026309,0.5115894791801593,2.003651681231058,0.560773997383176
nonexistent_023,llama-4-maverick-17b,cot_verification,0,0,already_correct,0.3568558343007325,0.3539184574866522,2.4073431465037234,0.6145784425889566
nonexistent_024,llama-4-maverick-17b,cot_verification,0,0,already_correct,1.1102230246251563e-16,0.5091116721181774,2.015018677082794,0.6064807709590798
nonexistent_025,llama-4-maverick-17b,cot_verification,0,2,regressed,1.1102230246251563e-16,0.4263605809857247,1.385281679632341,0.7504628298669417
nonexistent_026,llama-4-maverick-17b,cot_verification,0,0,already_correct,0.0975577827163954,0.500677276446372,1.877240963729926,0.6862876200297774
nonexistent_027,llama-4-maverick-17b,cot_verification,0,0,already_correct,0.6873397586664541,0.5831425659305403,2.194423208872275,0.439598850196002
nonexistent_028,llama-4-maverick-17b,cot_verification,0,0,already_correct,0.5810363014954536,0.4748582757943949,1.5307392572882974,0.7431710443416528
nonexistent_029,llama-4-maverick-17b,cot_verification,0,0,already_correct,0.0,0.3689495032061506,2.4195365373037796,0.5486947156478663
nonexistent_030,llama-4-maverick-17b,cot_verification,0,0,already_correct,0.6736730288677727,0.5520334085147902,1.8682348773229904,0.698702271143901
nonexistent_031,llama-4-maverick-17b,cot_verification,2,0,fixed,0.3281983558312015,0.5368106658137504,2.307223853167116,0.6242041309939212
nonexistent_032,llama-4-maverick-17b,cot_verification,0,0,already_correct,0.539372510742057,0.3829378402034553,2.7346886215316357,0.5559429890739753
nonexistent_033,llama-4-maverick-17b,cot_verification,0,0,already_correct,0.5757749954802136,0.5837106417413707,1.8593737943376472,0.6640875742086295
nonexistent_034,llama-4-maverick-17b,cot_verification,0,0,already_correct,0.4187105756418797,0.6038574964801048,2.3099387615258946,0.5853326755318425
nonexistent_035,llama-4-maverick-17b,cot_verification,0,0,already_correct,0.0,0.5205105768308945,1.805052905184283,0.6704744389494379
nonexistent_036,llama-4-maverick-17b,cot_verification,0,0,already_correct,3.3306690738754696e-16,0.4689086948310491,1.8339277076756957,0.6048819095183796
nonexistent_037,llama-4-maverick-17b,cot_verification,0,0,already_correct,0.3540607959987495,0.4891591393930209,1.5779747684754617,0.6807964102588424
nonexistent_038,llama-4-maverick-17b,cot_verification,0,0,already_correct,0.7415075567544674,0.6501094394237092,2.774768723402712,0.5365121089258558
nonexistent_039,llama-4-maverick-17b,cot_verification,0,0,already_correct,0.0,0.5271627150413254,2.0999586130232513,0.5111346006353664
nonexistent_040,llama-4-maverick-17b,cot_verification,0,0,already_correct,0.0,0.5301536458570822,2.1752483159909812,0.5287035673415779
nonexistent_041,llama-4-maverick-17b,cot_verification,0,0,already_correct,0.3402406836440982,0.4147167129460392,1.732507209343875,0.6214838176658093
nonexistent_042,llama-4-maverick-17b,cot_verification,2,2,still_broken,0.4820732510236483,0.3974697854786684,1.3763666579571388,0.7583163767435037
nonexistent_043,llama-4-maverick-17b,cot_verification,0,2,regressed,0.6117514925271953,0.3968230607521225,1.4579691933650414,0.7006417252306849
nonexistent_044,llama-4-maverick-17b,cot_verification,0,0,already_correct,0.2832522070221442,0.5440085679336117,2.6028868283866915,0.5926988213239269
nonexistent_045,llama-4-maverick-17b,cot_verification,0,0,already_correct,-4.440892098500626e-16,0.4474593634578884,1.6703877913238423,0.6926949289470643
nonexistent_046,llama-4-maverick-17b,cot_verification,0,0,already_correct,0.6900277134533814,0.4393045066966574,1.706411804861814,0.6973554138479499
nonexistent_047,llama-4-maverick-17b,cot_verification,0,0,already_correct,0.0,0.4971957099585214,1.7663887781112586,0.6783706857482479
nonexistent_048,llama-4-maverick-17b,cot_verification,0,0,already_correct,0.1377468608419395,0.4796644061488472,1.7528593850718552,0.6696658989700652
nonexistent_049,llama-4-maverick-17b,cot_verification,0,0,already_correct,0.3337416028727933,0.5151894043961379,1.6921964680335524,0.6627667906245607
nonexistent_050,llama-4-maverick-17b,cot_verification,0,0,already_correct,0.4505974970339189,0.5006252176026377,2.3357904479686296,0.6092033117516354
nonexistent_051,llama-4-maverick-17b,cot_verification,0,0,already_correct,0.7718971548894408,0.4854904137187733,1.895052479560097,0.6506374340644948
nonexistent_052,llama-4-maverick-17b,cot_verification,0,0,already_correct,1.1102230246251563e-16,0.4728590030035952,1.7887990848620996,0.6119730871620171
nonexistent_053,llama-4-maverick-17b,cot_verification,0,0,already_correct,0.1504813859894436,0.4859498001673301,1.657261219256427,0.6552500846776133
nonexistent_054,llama-4-maverick-17b,cot_verification,0,0,already_correct,0.0298550825348501,0.3429242260486725,2.283564665138221,0.5507380929334323
nonexistent_055,llama-4-maverick-17b,cot_verification,0,0,already_correct,2.220446049250313e-16,0.5603317551690375,2.738502343053188,0.6092613698734879
nonexistent_056,llama-4-maverick-17b,cot_verification,0,0,already_correct,0.2269927756030223,0.4921681596330601,2.0218330905805675,0.6171315441753924
nonexistent_057,llama-4-maverick-17b,cot_verification,0,0,already_correct,0.8384730010881442,0.446268485223399,1.7307799836943771,0.7163141971215217
nonexistent_058,llama-4-maverick-17b,cot_verification,2,0,fixed,0.1316183196732502,0.3980349888395448,1.6671817091213794,0.6761587700330811
nonexistent_059,llama-4-maverick-17b,cot_verification,0,0,already_correct,1.1102230246251563e-16,0.5274268411572661,2.1131023822274835,0.504095125915609
nonexistent_060,llama-4-maverick-17b,cot_verification,0,0,already_correct,1.1102230246251563e-16,0.5727185745103827,3.043315974404832,0.5724153464931367
nonexistent_061,llama-4-maverick-17b,cot_verification,0,0,already_correct,0.0,0.5488998124686946,2.1039495058352067,0.6237480125734094
nonexistent_062,llama-4-maverick-17b,cot_verification,0,0,already_correct,0.4287932223254523,0.5461921340004303,2.669335338797711,0.6094946617250923
nonexistent_063,llama-4-maverick-17b,cot_verification,0,0,already_correct,0.0,0.269784390824176,2.026822157297487,0.6773287402694432
nonexistent_064,llama-4-maverick-17b,cot_verification,0,0,already_correct,0.2391853786875325,0.6171416766601826,2.6267502371990252,0.5780032102260019
nonexistent_065,llama-4-maverick-17b,cot_verification,0,0,already_correct,-2.220446049250313e-16,0.3713326532083253,2.482790945149397,0.6319423700533386
nonexistent_066,llama-4-maverick-17b,cot_verification,2,2,still_broken,0.0206471577488741,0.3805220429291759,1.6820587065914292,0.6946096718188879
nonexistent_067,llama-4-maverick-17b,cot_verification,0,0,already_correct,0.4313498292652695,0.6099432842787053,2.3019429305758616,0.5890065697012337
nonexistent_068,llama-4-maverick-17b,cot_verification,0,0,already_correct,0.0,0.4011687566932002,1.4949977720115908,0.7752330700509196
nonexistent_069,llama-4-maverick-17b,cot_verification,0,0,already_correct,0.0746020064872662,0.5065082810005996,1.7248770485132827,0.6200790952724083
nonexistent_070,llama-4-maverick-17b,cot_verification,0,0,already_correct,0.2231962646932311,0.3774941064544084,2.565239212839378,0.5428052565641274
nonexistent_071,llama-4-maverick-17b,cot_verification,0,0,already_correct,0.444422174384231,0.3883344433650393,1.3848640785493171,0.740159468757686
nonexistent_072,llama-4-maverick-17b,cot_verification,0,0,already_correct,0.1418882700819371,0.4499181735474316,1.410469525862015,0.7046362488953579
nonexistent_073,llama-4-maverick-17b,cot_verification,0,0,already_correct,0.6078326428629937,0.6533312838264017,2.769645429260442,0.6188884918061701
nonexistent_074,llama-4-maverick-17b,cot_verification,0,0,already_correct,0.124045795844386,0.3774086969379046,2.346487059189837,0.5508230476279948
nonexistent_075,llama-4-maverick-17b,cot_verification,0,0,already_correct,0.1024315549974038,0.2676045967438318,2.056780484627801,0.6698730496654235
nonexistent_076,llama-4-maverick-17b,cot_verification,0,0,already_correct,0.1890046897721587,0.4774598160250866,2.2157114319817346,0.6368687940379189
nonexistent_077,llama-4-maverick-17b,cot_verification,2,0,fixed,0.3774938717837871,0.4307552008558352,1.6480894842078375,0.6833262920351999
nonexistent_078,llama-4-maverick-17b,cot_verification,0,0,already_correct,0.2391853786875315,0.6342464680046138,2.636007745353853,0.5813405949109487
nonexistent_079,llama-4-maverick-17b,cot_verification,0,0,already_correct,0.0041491256678026,0.5300003710761907,2.2895570298667365,0.5396074401281944
nonexistent_080,llama-4-maverick-17b,cot_verification,0,0,already_correct,0.0639360744884086,0.5369556486215432,2.3165792341902827,0.5285954358091894
nonexistent_081,llama-4-maverick-17b,cot_verification,0,0,already_correct,0.510318600796009,0.4869111922249682,2.2154789476257033,0.6393147415853841
nonexistent_082,llama-4-maverick-17b,cot_verification,0,0,already_correct,-2.220446049250313e-16,0.5579015388786452,2.906007100061119,0.5722083956637365
nonexistent_083,llama-4-maverick-17b,cot_verification,0,0,already_correct,0.2264918922650558,0.3872016757502944,2.671676068597886,0.5402400158597737
nonexistent_084,llama-4-maverick-17b,cot_verification,0,0,already_correct,0.1813165410053703,0.3779636385347069,2.278890128273501,0.5351329439205346
nonexistent_085,llama-4-maverick-17b,cot_verification,0,0,already_correct,0.0,0.5538749481118661,2.3942196181987963,0.5698575328740195
nonexistent_086,llama-4-maverick-17b,cot_verification,0,0,already_correct,0.2248132435528604,0.3620338686224142,2.582051227694653,0.5451446450145236
nonexistent_087,llama-4-maverick-17b,cot_verification,0,0,already_correct,0.0108420991632629,0.3945560043224224,2.394178481297942,0.5453762343562223
nonexistent_088,llama-4-maverick-17b,cot_verification,0,0,already_correct,1.1102230246251563e-16,0.6183519861963505,2.999391669304233,0.545934183786133
nonexistent_089,llama-4-maverick-17b,cot_verification,0,0,already_correct,0.0088413298822498,0.6070316724571939,2.75591942122386,0.5656177785257627
nonexistent_090,llama-4-maverick-17b,cot_verification,0,0,already_correct,0.4061365497884437,0.640297956406194,2.9999818462888124,0.5961153916347955
nonexistent_091,llama-4-maverick-17b,cot_verification,0,0,already_correct,0.0080572660634468,0.5883895280631628,2.867792951359041,0.5531594733499339
nonexistent_092,llama-4-maverick-17b,cot_verification,0,0,already_correct,0.6882958732870419,0.6043505175939932,2.2428224618371955,0.4509241254123759
nonexistent_093,llama-4-maverick-17b,cot_verification,0,0,already_correct,0.5118603154082471,0.6178111595283993,2.872415108360505,0.5720176184676486
nonexistent_094,llama-4-maverick-17b,cot_verification,0,0,already_correct,0.1452052134183755,0.3669857232413221,2.301006000964713,0.5312844221702979
nonexistent_095,llama-4-maverick-17b,cot_verification,0,0,already_correct,0.3348925460280942,0.4324710021081013,1.9591909411658672,0.6663871378803026
nonexistent_096,llama-4-maverick-17b,cot_verification,2,0,fixed,0.4542606855006625,0.3830227381620973,2.60203804699986,0.5854421830344917
nonexistent_097,llama-4-maverick-17b,cot_verification,0,0,already_correct,0.2775313508640024,0.5452100276976068,2.786741082796479,0.5639343830321482
nonexistent_098,llama-4-maverick-17b,cot_verification,0,0,already_correct,0.0953515009517443,0.6060300380484986,2.3140911045752968,0.5877398578595393
nonexistent_099,llama-4-maverick-17b,cot_verification,0,0,already_correct,0.0693157235875372,0.5975343944918458,3.082443756039945,0.5309233309466046
nonexistent_100,llama-4-maverick-17b,cot_verification,0,0,already_correct,0.7046961778722258,0.3165946188778467,1.9220794841788955,0.7047898011803579
nonexistent_101,llama-4-maverick-17b,cot_verification,0,0,already_correct,0.0,0.2898084442356734,1.8477435834610152,0.6852463128598838
nonexistent_102,llama-4-maverick-17b,cot_verification,0,0,already_correct,0.7440328994000756,0.656492510271725,2.9364449240045225,0.5345052101237924
nonexistent_103,llama-4-maverick-17b,cot_verification,0,0,already_correct,0.5016432193586686,0.6008961890862008,2.686987516108755,0.550320452436539
nonexistent_104,llama-4-maverick-17b,cot_verification,0,0,already_correct,0.4361524948216549,0.3742063842066859,2.4617332860106163,0.6050834543762504
nonexistent_105,llama-4-maverick-17b,cot_verification,0,0,already_correct,0.7709418713871505,0.6247681874084382,2.835188476389863,0.5946197096843913
nonexistent_106,llama-4-maverick-17b,cot_verification,0,0,already_correct,0.6078326428629951,0.6398374132984526,2.6383556049792096,0.6529173473539759
nonexistent_107,llama-4-maverick-17b,cot_verification,0,0,already_correct,0.1238208174257008,0.6442680389447031,2.6161830080858635,0.5976396745373815
nonexistent_108,llama-4-maverick-17b,cot_verification,0,0,already_correct,0.3123011901183431,0.611198138760787,2.711674497407564,0.5539723480018477
nonexistent_109,llama-4-maverick-17b,cot_verification,0,0,already_correct,-2.220446049250313e-16,0.2734974646941881,2.0455396028515973,0.6693600584024785
nonexistent_110,llama-4-maverick-17b,cot_verification,0,0,already_correct,0.5118603154082475,0.6097263902414586,2.6828549395236836,0.5943882438631942
nonexistent_111,llama-4-maverick-17b,cot_verification,0,0,already_correct,0.1782511086366093,0.2975615246505051,1.9208393848922565,0.6681828765393893
nonexistent_112,llama-4-maverick-17b,cot_verification,0,0,already_correct,0.5016432193586703,0.6186014594359213,2.87296858991689,0.5540540491300642
nonexistent_113,llama-4-maverick-17b,cot_verification,0,0,already_correct,0.0063899062963099,0.5586626835313167,2.840682923784205,0.557496767672401
nonexistent_114,llama-4-maverick-17b,cot_verification,0,0,already_correct,0.1429230961483591,0.5550202047340128,2.8248187354450396,0.568418176152549
nonexistent_115,llama-4-maverick-17b,cot_verification,0,0,already_correct,0.1650254185559772,0.5731607226937883,2.349115435465942,0.5823740445607263
nonexistent_116,llama-4-maverick-17b,cot_verification,0,0,already_correct,0.0,0.3633982611488979,2.348215397561924,0.5662501001010025
nonexistent_117,llama-4-maverick-17b,cot_verification,0,0,already_correct,0.1226499096655227,0.571144421812326,2.63405993552945,0.5800607937026624
nonexistent_118,llama-4-maverick-17b,cot_verification,0,0,already_correct,0.0048429147825804,0.2635767938349528,2.0750847301949236,0.668915287539573
nonexistent_119,llama-4-maverick-17b,cot_verification,0,0,already_correct,0.036017250607789,0.303978232075897,1.910441718217879,0.669415725821472
nonexistent_120,llama-4-maverick-17b,cot_verification,0,0,already_correct,0.4087823102518205,0.3345844495325311,2.023099001917248,0.6762248492406105
ambiguous_001,llama-4-maverick-17b,cot_verification,0,0,already_correct,1.1102230246251563e-16,0.4513794437816401,1.5647058596101149,0.6762421181316913
ambiguous_002,llama-4-maverick-17b,cot_verification,0,0,already_correct,0.156266619267345,0.4738785383594013,1.5491106051937995,0.6478326148339721
ambiguous_003,llama-4-maverick-17b,cot_verification,0,0,already_correct,0.3080591443624276,0.4369457045848902,1.7434172385236724,0.5916459010431453
ambiguous_004,llama-4-maverick-17b,cot_verification,0,0,already_correct,0.3256189317691312,0.4187259533005385,2.022408245644571,0.4574143719551241
ambiguous_005,llama-4-maverick-17b,cot_verification,0,0,already_correct,0.2050703741541029,0.4486209595157274,1.533774470051912,0.6053944897852803
ambiguous_006,llama-4-maverick-17b,cot_verification,0,0,already_correct,0.0518319154145865,0.3821622797863735,1.7204615102839311,0.5881900769703599
ambiguous_007,llama-4-maverick-17b,cot_verification,0,0,already_correct,0.3209110607670674,0.4935539922957875,1.797897865239334,0.4986332005672295
ambiguous_008,llama-4-maverick-17b,cot_verification,0,0,already_correct,-2.220446049250313e-16,0.3885697140988601,1.6739590399814115,0.5495560201156677
ambiguous_009,llama-4-maverick-17b,cot_verification,0,0,already_correct,0.7817070362190207,0.5008673712789751,2.5116140111091583,0.5977153724716655
ambiguous_010,llama-4-maverick-17b,cot_verification,0,0,already_correct,0.0475995434810057,0.4588522448712292,1.495000430874621,0.5928802068173216
ambiguous_011,llama-4-maverick-17b,cot_verification,0,0,already_correct,0.5197036923578444,0.4901867915533022,2.12261389091119,0.6294324830746607
ambiguous_012,llama-4-maverick-17b,cot_verification,0,0,already_correct,0.0478287855388587,0.4889574550150641,1.8939417647262324,0.6339152382996209
ambiguous_013,llama-4-maverick-17b,cot_verification,0,0,already_correct,0.6861433153782892,0.3426191447263088,1.946222997396814,0.6033718498608189
ambiguous_014,llama-4-maverick-17b,cot_verification,0,0,already_correct,0.5696514344000015,0.4822030792025104,1.673090296213788,0.5767970614395511
ambiguous_015,llama-4-maverick-17b,cot_verification,0,0,already_correct,0.006331088371127,0.524241975087887,2.480078367613028,0.5689004415259753
ambiguous_016,llama-4-maverick-17b,cot_verification,0,0,already_correct,0.2113088459761729,0.4762212802418333,1.666302606977574,0.6348986657394063
ambiguous_017,llama-4-maverick-17b,cot_verification,0,0,already_correct,2.220446049250313e-16,0.5301814116529138,1.7386652921085697,0.5586315121384209
ambiguous_018,llama-4-maverick-17b,cot_verification,0,0,already_correct,0.0530431484712531,0.5524618129318023,2.305389413728326,0.5632077631307728
ambiguous_019,llama-4-maverick-17b,cot_verification,0,0,already_correct,0.5747450417462028,0.4703734853293836,1.9714896929037995,0.645917251025028
ambiguous_020,llama-4-maverick-17b,cot_verification,0,0,already_correct,0.8544863026435386,0.4908550493110857,1.6216498566508957,0.6091094490231097
ambiguous_021,llama-4-maverick-17b,cot_verification,0,0,already_correct,0.4526154356896075,0.477356057734747,2.2498023613167444,0.584299413307553
ambiguous_022,llama-4-maverick-17b,cot_verification,0,0,already_correct,0.4162526884229248,0.4426994226311981,1.8093026271726984,0.6055317326702114
ambiguous_023,llama-4-maverick-17b,cot_verification,0,0,already_correct,0.2760844051091073,0.4083250134176807,1.597435662269415,0.6198188342781339
ambiguous_024,llama-4-maverick-17b,cot_verification,0,0,already_correct,0.4769088584266318,0.4415771262943727,1.947832954084308,0.6336175875800149
ambiguous_025,llama-4-maverick-17b,cot_verification,0,0,already_correct,3.3306690738754696e-16,0.4303615604332876,1.717905004596788,0.5895631527681274
ambiguous_026,llama-4-maverick-17b,cot_verification,0,0,already_correct,0.7756478610317874,0.4481652299566769,1.9966912875228944,0.5539782813035896
ambiguous_027,llama-4-maverick-17b,cot_verification,0,0,already_correct,0.65337205001654,0.4920463264015721,1.8550477551070408,0.5790169270710116
ambiguous_028,llama-4-maverick-17b,cot_verification,0,0,already_correct,0.7837684723193905,0.5559512611292741,2.5253373391085745,0.4884599678512389
ambiguous_029,llama-4-maverick-17b,cot_verification,0,0,already_correct,0.7349821196700508,0.4700382676302619,1.6836054786857897,0.6180723877663572
ambiguous_030,llama-4-maverick-17b,cot_verification,0,0,already_correct,1.1102230246251563e-16,0.4805095401320631,1.684627314785207,0.6469193613548665
ambiguous_031,llama-4-maverick-17b,cot_verification,0,0,already_correct,0.4745157636360088,0.4590779271101095,2.2056204955548524,0.5987863233529852
ambiguous_032,llama-4-maverick-17b,cot_verification,0,0,already_correct,0.5960955733174593,0.4745264660026879,1.9309545300549564,0.6486603872812313
ambiguous_033,llama-4-maverick-17b,cot_verification,0,0,already_correct,0.5450477701089003,0.3408572808392561,1.5186842211089546,0.6757521670687063
ambiguous_034,llama-4-maverick-17b,cot_verification,0,0,already_correct,0.2801912416407609,0.4886872520942579,1.649913076128024,0.634175344337971
ambiguous_035,llama-4-maverick-17b,cot_verification,0,0,already_correct,0.1925840292678671,0.4947919423642294,1.8809749221551064,0.6429165414873972
ambiguous_036,llama-4-maverick-17b,cot_verification,0,0,already_correct,0.5714292957616816,0.3918340309820629,1.589261410637838,0.6313742449601347
ambiguous_037,llama-4-maverick-17b,cot_verification,0,0,already_correct,0.3266285119014644,0.4027126938437462,1.669149067327672,0.6811065852223763
ambiguous_038,llama-4-maverick-17b,cot_verification,0,0,already_correct,0.7930763567529276,0.4373771959340085,1.8337624019513588,0.6173261440063563
ambiguous_039,llama-4-maverick-17b,cot_verification,0,0,already_correct,0.793011270114748,0.412109214029654,1.7574826215622117,0.6519528738094241
ambiguous_040,llama-4-maverick-17b,cot_verification,0,0,already_correct,0.4010978374185715,0.4720551513825379,1.535301183088386,0.652945435462701
ambiguous_041,llama-4-maverick-17b,cot_verification,0,0,already_correct,1.1102230246251563e-16,0.3954656701936273,2.0882568101300514,0.6111258136004332
ambiguous_042,llama-4-maverick-17b,cot_verification,0,0,already_correct,0.4191815494437741,0.4125742846911971,2.1025067631140755,0.6083614431685562
ambiguous_043,llama-4-maverick-17b,cot_verification,0,0,already_correct,0.772029511728072,0.4104756034518856,1.7331819908023778,0.5914375756850283
ambiguous_044,llama-4-maverick-17b,cot_verification,0,0,already_correct,0.1141930109973524,0.4455329723918393,1.4950548630899807,0.7469428945095788
ambiguous_045,llama-4-maverick-17b,cot_verification,0,0,already_correct,0.199354465743603,0.4763491588176562,1.8880987863168004,0.6647331060284427
ambiguous_046,llama-4-maverick-17b,cot_verification,0,0,already_correct,0.6017392034715879,0.498338276172085,1.7294301961153629,0.6344999105871726
ambiguous_047,llama-4-maverick-17b,cot_verification,0,0,already_correct,1.1102230246251563e-16,0.5203500695220684,2.1452544516792873,0.609386040166454
ambiguous_048,llama-4-maverick-17b,cot_verification,0,0,already_correct,0.0007623374921091,0.5308068561372266,2.288822174471036,0.5812918740543526
ambiguous_049,llama-4-maverick-17b,cot_verification,0,0,already_correct,0.015373448445039,0.4583185559205806,1.537740731218717,0.7508015940134369
ambiguous_050,llama-4-maverick-17b,cot_verification,0,0,already_correct,0.1046427514876041,0.465696382006646,1.6163408071835996,0.5684870725852254
ambiguous_051,llama-4-maverick-17b,cot_verification,0,0,already_correct,0.2499723149221913,0.43023306463915,1.7107824916712575,0.6072732194290416
ambiguous_052,llama-4-maverick-17b,cot_verification,0,0,already_correct,0.1777043483180626,0.3669493979542798,1.5792179442982903,0.6786201025989553
ambiguous_053,llama-4-maverick-17b,cot_verification,0,0,already_correct,1.1102230246251563e-16,0.5118915852044066,2.179763751474003,0.6039753448805846
ambiguous_054,llama-4-maverick-17b,cot_verification,0,0,already_correct,0.198262011441614,0.4242561711000174,1.7758487332933757,0.5876605809851464
ambiguous_055,llama-4-maverick-17b,cot_verification,0,0,already_correct,0.3318038674512861,0.5638879571477007,2.597080864630488,0.5411168078440893
ambiguous_056,llama-4-maverick-17b,cot_verification,0,0,already_correct,0.787933391422078,0.4282860633495321,1.6794508530342969,0.6193214851712351
ambiguous_057,llama-4-maverick-17b,cot_verification,0,0,already_correct,0.7113343895294981,0.4293178033901159,1.5607522898229576,0.5954319298025103
ambiguous_058,llama-4-maverick-17b,cot_verification,0,0,already_correct,0.4716015668227307,0.4854064458580643,1.6875500884206494,0.6059676160038356
ambiguous_059,llama-4-maverick-17b,cot_verification,0,0,already_correct,0.2264498336035106,0.3760437799577025,1.9834791706852324,0.6039879748085556
ambiguous_060,llama-4-maverick-17b,cot_verification,0,0,already_correct,0.3825585437981733,0.51702828834971,2.0952969419991185,0.6084568178815019
ambiguous_061,llama-4-maverick-17b,cot_verification,0,0,already_correct,0.2272560128285399,0.457724324731267,2.097446446207426,0.6047368641572493
ambiguous_062,llama-4-maverick-17b,cot_verification,0,0,already_correct,0.3750512555545342,0.3472976227298386,1.5367877744642742,0.6763947789547355
ambiguous_063,llama-4-maverick-17b,cot_verification,0,0,already_correct,0.3865161151473019,0.541080692121289,2.542454437666057,0.5768717961479495
ambiguous_064,llama-4-maverick-17b,cot_verification,0,0,already_correct,0.1307481718924291,0.3895086882637234,1.503733655746533,0.6664351444693426
ambiguous_065,llama-4-maverick-17b,cot_verification,0,0,already_correct,0.194605255827799,0.4511334962558812,1.916915496860755,0.5915300441343841
ambiguous_066,llama-4-maverick-17b,cot_verification,0,0,already_correct,0.3654580221617494,0.4042543673130022,2.2415599654657004,0.5794837452194913
ambiguous_067,llama-4-maverick-17b,cot_verification,0,0,already_correct,0.0791723013304377,0.4497917419916035,1.841533950391534,0.5970550880084131
ambiguous_068,llama-4-maverick-17b,cot_verification,0,0,already_correct,0.066774602112254,0.4951176168791676,2.1267789044021064,0.6351308307505117
ambiguous_069,llama-4-maverick-17b,cot_verification,0,0,already_correct,0.1586471919117993,0.529494803089946,2.0765701978308715,0.5892945636077542
ambiguous_070,llama-4-maverick-17b,cot_verification,0,0,already_correct,0.1870498066681122,0.4704141435171802,1.8277405957714217,0.6663566236239373
ambiguous_071,llama-4-maverick-17b,cot_verification,0,0,already_correct,0.7759509016235346,0.3699680199022408,1.7725946025393668,0.6637848508725611
ambiguous_072,llama-4-maverick-17b,cot_verification,0,0,already_correct,0.5216525516035583,0.4684540634637558,2.326993622517255,0.5978458356539245
ambiguous_073,llama-4-maverick-17b,cot_verification,0,0,already_correct,0.2936189183965008,0.5208703924217264,2.1241942911593283,0.6104035765527966
ambiguous_074,llama-4-maverick-17b,cot_verification,0,0,already_correct,0.1145039381174928,0.4419136983826476,1.788208277303796,0.6120511931249658
ambiguous_075,llama-4-maverick-17b,cot_verification,0,0,already_correct,0.365952809779331,0.485992797395979,1.8185966114818952,0.5435721514206071
ambiguous_076,llama-4-maverick-17b,cot_verification,0,0,already_correct,0.7213988409624724,0.3607934560277327,2.032940124169298,0.5768120238858836
ambiguous_077,llama-4-maverick-17b,cot_verification,0,0,already_correct,1.1102230246251563e-16,0.4691249325297769,1.536176855806763,0.6655102729503211
ambiguous_078,llama-4-maverick-17b,cot_verification,0,0,already_correct,0.6102384166237447,0.3309039430913535,1.945321004425669,0.6327630031284367
ambiguous_079,llama-4-maverick-17b,cot_verification,0,0,already_correct,0.0472035092883931,0.4396842449932009,1.5565000443193089,0.6797952870020483
ambiguous_080,llama-4-maverick-17b,cot_verification,0,0,already_correct,0.4151977764858052,0.3586927595693975,1.7914394329217986,0.6721294801293554
ambiguous_081,llama-4-maverick-17b,cot_verification,0,0,already_correct,0.4855467651349612,0.5549968588167808,2.5053253012188668,0.5468872608542804
ambiguous_082,llama-4-maverick-17b,cot_verification,0,0,already_correct,0.7658328910058598,0.6230728097731264,2.6572470950989033,0.535077946552968
ambiguous_083,llama-4-maverick-17b,cot_verification,0,0,already_correct,0.3569879122793679,0.4234983998739121,1.4864427139139904,0.7005679142214887
ambiguous_084,llama-4-maverick-17b,cot_verification,0,0,already_correct,0.813915447603801,0.5617528164330869,2.6222694504409856,0.4985161385558181
ambiguous_085,llama-4-maverick-17b,cot_verification,0,0,already_correct,0.1614533423014978,0.4636291982680142,1.941804469540396,0.5900963108132051
ambiguous_086,llama-4-maverick-17b,cot_verification,0,0,already_correct,0.743017796599794,0.3543153196251317,1.9659807045529467,0.6562811030001302
ambiguous_087,llama-4-maverick-17b,cot_verification,0,0,already_correct,0.0466926555910374,0.4222848113421836,1.8424749469213983,0.6127122670072148
ambiguous_088,llama-4-maverick-17b,cot_verification,0,0,already_correct,0.3567118773098702,0.4841113809463411,2.167649005470379,0.6245334628816293
ambiguous_089,llama-4-maverick-17b,cot_verification,0,0,already_correct,0.611246284171553,0.4960113538981785,2.191870742736033,0.6206749868162854
ambiguous_090,llama-4-maverick-17b,cot_verification,0,0,already_correct,0.8042895480254924,0.416559976103064,1.7939307084915004,0.6686223726245681
ambiguous_091,llama-4-maverick-17b,cot_verification,0,0,already_correct,0.2076148675269422,0.5138145931119994,2.139665299885295,0.6247996434257974
ambiguous_092,llama-4-maverick-17b,cot_verification,0,0,already_correct,0.1026864266633025,0.4481939538203094,2.1869450002189654,0.5909426463446185
ambiguous_093,llama-4-maverick-17b,cot_verification,0,0,already_correct,0.278469105695076,0.4535280981303278,2.3649636701392054,0.5582842671254327
ambiguous_094,llama-4-maverick-17b,cot_verification,0,0,already_correct,0.1570242529823706,0.5673791056109705,2.851291536253753,0.5590425535361244
ambiguous_095,llama-4-maverick-17b,cot_verification,0,0,already_correct,0.3971435463888026,0.4763578147032907,2.0347122121218564,0.618879841037896
ambiguous_096,llama-4-maverick-17b,cot_verification,0,0,already_correct,0.4765253194221335,0.4640500223838369,2.1859176570194774,0.5872903383214326
ambiguous_097,llama-4-maverick-17b,cot_verification,0,0,already_correct,0.6353888046578354,0.4442563595374043,2.254569412046105,0.5951307953623421
ambiguous_098,llama-4-maverick-17b,cot_verification,0,0,already_correct,0.2659934557581298,0.4971533534766986,1.85431406597822,0.6315672380816152
ambiguous_099,llama-4-maverick-17b,cot_verification,0,0,already_correct,0.4122169180977346,0.4999457285191128,2.0566971102312928,0.62843695233373
ambiguous_100,llama-4-maverick-17b,cot_verification,0,0,already_correct,0.7951870003563645,0.3379685889996887,1.9014629498644784,0.6729866135836824
ambiguous_101,llama-4-maverick-17b,cot_verification,0,0,already_correct,0.4644291196378647,0.4211060115285139,1.555361831243632,0.6486240159912241
ambiguous_102,llama-4-maverick-17b,cot_verification,0,0,already_correct,0.4648150364333798,0.3801291588200778,1.4396473473008482,0.6897197965120447
ambiguous_103,llama-4-maverick-17b,cot_verification,0,0,already_correct,0.5419964895552143,0.3842231245479571,1.8999848662665637,0.6139291334793262
ambiguous_104,llama-4-maverick-17b,cot_verification,0,0,already_correct,0.8258606644456606,0.4323335563608909,1.869447626643557,0.5807633910194665
ambiguous_105,llama-4-maverick-17b,cot_verification,0,0,already_correct,0.0,0.5850687660016045,2.8198418307364688,0.5159791337842479
ambiguous_106,llama-4-maverick-17b,cot_verification,0,0,already_correct,0.1955541882323601,0.4763274033503883,2.0453482035877815,0.5792543068011743
ambiguous_107,llama-4-maverick-17b,cot_verification,0,0,already_correct,0.7852537142351815,0.5534447910869212,3.077240443272292,0.5617718876165703
ambiguous_108,llama-4-maverick-17b,cot_verification,0,0,already_correct,0.7784739681522246,0.5289489372570311,2.570043882663746,0.5394469160977834
ambiguous_109,llama-4-maverick-17b,cot_verification,0,0,already_correct,-2.220446049250313e-16,0.5630419088673722,2.8453042975425036,0.5279049399088223
ambiguous_110,llama-4-maverick-17b,cot_verification,0,1,already_correct,0.7784739681522236,0.5573831781530021,2.6980702528590874,0.5525947825895404
ambiguous_111,llama-4-maverick-17b,cot_verification,0,0,already_correct,0.7904265763990705,0.5332547039469795,2.890427822347319,0.5592195130142679
ambiguous_112,llama-4-maverick-17b,cot_verification,0,0,already_correct,0.5944778426772561,0.4529522508777139,2.2979668368910664,0.5939220502391782
ambiguous_113,llama-4-maverick-17b,cot_verification,0,0,already_correct,0.7916298108343762,0.4708141465392798,2.1296230172096258,0.5992961085932158
ambiguous_114,llama-4-maverick-17b,cot_verification,0,0,already_correct,0.7817070362190197,0.5222985536915039,2.689982597010804,0.5710750985500112
ambiguous_115,llama-4-maverick-17b,cot_verification,0,0,already_correct,0.578983228374877,0.564329623796546,3.139104836665925,0.4776152791885106
ambiguous_116,llama-4-maverick-17b,cot_verification,0,0,already_correct,0.4397094565167494,0.5032015078756849,2.3459072836823083,0.5694700344070834
ambiguous_117,llama-4-maverick-17b,cot_verification,0,0,already_correct,0.7718055566518579,0.3231921429136292,1.997050245081332,0.6543277516701158
ambiguous_118,llama-4-maverick-17b,cot_verification,0,0,already_correct,0.4292952995207831,0.5103708777922726,2.0636351730411566,0.6327721335318325
ambiguous_119,llama-4-maverick-17b,cot_verification,0,0,already_correct,0.613721947830653,0.5614774706503529,2.5443242509364064,0.6052582758233723
ambiguous_120,llama-4-maverick-17b,cot_verification,0,0,already_correct,1.1102230246251563e-16,0.4112788770004014,1.9116197702854123,0.5695286366447575
borderline_obscure_0,llama-4-maverick-17b,entity_aware,0,0,already_correct,,,,
borderline_obscure_2,llama-4-maverick-17b,entity_aware,0,0,already_correct,,,,
borderline_obscure_3,llama-4-maverick-17b,entity_aware,0,0,already_correct,,,,
borderline_obscure_4,llama-4-maverick-17b,entity_aware,0,0,already_correct,,,,
borderline_obscure_5,llama-4-maverick-17b,entity_aware,0,0,already_correct,,,,
borderline_obscure_6,llama-4-maverick-17b,entity_aware,0,0,already_correct,,,,
borderline_obscure_8,llama-4-maverick-17b,entity_aware,0,0,already_correct,,,,
borderline_obscure_9,llama-4-maverick-17b,entity_aware,0,0,already_correct,,,,
borderline_obscure_10,llama-4-maverick-17b,entity_aware,0,0,already_correct,,,,
borderline_obscure_12,llama-4-maverick-17b,entity_aware,0,0,already_correct,,,,
borderline_obscure_14,llama-4-maverick-17b,entity_aware,0,0,already_correct,,,,
borderline_obscure_15,llama-4-maverick-17b,entity_aware,0,0,already_correct,,,,
borderline_obscure_16,llama-4-maverick-17b,entity_aware,0,0,already_correct,,,,
borderline_obscure_17,llama-4-maverick-17b,entity_aware,0,0,already_correct,,,,
borderline_obscure_18,llama-4-maverick-17b,entity_aware,0,0,already_correct,,,,
borderline_obscure_19,llama-4-maverick-17b,entity_aware,0,0,already_correct,,,,
borderline_obscure_20,llama-4-maverick-17b,entity_aware,0,0,already_correct,,,,
borderline_obscure_21,llama-4-maverick-17b,entity_aware,0,0,already_correct,,,,
borderline_obscure_22,llama-4-maverick-17b,entity_aware,0,0,already_correct,,,,
borderline_obscure_23,llama-4-maverick-17b,entity_aware,2,2,still_broken,,,,
borderline_obscure_24,llama-4-maverick-17b,entity_aware,0,0,already_correct,,,,
borderline_obscure_25,llama-4-maverick-17b,entity_aware,0,0,already_correct,,,,
borderline_obscure_26,llama-4-maverick-17b,entity_aware,0,0,already_correct,,,,
borderline_obscure_27,llama-4-maverick-17b,entity_aware,0,0,already_correct,,,,
borderline_obscure_28,llama-4-maverick-17b,entity_aware,0,0,already_correct,,,,
borderline_obscure_29,llama-4-maverick-17b,entity_aware,0,0,already_correct,,,,
borderline_obscure_30,llama-4-maverick-17b,entity_aware,0,0,already_correct,,,,
borderline_obscure_31,llama-4-maverick-17b,entity_aware,0,0,already_correct,,,,
borderline_obscure_32,llama-4-maverick-17b,entity_aware,0,0,already_correct,,,,
borderline_obscure_34,llama-4-maverick-17b,entity_aware,0,2,regressed,,,,
borderline_fake_0,llama-4-maverick-17b,entity_aware,2,2,still_broken,,,,
borderline_fake_2,llama-4-maverick-17b,entity_aware,0,0,already_correct,,,,
borderline_fake_3,llama-4-maverick-17b,entity_aware,2,0,fixed,,,,
borderline_fake_4,llama-4-maverick-17b,entity_aware,2,2,still_broken,,,,
borderline_fake_5,llama-4-maverick-17b,entity_aware,0,0,already_correct,,,,
borderline_fake_6,llama-4-maverick-17b,entity_aware,2,0,fixed,,,,
borderline_fake_7,llama-4-maverick-17b,entity_aware,1,2,other,,,,
borderline_fake_8,llama-4-maverick-17b,entity_aware,0,0,already_correct,,,,
borderline_fake_9,llama-4-maverick-17b,entity_aware,0,0,already_correct,,,,
borderline_fake_10,llama-4-maverick-17b,entity_aware,2,2,still_broken,,,,
borderline_fake_11,llama-4-maverick-17b,entity_aware,2,0,fixed,,,,
borderline_fake_12,llama-4-maverick-17b,entity_aware,0,0,already_correct,,,,
borderline_fake_13,llama-4-maverick-17b,entity_aware,0,0,already_correct,,,,
borderline_fake_14,llama-4-maverick-17b,entity_aware,2,0,fixed,,,,
borderline_fake_15,llama-4-maverick-17b,entity_aware,2,0,fixed,,,,
borderline_fake_16,llama-4-maverick-17b,entity_aware,0,0,already_correct,,,,
borderline_fake_17,llama-4-maverick-17b,entity_aware,0,0,already_correct,,,,
borderline_fake_19,llama-4-maverick-17b,entity_aware,2,2,still_broken,,,,
borderline_fake_20,llama-4-maverick-17b,entity_aware,0,0,already_correct,,,,
borderline_fake_21,llama-4-maverick-17b,entity_aware,0,0,already_correct,,,,
borderline_fake_22,llama-4-maverick-17b,entity_aware,2,0,fixed,,,,
borderline_fake_23,llama-4-maverick-17b,entity_aware,2,0,fixed,,,,
borderline_fake_24,llama-4-maverick-17b,entity_aware,2,2,still_broken,,,,
borderline_fake_27,llama-4-maverick-17b,entity_aware,0,0,already_correct,,,,
borderline_fake_28,llama-4-maverick-17b,entity_aware,2,0,fixed,,,,
borderline_fake_29,llama-4-maverick-17b,entity_aware,2,0,fixed,,,,
borderline_fake_30,llama-4-maverick-17b,entity_aware,0,0,already_correct,,,,
borderline_fake_31,llama-4-maverick-17b,entity_aware,2,0,fixed,,,,
borderline_fake_32,llama-4-maverick-17b,entity_aware,0,0,already_correct,,,,
borderline_fake_33,llama-4-maverick-17b,entity_aware,0,0,already_correct,,,,
borderline_fake_34,llama-4-maverick-17b,entity_aware,0,0,already_correct,,,,
borderline_edge_0,llama-4-maverick-17b,entity_aware,0,0,already_correct,,,,
borderline_edge_1,llama-4-maverick-17b,entity_aware,0,0,already_correct,,,,
borderline_edge_2,llama-4-maverick-17b,entity_aware,0,0,already_correct,,,,
borderline_edge_3,llama-4-maverick-17b,entity_aware,0,0,already_correct,,,,
borderline_edge_4,llama-4-maverick-17b,entity_aware,0,0,already_correct,,,,
borderline_edge_5,llama-4-maverick-17b,entity_aware,0,0,already_correct,,,,
borderline_edge_6,llama-4-maverick-17b,entity_aware,0,0,already_correct,,,,
borderline_edge_7,llama-4-maverick-17b,entity_aware,0,0,already_correct,,,,
borderline_edge_8,llama-4-maverick-17b,entity_aware,0,0,already_correct,,,,
borderline_edge_9,llama-4-maverick-17b,entity_aware,0,0,already_correct,,,,
borderline_edge_10,llama-4-maverick-17b,entity_aware,0,0,already_correct,,,,
borderline_edge_11,llama-4-maverick-17b,entity_aware,0,0,already_correct,,,,
borderline_edge_12,llama-4-maverick-17b,entity_aware,0,0,already_correct,,,,
borderline_edge_13,llama-4-maverick-17b,entity_aware,0,0,already_correct,,,,
borderline_edge_14,llama-4-maverick-17b,entity_aware,0,0,already_correct,,,,
borderline_edge_15,llama-4-maverick-17b,entity_aware,0,0,already_correct,,,,
borderline_edge_16,llama-4-maverick-17b,entity_aware,0,0,already_correct,,,,
borderline_edge_17,llama-4-maverick-17b,entity_aware,0,0,already_correct,,,,
borderline_edge_18,llama-4-maverick-17b,entity_aware,0,0,already_correct,,,,
borderline_edge_19,llama-4-maverick-17b,entity_aware,0,0,already_correct,,,,
factual_001,llama-4-maverick-17b,entity_aware,0,0,already_correct,0.3390698482009572,0.4258317670548038,1.383397835699358,0.8319429930204049
factual_002,llama-4-maverick-17b,entity_aware,0,0,already_correct,1.1102230246251563e-16,0.3671381095938628,1.542750285528084,0.7310246140998413
factual_003,llama-4-maverick-17b,entity_aware,0,0,already_correct,0.0756442551152993,0.4801142226197014,1.624794773575251,0.755998273251816
factual_004,llama-4-maverick-17b,entity_aware,2,0,fixed,0.0,0.4091090586541112,1.456805708543466,0.6993882164910686
factual_005,llama-4-maverick-17b,entity_aware,0,1,already_correct,0.701730912788892,0.5021843521531819,1.7011396195193464,0.631399119430105
factual_006,llama-4-maverick-17b,entity_aware,0,0,already_correct,0.3259960846208846,0.463198484824823,1.6399415228618777,0.7872932102035252
factual_007,llama-4-maverick-17b,entity_aware,3,1,other,0.2091951151053356,0.4128652483638895,1.5903660763514311,0.7465407015315013
factual_008,llama-4-maverick-17b,entity_aware,0,0,already_correct,0.2037090540592256,0.468512958130906,1.6390644859640455,0.7686338531644856
factual_009,llama-4-maverick-17b,entity_aware,1,3,other,0.853848090543631,0.4151502834613091,1.6498944144090766,0.6572635505963973
factual_010,llama-4-maverick-17b,entity_aware,0,0,already_correct,0.232918055860813,0.5099705765787288,1.4726113798083318,0.7977554962414828
factual_011,llama-4-maverick-17b,entity_aware,1,1,other,0.6355284519294534,0.4036154541062687,1.7162440503449623,0.6860809940271048
factual_012,llama-4-maverick-17b,entity_aware,0,0,already_correct,0.08768981332469,0.3617398426203926,2.1728592401910753,0.7799865642706615
factual_013,llama-4-maverick-17b,entity_aware,1,1,other,0.5587325104078119,0.4151817642436208,1.5180539170053302,0.7282876276517176
factual_014,llama-4-maverick-17b,entity_aware,0,0,already_correct,0.6638246094684089,0.3553819706965982,2.1996388726934804,0.7761234665442845
factual_015,llama-4-maverick-17b,entity_aware,1,1,other,0.1297030895398097,0.3991916513629209,1.4328530668641868,0.7704209428355229
factual_016,llama-4-maverick-17b,entity_aware,0,0,already_correct,0.0621903996737486,0.4616666102107748,1.586809125161253,0.7543118897692439
factual_017,llama-4-maverick-17b,entity_aware,0,0,already_correct,0.1522014106797664,0.443350120005155,1.3893387081191293,0.7864701848631095
factual_018,llama-4-maverick-17b,entity_aware,0,0,already_correct,0.3992775109347958,0.4174074519253169,1.483890317654831,0.7521987718089467
factual_019,llama-4-maverick-17b,entity_aware,0,0,already_correct,0.570304218688948,0.4979737230271303,1.4626267777593926,0.8054669229845892
factual_020,llama-4-maverick-17b,entity_aware,1,1,other,0.3516206758576254,0.3763613439841432,1.611047325255963,0.7185921891940295
factual_021,llama-4-maverick-17b,entity_aware,1,0,other,0.6527801569546965,0.4180078612342092,1.4350551741860758,0.7225185823687947
factual_022,llama-4-maverick-17b,entity_aware,0,0,already_correct,0.1783344385302553,0.3672437094222894,2.117486252547943,0.7833564590952354
factual_023,llama-4-maverick-17b,entity_aware,1,1,other,0.1352864691345792,0.4016135193900492,1.649187144559479,0.7067573427577292
factual_024,llama-4-maverick-17b,entity_aware,1,3,other,0.4975689892409519,0.4447017810950163,1.5171197273637569,0.713587560930383
factual_025,llama-4-maverick-17b,entity_aware,1,1,other,0.0,0.3980743483955428,1.6433910358883772,0.7367057649170274
factual_026,llama-4-maverick-17b,entity_aware,0,0,already_correct,-2.220446049250313e-16,0.309447624007505,1.4760212348272164,0.8351255628104022
factual_027,llama-4-maverick-17b,entity_aware,0,0,already_correct,1.1102230246251563e-16,0.4080458109181683,1.4764124571822654,0.7593912020536738
factual_028,llama-4-maverick-17b,entity_aware,0,0,already_correct,0.1356920640120937,0.4393622371282437,1.649946639222292,0.7485870160062343
factual_029,llama-4-maverick-17b,entity_aware,0,0,already_correct,0.0,0.4977641369133579,1.4952019816184945,0.8305814312917218
factual_030,llama-4-maverick-17b,entity_aware,1,1,other,0.7127292906743794,0.472656698084123,1.5989159658219183,0.6705712402368056
factual_031,llama-4-maverick-17b,entity_aware,0,0,already_correct,0.4314744393813291,0.4501789895715146,1.4405047447566357,0.7918370107882089
factual_032,llama-4-maverick-17b,entity_aware,0,1,already_correct,0.0,0.4060071654329528,1.514936114087026,0.7245722802366368
factual_033,llama-4-maverick-17b,entity_aware,0,0,already_correct,0.0,0.5017394875876153,1.546885661918044,0.8087152173946708
factual_034,llama-4-maverick-17b,entity_aware,0,0,already_correct,0.6081839654868795,0.5232130866441007,1.4683546340768272,0.7915399581256456
factual_035,llama-4-maverick-17b,entity_aware,0,0,already_correct,0.4271616887496303,0.4876412851028002,1.5377929180335528,0.7756829976016371
factual_036,llama-4-maverick-17b,entity_aware,0,0,already_correct,0.1261866985503336,0.3244414575107672,1.5245649525106562,0.8273038597662479
factual_037,llama-4-maverick-17b,entity_aware,0,0,already_correct,0.0,0.3147422473558741,1.5672190155056889,0.7206514156979043
factual_038,llama-4-maverick-17b,entity_aware,0,0,already_correct,0.0,0.4211484740263029,1.3771096527279183,0.8661372673645562
factual_039,llama-4-maverick-17b,entity_aware,1,1,other,0.177078731748155,0.4046827470446055,1.497245204967567,0.6446426131783606
factual_040,llama-4-maverick-17b,entity_aware,0,0,already_correct,-2.220446049250313e-16,0.3414680534651442,2.4910222200547074,0.737480424854035
factual_041,llama-4-maverick-17b,entity_aware,0,0,already_correct,0.6590282271990809,0.4413968529615208,1.4390743196603273,0.7699239301662081
factual_042,llama-4-maverick-17b,entity_aware,0,0,already_correct,0.8096019744024965,0.4545800688847466,1.6252229539662026,0.7989216578285829
factual_043,llama-4-maverick-17b,entity_aware,0,0,already_correct,0.1106474559626835,0.4682907741308082,1.546374825705338,0.797005081645074
factual_044,llama-4-maverick-17b,entity_aware,0,0,already_correct,0.2496274882844138,0.4826722402390526,1.4448395314471096,0.7926729701723823
factual_045,llama-4-maverick-17b,entity_aware,0,0,already_correct,0.3910302967543626,0.4762882153821701,1.451296329281991,0.7940873301226171
factual_046,llama-4-maverick-17b,entity_aware,0,0,already_correct,0.3909013784101188,0.4831296148411537,1.3766308979634674,0.7957830463075242
factual_047,llama-4-maverick-17b,entity_aware,0,0,already_correct,0.4080816131732503,0.3346997209064156,2.496140320144274,0.7613314728939098
factual_048,llama-4-maverick-17b,entity_aware,0,0,already_correct,0.6211373159127278,0.442478820203474,1.64858837863659,0.789738065303002
factual_049,llama-4-maverick-17b,entity_aware,1,0,other,0.7052676924968719,0.5047896404943268,1.6764719459937247,0.6353803272121445
factual_050,llama-4-maverick-17b,entity_aware,1,1,other,0.8177822094666237,0.4325966950899802,1.605637013732773,0.6860979834111427
factual_051,llama-4-maverick-17b,entity_aware,0,0,already_correct,0.4856820367671054,0.4445014726564936,1.5978639282844784,0.6700823419876167
factual_052,llama-4-maverick-17b,entity_aware,0,0,already_correct,0.2588180790601095,0.4907653095180171,1.5672965779117558,0.7538454712736763
factual_053,llama-4-maverick-17b,entity_aware,0,1,already_correct,0.3459381505484974,0.4008120746180286,1.3829706679702791,0.8203197763151169
factual_054,llama-4-maverick-17b,entity_aware,0,0,already_correct,2.220446049250313e-16,0.3674563684053866,1.3647406575165009,0.7838035822067071
factual_055,llama-4-maverick-17b,entity_aware,0,0,already_correct,0.5494506790999643,0.4252726172935853,1.478079942331184,0.7747870351215546
factual_056,llama-4-maverick-17b,entity_aware,0,0,already_correct,0.2539817160958447,0.4450391397394795,1.4632676163200211,0.7667842126110449
factual_057,llama-4-maverick-17b,entity_aware,0,0,already_correct,0.0,0.3978971698173434,1.453501272284534,0.7812083645803997
factual_058,llama-4-maverick-17b,entity_aware,0,0,already_correct,0.2095405375742327,0.5111534489258107,1.5430189490603494,0.8232970349963812
factual_059,llama-4-maverick-17b,entity_aware,0,0,already_correct,0.3699076605808898,0.2896543084979006,1.4772908783384575,0.7960505597584258
factual_060,llama-4-maverick-17b,entity_aware,0,0,already_correct,0.7099132644629002,0.5105063433676238,1.415749810693637,0.8558493626016794
factual_061,llama-4-maverick-17b,entity_aware,0,0,already_correct,2.220446049250313e-16,0.4819275257171794,1.501545009538279,0.7979848304214872
factual_062,llama-4-maverick-17b,entity_aware,0,0,already_correct,0.3387145971543948,0.4738592572936945,1.4166794254788595,0.8233539805586463
factual_063,llama-4-maverick-17b,entity_aware,0,0,already_correct,0.6365540150039888,0.4269955459015017,1.5280710244608426,0.7143697392221002
factual_064,llama-4-maverick-17b,entity_aware,0,0,already_correct,0.5922619222704957,0.3018866463373968,1.4603186455188824,0.8220882818069783
factual_065,llama-4-maverick-17b,entity_aware,0,0,already_correct,0.1128744609388492,0.3407672513109081,2.070468063091321,0.7374627770235378
factual_066,llama-4-maverick-17b,entity_aware,0,0,already_correct,0.1900235496338574,0.503458426875032,1.4324307182167868,0.8095817527009933
factual_067,llama-4-maverick-17b,entity_aware,0,0,already_correct,0.4748283421565603,0.4142539887401134,1.4732365393388285,0.7979292272466194
factual_068,llama-4-maverick-17b,entity_aware,0,0,already_correct,0.0639272631090749,0.3510497420817116,2.3556922148236583,0.7631016457391149
factual_069,llama-4-maverick-17b,entity_aware,0,0,already_correct,0.5181413802399217,0.4553498762964384,1.606172484932409,0.7888276761457962
factual_070,llama-4-maverick-17b,entity_aware,0,0,already_correct,0.1117010549366074,0.3703280439605724,1.8385235083809184,0.7902572804385989
factual_071,llama-4-maverick-17b,entity_aware,0,1,already_correct,0.3523509046120336,0.5017514427116267,1.506904467763912,0.8128678303414758
factual_072,llama-4-maverick-17b,entity_aware,0,0,already_correct,0.1926927217111285,0.3575782828311282,2.052706263150836,0.7867627154094793
factual_073,llama-4-maverick-17b,entity_aware,0,0,already_correct,0.3366527554593764,0.3560932709599926,1.8814618137714167,0.8112673307261143
factual_074,llama-4-maverick-17b,entity_aware,0,0,already_correct,0.6304310634975547,0.3884602880899718,1.486769258226069,0.7831299629453908
factual_075,llama-4-maverick-17b,entity_aware,0,0,already_correct,1.1102230246251563e-16,0.5018524787912563,1.520063619021078,0.7990751099204498
factual_076,llama-4-maverick-17b,entity_aware,0,0,already_correct,0.5900770287315599,0.3669007903011599,1.419601129895851,0.755357546080865
factual_077,llama-4-maverick-17b,entity_aware,0,0,already_correct,3.3306690738754696e-16,0.4003005515850812,1.3862081007025076,0.8152530270212486
factual_078,llama-4-maverick-17b,entity_aware,0,0,already_correct,1.1102230246251563e-16,0.5051220359781636,1.4570154481027626,0.808027167838611
factual_079,llama-4-maverick-17b,entity_aware,0,0,already_correct,0.0,0.3487148893477196,2.27657210305503,0.7800840971199191
factual_080,llama-4-maverick-17b,entity_aware,0,0,already_correct,0.5175730124359599,0.2895453626919549,1.477225335209429,0.8115261311321036
factual_081,llama-4-maverick-17b,entity_aware,0,0,already_correct,0.1012554620345593,0.4328614718772041,1.3507097741310654,0.8362269260064743
factual_082,llama-4-maverick-17b,entity_aware,0,0,already_correct,-2.220446049250313e-16,0.3373139951597824,2.0354023865462363,0.7548743531801294
factual_083,llama-4-maverick-17b,entity_aware,0,0,already_correct,1.1102230246251563e-16,0.4679765550289769,1.4512844040683364,0.7974902815995142
factual_084,llama-4-maverick-17b,entity_aware,0,0,already_correct,0.0873858389472691,0.356731544150184,1.884260342664908,0.8235908886889827
factual_085,llama-4-maverick-17b,entity_aware,0,0,already_correct,-2.220446049250313e-16,0.4924453090325872,1.6060426147927964,0.758906445296362
factual_086,llama-4-maverick-17b,entity_aware,0,0,already_correct,0.806081801684519,0.3458666117576172,2.0156784313857306,0.8087802765551547
factual_087,llama-4-maverick-17b,entity_aware,0,0,already_correct,0.5558699241037635,0.418235810908836,1.428998031152279,0.838896372111011
factual_088,llama-4-maverick-17b,entity_aware,0,0,already_correct,0.2333428271170836,0.3934658100064162,1.465304295968953,0.7830320061798703
factual_089,llama-4-maverick-17b,entity_aware,0,0,already_correct,0.668761632601216,0.5136980177126386,1.4991079933172302,0.8010776930231761
factual_090,llama-4-maverick-17b,entity_aware,0,0,already_correct,-2.220446049250313e-16,0.4635935923083798,1.4173488710208413,0.8137413115784311
factual_091,llama-4-maverick-17b,entity_aware,0,0,already_correct,0.3814291512015367,0.475664023604871,1.3936260572592174,0.8450265988684978
factual_092,llama-4-maverick-17b,entity_aware,0,0,already_correct,1.1102230246251563e-16,0.4833001715292726,1.409955852156895,0.7710239748280108
factual_093,llama-4-maverick-17b,entity_aware,0,0,already_correct,0.0058858111161878,0.3460475600916803,2.3507409980528458,0.771903298359765
factual_094,llama-4-maverick-17b,entity_aware,0,0,already_correct,0.0,0.3419792874368186,2.076048546434794,0.7869229786519517
factual_095,llama-4-maverick-17b,entity_aware,0,0,already_correct,0.0,0.454446304442836,1.6077006245745566,0.7891477636161054
factual_096,llama-4-maverick-17b,entity_aware,0,0,already_correct,-2.220446049250313e-16,0.3430834906900136,2.0974092363572936,0.7780574232390709
factual_097,llama-4-maverick-17b,entity_aware,0,0,already_correct,0.1933373330263507,0.3472492097743691,2.1468875447425866,0.8008670767765944
factual_098,llama-4-maverick-17b,entity_aware,0,0,already_correct,0.1946058820058216,0.3592082545940397,2.187610416506546,0.7161179857994848
impossible_001,llama-4-maverick-17b,entity_aware,0,0,already_correct,0.0,0.4284789178593438,1.3647315671430038,0.8173245508833905
impossible_002,llama-4-maverick-17b,entity_aware,0,0,already_correct,0.1925003012804915,0.4396589807744273,1.4400179462563576,0.7689164062010384
impossible_003,llama-4-maverick-17b,entity_aware,1,0,other,0.3041079336142306,0.4745776345517306,1.5647300163614537,0.6969380899420593
impossible_004,llama-4-maverick-17b,entity_aware,0,0,already_correct,0.3074015199966582,0.4454880922352143,1.458411279508117,0.7008940148293222
impossible_005,llama-4-maverick-17b,entity_aware,0,0,already_correct,0.5348686529869204,0.4778804885323092,1.5571238857869047,0.5928068096228768
impossible_006,llama-4-maverick-17b,entity_aware,0,0,already_correct,0.0,0.3150933902050303,1.44914888839206,0.7424336900914429
impossible_007,llama-4-maverick-17b,entity_aware,0,0,already_correct,0.0760181053446082,0.4283067881602623,1.5733228037355471,0.6215082050686007
impossible_008,llama-4-maverick-17b,entity_aware,0,0,already_correct,2.220446049250313e-16,0.4589631985402678,1.4780617824844742,0.6774152573684572
impossible_009,llama-4-maverick-17b,entity_aware,0,0,already_correct,0.1249390917114745,0.3118504227910957,1.43227288011093,0.7238138878895117
impossible_010,llama-4-maverick-17b,entity_aware,0,0,already_correct,1.1102230246251563e-16,0.3666893394761781,1.3883202835937618,0.7648042512578479
impossible_011,llama-4-maverick-17b,entity_aware,0,0,already_correct,0.6570046720548636,0.4878757339388605,1.606294091488777,0.6475217814214653
impossible_012,llama-4-maverick-17b,entity_aware,0,0,already_correct,0.3881410451718331,0.4235035315207365,1.5279960497361569,0.6620432260206898
impossible_013,llama-4-maverick-17b,entity_aware,0,0,already_correct,0.367171031876069,0.4485257442853096,1.4305640589961452,0.7090608744629913
impossible_014,llama-4-maverick-17b,entity_aware,0,0,already_correct,0.304387963775812,0.4766921393628873,1.5886968038209053,0.6036803376122305
impossible_015,llama-4-maverick-17b,entity_aware,0,0,already_correct,0.1445833902033999,0.4535491798602405,1.3948250469146637,0.7345084218910429
impossible_016,llama-4-maverick-17b,entity_aware,0,0,already_correct,0.3695204607283343,0.4770769095741097,1.468249801349997,0.7287548863456212
impossible_017,llama-4-maverick-17b,entity_aware,2,0,fixed,1.1102230246251563e-16,0.385438073138071,1.3476026514497093,0.709421966154461
impossible_018,llama-4-maverick-17b,entity_aware,0,0,already_correct,0.0,0.4512168499635118,1.469118684012558,0.7333250355902713
impossible_019,llama-4-maverick-17b,entity_aware,0,0,already_correct,0.6948227806005108,0.3969968770339099,1.4634214021984335,0.6949529191130599
impossible_020,llama-4-maverick-17b,entity_aware,0,0,already_correct,0.0,0.4752509211435867,1.303120271345749,0.8113480057164546
impossible_021,llama-4-maverick-17b,entity_aware,0,0,already_correct,0.6847774947219638,0.4431305143455964,1.4181748812695176,0.672847509017385
impossible_022,llama-4-maverick-17b,entity_aware,0,0,already_correct,-2.220446049250313e-16,0.3520010654438289,1.4639729737187956,0.7241808216844288
impossible_023,llama-4-maverick-17b,entity_aware,0,0,already_correct,3.3306690738754696e-16,0.455889330351273,1.4344927170928583,0.7930420973301907
impossible_024,llama-4-maverick-17b,entity_aware,0,0,already_correct,0.8644938403979362,0.4082023102283143,1.4271735443184168,0.7753947228954897
impossible_025,llama-4-maverick-17b,entity_aware,0,0,already_correct,0.7333388588522243,0.3785684530811432,1.4244542885042928,0.7235396087514101
impossible_026,llama-4-maverick-17b,entity_aware,0,0,already_correct,0.8640442510880024,0.3975716398225351,1.4109313497671825,0.7797697609927278
impossible_027,llama-4-maverick-17b,entity_aware,0,0,already_correct,0.7105278016919148,0.4247105743564808,1.4385519582650963,0.6971456827575261
impossible_028,llama-4-maverick-17b,entity_aware,0,0,already_correct,0.4309963868988636,0.4196514921035555,1.5398167790911867,0.6362163799506999
impossible_029,llama-4-maverick-17b,entity_aware,0,0,already_correct,0.1257851711933711,0.4600169891009289,1.458718882930412,0.7963664184013529
impossible_030,llama-4-maverick-17b,entity_aware,0,0,already_correct,0.8020508056844807,0.4030046415686885,1.4198247172073906,0.7242645544496362
nonexistent_001,llama-4-maverick-17b,entity_aware,0,0,already_correct,0.0454428209205745,0.4570250522860282,1.615715817569476,0.6594531936841832
nonexistent_002,llama-4-maverick-17b,entity_aware,0,0,already_correct,0.4677381953787014,0.4807812336471663,1.9384404475051296,0.6586584120072059
nonexistent_003,llama-4-maverick-17b,entity_aware,2,0,fixed,1.1102230246251563e-16,0.4276243627057265,1.5094994460630982,0.6937800151786704
nonexistent_004,llama-4-maverick-17b,entity_aware,0,0,already_correct,-2.220446049250313e-16,0.4564137144815087,1.851797884385934,0.5726994262069951
nonexistent_005,llama-4-maverick-17b,entity_aware,0,0,already_correct,0.0,0.465822997116629,1.8623172596233903,0.6509377288126535
nonexistent_006,llama-4-maverick-17b,entity_aware,2,0,fixed,0.0,0.5029321806753635,1.5509796102552418,0.6790876172544247
nonexistent_007,llama-4-maverick-17b,entity_aware,0,0,already_correct,0.5911705809667317,0.4384180276510528,2.1493553401106253,0.6484046155692724
nonexistent_008,llama-4-maverick-17b,entity_aware,0,0,already_correct,0.0957750557052731,0.384685691724981,2.399391497385759,0.5396505391719605
nonexistent_009,llama-4-maverick-17b,entity_aware,0,0,already_correct,0.4385653332026844,0.4761348024669491,1.963117468304936,0.6151337027863505
nonexistent_010,llama-4-maverick-17b,entity_aware,0,0,already_correct,0.5158505587176638,0.4476063807965523,1.8334121656816305,0.6639503111744578
nonexistent_011,llama-4-maverick-17b,entity_aware,0,0,already_correct,0.0,0.4183605627704306,1.8233726758969768,0.6008289869583918
nonexistent_012,llama-4-maverick-17b,entity_aware,0,0,already_correct,0.0,0.3282147135021206,1.6967845457280517,0.7164932747542667
nonexistent_013,llama-4-maverick-17b,entity_aware,0,0,already_correct,0.0,0.6334931482875634,3.234875388204,0.5542865449529822
nonexistent_014,llama-4-maverick-17b,entity_aware,0,0,already_correct,0.0,0.4130129249322228,1.8320968749483288,0.5693820791961997
nonexistent_015,llama-4-maverick-17b,entity_aware,0,0,already_correct,0.0,0.374969051477136,1.4898031777136556,0.6910299677931582
nonexistent_016,llama-4-maverick-17b,entity_aware,0,0,already_correct,0.2805045218348615,0.5910803578233195,2.732910152966596,0.6001690613713271
nonexistent_017,llama-4-maverick-17b,entity_aware,0,0,already_correct,0.5302974421282072,0.4651336536553984,1.7342393214203522,0.6404096140823191
nonexistent_018,llama-4-maverick-17b,entity_aware,0,0,already_correct,0.3342446558250019,0.489726295593314,1.848305485089209,0.6699256292861111
nonexistent_019,llama-4-maverick-17b,entity_aware,0,0,already_correct,0.0,0.5808501293560877,2.844296976941338,0.5523783938073688
nonexistent_020,llama-4-maverick-17b,entity_aware,0,0,already_correct,0.5115517775867039,0.4732462382721614,1.993442159482999,0.6708993438546399
nonexistent_021,llama-4-maverick-17b,entity_aware,0,0,already_correct,0.5574498399007891,0.4421586669851266,1.7331138624020443,0.629479369950903
nonexistent_022,llama-4-maverick-17b,entity_aware,0,0,already_correct,0.6337578213026309,0.5115894791801593,2.003651681231058,0.560773997383176
nonexistent_023,llama-4-maverick-17b,entity_aware,0,0,already_correct,0.3568558343007325,0.3539184574866522,2.4073431465037234,0.6145784425889566
nonexistent_024,llama-4-maverick-17b,entity_aware,0,0,already_correct,1.1102230246251563e-16,0.5091116721181774,2.015018677082794,0.6064807709590798
nonexistent_025,llama-4-maverick-17b,entity_aware,0,0,already_correct,1.1102230246251563e-16,0.4263605809857247,1.385281679632341,0.7504628298669417
nonexistent_026,llama-4-maverick-17b,entity_aware,0,0,already_correct,0.0975577827163954,0.500677276446372,1.877240963729926,0.6862876200297774
nonexistent_027,llama-4-maverick-17b,entity_aware,0,0,already_correct,0.6873397586664541,0.5831425659305403,2.194423208872275,0.439598850196002
nonexistent_028,llama-4-maverick-17b,entity_aware,0,0,already_correct,0.5810363014954536,0.4748582757943949,1.5307392572882974,0.7431710443416528
nonexistent_029,llama-4-maverick-17b,entity_aware,0,0,already_correct,0.0,0.3689495032061506,2.4195365373037796,0.5486947156478663
nonexistent_030,llama-4-maverick-17b,entity_aware,0,0,already_correct,0.6736730288677727,0.5520334085147902,1.8682348773229904,0.698702271143901
nonexistent_031,llama-4-maverick-17b,entity_aware,2,0,fixed,0.3281983558312015,0.5368106658137504,2.307223853167116,0.6242041309939212
nonexistent_032,llama-4-maverick-17b,entity_aware,0,0,already_correct,0.539372510742057,0.3829378402034553,2.7346886215316357,0.5559429890739753
nonexistent_033,llama-4-maverick-17b,entity_aware,0,0,already_correct,0.5757749954802136,0.5837106417413707,1.8593737943376472,0.6640875742086295
nonexistent_034,llama-4-maverick-17b,entity_aware,0,0,already_correct,0.4187105756418797,0.6038574964801048,2.3099387615258946,0.5853326755318425
nonexistent_035,llama-4-maverick-17b,entity_aware,0,0,already_correct,0.0,0.5205105768308945,1.805052905184283,0.6704744389494379
nonexistent_036,llama-4-maverick-17b,entity_aware,0,0,already_correct,3.3306690738754696e-16,0.4689086948310491,1.8339277076756957,0.6048819095183796
nonexistent_037,llama-4-maverick-17b,entity_aware,0,0,already_correct,0.3540607959987495,0.4891591393930209,1.5779747684754617,0.6807964102588424
nonexistent_038,llama-4-maverick-17b,entity_aware,0,0,already_correct,0.7415075567544674,0.6501094394237092,2.774768723402712,0.5365121089258558
nonexistent_039,llama-4-maverick-17b,entity_aware,0,0,already_correct,0.0,0.5271627150413254,2.0999586130232513,0.5111346006353664
nonexistent_040,llama-4-maverick-17b,entity_aware,0,0,already_correct,0.0,0.5301536458570822,2.1752483159909812,0.5287035673415779
nonexistent_041,llama-4-maverick-17b,entity_aware,0,0,already_correct,0.3402406836440982,0.4147167129460392,1.732507209343875,0.6214838176658093
nonexistent_042,llama-4-maverick-17b,entity_aware,2,2,still_broken,0.4820732510236483,0.3974697854786684,1.3763666579571388,0.7583163767435037
nonexistent_043,llama-4-maverick-17b,entity_aware,0,2,regressed,0.6117514925271953,0.3968230607521225,1.4579691933650414,0.7006417252306849
nonexistent_044,llama-4-maverick-17b,entity_aware,0,0,already_correct,0.2832522070221442,0.5440085679336117,2.6028868283866915,0.5926988213239269
nonexistent_045,llama-4-maverick-17b,entity_aware,0,0,already_correct,-4.440892098500626e-16,0.4474593634578884,1.6703877913238423,0.6926949289470643
nonexistent_046,llama-4-maverick-17b,entity_aware,0,0,already_correct,0.6900277134533814,0.4393045066966574,1.706411804861814,0.6973554138479499
nonexistent_047,llama-4-maverick-17b,entity_aware,0,0,already_correct,0.0,0.4971957099585214,1.7663887781112586,0.6783706857482479
nonexistent_048,llama-4-maverick-17b,entity_aware,0,0,already_correct,0.1377468608419395,0.4796644061488472,1.7528593850718552,0.6696658989700652
nonexistent_049,llama-4-maverick-17b,entity_aware,0,0,already_correct,0.3337416028727933,0.5151894043961379,1.6921964680335524,0.6627667906245607
nonexistent_050,llama-4-maverick-17b,entity_aware,0,0,already_correct,0.4505974970339189,0.5006252176026377,2.3357904479686296,0.6092033117516354
nonexistent_051,llama-4-maverick-17b,entity_aware,0,0,already_correct,0.7718971548894408,0.4854904137187733,1.895052479560097,0.6506374340644948
nonexistent_052,llama-4-maverick-17b,entity_aware,0,0,already_correct,1.1102230246251563e-16,0.4728590030035952,1.7887990848620996,0.6119730871620171
nonexistent_053,llama-4-maverick-17b,entity_aware,0,0,already_correct,0.1504813859894436,0.4859498001673301,1.657261219256427,0.6552500846776133
nonexistent_054,llama-4-maverick-17b,entity_aware,0,0,already_correct,0.0298550825348501,0.3429242260486725,2.283564665138221,0.5507380929334323
nonexistent_055,llama-4-maverick-17b,entity_aware,0,0,already_correct,2.220446049250313e-16,0.5603317551690375,2.738502343053188,0.6092613698734879
nonexistent_056,llama-4-maverick-17b,entity_aware,0,0,already_correct,0.2269927756030223,0.4921681596330601,2.0218330905805675,0.6171315441753924
nonexistent_057,llama-4-maverick-17b,entity_aware,0,0,already_correct,0.8384730010881442,0.446268485223399,1.7307799836943771,0.7163141971215217
nonexistent_058,llama-4-maverick-17b,entity_aware,2,0,fixed,0.1316183196732502,0.3980349888395448,1.6671817091213794,0.6761587700330811
nonexistent_059,llama-4-maverick-17b,entity_aware,0,0,already_correct,1.1102230246251563e-16,0.5274268411572661,2.1131023822274835,0.504095125915609
nonexistent_060,llama-4-maverick-17b,entity_aware,0,0,already_correct,1.1102230246251563e-16,0.5727185745103827,3.043315974404832,0.5724153464931367
nonexistent_061,llama-4-maverick-17b,entity_aware,0,0,already_correct,0.0,0.5488998124686946,2.1039495058352067,0.6237480125734094
nonexistent_062,llama-4-maverick-17b,entity_aware,0,0,already_correct,0.4287932223254523,0.5461921340004303,2.669335338797711,0.6094946617250923
nonexistent_063,llama-4-maverick-17b,entity_aware,0,0,already_correct,0.0,0.269784390824176,2.026822157297487,0.6773287402694432
nonexistent_064,llama-4-maverick-17b,entity_aware,0,0,already_correct,0.2391853786875325,0.6171416766601826,2.6267502371990252,0.5780032102260019
nonexistent_065,llama-4-maverick-17b,entity_aware,0,0,already_correct,-2.220446049250313e-16,0.3713326532083253,2.482790945149397,0.6319423700533386
nonexistent_066,llama-4-maverick-17b,entity_aware,2,2,still_broken,0.0206471577488741,0.3805220429291759,1.6820587065914292,0.6946096718188879
nonexistent_067,llama-4-maverick-17b,entity_aware,0,0,already_correct,0.4313498292652695,0.6099432842787053,2.3019429305758616,0.5890065697012337
nonexistent_068,llama-4-maverick-17b,entity_aware,0,0,already_correct,0.0,0.4011687566932002,1.4949977720115908,0.7752330700509196
nonexistent_069,llama-4-maverick-17b,entity_aware,0,0,already_correct,0.0746020064872662,0.5065082810005996,1.7248770485132827,0.6200790952724083
nonexistent_070,llama-4-maverick-17b,entity_aware,0,0,already_correct,0.2231962646932311,0.3774941064544084,2.565239212839378,0.5428052565641274
nonexistent_071,llama-4-maverick-17b,entity_aware,0,0,already_correct,0.444422174384231,0.3883344433650393,1.3848640785493171,0.740159468757686
nonexistent_072,llama-4-maverick-17b,entity_aware,0,0,already_correct,0.1418882700819371,0.4499181735474316,1.410469525862015,0.7046362488953579
nonexistent_073,llama-4-maverick-17b,entity_aware,0,0,already_correct,0.6078326428629937,0.6533312838264017,2.769645429260442,0.6188884918061701
nonexistent_074,llama-4-maverick-17b,entity_aware,0,0,already_correct,0.124045795844386,0.3774086969379046,2.346487059189837,0.5508230476279948
nonexistent_075,llama-4-maverick-17b,entity_aware,0,0,already_correct,0.1024315549974038,0.2676045967438318,2.056780484627801,0.6698730496654235
nonexistent_076,llama-4-maverick-17b,entity_aware,0,0,already_correct,0.1890046897721587,0.4774598160250866,2.2157114319817346,0.6368687940379189
nonexistent_077,llama-4-maverick-17b,entity_aware,2,0,fixed,0.3774938717837871,0.4307552008558352,1.6480894842078375,0.6833262920351999
nonexistent_078,llama-4-maverick-17b,entity_aware,0,0,already_correct,0.2391853786875315,0.6342464680046138,2.636007745353853,0.5813405949109487
nonexistent_079,llama-4-maverick-17b,entity_aware,0,0,already_correct,0.0041491256678026,0.5300003710761907,2.2895570298667365,0.5396074401281944
nonexistent_080,llama-4-maverick-17b,entity_aware,0,0,already_correct,0.0639360744884086,0.5369556486215432,2.3165792341902827,0.5285954358091894
nonexistent_081,llama-4-maverick-17b,entity_aware,0,0,already_correct,0.510318600796009,0.4869111922249682,2.2154789476257033,0.6393147415853841
nonexistent_082,llama-4-maverick-17b,entity_aware,0,0,already_correct,-2.220446049250313e-16,0.5579015388786452,2.906007100061119,0.5722083956637365
nonexistent_083,llama-4-maverick-17b,entity_aware,0,0,already_correct,0.2264918922650558,0.3872016757502944,2.671676068597886,0.5402400158597737
nonexistent_084,llama-4-maverick-17b,entity_aware,0,0,already_correct,0.1813165410053703,0.3779636385347069,2.278890128273501,0.5351329439205346
nonexistent_085,llama-4-maverick-17b,entity_aware,0,0,already_correct,0.0,0.5538749481118661,2.3942196181987963,0.5698575328740195
nonexistent_086,llama-4-maverick-17b,entity_aware,0,0,already_correct,0.2248132435528604,0.3620338686224142,2.582051227694653,0.5451446450145236
nonexistent_087,llama-4-maverick-17b,entity_aware,0,0,already_correct,0.0108420991632629,0.3945560043224224,2.394178481297942,0.5453762343562223
nonexistent_088,llama-4-maverick-17b,entity_aware,0,0,already_correct,1.1102230246251563e-16,0.6183519861963505,2.999391669304233,0.545934183786133
nonexistent_089,llama-4-maverick-17b,entity_aware,0,0,already_correct,0.0088413298822498,0.6070316724571939,2.75591942122386,0.5656177785257627
nonexistent_090,llama-4-maverick-17b,entity_aware,0,0,already_correct,0.4061365497884437,0.640297956406194,2.9999818462888124,0.5961153916347955
nonexistent_091,llama-4-maverick-17b,entity_aware,0,0,already_correct,0.0080572660634468,0.5883895280631628,2.867792951359041,0.5531594733499339
nonexistent_092,llama-4-maverick-17b,entity_aware,0,0,already_correct,0.6882958732870419,0.6043505175939932,2.2428224618371955,0.4509241254123759
nonexistent_093,llama-4-maverick-17b,entity_aware,0,0,already_correct,0.5118603154082471,0.6178111595283993,2.872415108360505,0.5720176184676486
nonexistent_094,llama-4-maverick-17b,entity_aware,0,0,already_correct,0.1452052134183755,0.3669857232413221,2.301006000964713,0.5312844221702979
nonexistent_095,llama-4-maverick-17b,entity_aware,0,0,already_correct,0.3348925460280942,0.4324710021081013,1.9591909411658672,0.6663871378803026
nonexistent_096,llama-4-maverick-17b,entity_aware,2,0,fixed,0.4542606855006625,0.3830227381620973,2.60203804699986,0.5854421830344917
nonexistent_097,llama-4-maverick-17b,entity_aware,0,0,already_correct,0.2775313508640024,0.5452100276976068,2.786741082796479,0.5639343830321482
nonexistent_098,llama-4-maverick-17b,entity_aware,0,0,already_correct,0.0953515009517443,0.6060300380484986,2.3140911045752968,0.5877398578595393
nonexistent_099,llama-4-maverick-17b,entity_aware,0,0,already_correct,0.0693157235875372,0.5975343944918458,3.082443756039945,0.5309233309466046
nonexistent_100,llama-4-maverick-17b,entity_aware,0,0,already_correct,0.7046961778722258,0.3165946188778467,1.9220794841788955,0.7047898011803579
nonexistent_101,llama-4-maverick-17b,entity_aware,0,0,already_correct,0.0,0.2898084442356734,1.8477435834610152,0.6852463128598838
nonexistent_102,llama-4-maverick-17b,entity_aware,0,0,already_correct,0.7440328994000756,0.656492510271725,2.9364449240045225,0.5345052101237924
nonexistent_103,llama-4-maverick-17b,entity_aware,0,0,already_correct,0.5016432193586686,0.6008961890862008,2.686987516108755,0.550320452436539
nonexistent_104,llama-4-maverick-17b,entity_aware,0,0,already_correct,0.4361524948216549,0.3742063842066859,2.4617332860106163,0.6050834543762504
nonexistent_105,llama-4-maverick-17b,entity_aware,0,0,already_correct,0.7709418713871505,0.6247681874084382,2.835188476389863,0.5946197096843913
nonexistent_106,llama-4-maverick-17b,entity_aware,0,0,already_correct,0.6078326428629951,0.6398374132984526,2.6383556049792096,0.6529173473539759
nonexistent_107,llama-4-maverick-17b,entity_aware,0,0,already_correct,0.1238208174257008,0.6442680389447031,2.6161830080858635,0.5976396745373815
nonexistent_108,llama-4-maverick-17b,entity_aware,0,0,already_correct,0.3123011901183431,0.611198138760787,2.711674497407564,0.5539723480018477
nonexistent_109,llama-4-maverick-17b,entity_aware,0,0,already_correct,-2.220446049250313e-16,0.2734974646941881,2.0455396028515973,0.6693600584024785
nonexistent_110,llama-4-maverick-17b,entity_aware,0,0,already_correct,0.5118603154082475,0.6097263902414586,2.6828549395236836,0.5943882438631942
nonexistent_111,llama-4-maverick-17b,entity_aware,0,0,already_correct,0.1782511086366093,0.2975615246505051,1.9208393848922565,0.6681828765393893
nonexistent_112,llama-4-maverick-17b,entity_aware,0,0,already_correct,0.5016432193586703,0.6186014594359213,2.87296858991689,0.5540540491300642
nonexistent_113,llama-4-maverick-17b,entity_aware,0,0,already_correct,0.0063899062963099,0.5586626835313167,2.840682923784205,0.557496767672401
nonexistent_114,llama-4-maverick-17b,entity_aware,0,0,already_correct,0.1429230961483591,0.5550202047340128,2.8248187354450396,0.568418176152549
nonexistent_115,llama-4-maverick-17b,entity_aware,0,0,already_correct,0.1650254185559772,0.5731607226937883,2.349115435465942,0.5823740445607263
nonexistent_116,llama-4-maverick-17b,entity_aware,0,0,already_correct,0.0,0.3633982611488979,2.348215397561924,0.5662501001010025
nonexistent_117,llama-4-maverick-17b,entity_aware,0,0,already_correct,0.1226499096655227,0.571144421812326,2.63405993552945,0.5800607937026624
nonexistent_118,llama-4-maverick-17b,entity_aware,0,0,already_correct,0.0048429147825804,0.2635767938349528,2.0750847301949236,0.668915287539573
nonexistent_119,llama-4-maverick-17b,entity_aware,0,0,already_correct,0.036017250607789,0.303978232075897,1.910441718217879,0.669415725821472
nonexistent_120,llama-4-maverick-17b,entity_aware,0,0,already_correct,0.4087823102518205,0.3345844495325311,2.023099001917248,0.6762248492406105
ambiguous_001,llama-4-maverick-17b,entity_aware,0,0,already_correct,1.1102230246251563e-16,0.4513794437816401,1.5647058596101149,0.6762421181316913
ambiguous_002,llama-4-maverick-17b,entity_aware,0,0,already_correct,0.156266619267345,0.4738785383594013,1.5491106051937995,0.6478326148339721
ambiguous_003,llama-4-maverick-17b,entity_aware,0,0,already_correct,0.3080591443624276,0.4369457045848902,1.7434172385236724,0.5916459010431453
ambiguous_004,llama-4-maverick-17b,entity_aware,0,0,already_correct,0.3256189317691312,0.4187259533005385,2.022408245644571,0.4574143719551241
ambiguous_005,llama-4-maverick-17b,entity_aware,0,0,already_correct,0.2050703741541029,0.4486209595157274,1.533774470051912,0.6053944897852803
ambiguous_006,llama-4-maverick-17b,entity_aware,0,0,already_correct,0.0518319154145865,0.3821622797863735,1.7204615102839311,0.5881900769703599
ambiguous_007,llama-4-maverick-17b,entity_aware,0,0,already_correct,0.3209110607670674,0.4935539922957875,1.797897865239334,0.4986332005672295
ambiguous_008,llama-4-maverick-17b,entity_aware,0,0,already_correct,-2.220446049250313e-16,0.3885697140988601,1.6739590399814115,0.5495560201156677
ambiguous_009,llama-4-maverick-17b,entity_aware,0,0,already_correct,0.7817070362190207,0.5008673712789751,2.5116140111091583,0.5977153724716655
ambiguous_010,llama-4-maverick-17b,entity_aware,0,0,already_correct,0.0475995434810057,0.4588522448712292,1.495000430874621,0.5928802068173216
ambiguous_011,llama-4-maverick-17b,entity_aware,0,0,already_correct,0.5197036923578444,0.4901867915533022,2.12261389091119,0.6294324830746607
ambiguous_012,llama-4-maverick-17b,entity_aware,0,0,already_correct,0.0478287855388587,0.4889574550150641,1.8939417647262324,0.6339152382996209
ambiguous_013,llama-4-maverick-17b,entity_aware,0,0,already_correct,0.6861433153782892,0.3426191447263088,1.946222997396814,0.6033718498608189
ambiguous_014,llama-4-maverick-17b,entity_aware,0,0,already_correct,0.5696514344000015,0.4822030792025104,1.673090296213788,0.5767970614395511
ambiguous_015,llama-4-maverick-17b,entity_aware,0,0,already_correct,0.006331088371127,0.524241975087887,2.480078367613028,0.5689004415259753
ambiguous_016,llama-4-maverick-17b,entity_aware,0,0,already_correct,0.2113088459761729,0.4762212802418333,1.666302606977574,0.6348986657394063
ambiguous_017,llama-4-maverick-17b,entity_aware,0,0,already_correct,2.220446049250313e-16,0.5301814116529138,1.7386652921085697,0.5586315121384209
ambiguous_018,llama-4-maverick-17b,entity_aware,0,0,already_correct,0.0530431484712531,0.5524618129318023,2.305389413728326,0.5632077631307728
ambiguous_019,llama-4-maverick-17b,entity_aware,0,0,already_correct,0.5747450417462028,0.4703734853293836,1.9714896929037995,0.645917251025028
ambiguous_020,llama-4-maverick-17b,entity_aware,0,0,already_correct,0.8544863026435386,0.4908550493110857,1.6216498566508957,0.6091094490231097
ambiguous_021,llama-4-maverick-17b,entity_aware,0,0,already_correct,0.4526154356896075,0.477356057734747,2.2498023613167444,0.584299413307553
ambiguous_022,llama-4-maverick-17b,entity_aware,0,0,already_correct,0.4162526884229248,0.4426994226311981,1.8093026271726984,0.6055317326702114
ambiguous_023,llama-4-maverick-17b,entity_aware,0,0,already_correct,0.2760844051091073,0.4083250134176807,1.597435662269415,0.6198188342781339
ambiguous_024,llama-4-maverick-17b,entity_aware,0,0,already_correct,0.4769088584266318,0.4415771262943727,1.947832954084308,0.6336175875800149
ambiguous_025,llama-4-maverick-17b,entity_aware,0,0,already_correct,3.3306690738754696e-16,0.4303615604332876,1.717905004596788,0.5895631527681274
ambiguous_026,llama-4-maverick-17b,entity_aware,0,0,already_correct,0.7756478610317874,0.4481652299566769,1.9966912875228944,0.5539782813035896
ambiguous_027,llama-4-maverick-17b,entity_aware,0,0,already_correct,0.65337205001654,0.4920463264015721,1.8550477551070408,0.5790169270710116
ambiguous_028,llama-4-maverick-17b,entity_aware,0,0,already_correct,0.7837684723193905,0.5559512611292741,2.5253373391085745,0.4884599678512389
ambiguous_029,llama-4-maverick-17b,entity_aware,0,0,already_correct,0.7349821196700508,0.4700382676302619,1.6836054786857897,0.6180723877663572
ambiguous_030,llama-4-maverick-17b,entity_aware,0,0,already_correct,1.1102230246251563e-16,0.4805095401320631,1.684627314785207,0.6469193613548665
ambiguous_031,llama-4-maverick-17b,entity_aware,0,0,already_correct,0.4745157636360088,0.4590779271101095,2.2056204955548524,0.5987863233529852
ambiguous_032,llama-4-maverick-17b,entity_aware,0,0,already_correct,0.5960955733174593,0.4745264660026879,1.9309545300549564,0.6486603872812313
ambiguous_033,llama-4-maverick-17b,entity_aware,0,0,already_correct,0.5450477701089003,0.3408572808392561,1.5186842211089546,0.6757521670687063
ambiguous_034,llama-4-maverick-17b,entity_aware,0,0,already_correct,0.2801912416407609,0.4886872520942579,1.649913076128024,0.634175344337971
ambiguous_035,llama-4-maverick-17b,entity_aware,0,0,already_correct,0.1925840292678671,0.4947919423642294,1.8809749221551064,0.6429165414873972
ambiguous_036,llama-4-maverick-17b,entity_aware,0,0,already_correct,0.5714292957616816,0.3918340309820629,1.589261410637838,0.6313742449601347
ambiguous_037,llama-4-maverick-17b,entity_aware,0,0,already_correct,0.3266285119014644,0.4027126938437462,1.669149067327672,0.6811065852223763
ambiguous_038,llama-4-maverick-17b,entity_aware,0,0,already_correct,0.7930763567529276,0.4373771959340085,1.8337624019513588,0.6173261440063563
ambiguous_039,llama-4-maverick-17b,entity_aware,0,0,already_correct,0.793011270114748,0.412109214029654,1.7574826215622117,0.6519528738094241
ambiguous_040,llama-4-maverick-17b,entity_aware,0,0,already_correct,0.4010978374185715,0.4720551513825379,1.535301183088386,0.652945435462701
ambiguous_041,llama-4-maverick-17b,entity_aware,0,0,already_correct,1.1102230246251563e-16,0.3954656701936273,2.0882568101300514,0.6111258136004332
ambiguous_042,llama-4-maverick-17b,entity_aware,0,0,already_correct,0.4191815494437741,0.4125742846911971,2.1025067631140755,0.6083614431685562
ambiguous_043,llama-4-maverick-17b,entity_aware,0,0,already_correct,0.772029511728072,0.4104756034518856,1.7331819908023778,0.5914375756850283
ambiguous_044,llama-4-maverick-17b,entity_aware,0,0,already_correct,0.1141930109973524,0.4455329723918393,1.4950548630899807,0.7469428945095788
ambiguous_045,llama-4-maverick-17b,entity_aware,0,0,already_correct,0.199354465743603,0.4763491588176562,1.8880987863168004,0.6647331060284427
ambiguous_046,llama-4-maverick-17b,entity_aware,0,0,already_correct,0.6017392034715879,0.498338276172085,1.7294301961153629,0.6344999105871726
ambiguous_047,llama-4-maverick-17b,entity_aware,0,0,already_correct,1.1102230246251563e-16,0.5203500695220684,2.1452544516792873,0.609386040166454
ambiguous_048,llama-4-maverick-17b,entity_aware,0,0,already_correct,0.0007623374921091,0.5308068561372266,2.288822174471036,0.5812918740543526
ambiguous_049,llama-4-maverick-17b,entity_aware,0,0,already_correct,0.015373448445039,0.4583185559205806,1.537740731218717,0.7508015940134369
ambiguous_050,llama-4-maverick-17b,entity_aware,0,0,already_correct,0.1046427514876041,0.465696382006646,1.6163408071835996,0.5684870725852254
ambiguous_051,llama-4-maverick-17b,entity_aware,0,0,already_correct,0.2499723149221913,0.43023306463915,1.7107824916712575,0.6072732194290416
ambiguous_052,llama-4-maverick-17b,entity_aware,0,0,already_correct,0.1777043483180626,0.3669493979542798,1.5792179442982903,0.6786201025989553
ambiguous_053,llama-4-maverick-17b,entity_aware,0,0,already_correct,1.1102230246251563e-16,0.5118915852044066,2.179763751474003,0.6039753448805846
ambiguous_054,llama-4-maverick-17b,entity_aware,0,0,already_correct,0.198262011441614,0.4242561711000174,1.7758487332933757,0.5876605809851464
ambiguous_055,llama-4-maverick-17b,entity_aware,0,0,already_correct,0.3318038674512861,0.5638879571477007,2.597080864630488,0.5411168078440893
ambiguous_056,llama-4-maverick-17b,entity_aware,0,0,already_correct,0.787933391422078,0.4282860633495321,1.6794508530342969,0.6193214851712351
ambiguous_057,llama-4-maverick-17b,entity_aware,0,0,already_correct,0.7113343895294981,0.4293178033901159,1.5607522898229576,0.5954319298025103
ambiguous_058,llama-4-maverick-17b,entity_aware,0,0,already_correct,0.4716015668227307,0.4854064458580643,1.6875500884206494,0.6059676160038356
ambiguous_059,llama-4-maverick-17b,entity_aware,0,0,already_correct,0.2264498336035106,0.3760437799577025,1.9834791706852324,0.6039879748085556
ambiguous_060,llama-4-maverick-17b,entity_aware,0,0,already_correct,0.3825585437981733,0.51702828834971,2.0952969419991185,0.6084568178815019
ambiguous_061,llama-4-maverick-17b,entity_aware,0,0,already_correct,0.2272560128285399,0.457724324731267,2.097446446207426,0.6047368641572493
ambiguous_062,llama-4-maverick-17b,entity_aware,0,0,already_correct,0.3750512555545342,0.3472976227298386,1.5367877744642742,0.6763947789547355
ambiguous_063,llama-4-maverick-17b,entity_aware,0,0,already_correct,0.3865161151473019,0.541080692121289,2.542454437666057,0.5768717961479495
ambiguous_064,llama-4-maverick-17b,entity_aware,0,0,already_correct,0.1307481718924291,0.3895086882637234,1.503733655746533,0.6664351444693426
ambiguous_065,llama-4-maverick-17b,entity_aware,0,0,already_correct,0.194605255827799,0.4511334962558812,1.916915496860755,0.5915300441343841
ambiguous_066,llama-4-maverick-17b,entity_aware,0,0,already_correct,0.3654580221617494,0.4042543673130022,2.2415599654657004,0.5794837452194913
ambiguous_067,llama-4-maverick-17b,entity_aware,0,0,already_correct,0.0791723013304377,0.4497917419916035,1.841533950391534,0.5970550880084131
ambiguous_068,llama-4-maverick-17b,entity_aware,0,0,already_correct,0.066774602112254,0.4951176168791676,2.1267789044021064,0.6351308307505117
ambiguous_069,llama-4-maverick-17b,entity_aware,0,0,already_correct,0.1586471919117993,0.529494803089946,2.0765701978308715,0.5892945636077542
ambiguous_070,llama-4-maverick-17b,entity_aware,0,0,already_correct,0.1870498066681122,0.4704141435171802,1.8277405957714217,0.6663566236239373
ambiguous_071,llama-4-maverick-17b,entity_aware,0,0,already_correct,0.7759509016235346,0.3699680199022408,1.7725946025393668,0.6637848508725611
ambiguous_072,llama-4-maverick-17b,entity_aware,0,0,already_correct,0.5216525516035583,0.4684540634637558,2.326993622517255,0.5978458356539245
ambiguous_073,llama-4-maverick-17b,entity_aware,0,0,already_correct,0.2936189183965008,0.5208703924217264,2.1241942911593283,0.6104035765527966
ambiguous_074,llama-4-maverick-17b,entity_aware,0,0,already_correct,0.1145039381174928,0.4419136983826476,1.788208277303796,0.6120511931249658
ambiguous_075,llama-4-maverick-17b,entity_aware,0,0,already_correct,0.365952809779331,0.485992797395979,1.8185966114818952,0.5435721514206071
ambiguous_076,llama-4-maverick-17b,entity_aware,0,0,already_correct,0.7213988409624724,0.3607934560277327,2.032940124169298,0.5768120238858836
ambiguous_077,llama-4-maverick-17b,entity_aware,0,0,already_correct,1.1102230246251563e-16,0.4691249325297769,1.536176855806763,0.6655102729503211
ambiguous_078,llama-4-maverick-17b,entity_aware,0,0,already_correct,0.6102384166237447,0.3309039430913535,1.945321004425669,0.6327630031284367
ambiguous_079,llama-4-maverick-17b,entity_aware,0,0,already_correct,0.0472035092883931,0.4396842449932009,1.5565000443193089,0.6797952870020483
ambiguous_080,llama-4-maverick-17b,entity_aware,0,0,already_correct,0.4151977764858052,0.3586927595693975,1.7914394329217986,0.6721294801293554
ambiguous_081,llama-4-maverick-17b,entity_aware,0,0,already_correct,0.4855467651349612,0.5549968588167808,2.5053253012188668,0.5468872608542804
ambiguous_082,llama-4-maverick-17b,entity_aware,0,0,already_correct,0.7658328910058598,0.6230728097731264,2.6572470950989033,0.535077946552968
ambiguous_083,llama-4-maverick-17b,entity_aware,0,0,already_correct,0.3569879122793679,0.4234983998739121,1.4864427139139904,0.7005679142214887
ambiguous_084,llama-4-maverick-17b,entity_aware,0,0,already_correct,0.813915447603801,0.5617528164330869,2.6222694504409856,0.4985161385558181
ambiguous_085,llama-4-maverick-17b,entity_aware,0,0,already_correct,0.1614533423014978,0.4636291982680142,1.941804469540396,0.5900963108132051
ambiguous_086,llama-4-maverick-17b,entity_aware,0,0,already_correct,0.743017796599794,0.3543153196251317,1.9659807045529467,0.6562811030001302
ambiguous_087,llama-4-maverick-17b,entity_aware,0,0,already_correct,0.0466926555910374,0.4222848113421836,1.8424749469213983,0.6127122670072148
ambiguous_088,llama-4-maverick-17b,entity_aware,0,0,already_correct,0.3567118773098702,0.4841113809463411,2.167649005470379,0.6245334628816293
ambiguous_089,llama-4-maverick-17b,entity_aware,0,0,already_correct,0.611246284171553,0.4960113538981785,2.191870742736033,0.6206749868162854
ambiguous_090,llama-4-maverick-17b,entity_aware,0,0,already_correct,0.8042895480254924,0.416559976103064,1.7939307084915004,0.6686223726245681
ambiguous_091,llama-4-maverick-17b,entity_aware,0,0,already_correct,0.2076148675269422,0.5138145931119994,2.139665299885295,0.6247996434257974
ambiguous_092,llama-4-maverick-17b,entity_aware,0,0,already_correct,0.1026864266633025,0.4481939538203094,2.1869450002189654,0.5909426463446185
ambiguous_093,llama-4-maverick-17b,entity_aware,0,0,already_correct,0.278469105695076,0.4535280981303278,2.3649636701392054,0.5582842671254327
ambiguous_094,llama-4-maverick-17b,entity_aware,0,0,already_correct,0.1570242529823706,0.5673791056109705,2.851291536253753,0.5590425535361244
ambiguous_095,llama-4-maverick-17b,entity_aware,0,0,already_correct,0.3971435463888026,0.4763578147032907,2.0347122121218564,0.618879841037896
ambiguous_096,llama-4-maverick-17b,entity_aware,0,0,already_correct,0.4765253194221335,0.4640500223838369,2.1859176570194774,0.5872903383214326
ambiguous_097,llama-4-maverick-17b,entity_aware,0,0,already_correct,0.6353888046578354,0.4442563595374043,2.254569412046105,0.5951307953623421
ambiguous_098,llama-4-maverick-17b,entity_aware,0,0,already_correct,0.2659934557581298,0.4971533534766986,1.85431406597822,0.6315672380816152
ambiguous_099,llama-4-maverick-17b,entity_aware,0,0,already_correct,0.4122169180977346,0.4999457285191128,2.0566971102312928,0.62843695233373
ambiguous_100,llama-4-maverick-17b,entity_aware,0,0,already_correct,0.7951870003563645,0.3379685889996887,1.9014629498644784,0.6729866135836824
ambiguous_101,llama-4-maverick-17b,entity_aware,0,0,already_correct,0.4644291196378647,0.4211060115285139,1.555361831243632,0.6486240159912241
ambiguous_102,llama-4-maverick-17b,entity_aware,0,0,already_correct,0.4648150364333798,0.3801291588200778,1.4396473473008482,0.6897197965120447
ambiguous_103,llama-4-maverick-17b,entity_aware,0,0,already_correct,0.5419964895552143,0.3842231245479571,1.8999848662665637,0.6139291334793262
ambiguous_104,llama-4-maverick-17b,entity_aware,0,0,already_correct,0.8258606644456606,0.4323335563608909,1.869447626643557,0.5807633910194665
ambiguous_105,llama-4-maverick-17b,entity_aware,0,0,already_correct,0.0,0.5850687660016045,2.8198418307364688,0.5159791337842479
ambiguous_106,llama-4-maverick-17b,entity_aware,0,0,already_correct,0.1955541882323601,0.4763274033503883,2.0453482035877815,0.5792543068011743
ambiguous_107,llama-4-maverick-17b,entity_aware,0,0,already_correct,0.7852537142351815,0.5534447910869212,3.077240443272292,0.5617718876165703
ambiguous_108,llama-4-maverick-17b,entity_aware,0,0,already_correct,0.7784739681522246,0.5289489372570311,2.570043882663746,0.5394469160977834
ambiguous_109,llama-4-maverick-17b,entity_aware,0,0,already_correct,-2.220446049250313e-16,0.5630419088673722,2.8453042975425036,0.5279049399088223
ambiguous_110,llama-4-maverick-17b,entity_aware,0,0,already_correct,0.7784739681522236,0.5573831781530021,2.6980702528590874,0.5525947825895404
ambiguous_111,llama-4-maverick-17b,entity_aware,0,0,already_correct,0.7904265763990705,0.5332547039469795,2.890427822347319,0.5592195130142679
ambiguous_112,llama-4-maverick-17b,entity_aware,0,0,already_correct,0.5944778426772561,0.4529522508777139,2.2979668368910664,0.5939220502391782
ambiguous_113,llama-4-maverick-17b,entity_aware,0,0,already_correct,0.7916298108343762,0.4708141465392798,2.1296230172096258,0.5992961085932158
ambiguous_114,llama-4-maverick-17b,entity_aware,0,0,already_correct,0.7817070362190197,0.5222985536915039,2.689982597010804,0.5710750985500112
ambiguous_115,llama-4-maverick-17b,entity_aware,0,0,already_correct,0.578983228374877,0.564329623796546,3.139104836665925,0.4776152791885106
ambiguous_116,llama-4-maverick-17b,entity_aware,0,0,already_correct,0.4397094565167494,0.5032015078756849,2.3459072836823083,0.5694700344070834
ambiguous_117,llama-4-maverick-17b,entity_aware,0,0,already_correct,0.7718055566518579,0.3231921429136292,1.997050245081332,0.6543277516701158
ambiguous_118,llama-4-maverick-17b,entity_aware,0,0,already_correct,0.4292952995207831,0.5103708777922726,2.0636351730411566,0.6327721335318325
ambiguous_119,llama-4-maverick-17b,entity_aware,0,0,already_correct,0.613721947830653,0.5614774706503529,2.5443242509364064,0.6052582758233723
ambiguous_120,llama-4-maverick-17b,entity_aware,0,0,already_correct,1.1102230246251563e-16,0.4112788770004014,1.9116197702854123,0.5695286366447575
borderline_obscure_0,llama-4-maverick-17b,epistemic_humility,0,0,already_correct,,,,
borderline_obscure_2,llama-4-maverick-17b,epistemic_humility,0,0,already_correct,,,,
borderline_obscure_3,llama-4-maverick-17b,epistemic_humility,0,0,already_correct,,,,
borderline_obscure_4,llama-4-maverick-17b,epistemic_humility,0,0,already_correct,,,,
borderline_obscure_5,llama-4-maverick-17b,epistemic_humility,0,0,already_correct,,,,
borderline_obscure_6,llama-4-maverick-17b,epistemic_humility,0,0,already_correct,,,,
borderline_obscure_8,llama-4-maverick-17b,epistemic_humility,0,0,already_correct,,,,
borderline_obscure_9,llama-4-maverick-17b,epistemic_humility,0,0,already_correct,,,,
borderline_obscure_10,llama-4-maverick-17b,epistemic_humility,0,0,already_correct,,,,
borderline_obscure_12,llama-4-maverick-17b,epistemic_humility,0,0,already_correct,,,,
borderline_obscure_14,llama-4-maverick-17b,epistemic_humility,0,0,already_correct,,,,
borderline_obscure_15,llama-4-maverick-17b,epistemic_humility,0,0,already_correct,,,,
borderline_obscure_16,llama-4-maverick-17b,epistemic_humility,0,0,already_correct,,,,
borderline_obscure_17,llama-4-maverick-17b,epistemic_humility,0,1,already_correct,,,,
borderline_obscure_18,llama-4-maverick-17b,epistemic_humility,0,0,already_correct,,,,
borderline_obscure_19,llama-4-maverick-17b,epistemic_humility,0,0,already_correct,,,,
borderline_obscure_20,llama-4-maverick-17b,epistemic_humility,0,0,already_correct,,,,
borderline_obscure_21,llama-4-maverick-17b,epistemic_humility,0,0,already_correct,,,,
borderline_obscure_22,llama-4-maverick-17b,epistemic_humility,0,0,already_correct,,,,
borderline_obscure_23,llama-4-maverick-17b,epistemic_humility,2,1,fixed,,,,
borderline_obscure_24,llama-4-maverick-17b,epistemic_humility,0,0,already_correct,,,,
borderline_obscure_25,llama-4-maverick-17b,epistemic_humility,0,0,already_correct,,,,
borderline_obscure_26,llama-4-maverick-17b,epistemic_humility,0,0,already_correct,,,,
borderline_obscure_27,llama-4-maverick-17b,epistemic_humility,0,0,already_correct,,,,
borderline_obscure_28,llama-4-maverick-17b,epistemic_humility,0,0,already_correct,,,,
borderline_obscure_29,llama-4-maverick-17b,epistemic_humility,0,0,already_correct,,,,
borderline_obscure_30,llama-4-maverick-17b,epistemic_humility,0,0,already_correct,,,,
borderline_obscure_31,llama-4-maverick-17b,epistemic_humility,0,1,already_correct,,,,
borderline_obscure_32,llama-4-maverick-17b,epistemic_humility,0,0,already_correct,,,,
borderline_obscure_34,llama-4-maverick-17b,epistemic_humility,0,3,already_correct,,,,
borderline_fake_0,llama-4-maverick-17b,epistemic_humility,2,2,still_broken,,,,
borderline_fake_2,llama-4-maverick-17b,epistemic_humility,0,0,already_correct,,,,
borderline_fake_3,llama-4-maverick-17b,epistemic_humility,2,0,fixed,,,,
borderline_fake_4,llama-4-maverick-17b,epistemic_humility,2,2,still_broken,,,,
borderline_fake_5,llama-4-maverick-17b,epistemic_humility,0,0,already_correct,,,,
borderline_fake_6,llama-4-maverick-17b,epistemic_humility,2,0,fixed,,,,
borderline_fake_7,llama-4-maverick-17b,epistemic_humility,1,0,other,,,,
borderline_fake_8,llama-4-maverick-17b,epistemic_humility,0,0,already_correct,,,,
borderline_fake_9,llama-4-maverick-17b,epistemic_humility,0,0,already_correct,,,,
borderline_fake_10,llama-4-maverick-17b,epistemic_humility,2,0,fixed,,,,
borderline_fake_11,llama-4-maverick-17b,epistemic_humility,2,0,fixed,,,,
borderline_fake_12,llama-4-maverick-17b,epistemic_humility,0,0,already_correct,,,,
borderline_fake_13,llama-4-maverick-17b,epistemic_humility,0,0,already_correct,,,,
borderline_fake_14,llama-4-maverick-17b,epistemic_humility,2,0,fixed,,,,
borderline_fake_15,llama-4-maverick-17b,epistemic_humility,2,2,still_broken,,,,
borderline_fake_16,llama-4-maverick-17b,epistemic_humility,0,0,already_correct,,,,
borderline_fake_17,llama-4-maverick-17b,epistemic_humility,0,0,already_correct,,,,
borderline_fake_19,llama-4-maverick-17b,epistemic_humility,2,0,fixed,,,,
borderline_fake_20,llama-4-maverick-17b,epistemic_humility,0,0,already_correct,,,,
borderline_fake_21,llama-4-maverick-17b,epistemic_humility,0,0,already_correct,,,,
borderline_fake_22,llama-4-maverick-17b,epistemic_humility,2,0,fixed,,,,
borderline_fake_23,llama-4-maverick-17b,epistemic_humility,2,2,still_broken,,,,
borderline_fake_24,llama-4-maverick-17b,epistemic_humility,2,2,still_broken,,,,
borderline_fake_27,llama-4-maverick-17b,epistemic_humility,0,0,already_correct,,,,
borderline_fake_28,llama-4-maverick-17b,epistemic_humility,2,0,fixed,,,,
borderline_fake_29,llama-4-maverick-17b,epistemic_humility,2,2,still_broken,,,,
borderline_fake_30,llama-4-maverick-17b,epistemic_humility,0,0,already_correct,,,,
borderline_fake_31,llama-4-maverick-17b,epistemic_humility,2,0,fixed,,,,
borderline_fake_32,llama-4-maverick-17b,epistemic_humility,0,0,already_correct,,,,
borderline_fake_33,llama-4-maverick-17b,epistemic_humility,0,0,already_correct,,,,
borderline_fake_34,llama-4-maverick-17b,epistemic_humility,0,0,already_correct,,,,
borderline_edge_0,llama-4-maverick-17b,epistemic_humility,0,0,already_correct,,,,
borderline_edge_1,llama-4-maverick-17b,epistemic_humility,0,0,already_correct,,,,
borderline_edge_2,llama-4-maverick-17b,epistemic_humility,0,0,already_correct,,,,
borderline_edge_3,llama-4-maverick-17b,epistemic_humility,0,0,already_correct,,,,
borderline_edge_4,llama-4-maverick-17b,epistemic_humility,0,0,already_correct,,,,
borderline_edge_5,llama-4-maverick-17b,epistemic_humility,0,0,already_correct,,,,
borderline_edge_6,llama-4-maverick-17b,epistemic_humility,0,0,already_correct,,,,
borderline_edge_7,llama-4-maverick-17b,epistemic_humility,0,0,already_correct,,,,
borderline_edge_8,llama-4-maverick-17b,epistemic_humility,0,0,already_correct,,,,
borderline_edge_9,llama-4-maverick-17b,epistemic_humility,0,0,already_correct,,,,
borderline_edge_10,llama-4-maverick-17b,epistemic_humility,0,0,already_correct,,,,
borderline_edge_11,llama-4-maverick-17b,epistemic_humility,0,0,already_correct,,,,
borderline_edge_12,llama-4-maverick-17b,epistemic_humility,0,0,already_correct,,,,
borderline_edge_13,llama-4-maverick-17b,epistemic_humility,0,0,already_correct,,,,
borderline_edge_14,llama-4-maverick-17b,epistemic_humility,0,0,already_correct,,,,
borderline_edge_15,llama-4-maverick-17b,epistemic_humility,0,0,already_correct,,,,
borderline_edge_16,llama-4-maverick-17b,epistemic_humility,0,0,already_correct,,,,
borderline_edge_17,llama-4-maverick-17b,epistemic_humility,0,0,already_correct,,,,
borderline_edge_18,llama-4-maverick-17b,epistemic_humility,0,0,already_correct,,,,
borderline_edge_19,llama-4-maverick-17b,epistemic_humility,0,0,already_correct,,,,
factual_001,llama-4-maverick-17b,epistemic_humility,0,0,already_correct,0.3390698482009572,0.4258317670548038,1.383397835699358,0.8319429930204049
factual_002,llama-4-maverick-17b,epistemic_humility,0,0,already_correct,1.1102230246251563e-16,0.3671381095938628,1.542750285528084,0.7310246140998413
factual_003,llama-4-maverick-17b,epistemic_humility,0,0,already_correct,0.0756442551152993,0.4801142226197014,1.624794773575251,0.755998273251816
factual_004,llama-4-maverick-17b,epistemic_humility,2,0,fixed,0.0,0.4091090586541112,1.456805708543466,0.6993882164910686
factual_005,llama-4-maverick-17b,epistemic_humility,0,1,already_correct,0.701730912788892,0.5021843521531819,1.7011396195193464,0.631399119430105
factual_006,llama-4-maverick-17b,epistemic_humility,0,0,already_correct,0.3259960846208846,0.463198484824823,1.6399415228618777,0.7872932102035252
factual_007,llama-4-maverick-17b,epistemic_humility,3,1,other,0.2091951151053356,0.4128652483638895,1.5903660763514311,0.7465407015315013
factual_008,llama-4-maverick-17b,epistemic_humility,0,0,already_correct,0.2037090540592256,0.468512958130906,1.6390644859640455,0.7686338531644856
factual_009,llama-4-maverick-17b,epistemic_humility,1,1,other,0.853848090543631,0.4151502834613091,1.6498944144090766,0.6572635505963973
factual_010,llama-4-maverick-17b,epistemic_humility,0,0,already_correct,0.232918055860813,0.5099705765787288,1.4726113798083318,0.7977554962414828
factual_011,llama-4-maverick-17b,epistemic_humility,1,0,other,0.6355284519294534,0.4036154541062687,1.7162440503449623,0.6860809940271048
factual_012,llama-4-maverick-17b,epistemic_humility,0,0,already_correct,0.08768981332469,0.3617398426203926,2.1728592401910753,0.7799865642706615
factual_013,llama-4-maverick-17b,epistemic_humility,1,1,other,0.5587325104078119,0.4151817642436208,1.5180539170053302,0.7282876276517176
factual_014,llama-4-maverick-17b,epistemic_humility,0,0,already_correct,0.6638246094684089,0.3553819706965982,2.1996388726934804,0.7761234665442845
factual_015,llama-4-maverick-17b,epistemic_humility,1,1,other,0.1297030895398097,0.3991916513629209,1.4328530668641868,0.7704209428355229
factual_016,llama-4-maverick-17b,epistemic_humility,0,0,already_correct,0.0621903996737486,0.4616666102107748,1.586809125161253,0.7543118897692439
factual_017,llama-4-maverick-17b,epistemic_humility,0,0,already_correct,0.1522014106797664,0.443350120005155,1.3893387081191293,0.7864701848631095
factual_018,llama-4-maverick-17b,epistemic_humility,0,0,already_correct,0.3992775109347958,0.4174074519253169,1.483890317654831,0.7521987718089467
factual_019,llama-4-maverick-17b,epistemic_humility,0,0,already_correct,0.570304218688948,0.4979737230271303,1.4626267777593926,0.8054669229845892
factual_020,llama-4-maverick-17b,epistemic_humility,1,1,other,0.3516206758576254,0.3763613439841432,1.611047325255963,0.7185921891940295
factual_021,llama-4-maverick-17b,epistemic_humility,1,0,other,0.6527801569546965,0.4180078612342092,1.4350551741860758,0.7225185823687947
factual_022,llama-4-maverick-17b,epistemic_humility,0,0,already_correct,0.1783344385302553,0.3672437094222894,2.117486252547943,0.7833564590952354
factual_023,llama-4-maverick-17b,epistemic_humility,1,1,other,0.1352864691345792,0.4016135193900492,1.649187144559479,0.7067573427577292
factual_024,llama-4-maverick-17b,epistemic_humility,1,3,other,0.4975689892409519,0.4447017810950163,1.5171197273637569,0.713587560930383
factual_025,llama-4-maverick-17b,epistemic_humility,1,1,other,0.0,0.3980743483955428,1.6433910358883772,0.7367057649170274
factual_026,llama-4-maverick-17b,epistemic_humility,0,0,already_correct,-2.220446049250313e-16,0.309447624007505,1.4760212348272164,0.8351255628104022
factual_027,llama-4-maverick-17b,epistemic_humility,0,0,already_correct,1.1102230246251563e-16,0.4080458109181683,1.4764124571822654,0.7593912020536738
factual_028,llama-4-maverick-17b,epistemic_humility,0,0,already_correct,0.1356920640120937,0.4393622371282437,1.649946639222292,0.7485870160062343
factual_029,llama-4-maverick-17b,epistemic_humility,0,0,already_correct,0.0,0.4977641369133579,1.4952019816184945,0.8305814312917218
factual_030,llama-4-maverick-17b,epistemic_humility,1,1,other,0.7127292906743794,0.472656698084123,1.5989159658219183,0.6705712402368056
factual_031,llama-4-maverick-17b,epistemic_humility,0,0,already_correct,0.4314744393813291,0.4501789895715146,1.4405047447566357,0.7918370107882089
factual_032,llama-4-maverick-17b,epistemic_humility,0,0,already_correct,0.0,0.4060071654329528,1.514936114087026,0.7245722802366368
factual_033,llama-4-maverick-17b,epistemic_humility,0,0,already_correct,0.0,0.5017394875876153,1.546885661918044,0.8087152173946708
factual_034,llama-4-maverick-17b,epistemic_humility,0,0,already_correct,0.6081839654868795,0.5232130866441007,1.4683546340768272,0.7915399581256456
factual_035,llama-4-maverick-17b,epistemic_humility,0,0,already_correct,0.4271616887496303,0.4876412851028002,1.5377929180335528,0.7756829976016371
factual_036,llama-4-maverick-17b,epistemic_humility,0,0,already_correct,0.1261866985503336,0.3244414575107672,1.5245649525106562,0.8273038597662479
factual_037,llama-4-maverick-17b,epistemic_humility,0,0,already_correct,0.0,0.3147422473558741,1.5672190155056889,0.7206514156979043
factual_038,llama-4-maverick-17b,epistemic_humility,0,0,already_correct,0.0,0.4211484740263029,1.3771096527279183,0.8661372673645562
factual_039,llama-4-maverick-17b,epistemic_humility,1,1,other,0.177078731748155,0.4046827470446055,1.497245204967567,0.6446426131783606
factual_040,llama-4-maverick-17b,epistemic_humility,0,0,already_correct,-2.220446049250313e-16,0.3414680534651442,2.4910222200547074,0.737480424854035
factual_041,llama-4-maverick-17b,epistemic_humility,0,0,already_correct,0.6590282271990809,0.4413968529615208,1.4390743196603273,0.7699239301662081
factual_042,llama-4-maverick-17b,epistemic_humility,0,0,already_correct,0.8096019744024965,0.4545800688847466,1.6252229539662026,0.7989216578285829
factual_043,llama-4-maverick-17b,epistemic_humility,0,0,already_correct,0.1106474559626835,0.4682907741308082,1.546374825705338,0.797005081645074
factual_044,llama-4-maverick-17b,epistemic_humility,0,0,already_correct,0.2496274882844138,0.4826722402390526,1.4448395314471096,0.7926729701723823
factual_045,llama-4-maverick-17b,epistemic_humility,0,0,already_correct,0.3910302967543626,0.4762882153821701,1.451296329281991,0.7940873301226171
factual_046,llama-4-maverick-17b,epistemic_humility,0,0,already_correct,0.3909013784101188,0.4831296148411537,1.3766308979634674,0.7957830463075242
factual_047,llama-4-maverick-17b,epistemic_humility,0,0,already_correct,0.4080816131732503,0.3346997209064156,2.496140320144274,0.7613314728939098
factual_048,llama-4-maverick-17b,epistemic_humility,0,0,already_correct,0.6211373159127278,0.442478820203474,1.64858837863659,0.789738065303002
factual_049,llama-4-maverick-17b,epistemic_humility,1,0,other,0.7052676924968719,0.5047896404943268,1.6764719459937247,0.6353803272121445
factual_050,llama-4-maverick-17b,epistemic_humility,1,1,other,0.8177822094666237,0.4325966950899802,1.605637013732773,0.6860979834111427
factual_051,llama-4-maverick-17b,epistemic_humility,0,1,already_correct,0.4856820367671054,0.4445014726564936,1.5978639282844784,0.6700823419876167
factual_052,llama-4-maverick-17b,epistemic_humility,0,0,already_correct,0.2588180790601095,0.4907653095180171,1.5672965779117558,0.7538454712736763
factual_053,llama-4-maverick-17b,epistemic_humility,0,0,already_correct,0.3459381505484974,0.4008120746180286,1.3829706679702791,0.8203197763151169
factual_054,llama-4-maverick-17b,epistemic_humility,0,0,already_correct,2.220446049250313e-16,0.3674563684053866,1.3647406575165009,0.7838035822067071
factual_055,llama-4-maverick-17b,epistemic_humility,0,0,already_correct,0.5494506790999643,0.4252726172935853,1.478079942331184,0.7747870351215546
factual_056,llama-4-maverick-17b,epistemic_humility,0,0,already_correct,0.2539817160958447,0.4450391397394795,1.4632676163200211,0.7667842126110449
factual_057,llama-4-maverick-17b,epistemic_humility,0,0,already_correct,0.0,0.3978971698173434,1.453501272284534,0.7812083645803997
factual_058,llama-4-maverick-17b,epistemic_humility,0,0,already_correct,0.2095405375742327,0.5111534489258107,1.5430189490603494,0.8232970349963812
factual_059,llama-4-maverick-17b,epistemic_humility,0,0,already_correct,0.3699076605808898,0.2896543084979006,1.4772908783384575,0.7960505597584258
factual_060,llama-4-maverick-17b,epistemic_humility,0,0,already_correct,0.7099132644629002,0.5105063433676238,1.415749810693637,0.8558493626016794
factual_061,llama-4-maverick-17b,epistemic_humility,0,0,already_correct,2.220446049250313e-16,0.4819275257171794,1.501545009538279,0.7979848304214872
factual_062,llama-4-maverick-17b,epistemic_humility,0,0,already_correct,0.3387145971543948,0.4738592572936945,1.4166794254788595,0.8233539805586463
factual_063,llama-4-maverick-17b,epistemic_humility,0,0,already_correct,0.6365540150039888,0.4269955459015017,1.5280710244608426,0.7143697392221002
factual_064,llama-4-maverick-17b,epistemic_humility,0,0,already_correct,0.5922619222704957,0.3018866463373968,1.4603186455188824,0.8220882818069783
factual_065,llama-4-maverick-17b,epistemic_humility,0,0,already_correct,0.1128744609388492,0.3407672513109081,2.070468063091321,0.7374627770235378
factual_066,llama-4-maverick-17b,epistemic_humility,0,0,already_correct,0.1900235496338574,0.503458426875032,1.4324307182167868,0.8095817527009933
factual_067,llama-4-maverick-17b,epistemic_humility,0,0,already_correct,0.4748283421565603,0.4142539887401134,1.4732365393388285,0.7979292272466194
factual_068,llama-4-maverick-17b,epistemic_humility,0,0,already_correct,0.0639272631090749,0.3510497420817116,2.3556922148236583,0.7631016457391149
factual_069,llama-4-maverick-17b,epistemic_humility,0,0,already_correct,0.5181413802399217,0.4553498762964384,1.606172484932409,0.7888276761457962
factual_070,llama-4-maverick-17b,epistemic_humility,0,0,already_correct,0.1117010549366074,0.3703280439605724,1.8385235083809184,0.7902572804385989
factual_071,llama-4-maverick-17b,epistemic_humility,0,0,already_correct,0.3523509046120336,0.5017514427116267,1.506904467763912,0.8128678303414758
factual_072,llama-4-maverick-17b,epistemic_humility,0,0,already_correct,0.1926927217111285,0.3575782828311282,2.052706263150836,0.7867627154094793
factual_073,llama-4-maverick-17b,epistemic_humility,0,0,already_correct,0.3366527554593764,0.3560932709599926,1.8814618137714167,0.8112673307261143
factual_074,llama-4-maverick-17b,epistemic_humility,0,0,already_correct,0.6304310634975547,0.3884602880899718,1.486769258226069,0.7831299629453908
factual_075,llama-4-maverick-17b,epistemic_humility,0,0,already_correct,1.1102230246251563e-16,0.5018524787912563,1.520063619021078,0.7990751099204498
factual_076,llama-4-maverick-17b,epistemic_humility,0,0,already_correct,0.5900770287315599,0.3669007903011599,1.419601129895851,0.755357546080865
factual_077,llama-4-maverick-17b,epistemic_humility,0,0,already_correct,3.3306690738754696e-16,0.4003005515850812,1.3862081007025076,0.8152530270212486
factual_078,llama-4-maverick-17b,epistemic_humility,0,0,already_correct,1.1102230246251563e-16,0.5051220359781636,1.4570154481027626,0.808027167838611
factual_079,llama-4-maverick-17b,epistemic_humility,0,0,already_correct,0.0,0.3487148893477196,2.27657210305503,0.7800840971199191
factual_080,llama-4-maverick-17b,epistemic_humility,0,0,already_correct,0.5175730124359599,0.2895453626919549,1.477225335209429,0.8115261311321036
factual_081,llama-4-maverick-17b,epistemic_humility,0,0,already_correct,0.1012554620345593,0.4328614718772041,1.3507097741310654,0.8362269260064743
factual_082,llama-4-maverick-17b,epistemic_humility,0,0,already_correct,-2.220446049250313e-16,0.3373139951597824,2.0354023865462363,0.7548743531801294
factual_083,llama-4-maverick-17b,epistemic_humility,0,0,already_correct,1.1102230246251563e-16,0.4679765550289769,1.4512844040683364,0.7974902815995142
factual_084,llama-4-maverick-17b,epistemic_humility,0,0,already_correct,0.0873858389472691,0.356731544150184,1.884260342664908,0.8235908886889827
factual_085,llama-4-maverick-17b,epistemic_humility,0,0,already_correct,-2.220446049250313e-16,0.4924453090325872,1.6060426147927964,0.758906445296362
factual_086,llama-4-maverick-17b,epistemic_humility,0,0,already_correct,0.806081801684519,0.3458666117576172,2.0156784313857306,0.8087802765551547
factual_087,llama-4-maverick-17b,epistemic_humility,0,0,already_correct,0.5558699241037635,0.418235810908836,1.428998031152279,0.838896372111011
factual_088,llama-4-maverick-17b,epistemic_humility,0,0,already_correct,0.2333428271170836,0.3934658100064162,1.465304295968953,0.7830320061798703
factual_089,llama-4-maverick-17b,epistemic_humility,0,0,already_correct,0.668761632601216,0.5136980177126386,1.4991079933172302,0.8010776930231761
factual_090,llama-4-maverick-17b,epistemic_humility,0,0,already_correct,-2.220446049250313e-16,0.4635935923083798,1.4173488710208413,0.8137413115784311
factual_091,llama-4-maverick-17b,epistemic_humility,0,0,already_correct,0.3814291512015367,0.475664023604871,1.3936260572592174,0.8450265988684978
factual_092,llama-4-maverick-17b,epistemic_humility,0,0,already_correct,1.1102230246251563e-16,0.4833001715292726,1.409955852156895,0.7710239748280108
factual_093,llama-4-maverick-17b,epistemic_humility,0,0,already_correct,0.0058858111161878,0.3460475600916803,2.3507409980528458,0.771903298359765
factual_094,llama-4-maverick-17b,epistemic_humility,0,0,already_correct,0.0,0.3419792874368186,2.076048546434794,0.7869229786519517
factual_095,llama-4-maverick-17b,epistemic_humility,0,0,already_correct,0.0,0.454446304442836,1.6077006245745566,0.7891477636161054
factual_096,llama-4-maverick-17b,epistemic_humility,0,0,already_correct,-2.220446049250313e-16,0.3430834906900136,2.0974092363572936,0.7780574232390709
factual_097,llama-4-maverick-17b,epistemic_humility,0,0,already_correct,0.1933373330263507,0.3472492097743691,2.1468875447425866,0.8008670767765944
factual_098,llama-4-maverick-17b,epistemic_humility,0,0,already_correct,0.1946058820058216,0.3592082545940397,2.187610416506546,0.7161179857994848
impossible_001,llama-4-maverick-17b,epistemic_humility,0,0,already_correct,0.0,0.4284789178593438,1.3647315671430038,0.8173245508833905
impossible_002,llama-4-maverick-17b,epistemic_humility,0,0,already_correct,0.1925003012804915,0.4396589807744273,1.4400179462563576,0.7689164062010384
impossible_003,llama-4-maverick-17b,epistemic_humility,1,1,other,0.3041079336142306,0.4745776345517306,1.5647300163614537,0.6969380899420593
impossible_004,llama-4-maverick-17b,epistemic_humility,0,0,already_correct,0.3074015199966582,0.4454880922352143,1.458411279508117,0.7008940148293222
impossible_005,llama-4-maverick-17b,epistemic_humility,0,0,already_correct,0.5348686529869204,0.4778804885323092,1.5571238857869047,0.5928068096228768
impossible_006,llama-4-maverick-17b,epistemic_humility,0,0,already_correct,0.0,0.3150933902050303,1.44914888839206,0.7424336900914429
impossible_007,llama-4-maverick-17b,epistemic_humility,0,0,already_correct,0.0760181053446082,0.4283067881602623,1.5733228037355471,0.6215082050686007
impossible_008,llama-4-maverick-17b,epistemic_humility,0,0,already_correct,2.220446049250313e-16,0.4589631985402678,1.4780617824844742,0.6774152573684572
impossible_009,llama-4-maverick-17b,epistemic_humility,0,0,already_correct,0.1249390917114745,0.3118504227910957,1.43227288011093,0.7238138878895117
impossible_010,llama-4-maverick-17b,epistemic_humility,0,0,already_correct,1.1102230246251563e-16,0.3666893394761781,1.3883202835937618,0.7648042512578479
impossible_011,llama-4-maverick-17b,epistemic_humility,0,0,already_correct,0.6570046720548636,0.4878757339388605,1.606294091488777,0.6475217814214653
impossible_012,llama-4-maverick-17b,epistemic_humility,0,0,already_correct,0.3881410451718331,0.4235035315207365,1.5279960497361569,0.6620432260206898
impossible_013,llama-4-maverick-17b,epistemic_humility,0,0,already_correct,0.367171031876069,0.4485257442853096,1.4305640589961452,0.7090608744629913
impossible_014,llama-4-maverick-17b,epistemic_humility,0,0,already_correct,0.304387963775812,0.4766921393628873,1.5886968038209053,0.6036803376122305
impossible_015,llama-4-maverick-17b,epistemic_humility,0,0,already_correct,0.1445833902033999,0.4535491798602405,1.3948250469146637,0.7345084218910429
impossible_016,llama-4-maverick-17b,epistemic_humility,0,0,already_correct,0.3695204607283343,0.4770769095741097,1.468249801349997,0.7287548863456212
impossible_017,llama-4-maverick-17b,epistemic_humility,2,0,fixed,1.1102230246251563e-16,0.385438073138071,1.3476026514497093,0.709421966154461
impossible_018,llama-4-maverick-17b,epistemic_humility,0,0,already_correct,0.0,0.4512168499635118,1.469118684012558,0.7333250355902713
impossible_019,llama-4-maverick-17b,epistemic_humility,0,0,already_correct,0.6948227806005108,0.3969968770339099,1.4634214021984335,0.6949529191130599
impossible_020,llama-4-maverick-17b,epistemic_humility,0,0,already_correct,0.0,0.4752509211435867,1.303120271345749,0.8113480057164546
impossible_021,llama-4-maverick-17b,epistemic_humility,0,0,already_correct,0.6847774947219638,0.4431305143455964,1.4181748812695176,0.672847509017385
impossible_022,llama-4-maverick-17b,epistemic_humility,0,0,already_correct,-2.220446049250313e-16,0.3520010654438289,1.4639729737187956,0.7241808216844288
impossible_023,llama-4-maverick-17b,epistemic_humility,0,0,already_correct,3.3306690738754696e-16,0.455889330351273,1.4344927170928583,0.7930420973301907
impossible_024,llama-4-maverick-17b,epistemic_humility,0,0,already_correct,0.8644938403979362,0.4082023102283143,1.4271735443184168,0.7753947228954897
impossible_025,llama-4-maverick-17b,epistemic_humility,0,0,already_correct,0.7333388588522243,0.3785684530811432,1.4244542885042928,0.7235396087514101
impossible_026,llama-4-maverick-17b,epistemic_humility,0,0,already_correct,0.8640442510880024,0.3975716398225351,1.4109313497671825,0.7797697609927278
impossible_027,llama-4-maverick-17b,epistemic_humility,0,0,already_correct,0.7105278016919148,0.4247105743564808,1.4385519582650963,0.6971456827575261
impossible_028,llama-4-maverick-17b,epistemic_humility,0,3,already_correct,0.4309963868988636,0.4196514921035555,1.5398167790911867,0.6362163799506999
impossible_029,llama-4-maverick-17b,epistemic_humility,0,0,already_correct,0.1257851711933711,0.4600169891009289,1.458718882930412,0.7963664184013529
impossible_030,llama-4-maverick-17b,epistemic_humility,0,0,already_correct,0.8020508056844807,0.4030046415686885,1.4198247172073906,0.7242645544496362
nonexistent_001,llama-4-maverick-17b,epistemic_humility,0,0,already_correct,0.0454428209205745,0.4570250522860282,1.615715817569476,0.6594531936841832
nonexistent_002,llama-4-maverick-17b,epistemic_humility,0,0,already_correct,0.4677381953787014,0.4807812336471663,1.9384404475051296,0.6586584120072059
nonexistent_003,llama-4-maverick-17b,epistemic_humility,2,2,still_broken,1.1102230246251563e-16,0.4276243627057265,1.5094994460630982,0.6937800151786704
nonexistent_004,llama-4-maverick-17b,epistemic_humility,0,0,already_correct,-2.220446049250313e-16,0.4564137144815087,1.851797884385934,0.5726994262069951
nonexistent_005,llama-4-maverick-17b,epistemic_humility,0,0,already_correct,0.0,0.465822997116629,1.8623172596233903,0.6509377288126535
nonexistent_006,llama-4-maverick-17b,epistemic_humility,2,0,fixed,0.0,0.5029321806753635,1.5509796102552418,0.6790876172544247
nonexistent_007,llama-4-maverick-17b,epistemic_humility,0,0,already_correct,0.5911705809667317,0.4384180276510528,2.1493553401106253,0.6484046155692724
nonexistent_008,llama-4-maverick-17b,epistemic_humility,0,0,already_correct,0.0957750557052731,0.384685691724981,2.399391497385759,0.5396505391719605
nonexistent_009,llama-4-maverick-17b,epistemic_humility,0,0,already_correct,0.4385653332026844,0.4761348024669491,1.963117468304936,0.6151337027863505
nonexistent_010,llama-4-maverick-17b,epistemic_humility,0,0,already_correct,0.5158505587176638,0.4476063807965523,1.8334121656816305,0.6639503111744578
nonexistent_011,llama-4-maverick-17b,epistemic_humility,0,0,already_correct,0.0,0.4183605627704306,1.8233726758969768,0.6008289869583918
nonexistent_012,llama-4-maverick-17b,epistemic_humility,0,0,already_correct,0.0,0.3282147135021206,1.6967845457280517,0.7164932747542667
nonexistent_013,llama-4-maverick-17b,epistemic_humility,0,0,already_correct,0.0,0.6334931482875634,3.234875388204,0.5542865449529822
nonexistent_014,llama-4-maverick-17b,epistemic_humility,0,0,already_correct,0.0,0.4130129249322228,1.8320968749483288,0.5693820791961997
nonexistent_015,llama-4-maverick-17b,epistemic_humility,0,0,already_correct,0.0,0.374969051477136,1.4898031777136556,0.6910299677931582
nonexistent_016,llama-4-maverick-17b,epistemic_humility,0,0,already_correct,0.2805045218348615,0.5910803578233195,2.732910152966596,0.6001690613713271
nonexistent_017,llama-4-maverick-17b,epistemic_humility,0,0,already_correct,0.5302974421282072,0.4651336536553984,1.7342393214203522,0.6404096140823191
nonexistent_018,llama-4-maverick-17b,epistemic_humility,0,0,already_correct,0.3342446558250019,0.489726295593314,1.848305485089209,0.6699256292861111
nonexistent_019,llama-4-maverick-17b,epistemic_humility,0,0,already_correct,0.0,0.5808501293560877,2.844296976941338,0.5523783938073688
nonexistent_020,llama-4-maverick-17b,epistemic_humility,0,0,already_correct,0.5115517775867039,0.4732462382721614,1.993442159482999,0.6708993438546399
nonexistent_021,llama-4-maverick-17b,epistemic_humility,0,0,already_correct,0.5574498399007891,0.4421586669851266,1.7331138624020443,0.629479369950903
nonexistent_022,llama-4-maverick-17b,epistemic_humility,0,0,already_correct,0.6337578213026309,0.5115894791801593,2.003651681231058,0.560773997383176
nonexistent_023,llama-4-maverick-17b,epistemic_humility,0,0,already_correct,0.3568558343007325,0.3539184574866522,2.4073431465037234,0.6145784425889566
nonexistent_024,llama-4-maverick-17b,epistemic_humility,0,0,already_correct,1.1102230246251563e-16,0.5091116721181774,2.015018677082794,0.6064807709590798
nonexistent_025,llama-4-maverick-17b,epistemic_humility,0,0,already_correct,1.1102230246251563e-16,0.4263605809857247,1.385281679632341,0.7504628298669417
nonexistent_026,llama-4-maverick-17b,epistemic_humility,0,0,already_correct,0.0975577827163954,0.500677276446372,1.877240963729926,0.6862876200297774
nonexistent_027,llama-4-maverick-17b,epistemic_humility,0,0,already_correct,0.6873397586664541,0.5831425659305403,2.194423208872275,0.439598850196002
nonexistent_028,llama-4-maverick-17b,epistemic_humility,0,3,already_correct,0.5810363014954536,0.4748582757943949,1.5307392572882974,0.7431710443416528
nonexistent_029,llama-4-maverick-17b,epistemic_humility,0,0,already_correct,0.0,0.3689495032061506,2.4195365373037796,0.5486947156478663
nonexistent_030,llama-4-maverick-17b,epistemic_humility,0,0,already_correct,0.6736730288677727,0.5520334085147902,1.8682348773229904,0.698702271143901
nonexistent_031,llama-4-maverick-17b,epistemic_humility,2,0,fixed,0.3281983558312015,0.5368106658137504,2.307223853167116,0.6242041309939212
nonexistent_032,llama-4-maverick-17b,epistemic_humility,0,0,already_correct,0.539372510742057,0.3829378402034553,2.7346886215316357,0.5559429890739753
nonexistent_033,llama-4-maverick-17b,epistemic_humility,0,0,already_correct,0.5757749954802136,0.5837106417413707,1.8593737943376472,0.6640875742086295
nonexistent_034,llama-4-maverick-17b,epistemic_humility,0,0,already_correct,0.4187105756418797,0.6038574964801048,2.3099387615258946,0.5853326755318425
nonexistent_035,llama-4-maverick-17b,epistemic_humility,0,0,already_correct,0.0,0.5205105768308945,1.805052905184283,0.6704744389494379
nonexistent_036,llama-4-maverick-17b,epistemic_humility,0,0,already_correct,3.3306690738754696e-16,0.4689086948310491,1.8339277076756957,0.6048819095183796
nonexistent_037,llama-4-maverick-17b,epistemic_humility,0,0,already_correct,0.3540607959987495,0.4891591393930209,1.5779747684754617,0.6807964102588424
nonexistent_038,llama-4-maverick-17b,epistemic_humility,0,0,already_correct,0.7415075567544674,0.6501094394237092,2.774768723402712,0.5365121089258558
nonexistent_039,llama-4-maverick-17b,epistemic_humility,0,0,already_correct,0.0,0.5271627150413254,2.0999586130232513,0.5111346006353664
nonexistent_040,llama-4-maverick-17b,epistemic_humility,0,0,already_correct,0.0,0.5301536458570822,2.1752483159909812,0.5287035673415779
nonexistent_041,llama-4-maverick-17b,epistemic_humility,0,0,already_correct,0.3402406836440982,0.4147167129460392,1.732507209343875,0.6214838176658093
nonexistent_042,llama-4-maverick-17b,epistemic_humility,2,2,still_broken,0.4820732510236483,0.3974697854786684,1.3763666579571388,0.7583163767435037
nonexistent_043,llama-4-maverick-17b,epistemic_humility,0,0,already_correct,0.6117514925271953,0.3968230607521225,1.4579691933650414,0.7006417252306849
nonexistent_044,llama-4-maverick-17b,epistemic_humility,0,0,already_correct,0.2832522070221442,0.5440085679336117,2.6028868283866915,0.5926988213239269
nonexistent_045,llama-4-maverick-17b,epistemic_humility,0,0,already_correct,-4.440892098500626e-16,0.4474593634578884,1.6703877913238423,0.6926949289470643
nonexistent_046,llama-4-maverick-17b,epistemic_humility,0,0,already_correct,0.6900277134533814,0.4393045066966574,1.706411804861814,0.6973554138479499
nonexistent_047,llama-4-maverick-17b,epistemic_humility,0,0,already_correct,0.0,0.4971957099585214,1.7663887781112586,0.6783706857482479
nonexistent_048,llama-4-maverick-17b,epistemic_humility,0,3,already_correct,0.1377468608419395,0.4796644061488472,1.7528593850718552,0.6696658989700652
nonexistent_049,llama-4-maverick-17b,epistemic_humility,0,0,already_correct,0.3337416028727933,0.5151894043961379,1.6921964680335524,0.6627667906245607
nonexistent_050,llama-4-maverick-17b,epistemic_humility,0,0,already_correct,0.4505974970339189,0.5006252176026377,2.3357904479686296,0.6092033117516354
nonexistent_051,llama-4-maverick-17b,epistemic_humility,0,0,already_correct,0.7718971548894408,0.4854904137187733,1.895052479560097,0.6506374340644948
nonexistent_052,llama-4-maverick-17b,epistemic_humility,0,0,already_correct,1.1102230246251563e-16,0.4728590030035952,1.7887990848620996,0.6119730871620171
nonexistent_053,llama-4-maverick-17b,epistemic_humility,0,0,already_correct,0.1504813859894436,0.4859498001673301,1.657261219256427,0.6552500846776133
nonexistent_054,llama-4-maverick-17b,epistemic_humility,0,0,already_correct,0.0298550825348501,0.3429242260486725,2.283564665138221,0.5507380929334323
nonexistent_055,llama-4-maverick-17b,epistemic_humility,0,0,already_correct,2.220446049250313e-16,0.5603317551690375,2.738502343053188,0.6092613698734879
nonexistent_056,llama-4-maverick-17b,epistemic_humility,0,3,already_correct,0.2269927756030223,0.4921681596330601,2.0218330905805675,0.6171315441753924
nonexistent_057,llama-4-maverick-17b,epistemic_humility,0,0,already_correct,0.8384730010881442,0.446268485223399,1.7307799836943771,0.7163141971215217
nonexistent_058,llama-4-maverick-17b,epistemic_humility,2,0,fixed,0.1316183196732502,0.3980349888395448,1.6671817091213794,0.6761587700330811
nonexistent_059,llama-4-maverick-17b,epistemic_humility,0,0,already_correct,1.1102230246251563e-16,0.5274268411572661,2.1131023822274835,0.504095125915609
nonexistent_060,llama-4-maverick-17b,epistemic_humility,0,0,already_correct,1.1102230246251563e-16,0.5727185745103827,3.043315974404832,0.5724153464931367
nonexistent_061,llama-4-maverick-17b,epistemic_humility,0,0,already_correct,0.0,0.5488998124686946,2.1039495058352067,0.6237480125734094
nonexistent_062,llama-4-maverick-17b,epistemic_humility,0,0,already_correct,0.4287932223254523,0.5461921340004303,2.669335338797711,0.6094946617250923
nonexistent_063,llama-4-maverick-17b,epistemic_humility,0,0,already_correct,0.0,0.269784390824176,2.026822157297487,0.6773287402694432
nonexistent_064,llama-4-maverick-17b,epistemic_humility,0,0,already_correct,0.2391853786875325,0.6171416766601826,2.6267502371990252,0.5780032102260019
nonexistent_065,llama-4-maverick-17b,epistemic_humility,0,0,already_correct,-2.220446049250313e-16,0.3713326532083253,2.482790945149397,0.6319423700533386
nonexistent_066,llama-4-maverick-17b,epistemic_humility,2,0,fixed,0.0206471577488741,0.3805220429291759,1.6820587065914292,0.6946096718188879
nonexistent_067,llama-4-maverick-17b,epistemic_humility,0,0,already_correct,0.4313498292652695,0.6099432842787053,2.3019429305758616,0.5890065697012337
nonexistent_068,llama-4-maverick-17b,epistemic_humility,0,0,already_correct,0.0,0.4011687566932002,1.4949977720115908,0.7752330700509196
nonexistent_069,llama-4-maverick-17b,epistemic_humility,0,0,already_correct,0.0746020064872662,0.5065082810005996,1.7248770485132827,0.6200790952724083
nonexistent_070,llama-4-maverick-17b,epistemic_humility,0,0,already_correct,0.2231962646932311,0.3774941064544084,2.565239212839378,0.5428052565641274
nonexistent_071,llama-4-maverick-17b,epistemic_humility,0,0,already_correct,0.444422174384231,0.3883344433650393,1.3848640785493171,0.740159468757686
nonexistent_072,llama-4-maverick-17b,epistemic_humility,0,0,already_correct,0.1418882700819371,0.4499181735474316,1.410469525862015,0.7046362488953579
nonexistent_073,llama-4-maverick-17b,epistemic_humility,0,0,already_correct,0.6078326428629937,0.6533312838264017,2.769645429260442,0.6188884918061701
nonexistent_074,llama-4-maverick-17b,epistemic_humility,0,0,already_correct,0.124045795844386,0.3774086969379046,2.346487059189837,0.5508230476279948
nonexistent_075,llama-4-maverick-17b,epistemic_humility,0,0,already_correct,0.1024315549974038,0.2676045967438318,2.056780484627801,0.6698730496654235
nonexistent_076,llama-4-maverick-17b,epistemic_humility,0,0,already_correct,0.1890046897721587,0.4774598160250866,2.2157114319817346,0.6368687940379189
nonexistent_077,llama-4-maverick-17b,epistemic_humility,2,0,fixed,0.3774938717837871,0.4307552008558352,1.6480894842078375,0.6833262920351999
nonexistent_078,llama-4-maverick-17b,epistemic_humility,0,0,already_correct,0.2391853786875315,0.6342464680046138,2.636007745353853,0.5813405949109487
nonexistent_079,llama-4-maverick-17b,epistemic_humility,0,0,already_correct,0.0041491256678026,0.5300003710761907,2.2895570298667365,0.5396074401281944
nonexistent_080,llama-4-maverick-17b,epistemic_humility,0,0,already_correct,0.0639360744884086,0.5369556486215432,2.3165792341902827,0.5285954358091894
nonexistent_081,llama-4-maverick-17b,epistemic_humility,0,0,already_correct,0.510318600796009,0.4869111922249682,2.2154789476257033,0.6393147415853841
nonexistent_082,llama-4-maverick-17b,epistemic_humility,0,0,already_correct,-2.220446049250313e-16,0.5579015388786452,2.906007100061119,0.5722083956637365
nonexistent_083,llama-4-maverick-17b,epistemic_humility,0,0,already_correct,0.2264918922650558,0.3872016757502944,2.671676068597886,0.5402400158597737
nonexistent_084,llama-4-maverick-17b,epistemic_humility,0,0,already_correct,0.1813165410053703,0.3779636385347069,2.278890128273501,0.5351329439205346
nonexistent_085,llama-4-maverick-17b,epistemic_humility,0,0,already_correct,0.0,0.5538749481118661,2.3942196181987963,0.5698575328740195
nonexistent_086,llama-4-maverick-17b,epistemic_humility,0,0,already_correct,0.2248132435528604,0.3620338686224142,2.582051227694653,0.5451446450145236
nonexistent_087,llama-4-maverick-17b,epistemic_humility,0,0,already_correct,0.0108420991632629,0.3945560043224224,2.394178481297942,0.5453762343562223
nonexistent_088,llama-4-maverick-17b,epistemic_humility,0,0,already_correct,1.1102230246251563e-16,0.6183519861963505,2.999391669304233,0.545934183786133
nonexistent_089,llama-4-maverick-17b,epistemic_humility,0,0,already_correct,0.0088413298822498,0.6070316724571939,2.75591942122386,0.5656177785257627
nonexistent_090,llama-4-maverick-17b,epistemic_humility,0,0,already_correct,0.4061365497884437,0.640297956406194,2.9999818462888124,0.5961153916347955
nonexistent_091,llama-4-maverick-17b,epistemic_humility,0,0,already_correct,0.0080572660634468,0.5883895280631628,2.867792951359041,0.5531594733499339
nonexistent_092,llama-4-maverick-17b,epistemic_humility,0,0,already_correct,0.6882958732870419,0.6043505175939932,2.2428224618371955,0.4509241254123759
nonexistent_093,llama-4-maverick-17b,epistemic_humility,0,0,already_correct,0.5118603154082471,0.6178111595283993,2.872415108360505,0.5720176184676486
nonexistent_094,llama-4-maverick-17b,epistemic_humility,0,0,already_correct,0.1452052134183755,0.3669857232413221,2.301006000964713,0.5312844221702979
nonexistent_095,llama-4-maverick-17b,epistemic_humility,0,0,already_correct,0.3348925460280942,0.4324710021081013,1.9591909411658672,0.6663871378803026
nonexistent_096,llama-4-maverick-17b,epistemic_humility,2,0,fixed,0.4542606855006625,0.3830227381620973,2.60203804699986,0.5854421830344917
nonexistent_097,llama-4-maverick-17b,epistemic_humility,0,0,already_correct,0.2775313508640024,0.5452100276976068,2.786741082796479,0.5639343830321482
nonexistent_098,llama-4-maverick-17b,epistemic_humility,0,0,already_correct,0.0953515009517443,0.6060300380484986,2.3140911045752968,0.5877398578595393
nonexistent_099,llama-4-maverick-17b,epistemic_humility,0,0,already_correct,0.0693157235875372,0.5975343944918458,3.082443756039945,0.5309233309466046
nonexistent_100,llama-4-maverick-17b,epistemic_humility,0,0,already_correct,0.7046961778722258,0.3165946188778467,1.9220794841788955,0.7047898011803579
nonexistent_101,llama-4-maverick-17b,epistemic_humility,0,0,already_correct,0.0,0.2898084442356734,1.8477435834610152,0.6852463128598838
nonexistent_102,llama-4-maverick-17b,epistemic_humility,0,0,already_correct,0.7440328994000756,0.656492510271725,2.9364449240045225,0.5345052101237924
nonexistent_103,llama-4-maverick-17b,epistemic_humility,0,0,already_correct,0.5016432193586686,0.6008961890862008,2.686987516108755,0.550320452436539
nonexistent_104,llama-4-maverick-17b,epistemic_humility,0,0,already_correct,0.4361524948216549,0.3742063842066859,2.4617332860106163,0.6050834543762504
nonexistent_105,llama-4-maverick-17b,epistemic_humility,0,0,already_correct,0.7709418713871505,0.6247681874084382,2.835188476389863,0.5946197096843913
nonexistent_106,llama-4-maverick-17b,epistemic_humility,0,0,already_correct,0.6078326428629951,0.6398374132984526,2.6383556049792096,0.6529173473539759
nonexistent_107,llama-4-maverick-17b,epistemic_humility,0,0,already_correct,0.1238208174257008,0.6442680389447031,2.6161830080858635,0.5976396745373815
nonexistent_108,llama-4-maverick-17b,epistemic_humility,0,0,already_correct,0.3123011901183431,0.611198138760787,2.711674497407564,0.5539723480018477
nonexistent_109,llama-4-maverick-17b,epistemic_humility,0,0,already_correct,-2.220446049250313e-16,0.2734974646941881,2.0455396028515973,0.6693600584024785
nonexistent_110,llama-4-maverick-17b,epistemic_humility,0,0,already_correct,0.5118603154082475,0.6097263902414586,2.6828549395236836,0.5943882438631942
nonexistent_111,llama-4-maverick-17b,epistemic_humility,0,0,already_correct,0.1782511086366093,0.2975615246505051,1.9208393848922565,0.6681828765393893
nonexistent_112,llama-4-maverick-17b,epistemic_humility,0,0,already_correct,0.5016432193586703,0.6186014594359213,2.87296858991689,0.5540540491300642
nonexistent_113,llama-4-maverick-17b,epistemic_humility,0,0,already_correct,0.0063899062963099,0.5586626835313167,2.840682923784205,0.557496767672401
nonexistent_114,llama-4-maverick-17b,epistemic_humility,0,0,already_correct,0.1429230961483591,0.5550202047340128,2.8248187354450396,0.568418176152549
nonexistent_115,llama-4-maverick-17b,epistemic_humility,0,0,already_correct,0.1650254185559772,0.5731607226937883,2.349115435465942,0.5823740445607263
nonexistent_116,llama-4-maverick-17b,epistemic_humility,0,0,already_correct,0.0,0.3633982611488979,2.348215397561924,0.5662501001010025
nonexistent_117,llama-4-maverick-17b,epistemic_humility,0,0,already_correct,0.1226499096655227,0.571144421812326,2.63405993552945,0.5800607937026624
nonexistent_118,llama-4-maverick-17b,epistemic_humility,0,0,already_correct,0.0048429147825804,0.2635767938349528,2.0750847301949236,0.668915287539573
nonexistent_119,llama-4-maverick-17b,epistemic_humility,0,0,already_correct,0.036017250607789,0.303978232075897,1.910441718217879,0.669415725821472
nonexistent_120,llama-4-maverick-17b,epistemic_humility,0,0,already_correct,0.4087823102518205,0.3345844495325311,2.023099001917248,0.6762248492406105
ambiguous_001,llama-4-maverick-17b,epistemic_humility,0,0,already_correct,1.1102230246251563e-16,0.4513794437816401,1.5647058596101149,0.6762421181316913
ambiguous_002,llama-4-maverick-17b,epistemic_humility,0,0,already_correct,0.156266619267345,0.4738785383594013,1.5491106051937995,0.6478326148339721
ambiguous_003,llama-4-maverick-17b,epistemic_humility,0,0,already_correct,0.3080591443624276,0.4369457045848902,1.7434172385236724,0.5916459010431453
ambiguous_004,llama-4-maverick-17b,epistemic_humility,0,0,already_correct,0.3256189317691312,0.4187259533005385,2.022408245644571,0.4574143719551241
ambiguous_005,llama-4-maverick-17b,epistemic_humility,0,0,already_correct,0.2050703741541029,0.4486209595157274,1.533774470051912,0.6053944897852803
ambiguous_006,llama-4-maverick-17b,epistemic_humility,0,0,already_correct,0.0518319154145865,0.3821622797863735,1.7204615102839311,0.5881900769703599
ambiguous_007,llama-4-maverick-17b,epistemic_humility,0,0,already_correct,0.3209110607670674,0.4935539922957875,1.797897865239334,0.4986332005672295
ambiguous_008,llama-4-maverick-17b,epistemic_humility,0,0,already_correct,-2.220446049250313e-16,0.3885697140988601,1.6739590399814115,0.5495560201156677
ambiguous_009,llama-4-maverick-17b,epistemic_humility,0,0,already_correct,0.7817070362190207,0.5008673712789751,2.5116140111091583,0.5977153724716655
ambiguous_010,llama-4-maverick-17b,epistemic_humility,0,0,already_correct,0.0475995434810057,0.4588522448712292,1.495000430874621,0.5928802068173216
ambiguous_011,llama-4-maverick-17b,epistemic_humility,0,0,already_correct,0.5197036923578444,0.4901867915533022,2.12261389091119,0.6294324830746607
ambiguous_012,llama-4-maverick-17b,epistemic_humility,0,0,already_correct,0.0478287855388587,0.4889574550150641,1.8939417647262324,0.6339152382996209
ambiguous_013,llama-4-maverick-17b,epistemic_humility,0,0,already_correct,0.6861433153782892,0.3426191447263088,1.946222997396814,0.6033718498608189
ambiguous_014,llama-4-maverick-17b,epistemic_humility,0,0,already_correct,0.5696514344000015,0.4822030792025104,1.673090296213788,0.5767970614395511
ambiguous_015,llama-4-maverick-17b,epistemic_humility,0,0,already_correct,0.006331088371127,0.524241975087887,2.480078367613028,0.5689004415259753
ambiguous_016,llama-4-maverick-17b,epistemic_humility,0,0,already_correct,0.2113088459761729,0.4762212802418333,1.666302606977574,0.6348986657394063
ambiguous_017,llama-4-maverick-17b,epistemic_humility,0,0,already_correct,2.220446049250313e-16,0.5301814116529138,1.7386652921085697,0.5586315121384209
ambiguous_018,llama-4-maverick-17b,epistemic_humility,0,0,already_correct,0.0530431484712531,0.5524618129318023,2.305389413728326,0.5632077631307728
ambiguous_019,llama-4-maverick-17b,epistemic_humility,0,0,already_correct,0.5747450417462028,0.4703734853293836,1.9714896929037995,0.645917251025028
ambiguous_020,llama-4-maverick-17b,epistemic_humility,0,0,already_correct,0.8544863026435386,0.4908550493110857,1.6216498566508957,0.6091094490231097
ambiguous_021,llama-4-maverick-17b,epistemic_humility,0,0,already_correct,0.4526154356896075,0.477356057734747,2.2498023613167444,0.584299413307553
ambiguous_022,llama-4-maverick-17b,epistemic_humility,0,0,already_correct,0.4162526884229248,0.4426994226311981,1.8093026271726984,0.6055317326702114
ambiguous_023,llama-4-maverick-17b,epistemic_humility,0,0,already_correct,0.2760844051091073,0.4083250134176807,1.597435662269415,0.6198188342781339
ambiguous_024,llama-4-maverick-17b,epistemic_humility,0,0,already_correct,0.4769088584266318,0.4415771262943727,1.947832954084308,0.6336175875800149
ambiguous_025,llama-4-maverick-17b,epistemic_humility,0,0,already_correct,3.3306690738754696e-16,0.4303615604332876,1.717905004596788,0.5895631527681274
ambiguous_026,llama-4-maverick-17b,epistemic_humility,0,0,already_correct,0.7756478610317874,0.4481652299566769,1.9966912875228944,0.5539782813035896
ambiguous_027,llama-4-maverick-17b,epistemic_humility,0,0,already_correct,0.65337205001654,0.4920463264015721,1.8550477551070408,0.5790169270710116
ambiguous_028,llama-4-maverick-17b,epistemic_humility,0,0,already_correct,0.7837684723193905,0.5559512611292741,2.5253373391085745,0.4884599678512389
ambiguous_029,llama-4-maverick-17b,epistemic_humility,0,0,already_correct,0.7349821196700508,0.4700382676302619,1.6836054786857897,0.6180723877663572
ambiguous_030,llama-4-maverick-17b,epistemic_humility,0,0,already_correct,1.1102230246251563e-16,0.4805095401320631,1.684627314785207,0.6469193613548665
ambiguous_031,llama-4-maverick-17b,epistemic_humility,0,0,already_correct,0.4745157636360088,0.4590779271101095,2.2056204955548524,0.5987863233529852
ambiguous_032,llama-4-maverick-17b,epistemic_humility,0,0,already_correct,0.5960955733174593,0.4745264660026879,1.9309545300549564,0.6486603872812313
ambiguous_033,llama-4-maverick-17b,epistemic_humility,0,0,already_correct,0.5450477701089003,0.3408572808392561,1.5186842211089546,0.6757521670687063
ambiguous_034,llama-4-maverick-17b,epistemic_humility,0,0,already_correct,0.2801912416407609,0.4886872520942579,1.649913076128024,0.634175344337971
ambiguous_035,llama-4-maverick-17b,epistemic_humility,0,0,already_correct,0.1925840292678671,0.4947919423642294,1.8809749221551064,0.6429165414873972
ambiguous_036,llama-4-maverick-17b,epistemic_humility,0,0,already_correct,0.5714292957616816,0.3918340309820629,1.589261410637838,0.6313742449601347
ambiguous_037,llama-4-maverick-17b,epistemic_humility,0,0,already_correct,0.3266285119014644,0.4027126938437462,1.669149067327672,0.6811065852223763
ambiguous_038,llama-4-maverick-17b,epistemic_humility,0,0,already_correct,0.7930763567529276,0.4373771959340085,1.8337624019513588,0.6173261440063563
ambiguous_039,llama-4-maverick-17b,epistemic_humility,0,0,already_correct,0.793011270114748,0.412109214029654,1.7574826215622117,0.6519528738094241
ambiguous_040,llama-4-maverick-17b,epistemic_humility,0,0,already_correct,0.4010978374185715,0.4720551513825379,1.535301183088386,0.652945435462701
ambiguous_041,llama-4-maverick-17b,epistemic_humility,0,0,already_correct,1.1102230246251563e-16,0.3954656701936273,2.0882568101300514,0.6111258136004332
ambiguous_042,llama-4-maverick-17b,epistemic_humility,0,0,already_correct,0.4191815494437741,0.4125742846911971,2.1025067631140755,0.6083614431685562
ambiguous_043,llama-4-maverick-17b,epistemic_humility,0,0,already_correct,0.772029511728072,0.4104756034518856,1.7331819908023778,0.5914375756850283
ambiguous_044,llama-4-maverick-17b,epistemic_humility,0,0,already_correct,0.1141930109973524,0.4455329723918393,1.4950548630899807,0.7469428945095788
ambiguous_045,llama-4-maverick-17b,epistemic_humility,0,0,already_correct,0.199354465743603,0.4763491588176562,1.8880987863168004,0.6647331060284427
ambiguous_046,llama-4-maverick-17b,epistemic_humility,0,0,already_correct,0.6017392034715879,0.498338276172085,1.7294301961153629,0.6344999105871726
ambiguous_047,llama-4-maverick-17b,epistemic_humility,0,0,already_correct,1.1102230246251563e-16,0.5203500695220684,2.1452544516792873,0.609386040166454
ambiguous_048,llama-4-maverick-17b,epistemic_humility,0,0,already_correct,0.0007623374921091,0.5308068561372266,2.288822174471036,0.5812918740543526
ambiguous_049,llama-4-maverick-17b,epistemic_humility,0,0,already_correct,0.015373448445039,0.4583185559205806,1.537740731218717,0.7508015940134369
ambiguous_050,llama-4-maverick-17b,epistemic_humility,0,0,already_correct,0.1046427514876041,0.465696382006646,1.6163408071835996,0.5684870725852254
ambiguous_051,llama-4-maverick-17b,epistemic_humility,0,0,already_correct,0.2499723149221913,0.43023306463915,1.7107824916712575,0.6072732194290416
ambiguous_052,llama-4-maverick-17b,epistemic_humility,0,0,already_correct,0.1777043483180626,0.3669493979542798,1.5792179442982903,0.6786201025989553
ambiguous_053,llama-4-maverick-17b,epistemic_humility,0,0,already_correct,1.1102230246251563e-16,0.5118915852044066,2.179763751474003,0.6039753448805846
ambiguous_054,llama-4-maverick-17b,epistemic_humility,0,0,already_correct,0.198262011441614,0.4242561711000174,1.7758487332933757,0.5876605809851464
ambiguous_055,llama-4-maverick-17b,epistemic_humility,0,0,already_correct,0.3318038674512861,0.5638879571477007,2.597080864630488,0.5411168078440893
ambiguous_056,llama-4-maverick-17b,epistemic_humility,0,0,already_correct,0.787933391422078,0.4282860633495321,1.6794508530342969,0.6193214851712351
ambiguous_057,llama-4-maverick-17b,epistemic_humility,0,0,already_correct,0.7113343895294981,0.4293178033901159,1.5607522898229576,0.5954319298025103
ambiguous_058,llama-4-maverick-17b,epistemic_humility,0,0,already_correct,0.4716015668227307,0.4854064458580643,1.6875500884206494,0.6059676160038356
ambiguous_059,llama-4-maverick-17b,epistemic_humility,0,0,already_correct,0.2264498336035106,0.3760437799577025,1.9834791706852324,0.6039879748085556
ambiguous_060,llama-4-maverick-17b,epistemic_humility,0,0,already_correct,0.3825585437981733,0.51702828834971,2.0952969419991185,0.6084568178815019
ambiguous_061,llama-4-maverick-17b,epistemic_humility,0,0,already_correct,0.2272560128285399,0.457724324731267,2.097446446207426,0.6047368641572493
ambiguous_062,llama-4-maverick-17b,epistemic_humility,0,0,already_correct,0.3750512555545342,0.3472976227298386,1.5367877744642742,0.6763947789547355
ambiguous_063,llama-4-maverick-17b,epistemic_humility,0,0,already_correct,0.3865161151473019,0.541080692121289,2.542454437666057,0.5768717961479495
ambiguous_064,llama-4-maverick-17b,epistemic_humility,0,0,already_correct,0.1307481718924291,0.3895086882637234,1.503733655746533,0.6664351444693426
ambiguous_065,llama-4-maverick-17b,epistemic_humility,0,0,already_correct,0.194605255827799,0.4511334962558812,1.916915496860755,0.5915300441343841
ambiguous_066,llama-4-maverick-17b,epistemic_humility,0,0,already_correct,0.3654580221617494,0.4042543673130022,2.2415599654657004,0.5794837452194913
ambiguous_067,llama-4-maverick-17b,epistemic_humility,0,0,already_correct,0.0791723013304377,0.4497917419916035,1.841533950391534,0.5970550880084131
ambiguous_068,llama-4-maverick-17b,epistemic_humility,0,0,already_correct,0.066774602112254,0.4951176168791676,2.1267789044021064,0.6351308307505117
ambiguous_069,llama-4-maverick-17b,epistemic_humility,0,0,already_correct,0.1586471919117993,0.529494803089946,2.0765701978308715,0.5892945636077542
ambiguous_070,llama-4-maverick-17b,epistemic_humility,0,0,already_correct,0.1870498066681122,0.4704141435171802,1.8277405957714217,0.6663566236239373
ambiguous_071,llama-4-maverick-17b,epistemic_humility,0,0,already_correct,0.7759509016235346,0.3699680199022408,1.7725946025393668,0.6637848508725611
ambiguous_072,llama-4-maverick-17b,epistemic_humility,0,0,already_correct,0.5216525516035583,0.4684540634637558,2.326993622517255,0.5978458356539245
ambiguous_073,llama-4-maverick-17b,epistemic_humility,0,0,already_correct,0.2936189183965008,0.5208703924217264,2.1241942911593283,0.6104035765527966
ambiguous_074,llama-4-maverick-17b,epistemic_humility,0,0,already_correct,0.1145039381174928,0.4419136983826476,1.788208277303796,0.6120511931249658
ambiguous_075,llama-4-maverick-17b,epistemic_humility,0,0,already_correct,0.365952809779331,0.485992797395979,1.8185966114818952,0.5435721514206071
ambiguous_076,llama-4-maverick-17b,epistemic_humility,0,0,already_correct,0.7213988409624724,0.3607934560277327,2.032940124169298,0.5768120238858836
ambiguous_077,llama-4-maverick-17b,epistemic_humility,0,0,already_correct,1.1102230246251563e-16,0.4691249325297769,1.536176855806763,0.6655102729503211
ambiguous_078,llama-4-maverick-17b,epistemic_humility,0,0,already_correct,0.6102384166237447,0.3309039430913535,1.945321004425669,0.6327630031284367
ambiguous_079,llama-4-maverick-17b,epistemic_humility,0,0,already_correct,0.0472035092883931,0.4396842449932009,1.5565000443193089,0.6797952870020483
ambiguous_080,llama-4-maverick-17b,epistemic_humility,0,0,already_correct,0.4151977764858052,0.3586927595693975,1.7914394329217986,0.6721294801293554
ambiguous_081,llama-4-maverick-17b,epistemic_humility,0,0,already_correct,0.4855467651349612,0.5549968588167808,2.5053253012188668,0.5468872608542804
ambiguous_082,llama-4-maverick-17b,epistemic_humility,0,0,already_correct,0.7658328910058598,0.6230728097731264,2.6572470950989033,0.535077946552968
ambiguous_083,llama-4-maverick-17b,epistemic_humility,0,0,already_correct,0.3569879122793679,0.4234983998739121,1.4864427139139904,0.7005679142214887
ambiguous_084,llama-4-maverick-17b,epistemic_humility,0,0,already_correct,0.813915447603801,0.5617528164330869,2.6222694504409856,0.4985161385558181
ambiguous_085,llama-4-maverick-17b,epistemic_humility,0,0,already_correct,0.1614533423014978,0.4636291982680142,1.941804469540396,0.5900963108132051
ambiguous_086,llama-4-maverick-17b,epistemic_humility,0,0,already_correct,0.743017796599794,0.3543153196251317,1.9659807045529467,0.6562811030001302
ambiguous_087,llama-4-maverick-17b,epistemic_humility,0,0,already_correct,0.0466926555910374,0.4222848113421836,1.8424749469213983,0.6127122670072148
ambiguous_088,llama-4-maverick-17b,epistemic_humility,0,0,already_correct,0.3567118773098702,0.4841113809463411,2.167649005470379,0.6245334628816293
ambiguous_089,llama-4-maverick-17b,epistemic_humility,0,0,already_correct,0.611246284171553,0.4960113538981785,2.191870742736033,0.6206749868162854
ambiguous_090,llama-4-maverick-17b,epistemic_humility,0,0,already_correct,0.8042895480254924,0.416559976103064,1.7939307084915004,0.6686223726245681
ambiguous_091,llama-4-maverick-17b,epistemic_humility,0,0,already_correct,0.2076148675269422,0.5138145931119994,2.139665299885295,0.6247996434257974
ambiguous_092,llama-4-maverick-17b,epistemic_humility,0,0,already_correct,0.1026864266633025,0.4481939538203094,2.1869450002189654,0.5909426463446185
ambiguous_093,llama-4-maverick-17b,epistemic_humility,0,0,already_correct,0.278469105695076,0.4535280981303278,2.3649636701392054,0.5582842671254327
ambiguous_094,llama-4-maverick-17b,epistemic_humility,0,0,already_correct,0.1570242529823706,0.5673791056109705,2.851291536253753,0.5590425535361244
ambiguous_095,llama-4-maverick-17b,epistemic_humility,0,0,already_correct,0.3971435463888026,0.4763578147032907,2.0347122121218564,0.618879841037896
ambiguous_096,llama-4-maverick-17b,epistemic_humility,0,0,already_correct,0.4765253194221335,0.4640500223838369,2.1859176570194774,0.5872903383214326
ambiguous_097,llama-4-maverick-17b,epistemic_humility,0,0,already_correct,0.6353888046578354,0.4442563595374043,2.254569412046105,0.5951307953623421
ambiguous_098,llama-4-maverick-17b,epistemic_humility,0,0,already_correct,0.2659934557581298,0.4971533534766986,1.85431406597822,0.6315672380816152
ambiguous_099,llama-4-maverick-17b,epistemic_humility,0,0,already_correct,0.4122169180977346,0.4999457285191128,2.0566971102312928,0.62843695233373
ambiguous_100,llama-4-maverick-17b,epistemic_humility,0,0,already_correct,0.7951870003563645,0.3379685889996887,1.9014629498644784,0.6729866135836824
ambiguous_101,llama-4-maverick-17b,epistemic_humility,0,0,already_correct,0.4644291196378647,0.4211060115285139,1.555361831243632,0.6486240159912241
ambiguous_102,llama-4-maverick-17b,epistemic_humility,0,0,already_correct,0.4648150364333798,0.3801291588200778,1.4396473473008482,0.6897197965120447
ambiguous_103,llama-4-maverick-17b,epistemic_humility,0,0,already_correct,0.5419964895552143,0.3842231245479571,1.8999848662665637,0.6139291334793262
ambiguous_104,llama-4-maverick-17b,epistemic_humility,0,0,already_correct,0.8258606644456606,0.4323335563608909,1.869447626643557,0.5807633910194665
ambiguous_105,llama-4-maverick-17b,epistemic_humility,0,0,already_correct,0.0,0.5850687660016045,2.8198418307364688,0.5159791337842479
ambiguous_106,llama-4-maverick-17b,epistemic_humility,0,0,already_correct,0.1955541882323601,0.4763274033503883,2.0453482035877815,0.5792543068011743
ambiguous_107,llama-4-maverick-17b,epistemic_humility,0,0,already_correct,0.7852537142351815,0.5534447910869212,3.077240443272292,0.5617718876165703
ambiguous_108,llama-4-maverick-17b,epistemic_humility,0,0,already_correct,0.7784739681522246,0.5289489372570311,2.570043882663746,0.5394469160977834
ambiguous_109,llama-4-maverick-17b,epistemic_humility,0,0,already_correct,-2.220446049250313e-16,0.5630419088673722,2.8453042975425036,0.5279049399088223
ambiguous_110,llama-4-maverick-17b,epistemic_humility,0,0,already_correct,0.7784739681522236,0.5573831781530021,2.6980702528590874,0.5525947825895404
ambiguous_111,llama-4-maverick-17b,epistemic_humility,0,0,already_correct,0.7904265763990705,0.5332547039469795,2.890427822347319,0.5592195130142679
ambiguous_112,llama-4-maverick-17b,epistemic_humility,0,0,already_correct,0.5944778426772561,0.4529522508777139,2.2979668368910664,0.5939220502391782
ambiguous_113,llama-4-maverick-17b,epistemic_humility,0,0,already_correct,0.7916298108343762,0.4708141465392798,2.1296230172096258,0.5992961085932158
ambiguous_114,llama-4-maverick-17b,epistemic_humility,0,0,already_correct,0.7817070362190197,0.5222985536915039,2.689982597010804,0.5710750985500112
ambiguous_115,llama-4-maverick-17b,epistemic_humility,0,0,already_correct,0.578983228374877,0.564329623796546,3.139104836665925,0.4776152791885106
ambiguous_116,llama-4-maverick-17b,epistemic_humility,0,0,already_correct,0.4397094565167494,0.5032015078756849,2.3459072836823083,0.5694700344070834
ambiguous_117,llama-4-maverick-17b,epistemic_humility,0,0,already_correct,0.7718055566518579,0.3231921429136292,1.997050245081332,0.6543277516701158
ambiguous_118,llama-4-maverick-17b,epistemic_humility,0,0,already_correct,0.4292952995207831,0.5103708777922726,2.0636351730411566,0.6327721335318325
ambiguous_119,llama-4-maverick-17b,epistemic_humility,0,0,already_correct,0.613721947830653,0.5614774706503529,2.5443242509364064,0.6052582758233723
ambiguous_120,llama-4-maverick-17b,epistemic_humility,0,0,already_correct,1.1102230246251563e-16,0.4112788770004014,1.9116197702854123,0.5695286366447575
borderline_obscure_0,llama-4-maverick-17b,fact_grounded,0,0,already_correct,,,,
borderline_obscure_2,llama-4-maverick-17b,fact_grounded,0,0,already_correct,,,,
borderline_obscure_3,llama-4-maverick-17b,fact_grounded,0,0,already_correct,,,,
borderline_obscure_4,llama-4-maverick-17b,fact_grounded,0,0,already_correct,,,,
borderline_obscure_5,llama-4-maverick-17b,fact_grounded,0,0,already_correct,,,,
borderline_obscure_6,llama-4-maverick-17b,fact_grounded,0,3,already_correct,,,,
borderline_obscure_8,llama-4-maverick-17b,fact_grounded,0,0,already_correct,,,,
borderline_obscure_9,llama-4-maverick-17b,fact_grounded,0,0,already_correct,,,,
borderline_obscure_10,llama-4-maverick-17b,fact_grounded,0,0,already_correct,,,,
borderline_obscure_12,llama-4-maverick-17b,fact_grounded,0,0,already_correct,,,,
borderline_obscure_14,llama-4-maverick-17b,fact_grounded,0,0,already_correct,,,,
borderline_obscure_15,llama-4-maverick-17b,fact_grounded,0,0,already_correct,,,,
borderline_obscure_16,llama-4-maverick-17b,fact_grounded,0,0,already_correct,,,,
borderline_obscure_17,llama-4-maverick-17b,fact_grounded,0,3,already_correct,,,,
borderline_obscure_18,llama-4-maverick-17b,fact_grounded,0,0,already_correct,,,,
borderline_obscure_19,llama-4-maverick-17b,fact_grounded,0,0,already_correct,,,,
borderline_obscure_20,llama-4-maverick-17b,fact_grounded,0,0,already_correct,,,,
borderline_obscure_21,llama-4-maverick-17b,fact_grounded,0,0,already_correct,,,,
borderline_obscure_22,llama-4-maverick-17b,fact_grounded,0,0,already_correct,,,,
borderline_obscure_23,llama-4-maverick-17b,fact_grounded,2,3,fixed,,,,
borderline_obscure_24,llama-4-maverick-17b,fact_grounded,0,0,already_correct,,,,
borderline_obscure_25,llama-4-maverick-17b,fact_grounded,0,3,already_correct,,,,
borderline_obscure_26,llama-4-maverick-17b,fact_grounded,0,0,already_correct,,,,
borderline_obscure_27,llama-4-maverick-17b,fact_grounded,0,0,already_correct,,,,
borderline_obscure_28,llama-4-maverick-17b,fact_grounded,0,0,already_correct,,,,
borderline_obscure_29,llama-4-maverick-17b,fact_grounded,0,0,already_correct,,,,
borderline_obscure_30,llama-4-maverick-17b,fact_grounded,0,0,already_correct,,,,
borderline_obscure_31,llama-4-maverick-17b,fact_grounded,0,0,already_correct,,,,
borderline_obscure_32,llama-4-maverick-17b,fact_grounded,0,0,already_correct,,,,
borderline_obscure_34,llama-4-maverick-17b,fact_grounded,0,3,already_correct,,,,
borderline_fake_0,llama-4-maverick-17b,fact_grounded,2,2,still_broken,,,,
borderline_fake_2,llama-4-maverick-17b,fact_grounded,0,0,already_correct,,,,
borderline_fake_3,llama-4-maverick-17b,fact_grounded,2,0,fixed,,,,
borderline_fake_4,llama-4-maverick-17b,fact_grounded,2,2,still_broken,,,,
borderline_fake_5,llama-4-maverick-17b,fact_grounded,0,0,already_correct,,,,
borderline_fake_6,llama-4-maverick-17b,fact_grounded,2,0,fixed,,,,
borderline_fake_7,llama-4-maverick-17b,fact_grounded,1,0,other,,,,
borderline_fake_8,llama-4-maverick-17b,fact_grounded,0,3,already_correct,,,,
borderline_fake_9,llama-4-maverick-17b,fact_grounded,0,0,already_correct,,,,
borderline_fake_10,llama-4-maverick-17b,fact_grounded,2,3,fixed,,,,
borderline_fake_11,llama-4-maverick-17b,fact_grounded,2,0,fixed,,,,
borderline_fake_12,llama-4-maverick-17b,fact_grounded,0,0,already_correct,,,,
borderline_fake_13,llama-4-maverick-17b,fact_grounded,0,3,already_correct,,,,
borderline_fake_14,llama-4-maverick-17b,fact_grounded,2,0,fixed,,,,
borderline_fake_15,llama-4-maverick-17b,fact_grounded,2,0,fixed,,,,
borderline_fake_16,llama-4-maverick-17b,fact_grounded,0,0,already_correct,,,,
borderline_fake_17,llama-4-maverick-17b,fact_grounded,0,0,already_correct,,,,
borderline_fake_19,llama-4-maverick-17b,fact_grounded,2,3,fixed,,,,
borderline_fake_20,llama-4-maverick-17b,fact_grounded,0,0,already_correct,,,,
borderline_fake_21,llama-4-maverick-17b,fact_grounded,0,0,already_correct,,,,
borderline_fake_22,llama-4-maverick-17b,fact_grounded,2,3,fixed,,,,
borderline_fake_23,llama-4-maverick-17b,fact_grounded,2,2,still_broken,,,,
borderline_fake_24,llama-4-maverick-17b,fact_grounded,2,0,fixed,,,,
borderline_fake_27,llama-4-maverick-17b,fact_grounded,0,0,already_correct,,,,
borderline_fake_28,llama-4-maverick-17b,fact_grounded,2,0,fixed,,,,
borderline_fake_29,llama-4-maverick-17b,fact_grounded,2,0,fixed,,,,
borderline_fake_30,llama-4-maverick-17b,fact_grounded,0,0,already_correct,,,,
borderline_fake_31,llama-4-maverick-17b,fact_grounded,2,0,fixed,,,,
borderline_fake_32,llama-4-maverick-17b,fact_grounded,0,0,already_correct,,,,
borderline_fake_33,llama-4-maverick-17b,fact_grounded,0,0,already_correct,,,,
borderline_fake_34,llama-4-maverick-17b,fact_grounded,0,0,already_correct,,,,
borderline_edge_0,llama-4-maverick-17b,fact_grounded,0,0,already_correct,,,,
borderline_edge_1,llama-4-maverick-17b,fact_grounded,0,0,already_correct,,,,
borderline_edge_2,llama-4-maverick-17b,fact_grounded,0,0,already_correct,,,,
borderline_edge_3,llama-4-maverick-17b,fact_grounded,0,0,already_correct,,,,
borderline_edge_4,llama-4-maverick-17b,fact_grounded,0,0,already_correct,,,,
borderline_edge_5,llama-4-maverick-17b,fact_grounded,0,0,already_correct,,,,
borderline_edge_6,llama-4-maverick-17b,fact_grounded,0,0,already_correct,,,,
borderline_edge_7,llama-4-maverick-17b,fact_grounded,0,0,already_correct,,,,
borderline_edge_8,llama-4-maverick-17b,fact_grounded,0,0,already_correct,,,,
borderline_edge_9,llama-4-maverick-17b,fact_grounded,0,0,already_correct,,,,
borderline_edge_10,llama-4-maverick-17b,fact_grounded,0,0,already_correct,,,,
borderline_edge_11,llama-4-maverick-17b,fact_grounded,0,0,already_correct,,,,
borderline_edge_12,llama-4-maverick-17b,fact_grounded,0,0,already_correct,,,,
borderline_edge_13,llama-4-maverick-17b,fact_grounded,0,0,already_correct,,,,
borderline_edge_14,llama-4-maverick-17b,fact_grounded,0,0,already_correct,,,,
borderline_edge_15,llama-4-maverick-17b,fact_grounded,0,0,already_correct,,,,
borderline_edge_16,llama-4-maverick-17b,fact_grounded,0,0,already_correct,,,,
borderline_edge_17,llama-4-maverick-17b,fact_grounded,0,0,already_correct,,,,
borderline_edge_18,llama-4-maverick-17b,fact_grounded,0,0,already_correct,,,,
borderline_edge_19,llama-4-maverick-17b,fact_grounded,0,0,already_correct,,,,
factual_001,llama-4-maverick-17b,fact_grounded,0,0,already_correct,0.3390698482009572,0.4258317670548038,1.383397835699358,0.8319429930204049
factual_002,llama-4-maverick-17b,fact_grounded,0,3,already_correct,1.1102230246251563e-16,0.3671381095938628,1.542750285528084,0.7310246140998413
factual_003,llama-4-maverick-17b,fact_grounded,0,0,already_correct,0.0756442551152993,0.4801142226197014,1.624794773575251,0.755998273251816
factual_004,llama-4-maverick-17b,fact_grounded,2,1,fixed,0.0,0.4091090586541112,1.456805708543466,0.6993882164910686
factual_005,llama-4-maverick-17b,fact_grounded,0,3,already_correct,0.701730912788892,0.5021843521531819,1.7011396195193464,0.631399119430105
factual_006,llama-4-maverick-17b,fact_grounded,0,0,already_correct,0.3259960846208846,0.463198484824823,1.6399415228618777,0.7872932102035252
factual_007,llama-4-maverick-17b,fact_grounded,3,3,other,0.2091951151053356,0.4128652483638895,1.5903660763514311,0.7465407015315013
factual_008,llama-4-maverick-17b,fact_grounded,0,0,already_correct,0.2037090540592256,0.468512958130906,1.6390644859640455,0.7686338531644856
factual_009,llama-4-maverick-17b,fact_grounded,1,3,other,0.853848090543631,0.4151502834613091,1.6498944144090766,0.6572635505963973
factual_010,llama-4-maverick-17b,fact_grounded,0,0,already_correct,0.232918055860813,0.5099705765787288,1.4726113798083318,0.7977554962414828
factual_011,llama-4-maverick-17b,fact_grounded,1,3,other,0.6355284519294534,0.4036154541062687,1.7162440503449623,0.6860809940271048
factual_012,llama-4-maverick-17b,fact_grounded,0,0,already_correct,0.08768981332469,0.3617398426203926,2.1728592401910753,0.7799865642706615
factual_013,llama-4-maverick-17b,fact_grounded,1,3,other,0.5587325104078119,0.4151817642436208,1.5180539170053302,0.7282876276517176
factual_014,llama-4-maverick-17b,fact_grounded,0,0,already_correct,0.6638246094684089,0.3553819706965982,2.1996388726934804,0.7761234665442845
factual_015,llama-4-maverick-17b,fact_grounded,1,3,other,0.1297030895398097,0.3991916513629209,1.4328530668641868,0.7704209428355229
factual_016,llama-4-maverick-17b,fact_grounded,0,0,already_correct,0.0621903996737486,0.4616666102107748,1.586809125161253,0.7543118897692439
factual_017,llama-4-maverick-17b,fact_grounded,0,0,already_correct,0.1522014106797664,0.443350120005155,1.3893387081191293,0.7864701848631095
factual_018,llama-4-maverick-17b,fact_grounded,0,0,already_correct,0.3992775109347958,0.4174074519253169,1.483890317654831,0.7521987718089467
factual_019,llama-4-maverick-17b,fact_grounded,0,0,already_correct,0.570304218688948,0.4979737230271303,1.4626267777593926,0.8054669229845892
factual_020,llama-4-maverick-17b,fact_grounded,1,3,other,0.3516206758576254,0.3763613439841432,1.611047325255963,0.7185921891940295
factual_021,llama-4-maverick-17b,fact_grounded,1,3,other,0.6527801569546965,0.4180078612342092,1.4350551741860758,0.7225185823687947
factual_022,llama-4-maverick-17b,fact_grounded,0,0,already_correct,0.1783344385302553,0.3672437094222894,2.117486252547943,0.7833564590952354
factual_023,llama-4-maverick-17b,fact_grounded,1,3,other,0.1352864691345792,0.4016135193900492,1.649187144559479,0.7067573427577292
factual_024,llama-4-maverick-17b,fact_grounded,1,3,other,0.4975689892409519,0.4447017810950163,1.5171197273637569,0.713587560930383
factual_025,llama-4-maverick-17b,fact_grounded,1,3,other,0.0,0.3980743483955428,1.6433910358883772,0.7367057649170274
factual_026,llama-4-maverick-17b,fact_grounded,0,0,already_correct,-2.220446049250313e-16,0.309447624007505,1.4760212348272164,0.8351255628104022
factual_027,llama-4-maverick-17b,fact_grounded,0,0,already_correct,1.1102230246251563e-16,0.4080458109181683,1.4764124571822654,0.7593912020536738
factual_028,llama-4-maverick-17b,fact_grounded,0,0,already_correct,0.1356920640120937,0.4393622371282437,1.649946639222292,0.7485870160062343
factual_029,llama-4-maverick-17b,fact_grounded,0,0,already_correct,0.0,0.4977641369133579,1.4952019816184945,0.8305814312917218
factual_030,llama-4-maverick-17b,fact_grounded,1,3,other,0.7127292906743794,0.472656698084123,1.5989159658219183,0.6705712402368056
factual_031,llama-4-maverick-17b,fact_grounded,0,0,already_correct,0.4314744393813291,0.4501789895715146,1.4405047447566357,0.7918370107882089
factual_032,llama-4-maverick-17b,fact_grounded,0,3,already_correct,0.0,0.4060071654329528,1.514936114087026,0.7245722802366368
factual_033,llama-4-maverick-17b,fact_grounded,0,0,already_correct,0.0,0.5017394875876153,1.546885661918044,0.8087152173946708
factual_034,llama-4-maverick-17b,fact_grounded,0,0,already_correct,0.6081839654868795,0.5232130866441007,1.4683546340768272,0.7915399581256456
factual_035,llama-4-maverick-17b,fact_grounded,0,0,already_correct,0.4271616887496303,0.4876412851028002,1.5377929180335528,0.7756829976016371
factual_036,llama-4-maverick-17b,fact_grounded,0,0,already_correct,0.1261866985503336,0.3244414575107672,1.5245649525106562,0.8273038597662479
factual_037,llama-4-maverick-17b,fact_grounded,0,0,already_correct,0.0,0.3147422473558741,1.5672190155056889,0.7206514156979043
factual_038,llama-4-maverick-17b,fact_grounded,0,0,already_correct,0.0,0.4211484740263029,1.3771096527279183,0.8661372673645562
factual_039,llama-4-maverick-17b,fact_grounded,1,3,other,0.177078731748155,0.4046827470446055,1.497245204967567,0.6446426131783606
factual_040,llama-4-maverick-17b,fact_grounded,0,0,already_correct,-2.220446049250313e-16,0.3414680534651442,2.4910222200547074,0.737480424854035
factual_041,llama-4-maverick-17b,fact_grounded,0,0,already_correct,0.6590282271990809,0.4413968529615208,1.4390743196603273,0.7699239301662081
factual_042,llama-4-maverick-17b,fact_grounded,0,0,already_correct,0.8096019744024965,0.4545800688847466,1.6252229539662026,0.7989216578285829
factual_043,llama-4-maverick-17b,fact_grounded,0,0,already_correct,0.1106474559626835,0.4682907741308082,1.546374825705338,0.797005081645074
factual_044,llama-4-maverick-17b,fact_grounded,0,0,already_correct,0.2496274882844138,0.4826722402390526,1.4448395314471096,0.7926729701723823
factual_045,llama-4-maverick-17b,fact_grounded,0,0,already_correct,0.3910302967543626,0.4762882153821701,1.451296329281991,0.7940873301226171
factual_046,llama-4-maverick-17b,fact_grounded,0,0,already_correct,0.3909013784101188,0.4831296148411537,1.3766308979634674,0.7957830463075242
factual_047,llama-4-maverick-17b,fact_grounded,0,0,already_correct,0.4080816131732503,0.3346997209064156,2.496140320144274,0.7613314728939098
factual_048,llama-4-maverick-17b,fact_grounded,0,0,already_correct,0.6211373159127278,0.442478820203474,1.64858837863659,0.789738065303002
factual_049,llama-4-maverick-17b,fact_grounded,1,3,other,0.7052676924968719,0.5047896404943268,1.6764719459937247,0.6353803272121445
factual_050,llama-4-maverick-17b,fact_grounded,1,0,other,0.8177822094666237,0.4325966950899802,1.605637013732773,0.6860979834111427
factual_051,llama-4-maverick-17b,fact_grounded,0,3,already_correct,0.4856820367671054,0.4445014726564936,1.5978639282844784,0.6700823419876167
factual_052,llama-4-maverick-17b,fact_grounded,0,0,already_correct,0.2588180790601095,0.4907653095180171,1.5672965779117558,0.7538454712736763
factual_053,llama-4-maverick-17b,fact_grounded,0,3,already_correct,0.3459381505484974,0.4008120746180286,1.3829706679702791,0.8203197763151169
factual_054,llama-4-maverick-17b,fact_grounded,0,0,already_correct,2.220446049250313e-16,0.3674563684053866,1.3647406575165009,0.7838035822067071
factual_055,llama-4-maverick-17b,fact_grounded,0,0,already_correct,0.5494506790999643,0.4252726172935853,1.478079942331184,0.7747870351215546
factual_056,llama-4-maverick-17b,fact_grounded,0,0,already_correct,0.2539817160958447,0.4450391397394795,1.4632676163200211,0.7667842126110449
factual_057,llama-4-maverick-17b,fact_grounded,0,0,already_correct,0.0,0.3978971698173434,1.453501272284534,0.7812083645803997
factual_058,llama-4-maverick-17b,fact_grounded,0,0,already_correct,0.2095405375742327,0.5111534489258107,1.5430189490603494,0.8232970349963812
factual_059,llama-4-maverick-17b,fact_grounded,0,0,already_correct,0.3699076605808898,0.2896543084979006,1.4772908783384575,0.7960505597584258
factual_060,llama-4-maverick-17b,fact_grounded,0,0,already_correct,0.7099132644629002,0.5105063433676238,1.415749810693637,0.8558493626016794
factual_061,llama-4-maverick-17b,fact_grounded,0,0,already_correct,2.220446049250313e-16,0.4819275257171794,1.501545009538279,0.7979848304214872
factual_062,llama-4-maverick-17b,fact_grounded,0,0,already_correct,0.3387145971543948,0.4738592572936945,1.4166794254788595,0.8233539805586463
factual_063,llama-4-maverick-17b,fact_grounded,0,0,already_correct,0.6365540150039888,0.4269955459015017,1.5280710244608426,0.7143697392221002
factual_064,llama-4-maverick-17b,fact_grounded,0,0,already_correct,0.5922619222704957,0.3018866463373968,1.4603186455188824,0.8220882818069783
factual_065,llama-4-maverick-17b,fact_grounded,0,0,already_correct,0.1128744609388492,0.3407672513109081,2.070468063091321,0.7374627770235378
factual_066,llama-4-maverick-17b,fact_grounded,0,0,already_correct,0.1900235496338574,0.503458426875032,1.4324307182167868,0.8095817527009933
factual_067,llama-4-maverick-17b,fact_grounded,0,0,already_correct,0.4748283421565603,0.4142539887401134,1.4732365393388285,0.7979292272466194
factual_068,llama-4-maverick-17b,fact_grounded,0,0,already_correct,0.0639272631090749,0.3510497420817116,2.3556922148236583,0.7631016457391149
factual_069,llama-4-maverick-17b,fact_grounded,0,0,already_correct,0.5181413802399217,0.4553498762964384,1.606172484932409,0.7888276761457962
factual_070,llama-4-maverick-17b,fact_grounded,0,0,already_correct,0.1117010549366074,0.3703280439605724,1.8385235083809184,0.7902572804385989
factual_071,llama-4-maverick-17b,fact_grounded,0,3,already_correct,0.3523509046120336,0.5017514427116267,1.506904467763912,0.8128678303414758
factual_072,llama-4-maverick-17b,fact_grounded,0,0,already_correct,0.1926927217111285,0.3575782828311282,2.052706263150836,0.7867627154094793
factual_073,llama-4-maverick-17b,fact_grounded,0,0,already_correct,0.3366527554593764,0.3560932709599926,1.8814618137714167,0.8112673307261143
factual_074,llama-4-maverick-17b,fact_grounded,0,0,already_correct,0.6304310634975547,0.3884602880899718,1.486769258226069,0.7831299629453908
factual_075,llama-4-maverick-17b,fact_grounded,0,0,already_correct,1.1102230246251563e-16,0.5018524787912563,1.520063619021078,0.7990751099204498
factual_076,llama-4-maverick-17b,fact_grounded,0,0,already_correct,0.5900770287315599,0.3669007903011599,1.419601129895851,0.755357546080865
factual_077,llama-4-maverick-17b,fact_grounded,0,0,already_correct,3.3306690738754696e-16,0.4003005515850812,1.3862081007025076,0.8152530270212486
factual_078,llama-4-maverick-17b,fact_grounded,0,0,already_correct,1.1102230246251563e-16,0.5051220359781636,1.4570154481027626,0.808027167838611
factual_079,llama-4-maverick-17b,fact_grounded,0,0,already_correct,0.0,0.3487148893477196,2.27657210305503,0.7800840971199191
factual_080,llama-4-maverick-17b,fact_grounded,0,0,already_correct,0.5175730124359599,0.2895453626919549,1.477225335209429,0.8115261311321036
factual_081,llama-4-maverick-17b,fact_grounded,0,0,already_correct,0.1012554620345593,0.4328614718772041,1.3507097741310654,0.8362269260064743
factual_082,llama-4-maverick-17b,fact_grounded,0,0,already_correct,-2.220446049250313e-16,0.3373139951597824,2.0354023865462363,0.7548743531801294
factual_083,llama-4-maverick-17b,fact_grounded,0,0,already_correct,1.1102230246251563e-16,0.4679765550289769,1.4512844040683364,0.7974902815995142
factual_084,llama-4-maverick-17b,fact_grounded,0,0,already_correct,0.0873858389472691,0.356731544150184,1.884260342664908,0.8235908886889827
factual_085,llama-4-maverick-17b,fact_grounded,0,0,already_correct,-2.220446049250313e-16,0.4924453090325872,1.6060426147927964,0.758906445296362
factual_086,llama-4-maverick-17b,fact_grounded,0,0,already_correct,0.806081801684519,0.3458666117576172,2.0156784313857306,0.8087802765551547
factual_087,llama-4-maverick-17b,fact_grounded,0,0,already_correct,0.5558699241037635,0.418235810908836,1.428998031152279,0.838896372111011
factual_088,llama-4-maverick-17b,fact_grounded,0,0,already_correct,0.2333428271170836,0.3934658100064162,1.465304295968953,0.7830320061798703
factual_089,llama-4-maverick-17b,fact_grounded,0,0,already_correct,0.668761632601216,0.5136980177126386,1.4991079933172302,0.8010776930231761
factual_090,llama-4-maverick-17b,fact_grounded,0,0,already_correct,-2.220446049250313e-16,0.4635935923083798,1.4173488710208413,0.8137413115784311
factual_091,llama-4-maverick-17b,fact_grounded,0,0,already_correct,0.3814291512015367,0.475664023604871,1.3936260572592174,0.8450265988684978
factual_092,llama-4-maverick-17b,fact_grounded,0,0,already_correct,1.1102230246251563e-16,0.4833001715292726,1.409955852156895,0.7710239748280108
factual_093,llama-4-maverick-17b,fact_grounded,0,0,already_correct,0.0058858111161878,0.3460475600916803,2.3507409980528458,0.771903298359765
factual_094,llama-4-maverick-17b,fact_grounded,0,0,already_correct,0.0,0.3419792874368186,2.076048546434794,0.7869229786519517
factual_095,llama-4-maverick-17b,fact_grounded,0,0,already_correct,0.0,0.454446304442836,1.6077006245745566,0.7891477636161054
factual_096,llama-4-maverick-17b,fact_grounded,0,0,already_correct,-2.220446049250313e-16,0.3430834906900136,2.0974092363572936,0.7780574232390709
factual_097,llama-4-maverick-17b,fact_grounded,0,0,already_correct,0.1933373330263507,0.3472492097743691,2.1468875447425866,0.8008670767765944
factual_098,llama-4-maverick-17b,fact_grounded,0,0,already_correct,0.1946058820058216,0.3592082545940397,2.187610416506546,0.7161179857994848
impossible_001,llama-4-maverick-17b,fact_grounded,0,0,already_correct,0.0,0.4284789178593438,1.3647315671430038,0.8173245508833905
impossible_002,llama-4-maverick-17b,fact_grounded,0,0,already_correct,0.1925003012804915,0.4396589807744273,1.4400179462563576,0.7689164062010384
impossible_003,llama-4-maverick-17b,fact_grounded,1,0,other,0.3041079336142306,0.4745776345517306,1.5647300163614537,0.6969380899420593
impossible_004,llama-4-maverick-17b,fact_grounded,0,3,already_correct,0.3074015199966582,0.4454880922352143,1.458411279508117,0.7008940148293222
impossible_005,llama-4-maverick-17b,fact_grounded,0,0,already_correct,0.5348686529869204,0.4778804885323092,1.5571238857869047,0.5928068096228768
impossible_006,llama-4-maverick-17b,fact_grounded,0,0,already_correct,0.0,0.3150933902050303,1.44914888839206,0.7424336900914429
impossible_007,llama-4-maverick-17b,fact_grounded,0,0,already_correct,0.0760181053446082,0.4283067881602623,1.5733228037355471,0.6215082050686007
impossible_008,llama-4-maverick-17b,fact_grounded,0,0,already_correct,2.220446049250313e-16,0.4589631985402678,1.4780617824844742,0.6774152573684572
impossible_009,llama-4-maverick-17b,fact_grounded,0,0,already_correct,0.1249390917114745,0.3118504227910957,1.43227288011093,0.7238138878895117
impossible_010,llama-4-maverick-17b,fact_grounded,0,0,already_correct,1.1102230246251563e-16,0.3666893394761781,1.3883202835937618,0.7648042512578479
impossible_011,llama-4-maverick-17b,fact_grounded,0,0,already_correct,0.6570046720548636,0.4878757339388605,1.606294091488777,0.6475217814214653
impossible_012,llama-4-maverick-17b,fact_grounded,0,0,already_correct,0.3881410451718331,0.4235035315207365,1.5279960497361569,0.6620432260206898
impossible_013,llama-4-maverick-17b,fact_grounded,0,0,already_correct,0.367171031876069,0.4485257442853096,1.4305640589961452,0.7090608744629913
impossible_014,llama-4-maverick-17b,fact_grounded,0,0,already_correct,0.304387963775812,0.4766921393628873,1.5886968038209053,0.6036803376122305
impossible_015,llama-4-maverick-17b,fact_grounded,0,0,already_correct,0.1445833902033999,0.4535491798602405,1.3948250469146637,0.7345084218910429
impossible_016,llama-4-maverick-17b,fact_grounded,0,0,already_correct,0.3695204607283343,0.4770769095741097,1.468249801349997,0.7287548863456212
impossible_017,llama-4-maverick-17b,fact_grounded,2,0,fixed,1.1102230246251563e-16,0.385438073138071,1.3476026514497093,0.709421966154461
impossible_018,llama-4-maverick-17b,fact_grounded,0,0,already_correct,0.0,0.4512168499635118,1.469118684012558,0.7333250355902713
impossible_019,llama-4-maverick-17b,fact_grounded,0,0,already_correct,0.6948227806005108,0.3969968770339099,1.4634214021984335,0.6949529191130599
impossible_020,llama-4-maverick-17b,fact_grounded,0,0,already_correct,0.0,0.4752509211435867,1.303120271345749,0.8113480057164546
impossible_021,llama-4-maverick-17b,fact_grounded,0,0,already_correct,0.6847774947219638,0.4431305143455964,1.4181748812695176,0.672847509017385
impossible_022,llama-4-maverick-17b,fact_grounded,0,0,already_correct,-2.220446049250313e-16,0.3520010654438289,1.4639729737187956,0.7241808216844288
impossible_023,llama-4-maverick-17b,fact_grounded,0,0,already_correct,3.3306690738754696e-16,0.455889330351273,1.4344927170928583,0.7930420973301907
impossible_024,llama-4-maverick-17b,fact_grounded,0,0,already_correct,0.8644938403979362,0.4082023102283143,1.4271735443184168,0.7753947228954897
impossible_025,llama-4-maverick-17b,fact_grounded,0,0,already_correct,0.7333388588522243,0.3785684530811432,1.4244542885042928,0.7235396087514101
impossible_026,llama-4-maverick-17b,fact_grounded,0,0,already_correct,0.8640442510880024,0.3975716398225351,1.4109313497671825,0.7797697609927278
impossible_027,llama-4-maverick-17b,fact_grounded,0,0,already_correct,0.7105278016919148,0.4247105743564808,1.4385519582650963,0.6971456827575261
impossible_028,llama-4-maverick-17b,fact_grounded,0,0,already_correct,0.4309963868988636,0.4196514921035555,1.5398167790911867,0.6362163799506999
impossible_029,llama-4-maverick-17b,fact_grounded,0,0,already_correct,0.1257851711933711,0.4600169891009289,1.458718882930412,0.7963664184013529
impossible_030,llama-4-maverick-17b,fact_grounded,0,0,already_correct,0.8020508056844807,0.4030046415686885,1.4198247172073906,0.7242645544496362
nonexistent_001,llama-4-maverick-17b,fact_grounded,0,0,already_correct,0.0454428209205745,0.4570250522860282,1.615715817569476,0.6594531936841832
nonexistent_002,llama-4-maverick-17b,fact_grounded,0,0,already_correct,0.4677381953787014,0.4807812336471663,1.9384404475051296,0.6586584120072059
nonexistent_003,llama-4-maverick-17b,fact_grounded,2,2,still_broken,1.1102230246251563e-16,0.4276243627057265,1.5094994460630982,0.6937800151786704
nonexistent_004,llama-4-maverick-17b,fact_grounded,0,0,already_correct,-2.220446049250313e-16,0.4564137144815087,1.851797884385934,0.5726994262069951
nonexistent_005,llama-4-maverick-17b,fact_grounded,0,0,already_correct,0.0,0.465822997116629,1.8623172596233903,0.6509377288126535
nonexistent_006,llama-4-maverick-17b,fact_grounded,2,0,fixed,0.0,0.5029321806753635,1.5509796102552418,0.6790876172544247
nonexistent_007,llama-4-maverick-17b,fact_grounded,0,0,already_correct,0.5911705809667317,0.4384180276510528,2.1493553401106253,0.6484046155692724
nonexistent_008,llama-4-maverick-17b,fact_grounded,0,0,already_correct,0.0957750557052731,0.384685691724981,2.399391497385759,0.5396505391719605
nonexistent_009,llama-4-maverick-17b,fact_grounded,0,0,already_correct,0.4385653332026844,0.4761348024669491,1.963117468304936,0.6151337027863505
nonexistent_010,llama-4-maverick-17b,fact_grounded,0,0,already_correct,0.5158505587176638,0.4476063807965523,1.8334121656816305,0.6639503111744578
nonexistent_011,llama-4-maverick-17b,fact_grounded,0,0,already_correct,0.0,0.4183605627704306,1.8233726758969768,0.6008289869583918
nonexistent_012,llama-4-maverick-17b,fact_grounded,0,0,already_correct,0.0,0.3282147135021206,1.6967845457280517,0.7164932747542667
nonexistent_013,llama-4-maverick-17b,fact_grounded,0,0,already_correct,0.0,0.6334931482875634,3.234875388204,0.5542865449529822
nonexistent_014,llama-4-maverick-17b,fact_grounded,0,0,already_correct,0.0,0.4130129249322228,1.8320968749483288,0.5693820791961997
nonexistent_015,llama-4-maverick-17b,fact_grounded,0,0,already_correct,0.0,0.374969051477136,1.4898031777136556,0.6910299677931582
nonexistent_016,llama-4-maverick-17b,fact_grounded,0,0,already_correct,0.2805045218348615,0.5910803578233195,2.732910152966596,0.6001690613713271
nonexistent_017,llama-4-maverick-17b,fact_grounded,0,0,already_correct,0.5302974421282072,0.4651336536553984,1.7342393214203522,0.6404096140823191
nonexistent_018,llama-4-maverick-17b,fact_grounded,0,0,already_correct,0.3342446558250019,0.489726295593314,1.848305485089209,0.6699256292861111
nonexistent_019,llama-4-maverick-17b,fact_grounded,0,0,already_correct,0.0,0.5808501293560877,2.844296976941338,0.5523783938073688
nonexistent_020,llama-4-maverick-17b,fact_grounded,0,0,already_correct,0.5115517775867039,0.4732462382721614,1.993442159482999,0.6708993438546399
nonexistent_021,llama-4-maverick-17b,fact_grounded,0,0,already_correct,0.5574498399007891,0.4421586669851266,1.7331138624020443,0.629479369950903
nonexistent_022,llama-4-maverick-17b,fact_grounded,0,0,already_correct,0.6337578213026309,0.5115894791801593,2.003651681231058,0.560773997383176
nonexistent_023,llama-4-maverick-17b,fact_grounded,0,0,already_correct,0.3568558343007325,0.3539184574866522,2.4073431465037234,0.6145784425889566
nonexistent_024,llama-4-maverick-17b,fact_grounded,0,0,already_correct,1.1102230246251563e-16,0.5091116721181774,2.015018677082794,0.6064807709590798
nonexistent_025,llama-4-maverick-17b,fact_grounded,0,0,already_correct,1.1102230246251563e-16,0.4263605809857247,1.385281679632341,0.7504628298669417
nonexistent_026,llama-4-maverick-17b,fact_grounded,0,0,already_correct,0.0975577827163954,0.500677276446372,1.877240963729926,0.6862876200297774
nonexistent_027,llama-4-maverick-17b,fact_grounded,0,0,already_correct,0.6873397586664541,0.5831425659305403,2.194423208872275,0.439598850196002
nonexistent_028,llama-4-maverick-17b,fact_grounded,0,0,already_correct,0.5810363014954536,0.4748582757943949,1.5307392572882974,0.7431710443416528
nonexistent_029,llama-4-maverick-17b,fact_grounded,0,0,already_correct,0.0,0.3689495032061506,2.4195365373037796,0.5486947156478663
nonexistent_030,llama-4-maverick-17b,fact_grounded,0,0,already_correct,0.6736730288677727,0.5520334085147902,1.8682348773229904,0.698702271143901
nonexistent_031,llama-4-maverick-17b,fact_grounded,2,0,fixed,0.3281983558312015,0.5368106658137504,2.307223853167116,0.6242041309939212
nonexistent_032,llama-4-maverick-17b,fact_grounded,0,0,already_correct,0.539372510742057,0.3829378402034553,2.7346886215316357,0.5559429890739753
nonexistent_033,llama-4-maverick-17b,fact_grounded,0,0,already_correct,0.5757749954802136,0.5837106417413707,1.8593737943376472,0.6640875742086295
nonexistent_034,llama-4-maverick-17b,fact_grounded,0,0,already_correct,0.4187105756418797,0.6038574964801048,2.3099387615258946,0.5853326755318425
nonexistent_035,llama-4-maverick-17b,fact_grounded,0,0,already_correct,0.0,0.5205105768308945,1.805052905184283,0.6704744389494379
nonexistent_036,llama-4-maverick-17b,fact_grounded,0,0,already_correct,3.3306690738754696e-16,0.4689086948310491,1.8339277076756957,0.6048819095183796
nonexistent_037,llama-4-maverick-17b,fact_grounded,0,0,already_correct,0.3540607959987495,0.4891591393930209,1.5779747684754617,0.6807964102588424
nonexistent_038,llama-4-maverick-17b,fact_grounded,0,0,already_correct,0.7415075567544674,0.6501094394237092,2.774768723402712,0.5365121089258558
nonexistent_039,llama-4-maverick-17b,fact_grounded,0,0,already_correct,0.0,0.5271627150413254,2.0999586130232513,0.5111346006353664
nonexistent_040,llama-4-maverick-17b,fact_grounded,0,0,already_correct,0.0,0.5301536458570822,2.1752483159909812,0.5287035673415779
nonexistent_041,llama-4-maverick-17b,fact_grounded,0,0,already_correct,0.3402406836440982,0.4147167129460392,1.732507209343875,0.6214838176658093
nonexistent_042,llama-4-maverick-17b,fact_grounded,2,3,fixed,0.4820732510236483,0.3974697854786684,1.3763666579571388,0.7583163767435037
nonexistent_043,llama-4-maverick-17b,fact_grounded,0,0,already_correct,0.6117514925271953,0.3968230607521225,1.4579691933650414,0.7006417252306849
nonexistent_044,llama-4-maverick-17b,fact_grounded,0,0,already_correct,0.2832522070221442,0.5440085679336117,2.6028868283866915,0.5926988213239269
nonexistent_045,llama-4-maverick-17b,fact_grounded,0,0,already_correct,-4.440892098500626e-16,0.4474593634578884,1.6703877913238423,0.6926949289470643
nonexistent_046,llama-4-maverick-17b,fact_grounded,0,0,already_correct,0.6900277134533814,0.4393045066966574,1.706411804861814,0.6973554138479499
nonexistent_047,llama-4-maverick-17b,fact_grounded,0,0,already_correct,0.0,0.4971957099585214,1.7663887781112586,0.6783706857482479
nonexistent_048,llama-4-maverick-17b,fact_grounded,0,0,already_correct,0.1377468608419395,0.4796644061488472,1.7528593850718552,0.6696658989700652
nonexistent_049,llama-4-maverick-17b,fact_grounded,0,0,already_correct,0.3337416028727933,0.5151894043961379,1.6921964680335524,0.6627667906245607
nonexistent_050,llama-4-maverick-17b,fact_grounded,0,0,already_correct,0.4505974970339189,0.5006252176026377,2.3357904479686296,0.6092033117516354
nonexistent_051,llama-4-maverick-17b,fact_grounded,0,0,already_correct,0.7718971548894408,0.4854904137187733,1.895052479560097,0.6506374340644948
nonexistent_052,llama-4-maverick-17b,fact_grounded,0,0,already_correct,1.1102230246251563e-16,0.4728590030035952,1.7887990848620996,0.6119730871620171
nonexistent_053,llama-4-maverick-17b,fact_grounded,0,0,already_correct,0.1504813859894436,0.4859498001673301,1.657261219256427,0.6552500846776133
nonexistent_054,llama-4-maverick-17b,fact_grounded,0,0,already_correct,0.0298550825348501,0.3429242260486725,2.283564665138221,0.5507380929334323
nonexistent_055,llama-4-maverick-17b,fact_grounded,0,0,already_correct,2.220446049250313e-16,0.5603317551690375,2.738502343053188,0.6092613698734879
nonexistent_056,llama-4-maverick-17b,fact_grounded,0,0,already_correct,0.2269927756030223,0.4921681596330601,2.0218330905805675,0.6171315441753924
nonexistent_057,llama-4-maverick-17b,fact_grounded,0,0,already_correct,0.8384730010881442,0.446268485223399,1.7307799836943771,0.7163141971215217
nonexistent_058,llama-4-maverick-17b,fact_grounded,2,0,fixed,0.1316183196732502,0.3980349888395448,1.6671817091213794,0.6761587700330811
nonexistent_059,llama-4-maverick-17b,fact_grounded,0,0,already_correct,1.1102230246251563e-16,0.5274268411572661,2.1131023822274835,0.504095125915609
nonexistent_060,llama-4-maverick-17b,fact_grounded,0,0,already_correct,1.1102230246251563e-16,0.5727185745103827,3.043315974404832,0.5724153464931367
nonexistent_061,llama-4-maverick-17b,fact_grounded,0,0,already_correct,0.0,0.5488998124686946,2.1039495058352067,0.6237480125734094
nonexistent_062,llama-4-maverick-17b,fact_grounded,0,0,already_correct,0.4287932223254523,0.5461921340004303,2.669335338797711,0.6094946617250923
nonexistent_063,llama-4-maverick-17b,fact_grounded,0,0,already_correct,0.0,0.269784390824176,2.026822157297487,0.6773287402694432
nonexistent_064,llama-4-maverick-17b,fact_grounded,0,0,already_correct,0.2391853786875325,0.6171416766601826,2.6267502371990252,0.5780032102260019
nonexistent_065,llama-4-maverick-17b,fact_grounded,0,0,already_correct,-2.220446049250313e-16,0.3713326532083253,2.482790945149397,0.6319423700533386
nonexistent_066,llama-4-maverick-17b,fact_grounded,2,0,fixed,0.0206471577488741,0.3805220429291759,1.6820587065914292,0.6946096718188879
nonexistent_067,llama-4-maverick-17b,fact_grounded,0,0,already_correct,0.4313498292652695,0.6099432842787053,2.3019429305758616,0.5890065697012337
nonexistent_068,llama-4-maverick-17b,fact_grounded,0,0,already_correct,0.0,0.4011687566932002,1.4949977720115908,0.7752330700509196
nonexistent_069,llama-4-maverick-17b,fact_grounded,0,0,already_correct,0.0746020064872662,0.5065082810005996,1.7248770485132827,0.6200790952724083
nonexistent_070,llama-4-maverick-17b,fact_grounded,0,0,already_correct,0.2231962646932311,0.3774941064544084,2.565239212839378,0.5428052565641274
nonexistent_071,llama-4-maverick-17b,fact_grounded,0,0,already_correct,0.444422174384231,0.3883344433650393,1.3848640785493171,0.740159468757686
nonexistent_072,llama-4-maverick-17b,fact_grounded,0,0,already_correct,0.1418882700819371,0.4499181735474316,1.410469525862015,0.7046362488953579
nonexistent_073,llama-4-maverick-17b,fact_grounded,0,0,already_correct,0.6078326428629937,0.6533312838264017,2.769645429260442,0.6188884918061701
nonexistent_074,llama-4-maverick-17b,fact_grounded,0,0,already_correct,0.124045795844386,0.3774086969379046,2.346487059189837,0.5508230476279948
nonexistent_075,llama-4-maverick-17b,fact_grounded,0,0,already_correct,0.1024315549974038,0.2676045967438318,2.056780484627801,0.6698730496654235
nonexistent_076,llama-4-maverick-17b,fact_grounded,0,0,already_correct,0.1890046897721587,0.4774598160250866,2.2157114319817346,0.6368687940379189
nonexistent_077,llama-4-maverick-17b,fact_grounded,2,0,fixed,0.3774938717837871,0.4307552008558352,1.6480894842078375,0.6833262920351999
nonexistent_078,llama-4-maverick-17b,fact_grounded,0,0,already_correct,0.2391853786875315,0.6342464680046138,2.636007745353853,0.5813405949109487
nonexistent_079,llama-4-maverick-17b,fact_grounded,0,0,already_correct,0.0041491256678026,0.5300003710761907,2.2895570298667365,0.5396074401281944
nonexistent_080,llama-4-maverick-17b,fact_grounded,0,0,already_correct,0.0639360744884086,0.5369556486215432,2.3165792341902827,0.5285954358091894
nonexistent_081,llama-4-maverick-17b,fact_grounded,0,0,already_correct,0.510318600796009,0.4869111922249682,2.2154789476257033,0.6393147415853841
nonexistent_082,llama-4-maverick-17b,fact_grounded,0,0,already_correct,-2.220446049250313e-16,0.5579015388786452,2.906007100061119,0.5722083956637365
nonexistent_083,llama-4-maverick-17b,fact_grounded,0,0,already_correct,0.2264918922650558,0.3872016757502944,2.671676068597886,0.5402400158597737
nonexistent_084,llama-4-maverick-17b,fact_grounded,0,0,already_correct,0.1813165410053703,0.3779636385347069,2.278890128273501,0.5351329439205346
nonexistent_085,llama-4-maverick-17b,fact_grounded,0,0,already_correct,0.0,0.5538749481118661,2.3942196181987963,0.5698575328740195
nonexistent_086,llama-4-maverick-17b,fact_grounded,0,0,already_correct,0.2248132435528604,0.3620338686224142,2.582051227694653,0.5451446450145236
nonexistent_087,llama-4-maverick-17b,fact_grounded,0,0,already_correct,0.0108420991632629,0.3945560043224224,2.394178481297942,0.5453762343562223
nonexistent_088,llama-4-maverick-17b,fact_grounded,0,0,already_correct,1.1102230246251563e-16,0.6183519861963505,2.999391669304233,0.545934183786133
nonexistent_089,llama-4-maverick-17b,fact_grounded,0,0,already_correct,0.0088413298822498,0.6070316724571939,2.75591942122386,0.5656177785257627
nonexistent_090,llama-4-maverick-17b,fact_grounded,0,0,already_correct,0.4061365497884437,0.640297956406194,2.9999818462888124,0.5961153916347955
nonexistent_091,llama-4-maverick-17b,fact_grounded,0,0,already_correct,0.0080572660634468,0.5883895280631628,2.867792951359041,0.5531594733499339
nonexistent_092,llama-4-maverick-17b,fact_grounded,0,0,already_correct,0.6882958732870419,0.6043505175939932,2.2428224618371955,0.4509241254123759
nonexistent_093,llama-4-maverick-17b,fact_grounded,0,0,already_correct,0.5118603154082471,0.6178111595283993,2.872415108360505,0.5720176184676486
nonexistent_094,llama-4-maverick-17b,fact_grounded,0,0,already_correct,0.1452052134183755,0.3669857232413221,2.301006000964713,0.5312844221702979
nonexistent_095,llama-4-maverick-17b,fact_grounded,0,0,already_correct,0.3348925460280942,0.4324710021081013,1.9591909411658672,0.6663871378803026
nonexistent_096,llama-4-maverick-17b,fact_grounded,2,0,fixed,0.4542606855006625,0.3830227381620973,2.60203804699986,0.5854421830344917
nonexistent_097,llama-4-maverick-17b,fact_grounded,0,0,already_correct,0.2775313508640024,0.5452100276976068,2.786741082796479,0.5639343830321482
nonexistent_098,llama-4-maverick-17b,fact_grounded,0,0,already_correct,0.0953515009517443,0.6060300380484986,2.3140911045752968,0.5877398578595393
nonexistent_099,llama-4-maverick-17b,fact_grounded,0,0,already_correct,0.0693157235875372,0.5975343944918458,3.082443756039945,0.5309233309466046
nonexistent_100,llama-4-maverick-17b,fact_grounded,0,0,already_correct,0.7046961778722258,0.3165946188778467,1.9220794841788955,0.7047898011803579
nonexistent_101,llama-4-maverick-17b,fact_grounded,0,0,already_correct,0.0,0.2898084442356734,1.8477435834610152,0.6852463128598838
nonexistent_102,llama-4-maverick-17b,fact_grounded,0,0,already_correct,0.7440328994000756,0.656492510271725,2.9364449240045225,0.5345052101237924
nonexistent_103,llama-4-maverick-17b,fact_grounded,0,0,already_correct,0.5016432193586686,0.6008961890862008,2.686987516108755,0.550320452436539
nonexistent_104,llama-4-maverick-17b,fact_grounded,0,0,already_correct,0.4361524948216549,0.3742063842066859,2.4617332860106163,0.6050834543762504
nonexistent_105,llama-4-maverick-17b,fact_grounded,0,0,already_correct,0.7709418713871505,0.6247681874084382,2.835188476389863,0.5946197096843913
nonexistent_106,llama-4-maverick-17b,fact_grounded,0,0,already_correct,0.6078326428629951,0.6398374132984526,2.6383556049792096,0.6529173473539759
nonexistent_107,llama-4-maverick-17b,fact_grounded,0,0,already_correct,0.1238208174257008,0.6442680389447031,2.6161830080858635,0.5976396745373815
nonexistent_108,llama-4-maverick-17b,fact_grounded,0,0,already_correct,0.3123011901183431,0.611198138760787,2.711674497407564,0.5539723480018477
nonexistent_109,llama-4-maverick-17b,fact_grounded,0,0,already_correct,-2.220446049250313e-16,0.2734974646941881,2.0455396028515973,0.6693600584024785
nonexistent_110,llama-4-maverick-17b,fact_grounded,0,0,already_correct,0.5118603154082475,0.6097263902414586,2.6828549395236836,0.5943882438631942
nonexistent_111,llama-4-maverick-17b,fact_grounded,0,0,already_correct,0.1782511086366093,0.2975615246505051,1.9208393848922565,0.6681828765393893
nonexistent_112,llama-4-maverick-17b,fact_grounded,0,0,already_correct,0.5016432193586703,0.6186014594359213,2.87296858991689,0.5540540491300642
nonexistent_113,llama-4-maverick-17b,fact_grounded,0,0,already_correct,0.0063899062963099,0.5586626835313167,2.840682923784205,0.557496767672401
nonexistent_114,llama-4-maverick-17b,fact_grounded,0,0,already_correct,0.1429230961483591,0.5550202047340128,2.8248187354450396,0.568418176152549
nonexistent_115,llama-4-maverick-17b,fact_grounded,0,0,already_correct,0.1650254185559772,0.5731607226937883,2.349115435465942,0.5823740445607263
nonexistent_116,llama-4-maverick-17b,fact_grounded,0,0,already_correct,0.0,0.3633982611488979,2.348215397561924,0.5662501001010025
nonexistent_117,llama-4-maverick-17b,fact_grounded,0,0,already_correct,0.1226499096655227,0.571144421812326,2.63405993552945,0.5800607937026624
nonexistent_118,llama-4-maverick-17b,fact_grounded,0,0,already_correct,0.0048429147825804,0.2635767938349528,2.0750847301949236,0.668915287539573
nonexistent_119,llama-4-maverick-17b,fact_grounded,0,0,already_correct,0.036017250607789,0.303978232075897,1.910441718217879,0.669415725821472
nonexistent_120,llama-4-maverick-17b,fact_grounded,0,0,already_correct,0.4087823102518205,0.3345844495325311,2.023099001917248,0.6762248492406105
ambiguous_001,llama-4-maverick-17b,fact_grounded,0,0,already_correct,1.1102230246251563e-16,0.4513794437816401,1.5647058596101149,0.6762421181316913
ambiguous_002,llama-4-maverick-17b,fact_grounded,0,0,already_correct,0.156266619267345,0.4738785383594013,1.5491106051937995,0.6478326148339721
ambiguous_003,llama-4-maverick-17b,fact_grounded,0,0,already_correct,0.3080591443624276,0.4369457045848902,1.7434172385236724,0.5916459010431453
ambiguous_004,llama-4-maverick-17b,fact_grounded,0,0,already_correct,0.3256189317691312,0.4187259533005385,2.022408245644571,0.4574143719551241
ambiguous_005,llama-4-maverick-17b,fact_grounded,0,0,already_correct,0.2050703741541029,0.4486209595157274,1.533774470051912,0.6053944897852803
ambiguous_006,llama-4-maverick-17b,fact_grounded,0,0,already_correct,0.0518319154145865,0.3821622797863735,1.7204615102839311,0.5881900769703599
ambiguous_007,llama-4-maverick-17b,fact_grounded,0,0,already_correct,0.3209110607670674,0.4935539922957875,1.797897865239334,0.4986332005672295
ambiguous_008,llama-4-maverick-17b,fact_grounded,0,0,already_correct,-2.220446049250313e-16,0.3885697140988601,1.6739590399814115,0.5495560201156677
ambiguous_009,llama-4-maverick-17b,fact_grounded,0,0,already_correct,0.7817070362190207,0.5008673712789751,2.5116140111091583,0.5977153724716655
ambiguous_010,llama-4-maverick-17b,fact_grounded,0,0,already_correct,0.0475995434810057,0.4588522448712292,1.495000430874621,0.5928802068173216
ambiguous_011,llama-4-maverick-17b,fact_grounded,0,0,already_correct,0.5197036923578444,0.4901867915533022,2.12261389091119,0.6294324830746607
ambiguous_012,llama-4-maverick-17b,fact_grounded,0,0,already_correct,0.0478287855388587,0.4889574550150641,1.8939417647262324,0.6339152382996209
ambiguous_013,llama-4-maverick-17b,fact_grounded,0,0,already_correct,0.6861433153782892,0.3426191447263088,1.946222997396814,0.6033718498608189
ambiguous_014,llama-4-maverick-17b,fact_grounded,0,0,already_correct,0.5696514344000015,0.4822030792025104,1.673090296213788,0.5767970614395511
ambiguous_015,llama-4-maverick-17b,fact_grounded,0,0,already_correct,0.006331088371127,0.524241975087887,2.480078367613028,0.5689004415259753
ambiguous_016,llama-4-maverick-17b,fact_grounded,0,0,already_correct,0.2113088459761729,0.4762212802418333,1.666302606977574,0.6348986657394063
ambiguous_017,llama-4-maverick-17b,fact_grounded,0,0,already_correct,2.220446049250313e-16,0.5301814116529138,1.7386652921085697,0.5586315121384209
ambiguous_018,llama-4-maverick-17b,fact_grounded,0,0,already_correct,0.0530431484712531,0.5524618129318023,2.305389413728326,0.5632077631307728
ambiguous_019,llama-4-maverick-17b,fact_grounded,0,0,already_correct,0.5747450417462028,0.4703734853293836,1.9714896929037995,0.645917251025028
ambiguous_020,llama-4-maverick-17b,fact_grounded,0,0,already_correct,0.8544863026435386,0.4908550493110857,1.6216498566508957,0.6091094490231097
ambiguous_021,llama-4-maverick-17b,fact_grounded,0,0,already_correct,0.4526154356896075,0.477356057734747,2.2498023613167444,0.584299413307553
ambiguous_022,llama-4-maverick-17b,fact_grounded,0,0,already_correct,0.4162526884229248,0.4426994226311981,1.8093026271726984,0.6055317326702114
ambiguous_023,llama-4-maverick-17b,fact_grounded,0,0,already_correct,0.2760844051091073,0.4083250134176807,1.597435662269415,0.6198188342781339
ambiguous_024,llama-4-maverick-17b,fact_grounded,0,0,already_correct,0.4769088584266318,0.4415771262943727,1.947832954084308,0.6336175875800149
ambiguous_025,llama-4-maverick-17b,fact_grounded,0,0,already_correct,3.3306690738754696e-16,0.4303615604332876,1.717905004596788,0.5895631527681274
ambiguous_026,llama-4-maverick-17b,fact_grounded,0,0,already_correct,0.7756478610317874,0.4481652299566769,1.9966912875228944,0.5539782813035896
ambiguous_027,llama-4-maverick-17b,fact_grounded,0,0,already_correct,0.65337205001654,0.4920463264015721,1.8550477551070408,0.5790169270710116
ambiguous_028,llama-4-maverick-17b,fact_grounded,0,0,already_correct,0.7837684723193905,0.5559512611292741,2.5253373391085745,0.4884599678512389
ambiguous_029,llama-4-maverick-17b,fact_grounded,0,0,already_correct,0.7349821196700508,0.4700382676302619,1.6836054786857897,0.6180723877663572
ambiguous_030,llama-4-maverick-17b,fact_grounded,0,0,already_correct,1.1102230246251563e-16,0.4805095401320631,1.684627314785207,0.6469193613548665
ambiguous_031,llama-4-maverick-17b,fact_grounded,0,0,already_correct,0.4745157636360088,0.4590779271101095,2.2056204955548524,0.5987863233529852
ambiguous_032,llama-4-maverick-17b,fact_grounded,0,0,already_correct,0.5960955733174593,0.4745264660026879,1.9309545300549564,0.6486603872812313
ambiguous_033,llama-4-maverick-17b,fact_grounded,0,0,already_correct,0.5450477701089003,0.3408572808392561,1.5186842211089546,0.6757521670687063
ambiguous_034,llama-4-maverick-17b,fact_grounded,0,0,already_correct,0.2801912416407609,0.4886872520942579,1.649913076128024,0.634175344337971
ambiguous_035,llama-4-maverick-17b,fact_grounded,0,0,already_correct,0.1925840292678671,0.4947919423642294,1.8809749221551064,0.6429165414873972
ambiguous_036,llama-4-maverick-17b,fact_grounded,0,0,already_correct,0.5714292957616816,0.3918340309820629,1.589261410637838,0.6313742449601347
ambiguous_037,llama-4-maverick-17b,fact_grounded,0,0,already_correct,0.3266285119014644,0.4027126938437462,1.669149067327672,0.6811065852223763
ambiguous_038,llama-4-maverick-17b,fact_grounded,0,0,already_correct,0.7930763567529276,0.4373771959340085,1.8337624019513588,0.6173261440063563
ambiguous_039,llama-4-maverick-17b,fact_grounded,0,0,already_correct,0.793011270114748,0.412109214029654,1.7574826215622117,0.6519528738094241
ambiguous_040,llama-4-maverick-17b,fact_grounded,0,0,already_correct,0.4010978374185715,0.4720551513825379,1.535301183088386,0.652945435462701
ambiguous_041,llama-4-maverick-17b,fact_grounded,0,0,already_correct,1.1102230246251563e-16,0.3954656701936273,2.0882568101300514,0.6111258136004332
ambiguous_042,llama-4-maverick-17b,fact_grounded,0,0,already_correct,0.4191815494437741,0.4125742846911971,2.1025067631140755,0.6083614431685562
ambiguous_043,llama-4-maverick-17b,fact_grounded,0,0,already_correct,0.772029511728072,0.4104756034518856,1.7331819908023778,0.5914375756850283
ambiguous_044,llama-4-maverick-17b,fact_grounded,0,0,already_correct,0.1141930109973524,0.4455329723918393,1.4950548630899807,0.7469428945095788
ambiguous_045,llama-4-maverick-17b,fact_grounded,0,0,already_correct,0.199354465743603,0.4763491588176562,1.8880987863168004,0.6647331060284427
ambiguous_046,llama-4-maverick-17b,fact_grounded,0,0,already_correct,0.6017392034715879,0.498338276172085,1.7294301961153629,0.6344999105871726
ambiguous_047,llama-4-maverick-17b,fact_grounded,0,0,already_correct,1.1102230246251563e-16,0.5203500695220684,2.1452544516792873,0.609386040166454
ambiguous_048,llama-4-maverick-17b,fact_grounded,0,0,already_correct,0.0007623374921091,0.5308068561372266,2.288822174471036,0.5812918740543526
ambiguous_049,llama-4-maverick-17b,fact_grounded,0,0,already_correct,0.015373448445039,0.4583185559205806,1.537740731218717,0.7508015940134369
ambiguous_050,llama-4-maverick-17b,fact_grounded,0,0,already_correct,0.1046427514876041,0.465696382006646,1.6163408071835996,0.5684870725852254
ambiguous_051,llama-4-maverick-17b,fact_grounded,0,0,already_correct,0.2499723149221913,0.43023306463915,1.7107824916712575,0.6072732194290416
ambiguous_052,llama-4-maverick-17b,fact_grounded,0,0,already_correct,0.1777043483180626,0.3669493979542798,1.5792179442982903,0.6786201025989553
ambiguous_053,llama-4-maverick-17b,fact_grounded,0,0,already_correct,1.1102230246251563e-16,0.5118915852044066,2.179763751474003,0.6039753448805846
ambiguous_054,llama-4-maverick-17b,fact_grounded,0,0,already_correct,0.198262011441614,0.4242561711000174,1.7758487332933757,0.5876605809851464
ambiguous_055,llama-4-maverick-17b,fact_grounded,0,0,already_correct,0.3318038674512861,0.5638879571477007,2.597080864630488,0.5411168078440893
ambiguous_056,llama-4-maverick-17b,fact_grounded,0,0,already_correct,0.787933391422078,0.4282860633495321,1.6794508530342969,0.6193214851712351
ambiguous_057,llama-4-maverick-17b,fact_grounded,0,0,already_correct,0.7113343895294981,0.4293178033901159,1.5607522898229576,0.5954319298025103
ambiguous_058,llama-4-maverick-17b,fact_grounded,0,0,already_correct,0.4716015668227307,0.4854064458580643,1.6875500884206494,0.6059676160038356
ambiguous_059,llama-4-maverick-17b,fact_grounded,0,0,already_correct,0.2264498336035106,0.3760437799577025,1.9834791706852324,0.6039879748085556
ambiguous_060,llama-4-maverick-17b,fact_grounded,0,0,already_correct,0.3825585437981733,0.51702828834971,2.0952969419991185,0.6084568178815019
ambiguous_061,llama-4-maverick-17b,fact_grounded,0,0,already_correct,0.2272560128285399,0.457724324731267,2.097446446207426,0.6047368641572493
ambiguous_062,llama-4-maverick-17b,fact_grounded,0,0,already_correct,0.3750512555545342,0.3472976227298386,1.5367877744642742,0.6763947789547355
ambiguous_063,llama-4-maverick-17b,fact_grounded,0,0,already_correct,0.3865161151473019,0.541080692121289,2.542454437666057,0.5768717961479495
ambiguous_064,llama-4-maverick-17b,fact_grounded,0,0,already_correct,0.1307481718924291,0.3895086882637234,1.503733655746533,0.6664351444693426
ambiguous_065,llama-4-maverick-17b,fact_grounded,0,0,already_correct,0.194605255827799,0.4511334962558812,1.916915496860755,0.5915300441343841
ambiguous_066,llama-4-maverick-17b,fact_grounded,0,0,already_correct,0.3654580221617494,0.4042543673130022,2.2415599654657004,0.5794837452194913
ambiguous_067,llama-4-maverick-17b,fact_grounded,0,0,already_correct,0.0791723013304377,0.4497917419916035,1.841533950391534,0.5970550880084131
ambiguous_068,llama-4-maverick-17b,fact_grounded,0,0,already_correct,0.066774602112254,0.4951176168791676,2.1267789044021064,0.6351308307505117
ambiguous_069,llama-4-maverick-17b,fact_grounded,0,0,already_correct,0.1586471919117993,0.529494803089946,2.0765701978308715,0.5892945636077542
ambiguous_070,llama-4-maverick-17b,fact_grounded,0,0,already_correct,0.1870498066681122,0.4704141435171802,1.8277405957714217,0.6663566236239373
ambiguous_071,llama-4-maverick-17b,fact_grounded,0,0,already_correct,0.7759509016235346,0.3699680199022408,1.7725946025393668,0.6637848508725611
ambiguous_072,llama-4-maverick-17b,fact_grounded,0,0,already_correct,0.5216525516035583,0.4684540634637558,2.326993622517255,0.5978458356539245
ambiguous_073,llama-4-maverick-17b,fact_grounded,0,0,already_correct,0.2936189183965008,0.5208703924217264,2.1241942911593283,0.6104035765527966
ambiguous_074,llama-4-maverick-17b,fact_grounded,0,0,already_correct,0.1145039381174928,0.4419136983826476,1.788208277303796,0.6120511931249658
ambiguous_075,llama-4-maverick-17b,fact_grounded,0,0,already_correct,0.365952809779331,0.485992797395979,1.8185966114818952,0.5435721514206071
ambiguous_076,llama-4-maverick-17b,fact_grounded,0,0,already_correct,0.7213988409624724,0.3607934560277327,2.032940124169298,0.5768120238858836
ambiguous_077,llama-4-maverick-17b,fact_grounded,0,0,already_correct,1.1102230246251563e-16,0.4691249325297769,1.536176855806763,0.6655102729503211
ambiguous_078,llama-4-maverick-17b,fact_grounded,0,0,already_correct,0.6102384166237447,0.3309039430913535,1.945321004425669,0.6327630031284367
ambiguous_079,llama-4-maverick-17b,fact_grounded,0,0,already_correct,0.0472035092883931,0.4396842449932009,1.5565000443193089,0.6797952870020483
ambiguous_080,llama-4-maverick-17b,fact_grounded,0,0,already_correct,0.4151977764858052,0.3586927595693975,1.7914394329217986,0.6721294801293554
ambiguous_081,llama-4-maverick-17b,fact_grounded,0,0,already_correct,0.4855467651349612,0.5549968588167808,2.5053253012188668,0.5468872608542804
ambiguous_082,llama-4-maverick-17b,fact_grounded,0,0,already_correct,0.7658328910058598,0.6230728097731264,2.6572470950989033,0.535077946552968
ambiguous_083,llama-4-maverick-17b,fact_grounded,0,0,already_correct,0.3569879122793679,0.4234983998739121,1.4864427139139904,0.7005679142214887
ambiguous_084,llama-4-maverick-17b,fact_grounded,0,0,already_correct,0.813915447603801,0.5617528164330869,2.6222694504409856,0.4985161385558181
ambiguous_085,llama-4-maverick-17b,fact_grounded,0,0,already_correct,0.1614533423014978,0.4636291982680142,1.941804469540396,0.5900963108132051
ambiguous_086,llama-4-maverick-17b,fact_grounded,0,0,already_correct,0.743017796599794,0.3543153196251317,1.9659807045529467,0.6562811030001302
ambiguous_087,llama-4-maverick-17b,fact_grounded,0,0,already_correct,0.0466926555910374,0.4222848113421836,1.8424749469213983,0.6127122670072148
ambiguous_088,llama-4-maverick-17b,fact_grounded,0,0,already_correct,0.3567118773098702,0.4841113809463411,2.167649005470379,0.6245334628816293
ambiguous_089,llama-4-maverick-17b,fact_grounded,0,0,already_correct,0.611246284171553,0.4960113538981785,2.191870742736033,0.6206749868162854
ambiguous_090,llama-4-maverick-17b,fact_grounded,0,0,already_correct,0.8042895480254924,0.416559976103064,1.7939307084915004,0.6686223726245681
ambiguous_091,llama-4-maverick-17b,fact_grounded,0,0,already_correct,0.2076148675269422,0.5138145931119994,2.139665299885295,0.6247996434257974
ambiguous_092,llama-4-maverick-17b,fact_grounded,0,0,already_correct,0.1026864266633025,0.4481939538203094,2.1869450002189654,0.5909426463446185
ambiguous_093,llama-4-maverick-17b,fact_grounded,0,0,already_correct,0.278469105695076,0.4535280981303278,2.3649636701392054,0.5582842671254327
ambiguous_094,llama-4-maverick-17b,fact_grounded,0,0,already_correct,0.1570242529823706,0.5673791056109705,2.851291536253753,0.5590425535361244
ambiguous_095,llama-4-maverick-17b,fact_grounded,0,0,already_correct,0.3971435463888026,0.4763578147032907,2.0347122121218564,0.618879841037896
ambiguous_096,llama-4-maverick-17b,fact_grounded,0,0,already_correct,0.4765253194221335,0.4640500223838369,2.1859176570194774,0.5872903383214326
ambiguous_097,llama-4-maverick-17b,fact_grounded,0,0,already_correct,0.6353888046578354,0.4442563595374043,2.254569412046105,0.5951307953623421
ambiguous_098,llama-4-maverick-17b,fact_grounded,0,0,already_correct,0.2659934557581298,0.4971533534766986,1.85431406597822,0.6315672380816152
ambiguous_099,llama-4-maverick-17b,fact_grounded,0,0,already_correct,0.4122169180977346,0.4999457285191128,2.0566971102312928,0.62843695233373
ambiguous_100,llama-4-maverick-17b,fact_grounded,0,0,already_correct,0.7951870003563645,0.3379685889996887,1.9014629498644784,0.6729866135836824
ambiguous_101,llama-4-maverick-17b,fact_grounded,0,0,already_correct,0.4644291196378647,0.4211060115285139,1.555361831243632,0.6486240159912241
ambiguous_102,llama-4-maverick-17b,fact_grounded,0,0,already_correct,0.4648150364333798,0.3801291588200778,1.4396473473008482,0.6897197965120447
ambiguous_103,llama-4-maverick-17b,fact_grounded,0,0,already_correct,0.5419964895552143,0.3842231245479571,1.8999848662665637,0.6139291334793262
ambiguous_104,llama-4-maverick-17b,fact_grounded,0,0,already_correct,0.8258606644456606,0.4323335563608909,1.869447626643557,0.5807633910194665
ambiguous_105,llama-4-maverick-17b,fact_grounded,0,0,already_correct,0.0,0.5850687660016045,2.8198418307364688,0.5159791337842479
ambiguous_106,llama-4-maverick-17b,fact_grounded,0,0,already_correct,0.1955541882323601,0.4763274033503883,2.0453482035877815,0.5792543068011743
ambiguous_107,llama-4-maverick-17b,fact_grounded,0,0,already_correct,0.7852537142351815,0.5534447910869212,3.077240443272292,0.5617718876165703
ambiguous_108,llama-4-maverick-17b,fact_grounded,0,0,already_correct,0.7784739681522246,0.5289489372570311,2.570043882663746,0.5394469160977834
ambiguous_109,llama-4-maverick-17b,fact_grounded,0,0,already_correct,-2.220446049250313e-16,0.5630419088673722,2.8453042975425036,0.5279049399088223
ambiguous_110,llama-4-maverick-17b,fact_grounded,0,0,already_correct,0.7784739681522236,0.5573831781530021,2.6980702528590874,0.5525947825895404
ambiguous_111,llama-4-maverick-17b,fact_grounded,0,0,already_correct,0.7904265763990705,0.5332547039469795,2.890427822347319,0.5592195130142679
ambiguous_112,llama-4-maverick-17b,fact_grounded,0,0,already_correct,0.5944778426772561,0.4529522508777139,2.2979668368910664,0.5939220502391782
ambiguous_113,llama-4-maverick-17b,fact_grounded,0,0,already_correct,0.7916298108343762,0.4708141465392798,2.1296230172096258,0.5992961085932158
ambiguous_114,llama-4-maverick-17b,fact_grounded,0,0,already_correct,0.7817070362190197,0.5222985536915039,2.689982597010804,0.5710750985500112
ambiguous_115,llama-4-maverick-17b,fact_grounded,0,0,already_correct,0.578983228374877,0.564329623796546,3.139104836665925,0.4776152791885106
ambiguous_116,llama-4-maverick-17b,fact_grounded,0,0,already_correct,0.4397094565167494,0.5032015078756849,2.3459072836823083,0.5694700344070834
ambiguous_117,llama-4-maverick-17b,fact_grounded,0,0,already_correct,0.7718055566518579,0.3231921429136292,1.997050245081332,0.6543277516701158
ambiguous_118,llama-4-maverick-17b,fact_grounded,0,0,already_correct,0.4292952995207831,0.5103708777922726,2.0636351730411566,0.6327721335318325
ambiguous_119,llama-4-maverick-17b,fact_grounded,0,0,already_correct,0.613721947830653,0.5614774706503529,2.5443242509364064,0.6052582758233723
ambiguous_120,llama-4-maverick-17b,fact_grounded,0,0,already_correct,1.1102230246251563e-16,0.4112788770004014,1.9116197702854123,0.5695286366447575
borderline_obscure_0,llama-4-maverick-17b,structured_caution,0,0,already_correct,,,,
borderline_obscure_2,llama-4-maverick-17b,structured_caution,0,0,already_correct,,,,
borderline_obscure_3,llama-4-maverick-17b,structured_caution,0,0,already_correct,,,,
borderline_obscure_4,llama-4-maverick-17b,structured_caution,0,0,already_correct,,,,
borderline_obscure_5,llama-4-maverick-17b,structured_caution,0,0,already_correct,,,,
borderline_obscure_6,llama-4-maverick-17b,structured_caution,0,0,already_correct,,,,
borderline_obscure_8,llama-4-maverick-17b,structured_caution,0,0,already_correct,,,,
borderline_obscure_9,llama-4-maverick-17b,structured_caution,0,0,already_correct,,,,
borderline_obscure_10,llama-4-maverick-17b,structured_caution,0,0,already_correct,,,,
borderline_obscure_12,llama-4-maverick-17b,structured_caution,0,0,already_correct,,,,
borderline_obscure_14,llama-4-maverick-17b,structured_caution,0,0,already_correct,,,,
borderline_obscure_15,llama-4-maverick-17b,structured_caution,0,0,already_correct,,,,
borderline_obscure_16,llama-4-maverick-17b,structured_caution,0,0,already_correct,,,,
borderline_obscure_17,llama-4-maverick-17b,structured_caution,0,3,already_correct,,,,
borderline_obscure_18,llama-4-maverick-17b,structured_caution,0,0,already_correct,,,,
borderline_obscure_19,llama-4-maverick-17b,structured_caution,0,0,already_correct,,,,
borderline_obscure_20,llama-4-maverick-17b,structured_caution,0,0,already_correct,,,,
borderline_obscure_21,llama-4-maverick-17b,structured_caution,0,0,already_correct,,,,
borderline_obscure_22,llama-4-maverick-17b,structured_caution,0,0,already_correct,,,,
borderline_obscure_23,llama-4-maverick-17b,structured_caution,2,3,fixed,,,,
borderline_obscure_24,llama-4-maverick-17b,structured_caution,0,0,already_correct,,,,
borderline_obscure_25,llama-4-maverick-17b,structured_caution,0,3,already_correct,,,,
borderline_obscure_26,llama-4-maverick-17b,structured_caution,0,0,already_correct,,,,
borderline_obscure_27,llama-4-maverick-17b,structured_caution,0,0,already_correct,,,,
borderline_obscure_28,llama-4-maverick-17b,structured_caution,0,0,already_correct,,,,
borderline_obscure_29,llama-4-maverick-17b,structured_caution,0,0,already_correct,,,,
borderline_obscure_30,llama-4-maverick-17b,structured_caution,0,0,already_correct,,,,
borderline_obscure_31,llama-4-maverick-17b,structured_caution,0,0,already_correct,,,,
borderline_obscure_32,llama-4-maverick-17b,structured_caution,0,0,already_correct,,,,
borderline_obscure_34,llama-4-maverick-17b,structured_caution,0,3,already_correct,,,,
borderline_fake_0,llama-4-maverick-17b,structured_caution,2,0,fixed,,,,
borderline_fake_2,llama-4-maverick-17b,structured_caution,0,0,already_correct,,,,
borderline_fake_3,llama-4-maverick-17b,structured_caution,2,0,fixed,,,,
borderline_fake_4,llama-4-maverick-17b,structured_caution,2,0,fixed,,,,
borderline_fake_5,llama-4-maverick-17b,structured_caution,0,0,already_correct,,,,
borderline_fake_6,llama-4-maverick-17b,structured_caution,2,0,fixed,,,,
borderline_fake_7,llama-4-maverick-17b,structured_caution,1,0,other,,,,
borderline_fake_8,llama-4-maverick-17b,structured_caution,0,3,already_correct,,,,
borderline_fake_9,llama-4-maverick-17b,structured_caution,0,3,already_correct,,,,
borderline_fake_10,llama-4-maverick-17b,structured_caution,2,3,fixed,,,,
borderline_fake_11,llama-4-maverick-17b,structured_caution,2,0,fixed,,,,
borderline_fake_12,llama-4-maverick-17b,structured_caution,0,0,already_correct,,,,
borderline_fake_13,llama-4-maverick-17b,structured_caution,0,0,already_correct,,,,
borderline_fake_14,llama-4-maverick-17b,structured_caution,2,0,fixed,,,,
borderline_fake_15,llama-4-maverick-17b,structured_caution,2,3,fixed,,,,
borderline_fake_16,llama-4-maverick-17b,structured_caution,0,3,already_correct,,,,
borderline_fake_17,llama-4-maverick-17b,structured_caution,0,0,already_correct,,,,
borderline_fake_19,llama-4-maverick-17b,structured_caution,2,3,fixed,,,,
borderline_fake_20,llama-4-maverick-17b,structured_caution,0,0,already_correct,,,,
borderline_fake_21,llama-4-maverick-17b,structured_caution,0,0,already_correct,,,,
borderline_fake_22,llama-4-maverick-17b,structured_caution,2,0,fixed,,,,
borderline_fake_23,llama-4-maverick-17b,structured_caution,2,0,fixed,,,,
borderline_fake_24,llama-4-maverick-17b,structured_caution,2,0,fixed,,,,
borderline_fake_27,llama-4-maverick-17b,structured_caution,0,0,already_correct,,,,
borderline_fake_28,llama-4-maverick-17b,structured_caution,2,0,fixed,,,,
borderline_fake_29,llama-4-maverick-17b,structured_caution,2,2,still_broken,,,,
borderline_fake_30,llama-4-maverick-17b,structured_caution,0,0,already_correct,,,,
borderline_fake_31,llama-4-maverick-17b,structured_caution,2,0,fixed,,,,
borderline_fake_32,llama-4-maverick-17b,structured_caution,0,0,already_correct,,,,
borderline_fake_33,llama-4-maverick-17b,structured_caution,0,0,already_correct,,,,
borderline_fake_34,llama-4-maverick-17b,structured_caution,0,0,already_correct,,,,
borderline_edge_0,llama-4-maverick-17b,structured_caution,0,0,already_correct,,,,
borderline_edge_1,llama-4-maverick-17b,structured_caution,0,0,already_correct,,,,
borderline_edge_2,llama-4-maverick-17b,structured_caution,0,0,already_correct,,,,
borderline_edge_3,llama-4-maverick-17b,structured_caution,0,0,already_correct,,,,
borderline_edge_4,llama-4-maverick-17b,structured_caution,0,0,already_correct,,,,
borderline_edge_5,llama-4-maverick-17b,structured_caution,0,0,already_correct,,,,
borderline_edge_6,llama-4-maverick-17b,structured_caution,0,0,already_correct,,,,
borderline_edge_7,llama-4-maverick-17b,structured_caution,0,0,already_correct,,,,
borderline_edge_8,llama-4-maverick-17b,structured_caution,0,0,already_correct,,,,
borderline_edge_9,llama-4-maverick-17b,structured_caution,0,0,already_correct,,,,
borderline_edge_10,llama-4-maverick-17b,structured_caution,0,0,already_correct,,,,
borderline_edge_11,llama-4-maverick-17b,structured_caution,0,0,already_correct,,,,
borderline_edge_12,llama-4-maverick-17b,structured_caution,0,0,already_correct,,,,
borderline_edge_13,llama-4-maverick-17b,structured_caution,0,0,already_correct,,,,
borderline_edge_14,llama-4-maverick-17b,structured_caution,0,0,already_correct,,,,
borderline_edge_15,llama-4-maverick-17b,structured_caution,0,0,already_correct,,,,
borderline_edge_16,llama-4-maverick-17b,structured_caution,0,0,already_correct,,,,
borderline_edge_17,llama-4-maverick-17b,structured_caution,0,0,already_correct,,,,
borderline_edge_18,llama-4-maverick-17b,structured_caution,0,0,already_correct,,,,
borderline_edge_19,llama-4-maverick-17b,structured_caution,0,0,already_correct,,,,
factual_001,llama-4-maverick-17b,structured_caution,0,0,already_correct,0.3390698482009572,0.4258317670548038,1.383397835699358,0.8319429930204049
factual_002,llama-4-maverick-17b,structured_caution,0,0,already_correct,1.1102230246251563e-16,0.3671381095938628,1.542750285528084,0.7310246140998413
factual_003,llama-4-maverick-17b,structured_caution,0,0,already_correct,0.0756442551152993,0.4801142226197014,1.624794773575251,0.755998273251816
factual_004,llama-4-maverick-17b,structured_caution,2,0,fixed,0.0,0.4091090586541112,1.456805708543466,0.6993882164910686
factual_005,llama-4-maverick-17b,structured_caution,0,3,already_correct,0.701730912788892,0.5021843521531819,1.7011396195193464,0.631399119430105
factual_006,llama-4-maverick-17b,structured_caution,0,0,already_correct,0.3259960846208846,0.463198484824823,1.6399415228618777,0.7872932102035252
factual_007,llama-4-maverick-17b,structured_caution,3,3,other,0.2091951151053356,0.4128652483638895,1.5903660763514311,0.7465407015315013
factual_008,llama-4-maverick-17b,structured_caution,0,0,already_correct,0.2037090540592256,0.468512958130906,1.6390644859640455,0.7686338531644856
factual_009,llama-4-maverick-17b,structured_caution,1,3,other,0.853848090543631,0.4151502834613091,1.6498944144090766,0.6572635505963973
factual_010,llama-4-maverick-17b,structured_caution,0,0,already_correct,0.232918055860813,0.5099705765787288,1.4726113798083318,0.7977554962414828
factual_011,llama-4-maverick-17b,structured_caution,1,3,other,0.6355284519294534,0.4036154541062687,1.7162440503449623,0.6860809940271048
factual_012,llama-4-maverick-17b,structured_caution,0,0,already_correct,0.08768981332469,0.3617398426203926,2.1728592401910753,0.7799865642706615
factual_013,llama-4-maverick-17b,structured_caution,1,3,other,0.5587325104078119,0.4151817642436208,1.5180539170053302,0.7282876276517176
factual_014,llama-4-maverick-17b,structured_caution,0,0,already_correct,0.6638246094684089,0.3553819706965982,2.1996388726934804,0.7761234665442845
factual_015,llama-4-maverick-17b,structured_caution,1,0,other,0.1297030895398097,0.3991916513629209,1.4328530668641868,0.7704209428355229
factual_016,llama-4-maverick-17b,structured_caution,0,0,already_correct,0.0621903996737486,0.4616666102107748,1.586809125161253,0.7543118897692439
factual_017,llama-4-maverick-17b,structured_caution,0,0,already_correct,0.1522014106797664,0.443350120005155,1.3893387081191293,0.7864701848631095
factual_018,llama-4-maverick-17b,structured_caution,0,0,already_correct,0.3992775109347958,0.4174074519253169,1.483890317654831,0.7521987718089467
factual_019,llama-4-maverick-17b,structured_caution,0,0,already_correct,0.570304218688948,0.4979737230271303,1.4626267777593926,0.8054669229845892
factual_020,llama-4-maverick-17b,structured_caution,1,0,other,0.3516206758576254,0.3763613439841432,1.611047325255963,0.7185921891940295
factual_021,llama-4-maverick-17b,structured_caution,1,3,other,0.6527801569546965,0.4180078612342092,1.4350551741860758,0.7225185823687947
factual_022,llama-4-maverick-17b,structured_caution,0,0,already_correct,0.1783344385302553,0.3672437094222894,2.117486252547943,0.7833564590952354
factual_023,llama-4-maverick-17b,structured_caution,1,3,other,0.1352864691345792,0.4016135193900492,1.649187144559479,0.7067573427577292
factual_024,llama-4-maverick-17b,structured_caution,1,0,other,0.4975689892409519,0.4447017810950163,1.5171197273637569,0.713587560930383
factual_025,llama-4-maverick-17b,structured_caution,1,3,other,0.0,0.3980743483955428,1.6433910358883772,0.7367057649170274
factual_026,llama-4-maverick-17b,structured_caution,0,0,already_correct,-2.220446049250313e-16,0.309447624007505,1.4760212348272164,0.8351255628104022
factual_027,llama-4-maverick-17b,structured_caution,0,0,already_correct,1.1102230246251563e-16,0.4080458109181683,1.4764124571822654,0.7593912020536738
factual_028,llama-4-maverick-17b,structured_caution,0,0,already_correct,0.1356920640120937,0.4393622371282437,1.649946639222292,0.7485870160062343
factual_029,llama-4-maverick-17b,structured_caution,0,0,already_correct,0.0,0.4977641369133579,1.4952019816184945,0.8305814312917218
factual_030,llama-4-maverick-17b,structured_caution,1,3,other,0.7127292906743794,0.472656698084123,1.5989159658219183,0.6705712402368056
factual_031,llama-4-maverick-17b,structured_caution,0,0,already_correct,0.4314744393813291,0.4501789895715146,1.4405047447566357,0.7918370107882089
factual_032,llama-4-maverick-17b,structured_caution,0,1,already_correct,0.0,0.4060071654329528,1.514936114087026,0.7245722802366368
factual_033,llama-4-maverick-17b,structured_caution,0,0,already_correct,0.0,0.5017394875876153,1.546885661918044,0.8087152173946708
factual_034,llama-4-maverick-17b,structured_caution,0,0,already_correct,0.6081839654868795,0.5232130866441007,1.4683546340768272,0.7915399581256456
factual_035,llama-4-maverick-17b,structured_caution,0,0,already_correct,0.4271616887496303,0.4876412851028002,1.5377929180335528,0.7756829976016371
factual_036,llama-4-maverick-17b,structured_caution,0,0,already_correct,0.1261866985503336,0.3244414575107672,1.5245649525106562,0.8273038597662479
factual_037,llama-4-maverick-17b,structured_caution,0,0,already_correct,0.0,0.3147422473558741,1.5672190155056889,0.7206514156979043
factual_038,llama-4-maverick-17b,structured_caution,0,0,already_correct,0.0,0.4211484740263029,1.3771096527279183,0.8661372673645562
factual_039,llama-4-maverick-17b,structured_caution,1,3,other,0.177078731748155,0.4046827470446055,1.497245204967567,0.6446426131783606
factual_040,llama-4-maverick-17b,structured_caution,0,0,already_correct,-2.220446049250313e-16,0.3414680534651442,2.4910222200547074,0.737480424854035
factual_041,llama-4-maverick-17b,structured_caution,0,0,already_correct,0.6590282271990809,0.4413968529615208,1.4390743196603273,0.7699239301662081
factual_042,llama-4-maverick-17b,structured_caution,0,0,already_correct,0.8096019744024965,0.4545800688847466,1.6252229539662026,0.7989216578285829
factual_043,llama-4-maverick-17b,structured_caution,0,0,already_correct,0.1106474559626835,0.4682907741308082,1.546374825705338,0.797005081645074
factual_044,llama-4-maverick-17b,structured_caution,0,0,already_correct,0.2496274882844138,0.4826722402390526,1.4448395314471096,0.7926729701723823
factual_045,llama-4-maverick-17b,structured_caution,0,0,already_correct,0.3910302967543626,0.4762882153821701,1.451296329281991,0.7940873301226171
factual_046,llama-4-maverick-17b,structured_caution,0,0,already_correct,0.3909013784101188,0.4831296148411537,1.3766308979634674,0.7957830463075242
factual_047,llama-4-maverick-17b,structured_caution,0,0,already_correct,0.4080816131732503,0.3346997209064156,2.496140320144274,0.7613314728939098
factual_048,llama-4-maverick-17b,structured_caution,0,0,already_correct,0.6211373159127278,0.442478820203474,1.64858837863659,0.789738065303002
factual_049,llama-4-maverick-17b,structured_caution,1,3,other,0.7052676924968719,0.5047896404943268,1.6764719459937247,0.6353803272121445
factual_050,llama-4-maverick-17b,structured_caution,1,0,other,0.8177822094666237,0.4325966950899802,1.605637013732773,0.6860979834111427
factual_051,llama-4-maverick-17b,structured_caution,0,0,already_correct,0.4856820367671054,0.4445014726564936,1.5978639282844784,0.6700823419876167
factual_052,llama-4-maverick-17b,structured_caution,0,0,already_correct,0.2588180790601095,0.4907653095180171,1.5672965779117558,0.7538454712736763
factual_053,llama-4-maverick-17b,structured_caution,0,3,already_correct,0.3459381505484974,0.4008120746180286,1.3829706679702791,0.8203197763151169
factual_054,llama-4-maverick-17b,structured_caution,0,0,already_correct,2.220446049250313e-16,0.3674563684053866,1.3647406575165009,0.7838035822067071
factual_055,llama-4-maverick-17b,structured_caution,0,0,already_correct,0.5494506790999643,0.4252726172935853,1.478079942331184,0.7747870351215546
factual_056,llama-4-maverick-17b,structured_caution,0,0,already_correct,0.2539817160958447,0.4450391397394795,1.4632676163200211,0.7667842126110449
factual_057,llama-4-maverick-17b,structured_caution,0,0,already_correct,0.0,0.3978971698173434,1.453501272284534,0.7812083645803997
factual_058,llama-4-maverick-17b,structured_caution,0,0,already_correct,0.2095405375742327,0.5111534489258107,1.5430189490603494,0.8232970349963812
factual_059,llama-4-maverick-17b,structured_caution,0,0,already_correct,0.3699076605808898,0.2896543084979006,1.4772908783384575,0.7960505597584258
factual_060,llama-4-maverick-17b,structured_caution,0,0,already_correct,0.7099132644629002,0.5105063433676238,1.415749810693637,0.8558493626016794
factual_061,llama-4-maverick-17b,structured_caution,0,0,already_correct,2.220446049250313e-16,0.4819275257171794,1.501545009538279,0.7979848304214872
factual_062,llama-4-maverick-17b,structured_caution,0,0,already_correct,0.3387145971543948,0.4738592572936945,1.4166794254788595,0.8233539805586463
factual_063,llama-4-maverick-17b,structured_caution,0,0,already_correct,0.6365540150039888,0.4269955459015017,1.5280710244608426,0.7143697392221002
factual_064,llama-4-maverick-17b,structured_caution,0,0,already_correct,0.5922619222704957,0.3018866463373968,1.4603186455188824,0.8220882818069783
factual_065,llama-4-maverick-17b,structured_caution,0,0,already_correct,0.1128744609388492,0.3407672513109081,2.070468063091321,0.7374627770235378
factual_066,llama-4-maverick-17b,structured_caution,0,0,already_correct,0.1900235496338574,0.503458426875032,1.4324307182167868,0.8095817527009933
factual_067,llama-4-maverick-17b,structured_caution,0,0,already_correct,0.4748283421565603,0.4142539887401134,1.4732365393388285,0.7979292272466194
factual_068,llama-4-maverick-17b,structured_caution,0,0,already_correct,0.0639272631090749,0.3510497420817116,2.3556922148236583,0.7631016457391149
factual_069,llama-4-maverick-17b,structured_caution,0,0,already_correct,0.5181413802399217,0.4553498762964384,1.606172484932409,0.7888276761457962
factual_070,llama-4-maverick-17b,structured_caution,0,0,already_correct,0.1117010549366074,0.3703280439605724,1.8385235083809184,0.7902572804385989
factual_071,llama-4-maverick-17b,structured_caution,0,0,already_correct,0.3523509046120336,0.5017514427116267,1.506904467763912,0.8128678303414758
factual_072,llama-4-maverick-17b,structured_caution,0,0,already_correct,0.1926927217111285,0.3575782828311282,2.052706263150836,0.7867627154094793
factual_073,llama-4-maverick-17b,structured_caution,0,0,already_correct,0.3366527554593764,0.3560932709599926,1.8814618137714167,0.8112673307261143
factual_074,llama-4-maverick-17b,structured_caution,0,0,already_correct,0.6304310634975547,0.3884602880899718,1.486769258226069,0.7831299629453908
factual_075,llama-4-maverick-17b,structured_caution,0,0,already_correct,1.1102230246251563e-16,0.5018524787912563,1.520063619021078,0.7990751099204498
factual_076,llama-4-maverick-17b,structured_caution,0,0,already_correct,0.5900770287315599,0.3669007903011599,1.419601129895851,0.755357546080865
factual_077,llama-4-maverick-17b,structured_caution,0,0,already_correct,3.3306690738754696e-16,0.4003005515850812,1.3862081007025076,0.8152530270212486
factual_078,llama-4-maverick-17b,structured_caution,0,0,already_correct,1.1102230246251563e-16,0.5051220359781636,1.4570154481027626,0.808027167838611
factual_079,llama-4-maverick-17b,structured_caution,0,0,already_correct,0.0,0.3487148893477196,2.27657210305503,0.7800840971199191
factual_080,llama-4-maverick-17b,structured_caution,0,0,already_correct,0.5175730124359599,0.2895453626919549,1.477225335209429,0.8115261311321036
factual_081,llama-4-maverick-17b,structured_caution,0,0,already_correct,0.1012554620345593,0.4328614718772041,1.3507097741310654,0.8362269260064743
factual_082,llama-4-maverick-17b,structured_caution,0,0,already_correct,-2.220446049250313e-16,0.3373139951597824,2.0354023865462363,0.7548743531801294
factual_083,llama-4-maverick-17b,structured_caution,0,0,already_correct,1.1102230246251563e-16,0.4679765550289769,1.4512844040683364,0.7974902815995142
factual_084,llama-4-maverick-17b,structured_caution,0,0,already_correct,0.0873858389472691,0.356731544150184,1.884260342664908,0.8235908886889827
factual_085,llama-4-maverick-17b,structured_caution,0,0,already_correct,-2.220446049250313e-16,0.4924453090325872,1.6060426147927964,0.758906445296362
factual_086,llama-4-maverick-17b,structured_caution,0,0,already_correct,0.806081801684519,0.3458666117576172,2.0156784313857306,0.8087802765551547
factual_087,llama-4-maverick-17b,structured_caution,0,0,already_correct,0.5558699241037635,0.418235810908836,1.428998031152279,0.838896372111011
factual_088,llama-4-maverick-17b,structured_caution,0,0,already_correct,0.2333428271170836,0.3934658100064162,1.465304295968953,0.7830320061798703
factual_089,llama-4-maverick-17b,structured_caution,0,0,already_correct,0.668761632601216,0.5136980177126386,1.4991079933172302,0.8010776930231761
factual_090,llama-4-maverick-17b,structured_caution,0,0,already_correct,-2.220446049250313e-16,0.4635935923083798,1.4173488710208413,0.8137413115784311
factual_091,llama-4-maverick-17b,structured_caution,0,0,already_correct,0.3814291512015367,0.475664023604871,1.3936260572592174,0.8450265988684978
factual_092,llama-4-maverick-17b,structured_caution,0,0,already_correct,1.1102230246251563e-16,0.4833001715292726,1.409955852156895,0.7710239748280108
factual_093,llama-4-maverick-17b,structured_caution,0,0,already_correct,0.0058858111161878,0.3460475600916803,2.3507409980528458,0.771903298359765
factual_094,llama-4-maverick-17b,structured_caution,0,0,already_correct,0.0,0.3419792874368186,2.076048546434794,0.7869229786519517
factual_095,llama-4-maverick-17b,structured_caution,0,0,already_correct,0.0,0.454446304442836,1.6077006245745566,0.7891477636161054
factual_096,llama-4-maverick-17b,structured_caution,0,0,already_correct,-2.220446049250313e-16,0.3430834906900136,2.0974092363572936,0.7780574232390709
factual_097,llama-4-maverick-17b,structured_caution,0,0,already_correct,0.1933373330263507,0.3472492097743691,2.1468875447425866,0.8008670767765944
factual_098,llama-4-maverick-17b,structured_caution,0,0,already_correct,0.1946058820058216,0.3592082545940397,2.187610416506546,0.7161179857994848
impossible_001,llama-4-maverick-17b,structured_caution,0,0,already_correct,0.0,0.4284789178593438,1.3647315671430038,0.8173245508833905
impossible_002,llama-4-maverick-17b,structured_caution,0,0,already_correct,0.1925003012804915,0.4396589807744273,1.4400179462563576,0.7689164062010384
impossible_003,llama-4-maverick-17b,structured_caution,1,0,other,0.3041079336142306,0.4745776345517306,1.5647300163614537,0.6969380899420593
impossible_004,llama-4-maverick-17b,structured_caution,0,0,already_correct,0.3074015199966582,0.4454880922352143,1.458411279508117,0.7008940148293222
impossible_005,llama-4-maverick-17b,structured_caution,0,0,already_correct,0.5348686529869204,0.4778804885323092,1.5571238857869047,0.5928068096228768
impossible_006,llama-4-maverick-17b,structured_caution,0,0,already_correct,0.0,0.3150933902050303,1.44914888839206,0.7424336900914429
impossible_007,llama-4-maverick-17b,structured_caution,0,0,already_correct,0.0760181053446082,0.4283067881602623,1.5733228037355471,0.6215082050686007
impossible_008,llama-4-maverick-17b,structured_caution,0,0,already_correct,2.220446049250313e-16,0.4589631985402678,1.4780617824844742,0.6774152573684572
impossible_009,llama-4-maverick-17b,structured_caution,0,3,already_correct,0.1249390917114745,0.3118504227910957,1.43227288011093,0.7238138878895117
impossible_010,llama-4-maverick-17b,structured_caution,0,0,already_correct,1.1102230246251563e-16,0.3666893394761781,1.3883202835937618,0.7648042512578479
impossible_011,llama-4-maverick-17b,structured_caution,0,0,already_correct,0.6570046720548636,0.4878757339388605,1.606294091488777,0.6475217814214653
impossible_012,llama-4-maverick-17b,structured_caution,0,0,already_correct,0.3881410451718331,0.4235035315207365,1.5279960497361569,0.6620432260206898
impossible_013,llama-4-maverick-17b,structured_caution,0,0,already_correct,0.367171031876069,0.4485257442853096,1.4305640589961452,0.7090608744629913
impossible_014,llama-4-maverick-17b,structured_caution,0,0,already_correct,0.304387963775812,0.4766921393628873,1.5886968038209053,0.6036803376122305
impossible_015,llama-4-maverick-17b,structured_caution,0,0,already_correct,0.1445833902033999,0.4535491798602405,1.3948250469146637,0.7345084218910429
impossible_016,llama-4-maverick-17b,structured_caution,0,0,already_correct,0.3695204607283343,0.4770769095741097,1.468249801349997,0.7287548863456212
impossible_017,llama-4-maverick-17b,structured_caution,2,0,fixed,1.1102230246251563e-16,0.385438073138071,1.3476026514497093,0.709421966154461
impossible_018,llama-4-maverick-17b,structured_caution,0,0,already_correct,0.0,0.4512168499635118,1.469118684012558,0.7333250355902713
impossible_019,llama-4-maverick-17b,structured_caution,0,0,already_correct,0.6948227806005108,0.3969968770339099,1.4634214021984335,0.6949529191130599
impossible_020,llama-4-maverick-17b,structured_caution,0,0,already_correct,0.0,0.4752509211435867,1.303120271345749,0.8113480057164546
impossible_021,llama-4-maverick-17b,structured_caution,0,0,already_correct,0.6847774947219638,0.4431305143455964,1.4181748812695176,0.672847509017385
impossible_022,llama-4-maverick-17b,structured_caution,0,0,already_correct,-2.220446049250313e-16,0.3520010654438289,1.4639729737187956,0.7241808216844288
impossible_023,llama-4-maverick-17b,structured_caution,0,0,already_correct,3.3306690738754696e-16,0.455889330351273,1.4344927170928583,0.7930420973301907
impossible_024,llama-4-maverick-17b,structured_caution,0,3,already_correct,0.8644938403979362,0.4082023102283143,1.4271735443184168,0.7753947228954897
impossible_025,llama-4-maverick-17b,structured_caution,0,0,already_correct,0.7333388588522243,0.3785684530811432,1.4244542885042928,0.7235396087514101
impossible_026,llama-4-maverick-17b,structured_caution,0,3,already_correct,0.8640442510880024,0.3975716398225351,1.4109313497671825,0.7797697609927278
impossible_027,llama-4-maverick-17b,structured_caution,0,0,already_correct,0.7105278016919148,0.4247105743564808,1.4385519582650963,0.6971456827575261
impossible_028,llama-4-maverick-17b,structured_caution,0,0,already_correct,0.4309963868988636,0.4196514921035555,1.5398167790911867,0.6362163799506999
impossible_029,llama-4-maverick-17b,structured_caution,0,0,already_correct,0.1257851711933711,0.4600169891009289,1.458718882930412,0.7963664184013529
impossible_030,llama-4-maverick-17b,structured_caution,0,0,already_correct,0.8020508056844807,0.4030046415686885,1.4198247172073906,0.7242645544496362
nonexistent_001,llama-4-maverick-17b,structured_caution,0,0,already_correct,0.0454428209205745,0.4570250522860282,1.615715817569476,0.6594531936841832
nonexistent_002,llama-4-maverick-17b,structured_caution,0,0,already_correct,0.4677381953787014,0.4807812336471663,1.9384404475051296,0.6586584120072059
nonexistent_003,llama-4-maverick-17b,structured_caution,2,0,fixed,1.1102230246251563e-16,0.4276243627057265,1.5094994460630982,0.6937800151786704
nonexistent_004,llama-4-maverick-17b,structured_caution,0,0,already_correct,-2.220446049250313e-16,0.4564137144815087,1.851797884385934,0.5726994262069951
nonexistent_005,llama-4-maverick-17b,structured_caution,0,0,already_correct,0.0,0.465822997116629,1.8623172596233903,0.6509377288126535
nonexistent_006,llama-4-maverick-17b,structured_caution,2,0,fixed,0.0,0.5029321806753635,1.5509796102552418,0.6790876172544247
nonexistent_007,llama-4-maverick-17b,structured_caution,0,0,already_correct,0.5911705809667317,0.4384180276510528,2.1493553401106253,0.6484046155692724
nonexistent_008,llama-4-maverick-17b,structured_caution,0,0,already_correct,0.0957750557052731,0.384685691724981,2.399391497385759,0.5396505391719605
nonexistent_009,llama-4-maverick-17b,structured_caution,0,0,already_correct,0.4385653332026844,0.4761348024669491,1.963117468304936,0.6151337027863505
nonexistent_010,llama-4-maverick-17b,structured_caution,0,0,already_correct,0.5158505587176638,0.4476063807965523,1.8334121656816305,0.6639503111744578
nonexistent_011,llama-4-maverick-17b,structured_caution,0,0,already_correct,0.0,0.4183605627704306,1.8233726758969768,0.6008289869583918
nonexistent_012,llama-4-maverick-17b,structured_caution,0,0,already_correct,0.0,0.3282147135021206,1.6967845457280517,0.7164932747542667
nonexistent_013,llama-4-maverick-17b,structured_caution,0,0,already_correct,0.0,0.6334931482875634,3.234875388204,0.5542865449529822
nonexistent_014,llama-4-maverick-17b,structured_caution,0,0,already_correct,0.0,0.4130129249322228,1.8320968749483288,0.5693820791961997
nonexistent_015,llama-4-maverick-17b,structured_caution,0,0,already_correct,0.0,0.374969051477136,1.4898031777136556,0.6910299677931582
nonexistent_016,llama-4-maverick-17b,structured_caution,0,0,already_correct,0.2805045218348615,0.5910803578233195,2.732910152966596,0.6001690613713271
nonexistent_017,llama-4-maverick-17b,structured_caution,0,0,already_correct,0.5302974421282072,0.4651336536553984,1.7342393214203522,0.6404096140823191
nonexistent_018,llama-4-maverick-17b,structured_caution,0,0,already_correct,0.3342446558250019,0.489726295593314,1.848305485089209,0.6699256292861111
nonexistent_019,llama-4-maverick-17b,structured_caution,0,0,already_correct,0.0,0.5808501293560877,2.844296976941338,0.5523783938073688
nonexistent_020,llama-4-maverick-17b,structured_caution,0,0,already_correct,0.5115517775867039,0.4732462382721614,1.993442159482999,0.6708993438546399
nonexistent_021,llama-4-maverick-17b,structured_caution,0,0,already_correct,0.5574498399007891,0.4421586669851266,1.7331138624020443,0.629479369950903
nonexistent_022,llama-4-maverick-17b,structured_caution,0,0,already_correct,0.6337578213026309,0.5115894791801593,2.003651681231058,0.560773997383176
nonexistent_023,llama-4-maverick-17b,structured_caution,0,0,already_correct,0.3568558343007325,0.3539184574866522,2.4073431465037234,0.6145784425889566
nonexistent_024,llama-4-maverick-17b,structured_caution,0,0,already_correct,1.1102230246251563e-16,0.5091116721181774,2.015018677082794,0.6064807709590798
nonexistent_025,llama-4-maverick-17b,structured_caution,0,0,already_correct,1.1102230246251563e-16,0.4263605809857247,1.385281679632341,0.7504628298669417
nonexistent_026,llama-4-maverick-17b,structured_caution,0,0,already_correct,0.0975577827163954,0.500677276446372,1.877240963729926,0.6862876200297774
nonexistent_027,llama-4-maverick-17b,structured_caution,0,0,already_correct,0.6873397586664541,0.5831425659305403,2.194423208872275,0.439598850196002
nonexistent_028,llama-4-maverick-17b,structured_caution,0,0,already_correct,0.5810363014954536,0.4748582757943949,1.5307392572882974,0.7431710443416528
nonexistent_029,llama-4-maverick-17b,structured_caution,0,0,already_correct,0.0,0.3689495032061506,2.4195365373037796,0.5486947156478663
nonexistent_030,llama-4-maverick-17b,structured_caution,0,0,already_correct,0.6736730288677727,0.5520334085147902,1.8682348773229904,0.698702271143901
nonexistent_031,llama-4-maverick-17b,structured_caution,2,0,fixed,0.3281983558312015,0.5368106658137504,2.307223853167116,0.6242041309939212
nonexistent_032,llama-4-maverick-17b,structured_caution,0,0,already_correct,0.539372510742057,0.3829378402034553,2.7346886215316357,0.5559429890739753
nonexistent_033,llama-4-maverick-17b,structured_caution,0,0,already_correct,0.5757749954802136,0.5837106417413707,1.8593737943376472,0.6640875742086295
nonexistent_034,llama-4-maverick-17b,structured_caution,0,0,already_correct,0.4187105756418797,0.6038574964801048,2.3099387615258946,0.5853326755318425
nonexistent_035,llama-4-maverick-17b,structured_caution,0,0,already_correct,0.0,0.5205105768308945,1.805052905184283,0.6704744389494379
nonexistent_036,llama-4-maverick-17b,structured_caution,0,0,already_correct,3.3306690738754696e-16,0.4689086948310491,1.8339277076756957,0.6048819095183796
nonexistent_037,llama-4-maverick-17b,structured_caution,0,0,already_correct,0.3540607959987495,0.4891591393930209,1.5779747684754617,0.6807964102588424
nonexistent_038,llama-4-maverick-17b,structured_caution,0,0,already_correct,0.7415075567544674,0.6501094394237092,2.774768723402712,0.5365121089258558
nonexistent_039,llama-4-maverick-17b,structured_caution,0,0,already_correct,0.0,0.5271627150413254,2.0999586130232513,0.5111346006353664
nonexistent_040,llama-4-maverick-17b,structured_caution,0,0,already_correct,0.0,0.5301536458570822,2.1752483159909812,0.5287035673415779
nonexistent_041,llama-4-maverick-17b,structured_caution,0,0,already_correct,0.3402406836440982,0.4147167129460392,1.732507209343875,0.6214838176658093
nonexistent_042,llama-4-maverick-17b,structured_caution,2,2,still_broken,0.4820732510236483,0.3974697854786684,1.3763666579571388,0.7583163767435037
nonexistent_043,llama-4-maverick-17b,structured_caution,0,0,already_correct,0.6117514925271953,0.3968230607521225,1.4579691933650414,0.7006417252306849
nonexistent_044,llama-4-maverick-17b,structured_caution,0,0,already_correct,0.2832522070221442,0.5440085679336117,2.6028868283866915,0.5926988213239269
nonexistent_045,llama-4-maverick-17b,structured_caution,0,0,already_correct,-4.440892098500626e-16,0.4474593634578884,1.6703877913238423,0.6926949289470643
nonexistent_046,llama-4-maverick-17b,structured_caution,0,0,already_correct,0.6900277134533814,0.4393045066966574,1.706411804861814,0.6973554138479499
nonexistent_047,llama-4-maverick-17b,structured_caution,0,0,already_correct,0.0,0.4971957099585214,1.7663887781112586,0.6783706857482479
nonexistent_048,llama-4-maverick-17b,structured_caution,0,0,already_correct,0.1377468608419395,0.4796644061488472,1.7528593850718552,0.6696658989700652
nonexistent_049,llama-4-maverick-17b,structured_caution,0,0,already_correct,0.3337416028727933,0.5151894043961379,1.6921964680335524,0.6627667906245607
nonexistent_050,llama-4-maverick-17b,structured_caution,0,0,already_correct,0.4505974970339189,0.5006252176026377,2.3357904479686296,0.6092033117516354
nonexistent_051,llama-4-maverick-17b,structured_caution,0,0,already_correct,0.7718971548894408,0.4854904137187733,1.895052479560097,0.6506374340644948
nonexistent_052,llama-4-maverick-17b,structured_caution,0,0,already_correct,1.1102230246251563e-16,0.4728590030035952,1.7887990848620996,0.6119730871620171
nonexistent_053,llama-4-maverick-17b,structured_caution,0,0,already_correct,0.1504813859894436,0.4859498001673301,1.657261219256427,0.6552500846776133
nonexistent_054,llama-4-maverick-17b,structured_caution,0,0,already_correct,0.0298550825348501,0.3429242260486725,2.283564665138221,0.5507380929334323
nonexistent_055,llama-4-maverick-17b,structured_caution,0,0,already_correct,2.220446049250313e-16,0.5603317551690375,2.738502343053188,0.6092613698734879
nonexistent_056,llama-4-maverick-17b,structured_caution,0,0,already_correct,0.2269927756030223,0.4921681596330601,2.0218330905805675,0.6171315441753924
nonexistent_057,llama-4-maverick-17b,structured_caution,0,0,already_correct,0.8384730010881442,0.446268485223399,1.7307799836943771,0.7163141971215217
nonexistent_058,llama-4-maverick-17b,structured_caution,2,0,fixed,0.1316183196732502,0.3980349888395448,1.6671817091213794,0.6761587700330811
nonexistent_059,llama-4-maverick-17b,structured_caution,0,0,already_correct,1.1102230246251563e-16,0.5274268411572661,2.1131023822274835,0.504095125915609
nonexistent_060,llama-4-maverick-17b,structured_caution,0,0,already_correct,1.1102230246251563e-16,0.5727185745103827,3.043315974404832,0.5724153464931367
nonexistent_061,llama-4-maverick-17b,structured_caution,0,0,already_correct,0.0,0.5488998124686946,2.1039495058352067,0.6237480125734094
nonexistent_062,llama-4-maverick-17b,structured_caution,0,0,already_correct,0.4287932223254523,0.5461921340004303,2.669335338797711,0.6094946617250923
nonexistent_063,llama-4-maverick-17b,structured_caution,0,0,already_correct,0.0,0.269784390824176,2.026822157297487,0.6773287402694432
nonexistent_064,llama-4-maverick-17b,structured_caution,0,0,already_correct,0.2391853786875325,0.6171416766601826,2.6267502371990252,0.5780032102260019
nonexistent_065,llama-4-maverick-17b,structured_caution,0,0,already_correct,-2.220446049250313e-16,0.3713326532083253,2.482790945149397,0.6319423700533386
nonexistent_066,llama-4-maverick-17b,structured_caution,2,3,fixed,0.0206471577488741,0.3805220429291759,1.6820587065914292,0.6946096718188879
nonexistent_067,llama-4-maverick-17b,structured_caution,0,0,already_correct,0.4313498292652695,0.6099432842787053,2.3019429305758616,0.5890065697012337
nonexistent_068,llama-4-maverick-17b,structured_caution,0,0,already_correct,0.0,0.4011687566932002,1.4949977720115908,0.7752330700509196
nonexistent_069,llama-4-maverick-17b,structured_caution,0,0,already_correct,0.0746020064872662,0.5065082810005996,1.7248770485132827,0.6200790952724083
nonexistent_070,llama-4-maverick-17b,structured_caution,0,0,already_correct,0.2231962646932311,0.3774941064544084,2.565239212839378,0.5428052565641274
nonexistent_071,llama-4-maverick-17b,structured_caution,0,0,already_correct,0.444422174384231,0.3883344433650393,1.3848640785493171,0.740159468757686
nonexistent_072,llama-4-maverick-17b,structured_caution,0,0,already_correct,0.1418882700819371,0.4499181735474316,1.410469525862015,0.7046362488953579
nonexistent_073,llama-4-maverick-17b,structured_caution,0,0,already_correct,0.6078326428629937,0.6533312838264017,2.769645429260442,0.6188884918061701
nonexistent_074,llama-4-maverick-17b,structured_caution,0,0,already_correct,0.124045795844386,0.3774086969379046,2.346487059189837,0.5508230476279948
nonexistent_075,llama-4-maverick-17b,structured_caution,0,0,already_correct,0.1024315549974038,0.2676045967438318,2.056780484627801,0.6698730496654235
nonexistent_076,llama-4-maverick-17b,structured_caution,0,0,already_correct,0.1890046897721587,0.4774598160250866,2.2157114319817346,0.6368687940379189
nonexistent_077,llama-4-maverick-17b,structured_caution,2,0,fixed,0.3774938717837871,0.4307552008558352,1.6480894842078375,0.6833262920351999
nonexistent_078,llama-4-maverick-17b,structured_caution,0,0,already_correct,0.2391853786875315,0.6342464680046138,2.636007745353853,0.5813405949109487
nonexistent_079,llama-4-maverick-17b,structured_caution,0,0,already_correct,0.0041491256678026,0.5300003710761907,2.2895570298667365,0.5396074401281944
nonexistent_080,llama-4-maverick-17b,structured_caution,0,0,already_correct,0.0639360744884086,0.5369556486215432,2.3165792341902827,0.5285954358091894
nonexistent_081,llama-4-maverick-17b,structured_caution,0,0,already_correct,0.510318600796009,0.4869111922249682,2.2154789476257033,0.6393147415853841
nonexistent_082,llama-4-maverick-17b,structured_caution,0,0,already_correct,-2.220446049250313e-16,0.5579015388786452,2.906007100061119,0.5722083956637365
nonexistent_083,llama-4-maverick-17b,structured_caution,0,0,already_correct,0.2264918922650558,0.3872016757502944,2.671676068597886,0.5402400158597737
nonexistent_084,llama-4-maverick-17b,structured_caution,0,0,already_correct,0.1813165410053703,0.3779636385347069,2.278890128273501,0.5351329439205346
nonexistent_085,llama-4-maverick-17b,structured_caution,0,0,already_correct,0.0,0.5538749481118661,2.3942196181987963,0.5698575328740195
nonexistent_086,llama-4-maverick-17b,structured_caution,0,0,already_correct,0.2248132435528604,0.3620338686224142,2.582051227694653,0.5451446450145236
nonexistent_087,llama-4-maverick-17b,structured_caution,0,0,already_correct,0.0108420991632629,0.3945560043224224,2.394178481297942,0.5453762343562223
nonexistent_088,llama-4-maverick-17b,structured_caution,0,0,already_correct,1.1102230246251563e-16,0.6183519861963505,2.999391669304233,0.545934183786133
nonexistent_089,llama-4-maverick-17b,structured_caution,0,0,already_correct,0.0088413298822498,0.6070316724571939,2.75591942122386,0.5656177785257627
nonexistent_090,llama-4-maverick-17b,structured_caution,0,0,already_correct,0.4061365497884437,0.640297956406194,2.9999818462888124,0.5961153916347955
nonexistent_091,llama-4-maverick-17b,structured_caution,0,0,already_correct,0.0080572660634468,0.5883895280631628,2.867792951359041,0.5531594733499339
nonexistent_092,llama-4-maverick-17b,structured_caution,0,0,already_correct,0.6882958732870419,0.6043505175939932,2.2428224618371955,0.4509241254123759
nonexistent_093,llama-4-maverick-17b,structured_caution,0,0,already_correct,0.5118603154082471,0.6178111595283993,2.872415108360505,0.5720176184676486
nonexistent_094,llama-4-maverick-17b,structured_caution,0,0,already_correct,0.1452052134183755,0.3669857232413221,2.301006000964713,0.5312844221702979
nonexistent_095,llama-4-maverick-17b,structured_caution,0,0,already_correct,0.3348925460280942,0.4324710021081013,1.9591909411658672,0.6663871378803026
nonexistent_096,llama-4-maverick-17b,structured_caution,2,0,fixed,0.4542606855006625,0.3830227381620973,2.60203804699986,0.5854421830344917
nonexistent_097,llama-4-maverick-17b,structured_caution,0,0,already_correct,0.2775313508640024,0.5452100276976068,2.786741082796479,0.5639343830321482
nonexistent_098,llama-4-maverick-17b,structured_caution,0,0,already_correct,0.0953515009517443,0.6060300380484986,2.3140911045752968,0.5877398578595393
nonexistent_099,llama-4-maverick-17b,structured_caution,0,0,already_correct,0.0693157235875372,0.5975343944918458,3.082443756039945,0.5309233309466046
nonexistent_100,llama-4-maverick-17b,structured_caution,0,0,already_correct,0.7046961778722258,0.3165946188778467,1.9220794841788955,0.7047898011803579
nonexistent_101,llama-4-maverick-17b,structured_caution,0,0,already_correct,0.0,0.2898084442356734,1.8477435834610152,0.6852463128598838
nonexistent_102,llama-4-maverick-17b,structured_caution,0,0,already_correct,0.7440328994000756,0.656492510271725,2.9364449240045225,0.5345052101237924
nonexistent_103,llama-4-maverick-17b,structured_caution,0,0,already_correct,0.5016432193586686,0.6008961890862008,2.686987516108755,0.550320452436539
nonexistent_104,llama-4-maverick-17b,structured_caution,0,0,already_correct,0.4361524948216549,0.3742063842066859,2.4617332860106163,0.6050834543762504
nonexistent_105,llama-4-maverick-17b,structured_caution,0,0,already_correct,0.7709418713871505,0.6247681874084382,2.835188476389863,0.5946197096843913
nonexistent_106,llama-4-maverick-17b,structured_caution,0,0,already_correct,0.6078326428629951,0.6398374132984526,2.6383556049792096,0.6529173473539759
nonexistent_107,llama-4-maverick-17b,structured_caution,0,0,already_correct,0.1238208174257008,0.6442680389447031,2.6161830080858635,0.5976396745373815
nonexistent_108,llama-4-maverick-17b,structured_caution,0,0,already_correct,0.3123011901183431,0.611198138760787,2.711674497407564,0.5539723480018477
nonexistent_109,llama-4-maverick-17b,structured_caution,0,0,already_correct,-2.220446049250313e-16,0.2734974646941881,2.0455396028515973,0.6693600584024785
nonexistent_110,llama-4-maverick-17b,structured_caution,0,0,already_correct,0.5118603154082475,0.6097263902414586,2.6828549395236836,0.5943882438631942
nonexistent_111,llama-4-maverick-17b,structured_caution,0,0,already_correct,0.1782511086366093,0.2975615246505051,1.9208393848922565,0.6681828765393893
nonexistent_112,llama-4-maverick-17b,structured_caution,0,0,already_correct,0.5016432193586703,0.6186014594359213,2.87296858991689,0.5540540491300642
nonexistent_113,llama-4-maverick-17b,structured_caution,0,0,already_correct,0.0063899062963099,0.5586626835313167,2.840682923784205,0.557496767672401
nonexistent_114,llama-4-maverick-17b,structured_caution,0,0,already_correct,0.1429230961483591,0.5550202047340128,2.8248187354450396,0.568418176152549
nonexistent_115,llama-4-maverick-17b,structured_caution,0,0,already_correct,0.1650254185559772,0.5731607226937883,2.349115435465942,0.5823740445607263
nonexistent_116,llama-4-maverick-17b,structured_caution,0,0,already_correct,0.0,0.3633982611488979,2.348215397561924,0.5662501001010025
nonexistent_117,llama-4-maverick-17b,structured_caution,0,0,already_correct,0.1226499096655227,0.571144421812326,2.63405993552945,0.5800607937026624
nonexistent_118,llama-4-maverick-17b,structured_caution,0,0,already_correct,0.0048429147825804,0.2635767938349528,2.0750847301949236,0.668915287539573
nonexistent_119,llama-4-maverick-17b,structured_caution,0,0,already_correct,0.036017250607789,0.303978232075897,1.910441718217879,0.669415725821472
nonexistent_120,llama-4-maverick-17b,structured_caution,0,0,already_correct,0.4087823102518205,0.3345844495325311,2.023099001917248,0.6762248492406105
ambiguous_001,llama-4-maverick-17b,structured_caution,0,0,already_correct,1.1102230246251563e-16,0.4513794437816401,1.5647058596101149,0.6762421181316913
ambiguous_002,llama-4-maverick-17b,structured_caution,0,0,already_correct,0.156266619267345,0.4738785383594013,1.5491106051937995,0.6478326148339721
ambiguous_003,llama-4-maverick-17b,structured_caution,0,0,already_correct,0.3080591443624276,0.4369457045848902,1.7434172385236724,0.5916459010431453
ambiguous_004,llama-4-maverick-17b,structured_caution,0,0,already_correct,0.3256189317691312,0.4187259533005385,2.022408245644571,0.4574143719551241
ambiguous_005,llama-4-maverick-17b,structured_caution,0,0,already_correct,0.2050703741541029,0.4486209595157274,1.533774470051912,0.6053944897852803
ambiguous_006,llama-4-maverick-17b,structured_caution,0,0,already_correct,0.0518319154145865,0.3821622797863735,1.7204615102839311,0.5881900769703599
ambiguous_007,llama-4-maverick-17b,structured_caution,0,0,already_correct,0.3209110607670674,0.4935539922957875,1.797897865239334,0.4986332005672295
ambiguous_008,llama-4-maverick-17b,structured_caution,0,0,already_correct,-2.220446049250313e-16,0.3885697140988601,1.6739590399814115,0.5495560201156677
ambiguous_009,llama-4-maverick-17b,structured_caution,0,0,already_correct,0.7817070362190207,0.5008673712789751,2.5116140111091583,0.5977153724716655
ambiguous_010,llama-4-maverick-17b,structured_caution,0,0,already_correct,0.0475995434810057,0.4588522448712292,1.495000430874621,0.5928802068173216
ambiguous_011,llama-4-maverick-17b,structured_caution,0,0,already_correct,0.5197036923578444,0.4901867915533022,2.12261389091119,0.6294324830746607
ambiguous_012,llama-4-maverick-17b,structured_caution,0,0,already_correct,0.0478287855388587,0.4889574550150641,1.8939417647262324,0.6339152382996209
ambiguous_013,llama-4-maverick-17b,structured_caution,0,0,already_correct,0.6861433153782892,0.3426191447263088,1.946222997396814,0.6033718498608189
ambiguous_014,llama-4-maverick-17b,structured_caution,0,0,already_correct,0.5696514344000015,0.4822030792025104,1.673090296213788,0.5767970614395511
ambiguous_015,llama-4-maverick-17b,structured_caution,0,0,already_correct,0.006331088371127,0.524241975087887,2.480078367613028,0.5689004415259753
ambiguous_016,llama-4-maverick-17b,structured_caution,0,0,already_correct,0.2113088459761729,0.4762212802418333,1.666302606977574,0.6348986657394063
ambiguous_017,llama-4-maverick-17b,structured_caution,0,0,already_correct,2.220446049250313e-16,0.5301814116529138,1.7386652921085697,0.5586315121384209
ambiguous_018,llama-4-maverick-17b,structured_caution,0,0,already_correct,0.0530431484712531,0.5524618129318023,2.305389413728326,0.5632077631307728
ambiguous_019,llama-4-maverick-17b,structured_caution,0,0,already_correct,0.5747450417462028,0.4703734853293836,1.9714896929037995,0.645917251025028
ambiguous_020,llama-4-maverick-17b,structured_caution,0,0,already_correct,0.8544863026435386,0.4908550493110857,1.6216498566508957,0.6091094490231097
ambiguous_021,llama-4-maverick-17b,structured_caution,0,0,already_correct,0.4526154356896075,0.477356057734747,2.2498023613167444,0.584299413307553
ambiguous_022,llama-4-maverick-17b,structured_caution,0,0,already_correct,0.4162526884229248,0.4426994226311981,1.8093026271726984,0.6055317326702114
ambiguous_023,llama-4-maverick-17b,structured_caution,0,0,already_correct,0.2760844051091073,0.4083250134176807,1.597435662269415,0.6198188342781339
ambiguous_024,llama-4-maverick-17b,structured_caution,0,0,already_correct,0.4769088584266318,0.4415771262943727,1.947832954084308,0.6336175875800149
ambiguous_025,llama-4-maverick-17b,structured_caution,0,0,already_correct,3.3306690738754696e-16,0.4303615604332876,1.717905004596788,0.5895631527681274
ambiguous_026,llama-4-maverick-17b,structured_caution,0,0,already_correct,0.7756478610317874,0.4481652299566769,1.9966912875228944,0.5539782813035896
ambiguous_027,llama-4-maverick-17b,structured_caution,0,0,already_correct,0.65337205001654,0.4920463264015721,1.8550477551070408,0.5790169270710116
ambiguous_028,llama-4-maverick-17b,structured_caution,0,0,already_correct,0.7837684723193905,0.5559512611292741,2.5253373391085745,0.4884599678512389
ambiguous_029,llama-4-maverick-17b,structured_caution,0,0,already_correct,0.7349821196700508,0.4700382676302619,1.6836054786857897,0.6180723877663572
ambiguous_030,llama-4-maverick-17b,structured_caution,0,0,already_correct,1.1102230246251563e-16,0.4805095401320631,1.684627314785207,0.6469193613548665
ambiguous_031,llama-4-maverick-17b,structured_caution,0,0,already_correct,0.4745157636360088,0.4590779271101095,2.2056204955548524,0.5987863233529852
ambiguous_032,llama-4-maverick-17b,structured_caution,0,0,already_correct,0.5960955733174593,0.4745264660026879,1.9309545300549564,0.6486603872812313
ambiguous_033,llama-4-maverick-17b,structured_caution,0,0,already_correct,0.5450477701089003,0.3408572808392561,1.5186842211089546,0.6757521670687063
ambiguous_034,llama-4-maverick-17b,structured_caution,0,0,already_correct,0.2801912416407609,0.4886872520942579,1.649913076128024,0.634175344337971
ambiguous_035,llama-4-maverick-17b,structured_caution,0,0,already_correct,0.1925840292678671,0.4947919423642294,1.8809749221551064,0.6429165414873972
ambiguous_036,llama-4-maverick-17b,structured_caution,0,0,already_correct,0.5714292957616816,0.3918340309820629,1.589261410637838,0.6313742449601347
ambiguous_037,llama-4-maverick-17b,structured_caution,0,0,already_correct,0.3266285119014644,0.4027126938437462,1.669149067327672,0.6811065852223763
ambiguous_038,llama-4-maverick-17b,structured_caution,0,0,already_correct,0.7930763567529276,0.4373771959340085,1.8337624019513588,0.6173261440063563
ambiguous_039,llama-4-maverick-17b,structured_caution,0,0,already_correct,0.793011270114748,0.412109214029654,1.7574826215622117,0.6519528738094241
ambiguous_040,llama-4-maverick-17b,structured_caution,0,0,already_correct,0.4010978374185715,0.4720551513825379,1.535301183088386,0.652945435462701
ambiguous_041,llama-4-maverick-17b,structured_caution,0,0,already_correct,1.1102230246251563e-16,0.3954656701936273,2.0882568101300514,0.6111258136004332
ambiguous_042,llama-4-maverick-17b,structured_caution,0,0,already_correct,0.4191815494437741,0.4125742846911971,2.1025067631140755,0.6083614431685562
ambiguous_043,llama-4-maverick-17b,structured_caution,0,0,already_correct,0.772029511728072,0.4104756034518856,1.7331819908023778,0.5914375756850283
ambiguous_044,llama-4-maverick-17b,structured_caution,0,0,already_correct,0.1141930109973524,0.4455329723918393,1.4950548630899807,0.7469428945095788
ambiguous_045,llama-4-maverick-17b,structured_caution,0,0,already_correct,0.199354465743603,0.4763491588176562,1.8880987863168004,0.6647331060284427
ambiguous_046,llama-4-maverick-17b,structured_caution,0,0,already_correct,0.6017392034715879,0.498338276172085,1.7294301961153629,0.6344999105871726
ambiguous_047,llama-4-maverick-17b,structured_caution,0,0,already_correct,1.1102230246251563e-16,0.5203500695220684,2.1452544516792873,0.609386040166454
ambiguous_048,llama-4-maverick-17b,structured_caution,0,0,already_correct,0.0007623374921091,0.5308068561372266,2.288822174471036,0.5812918740543526
ambiguous_049,llama-4-maverick-17b,structured_caution,0,0,already_correct,0.015373448445039,0.4583185559205806,1.537740731218717,0.7508015940134369
ambiguous_050,llama-4-maverick-17b,structured_caution,0,0,already_correct,0.1046427514876041,0.465696382006646,1.6163408071835996,0.5684870725852254
ambiguous_051,llama-4-maverick-17b,structured_caution,0,0,already_correct,0.2499723149221913,0.43023306463915,1.7107824916712575,0.6072732194290416
ambiguous_052,llama-4-maverick-17b,structured_caution,0,0,already_correct,0.1777043483180626,0.3669493979542798,1.5792179442982903,0.6786201025989553
ambiguous_053,llama-4-maverick-17b,structured_caution,0,0,already_correct,1.1102230246251563e-16,0.5118915852044066,2.179763751474003,0.6039753448805846
ambiguous_054,llama-4-maverick-17b,structured_caution,0,0,already_correct,0.198262011441614,0.4242561711000174,1.7758487332933757,0.5876605809851464
ambiguous_055,llama-4-maverick-17b,structured_caution,0,0,already_correct,0.3318038674512861,0.5638879571477007,2.597080864630488,0.5411168078440893
ambiguous_056,llama-4-maverick-17b,structured_caution,0,0,already_correct,0.787933391422078,0.4282860633495321,1.6794508530342969,0.6193214851712351
ambiguous_057,llama-4-maverick-17b,structured_caution,0,0,already_correct,0.7113343895294981,0.4293178033901159,1.5607522898229576,0.5954319298025103
ambiguous_058,llama-4-maverick-17b,structured_caution,0,0,already_correct,0.4716015668227307,0.4854064458580643,1.6875500884206494,0.6059676160038356
ambiguous_059,llama-4-maverick-17b,structured_caution,0,0,already_correct,0.2264498336035106,0.3760437799577025,1.9834791706852324,0.6039879748085556
ambiguous_060,llama-4-maverick-17b,structured_caution,0,0,already_correct,0.3825585437981733,0.51702828834971,2.0952969419991185,0.6084568178815019
ambiguous_061,llama-4-maverick-17b,structured_caution,0,0,already_correct,0.2272560128285399,0.457724324731267,2.097446446207426,0.6047368641572493
ambiguous_062,llama-4-maverick-17b,structured_caution,0,0,already_correct,0.3750512555545342,0.3472976227298386,1.5367877744642742,0.6763947789547355
ambiguous_063,llama-4-maverick-17b,structured_caution,0,0,already_correct,0.3865161151473019,0.541080692121289,2.542454437666057,0.5768717961479495
ambiguous_064,llama-4-maverick-17b,structured_caution,0,0,already_correct,0.1307481718924291,0.3895086882637234,1.503733655746533,0.6664351444693426
ambiguous_065,llama-4-maverick-17b,structured_caution,0,0,already_correct,0.194605255827799,0.4511334962558812,1.916915496860755,0.5915300441343841
ambiguous_066,llama-4-maverick-17b,structured_caution,0,0,already_correct,0.3654580221617494,0.4042543673130022,2.2415599654657004,0.5794837452194913
ambiguous_067,llama-4-maverick-17b,structured_caution,0,0,already_correct,0.0791723013304377,0.4497917419916035,1.841533950391534,0.5970550880084131
ambiguous_068,llama-4-maverick-17b,structured_caution,0,0,already_correct,0.066774602112254,0.4951176168791676,2.1267789044021064,0.6351308307505117
ambiguous_069,llama-4-maverick-17b,structured_caution,0,0,already_correct,0.1586471919117993,0.529494803089946,2.0765701978308715,0.5892945636077542
ambiguous_070,llama-4-maverick-17b,structured_caution,0,0,already_correct,0.1870498066681122,0.4704141435171802,1.8277405957714217,0.6663566236239373
ambiguous_071,llama-4-maverick-17b,structured_caution,0,0,already_correct,0.7759509016235346,0.3699680199022408,1.7725946025393668,0.6637848508725611
ambiguous_072,llama-4-maverick-17b,structured_caution,0,0,already_correct,0.5216525516035583,0.4684540634637558,2.326993622517255,0.5978458356539245
ambiguous_073,llama-4-maverick-17b,structured_caution,0,0,already_correct,0.2936189183965008,0.5208703924217264,2.1241942911593283,0.6104035765527966
ambiguous_074,llama-4-maverick-17b,structured_caution,0,0,already_correct,0.1145039381174928,0.4419136983826476,1.788208277303796,0.6120511931249658
ambiguous_075,llama-4-maverick-17b,structured_caution,0,0,already_correct,0.365952809779331,0.485992797395979,1.8185966114818952,0.5435721514206071
ambiguous_076,llama-4-maverick-17b,structured_caution,0,0,already_correct,0.7213988409624724,0.3607934560277327,2.032940124169298,0.5768120238858836
ambiguous_077,llama-4-maverick-17b,structured_caution,0,0,already_correct,1.1102230246251563e-16,0.4691249325297769,1.536176855806763,0.6655102729503211
ambiguous_078,llama-4-maverick-17b,structured_caution,0,0,already_correct,0.6102384166237447,0.3309039430913535,1.945321004425669,0.6327630031284367
ambiguous_079,llama-4-maverick-17b,structured_caution,0,0,already_correct,0.0472035092883931,0.4396842449932009,1.5565000443193089,0.6797952870020483
ambiguous_080,llama-4-maverick-17b,structured_caution,0,0,already_correct,0.4151977764858052,0.3586927595693975,1.7914394329217986,0.6721294801293554
ambiguous_081,llama-4-maverick-17b,structured_caution,0,0,already_correct,0.4855467651349612,0.5549968588167808,2.5053253012188668,0.5468872608542804
ambiguous_082,llama-4-maverick-17b,structured_caution,0,0,already_correct,0.7658328910058598,0.6230728097731264,2.6572470950989033,0.535077946552968
ambiguous_083,llama-4-maverick-17b,structured_caution,0,0,already_correct,0.3569879122793679,0.4234983998739121,1.4864427139139904,0.7005679142214887
ambiguous_084,llama-4-maverick-17b,structured_caution,0,0,already_correct,0.813915447603801,0.5617528164330869,2.6222694504409856,0.4985161385558181
ambiguous_085,llama-4-maverick-17b,structured_caution,0,0,already_correct,0.1614533423014978,0.4636291982680142,1.941804469540396,0.5900963108132051
ambiguous_086,llama-4-maverick-17b,structured_caution,0,0,already_correct,0.743017796599794,0.3543153196251317,1.9659807045529467,0.6562811030001302
ambiguous_087,llama-4-maverick-17b,structured_caution,0,0,already_correct,0.0466926555910374,0.4222848113421836,1.8424749469213983,0.6127122670072148
ambiguous_088,llama-4-maverick-17b,structured_caution,0,0,already_correct,0.3567118773098702,0.4841113809463411,2.167649005470379,0.6245334628816293
ambiguous_089,llama-4-maverick-17b,structured_caution,0,0,already_correct,0.611246284171553,0.4960113538981785,2.191870742736033,0.6206749868162854
ambiguous_090,llama-4-maverick-17b,structured_caution,0,0,already_correct,0.8042895480254924,0.416559976103064,1.7939307084915004,0.6686223726245681
ambiguous_091,llama-4-maverick-17b,structured_caution,0,0,already_correct,0.2076148675269422,0.5138145931119994,2.139665299885295,0.6247996434257974
ambiguous_092,llama-4-maverick-17b,structured_caution,0,0,already_correct,0.1026864266633025,0.4481939538203094,2.1869450002189654,0.5909426463446185
ambiguous_093,llama-4-maverick-17b,structured_caution,0,0,already_correct,0.278469105695076,0.4535280981303278,2.3649636701392054,0.5582842671254327
ambiguous_094,llama-4-maverick-17b,structured_caution,0,0,already_correct,0.1570242529823706,0.5673791056109705,2.851291536253753,0.5590425535361244
ambiguous_095,llama-4-maverick-17b,structured_caution,0,0,already_correct,0.3971435463888026,0.4763578147032907,2.0347122121218564,0.618879841037896
ambiguous_096,llama-4-maverick-17b,structured_caution,0,0,already_correct,0.4765253194221335,0.4640500223838369,2.1859176570194774,0.5872903383214326
ambiguous_097,llama-4-maverick-17b,structured_caution,0,0,already_correct,0.6353888046578354,0.4442563595374043,2.254569412046105,0.5951307953623421
ambiguous_098,llama-4-maverick-17b,structured_caution,0,0,already_correct,0.2659934557581298,0.4971533534766986,1.85431406597822,0.6315672380816152
ambiguous_099,llama-4-maverick-17b,structured_caution,0,0,already_correct,0.4122169180977346,0.4999457285191128,2.0566971102312928,0.62843695233373
ambiguous_100,llama-4-maverick-17b,structured_caution,0,0,already_correct,0.7951870003563645,0.3379685889996887,1.9014629498644784,0.6729866135836824
ambiguous_101,llama-4-maverick-17b,structured_caution,0,0,already_correct,0.4644291196378647,0.4211060115285139,1.555361831243632,0.6486240159912241
ambiguous_102,llama-4-maverick-17b,structured_caution,0,0,already_correct,0.4648150364333798,0.3801291588200778,1.4396473473008482,0.6897197965120447
ambiguous_103,llama-4-maverick-17b,structured_caution,0,0,already_correct,0.5419964895552143,0.3842231245479571,1.8999848662665637,0.6139291334793262
ambiguous_104,llama-4-maverick-17b,structured_caution,0,0,already_correct,0.8258606644456606,0.4323335563608909,1.869447626643557,0.5807633910194665
ambiguous_105,llama-4-maverick-17b,structured_caution,0,0,already_correct,0.0,0.5850687660016045,2.8198418307364688,0.5159791337842479
ambiguous_106,llama-4-maverick-17b,structured_caution,0,0,already_correct,0.1955541882323601,0.4763274033503883,2.0453482035877815,0.5792543068011743
ambiguous_107,llama-4-maverick-17b,structured_caution,0,0,already_correct,0.7852537142351815,0.5534447910869212,3.077240443272292,0.5617718876165703
ambiguous_108,llama-4-maverick-17b,structured_caution,0,3,already_correct,0.7784739681522246,0.5289489372570311,2.570043882663746,0.5394469160977834
ambiguous_109,llama-4-maverick-17b,structured_caution,0,0,already_correct,-2.220446049250313e-16,0.5630419088673722,2.8453042975425036,0.5279049399088223
ambiguous_110,llama-4-maverick-17b,structured_caution,0,0,already_correct,0.7784739681522236,0.5573831781530021,2.6980702528590874,0.5525947825895404
ambiguous_111,llama-4-maverick-17b,structured_caution,0,0,already_correct,0.7904265763990705,0.5332547039469795,2.890427822347319,0.5592195130142679
ambiguous_112,llama-4-maverick-17b,structured_caution,0,0,already_correct,0.5944778426772561,0.4529522508777139,2.2979668368910664,0.5939220502391782
ambiguous_113,llama-4-maverick-17b,structured_caution,0,0,already_correct,0.7916298108343762,0.4708141465392798,2.1296230172096258,0.5992961085932158
ambiguous_114,llama-4-maverick-17b,structured_caution,0,0,already_correct,0.7817070362190197,0.5222985536915039,2.689982597010804,0.5710750985500112
ambiguous_115,llama-4-maverick-17b,structured_caution,0,0,already_correct,0.578983228374877,0.564329623796546,3.139104836665925,0.4776152791885106
ambiguous_116,llama-4-maverick-17b,structured_caution,0,0,already_correct,0.4397094565167494,0.5032015078756849,2.3459072836823083,0.5694700344070834
ambiguous_117,llama-4-maverick-17b,structured_caution,0,0,already_correct,0.7718055566518579,0.3231921429136292,1.997050245081332,0.6543277516701158
ambiguous_118,llama-4-maverick-17b,structured_caution,0,0,already_correct,0.4292952995207831,0.5103708777922726,2.0636351730411566,0.6327721335318325
ambiguous_119,llama-4-maverick-17b,structured_caution,0,0,already_correct,0.613721947830653,0.5614774706503529,2.5443242509364064,0.6052582758233723
ambiguous_120,llama-4-maverick-17b,structured_caution,0,0,already_correct,1.1102230246251563e-16,0.4112788770004014,1.9116197702854123,0.5695286366447575
